<?xml version="1.0"?>
<notator>
  <crunchyRideredEnvy tukulor="dementsSeguingVivency" yecchyNurly="gunnies">
    <chemung>
      <finickySecondHyloist>pedaryCramponFlotsam27</finickySecondHyloist>
      <muffCress>
        <booths>delatorRubblesBrussel</booths>
      </muffCress>
      <wychesHatesAneles baleare="sugg" letchesStaider="smearArdellaPelisse175">
        <jubiliGranatCowled>pollexCavortPawdite</jubiliGranatCowled>
      </wychesHatesAneles>
      <sergipe rodwood="harslet" rippletTurnipy="testoonAphodus" ellan="situ">
        <betisScrikeEnripen>vulcan</betisScrikeEnripen>
      </sergipe>
      <slinkerStrikes>
        <warmthsSakha>72</warmthsSakha>
      </slinkerStrikes>
      <enfeverFrustaWayang toeaTilletUpdeck="chastenKanariMismate" paliestSetulaAbegge="518803" duffels="gobbyAubainSifac9999" pepping="pinaPvtEpoxied">
        <patinedAdept>cornutoQuetheQuip</patinedAdept>
      </enfeverFrustaWayang>
      <caphiteFanlikeKrepis sata="aneroid">
        <aition>glassesUntallMatra3</aition>
      </caphiteFanlikeKrepis>
      <doubtyRaidsArouses izafatConked="twaleOuttell3" gatewayBusser="doulce" twelvesHartPuffery="81">
        <flatedBowdenLathes>smartBowessKerril</flatedBowdenLathes>
      </doubtyRaidsArouses>
    </chemung>
    <setBrekky>
      <ovularyMell>battersJaegarsReduced1</ovularyMell>
    </setBrekky>
    <tohoStalags aldimin="orgalMaraudAttend" padigeHrs="somler50" galipot="18053138">
      <vesigia>saulgeDungedPlasmic</vesigia>
      <city>
        <dustilyActives>fastedLiquid</dustilyActives>
      </city>
      <hoicksShowilyMurry axons="224264" cachetNorman="zanjero" messman="forzato" cuemenWombs="4703024">
        <wather>comales9280</wather>
      </hoicksShowilyMurry>
      <basiate ashrafiUnvexed="tirmaCuneiJelib">
        <pigherd>vendorsHuns6</pigherd>
      </basiate>
      <unfond daevaPiffler="arylideTsamba8">
        <grows>elbow</grows>
      </unfond>
      <caboosePiezo pipeFascioUnfits="79206" usableEnwheelTrypan="pathway" hamotziWenlockQuippu="smoltCuritis" rarietyHemagogCajones="knollerPerchSlater91">
        <rockoon>belialLunes</rockoon>
      </caboosePiezo>
      <diebCocoons mandyas="412352827" gaelicImpower="snackle" jimmyCribLarge="eauSunlitStouth" bolesSprung="5616495">
        <rabblesRetree>sutterUncastPoohed</rabblesRetree>
      </diebCocoons>
      <favismJambartUncoyly coppersSycees="daleaBsfAlenge" enweaveMagiricNozzle="enmove" ascitanAglycon="roarersInters" floridFleecyWheam="babiedRecodesPerdu">
        <swingsMiglio>singleScraperEmetine</swingsMiglio>
      </favismJambartUncoyly>
      <coughsPoon dombeyaStaired="shewGenialEthyls6" lecheDruxy="ventedDacoity">
        <brasseyDueled>orchelSlot</brasseyDueled>
      </coughsPoon>
      <siestaSlasher salicResshotRua="554342271" roosersAbatureZonelet="dotterAsaron">
        <shairds>77654</shairds>
      </siestaSlasher>
      <dyeingsStoped>
        <vulgarsSax>miliaYonnerGumly</vulgarsSax>
      </dyeingsStoped>
      <massy wackily="chaouaDuhatDwaible" wheresOuttalkManor="vigours10">
        <babongo>586812</babongo>
      </massy>
      <zion alantAstate="82">
        <wrigMoved>coursesWeavedReefy</wrigMoved>
      </zion>
      <loots muddedMoyen="9173371">
        <cogwoodCancanHeisted>coala</cogwoodCancanHeisted>
      </loots>
      <judaizeHooveReverso mercery="roostyOceans" limeade="tidewayIterum" tritomaAns="radularMoormen804">
        <fellingDonsky>812</fellingDonsky>
      </judaizeHooveReverso>
    </tohoStalags>
    <fulgoraEdgiest>
      <perun>tulipyChoel</perun>
    </fulgoraEdgiest>
    <reindexVug atterr="1" winze="matawanIbisesDuply" gleanedJagsClitch="54659412" berideAdzeSiped="aerobicAnnexesAstomia" olamicCutiesDakoits="forwornDingled">
      <chlamys>corvoidLigure9</chlamys>
      <cueballAffluxCharbon duffed="93798">
        <orgiasmUnbushCathar>86421</orgiasmUnbushCathar>
      </cueballAffluxCharbon>
    </reindexVug>
    <fulyie firthDhurra="cradgeJasmine">
      <elator>ophidia</elator>
      <detectAniba>
        <clupeaGliosa>octavdTrogonsZoochem</clupeaGliosa>
      </detectAniba>
      <marais weeks="6" behewSummons="normanNuggetDaniele" prn="axisExplant">
        <keraciVeronal>eyeflap982</keraciVeronal>
      </marais>
      <tirer ottererFeminal="toffees">
        <tartaneBurkersFrowzly>untiedHauntyRebuker6572</tartaneBurkersFrowzly>
      </tirer>
      <gussieEnroots hangerShellumPhilome="bustle">
        <sunstayCorrumpCavers>batmanRecoals</sunstayCorrumpCavers>
      </gussieEnroots>
      <gazump bullate="opalina" filippoArrived="libbedDoxy">
        <resgatAriose>craniolPourerBluggy</resgatAriose>
      </gazump>
      <decked unitismLepidlyBurnout="amensSkaithyTasks">
        <scholae>8</scholae>
      </decked>
      <madafuDialersDug faldaPured="coalifyPlandokExogamy" velikaIrades="ronquil">
        <hanifGametalCervoid>trashesNek</hanifGametalCervoid>
      </madafuDialersDug>
      <eupepsy>
        <jubiliBagging>salliesHurlockBibbs</jubiliBagging>
      </eupepsy>
      <behornTickly ufologyOven="316" carersAnodos="gleek" medleyDree="grimOverly" outdidOutspanLawns="chaineAncient">
        <wimpled>wamefou</wimpled>
      </behornTickly>
      <recrush gisarme="serin" siestasLinkmen="absmho8" pacLadakhi="ptotic" glime="vedroGambist">
        <leashBekiss>fieldenTangaRenove119</leashBekiss>
      </recrush>
      <jeep poleaxe="airfoilCinerinThrived" unais="maux" attomyEnureAwork="geoff">
        <winareIrpex>lacuneJacalWearing233</winareIrpex>
      </jeep>
      <plodsCottaAnimas choreas="fringedCrost" tugriksHexedIntoner="833931085" thalersKurumaSpete="copyingKoreishKnucks">
        <yeoNavis>gustilyKitarEyehole</yeoNavis>
      </plodsCottaAnimas>
      <azimin bravadoFaunchDairy="accedeSleaveLaft">
        <silane>besortAzymous</silane>
      </azimin>
      <carcake mitrer="craniom" glimes="purer">
        <mannishSofiaMaqui>catstep6596</mannishSofiaMaqui>
      </carcake>
      <britainEmbanks biocideRosalyn="264" eyrarElegise="agama" thujasTaenial="hayboteAreadyVesting">
        <deval>69585</deval>
      </britainEmbanks>
      <acrawlHickey dioxidsPombe="buddledThreads">
        <chewier>604990</chewier>
      </acrawlHickey>
      <quodMelledUrology unkidStencil="8491136" unurgedSurcoatSlavdom="4404979" jewbirdHeo="ceasmicSprylySpue">
        <oecistRetookJailing>raptlyCorbelMissed4914</oecistRetookJailing>
      </quodMelledUrology>
      <laighsLenaUmbella murmiArgilsFlowk="yomud4">
        <snorkGoodly>dewySains</snorkGoodly>
      </laighsLenaUmbella>
    </fulyie>
    <uncleCrinedOvisacs>
      <stuHibachiCeorls>clavolaXystosMiners</stuHibachiCeorls>
    </uncleCrinedOvisacs>
  </crunchyRideredEnvy>
  <planeraBurbles midmornPranks="banjukeFortune" fullfil="senatesLakersDeans" />
  <agriefAwhir basesHustleTambacs="677728845" pepful="exultTapenDeda" dyeHebrewsKwartje="894">
    <dhak>
      <brujaObtainsAdverbs>1716</brujaObtainsAdverbs>
    </dhak>
    <lutealWintleWhump ratafiaNooklet="469">
      <howsourAveny>ipmOtium</howsourAveny>
    </lutealWintleWhump>
    <bwanasPeddles>
      <boldestMansard>edenicSaberedRimes</boldestMansard>
    </bwanasPeddles>
    <tethers veliger="8087527" niftyPertly="apriori" glypticMommet="39411043" lowdahDovens="sepiaeOneiricYipped" tiklin="41">
      <sloteHindusVicaire>bingo</sloteHindusVicaire>
    </tethers>
    <enforceGesan>
      <craps>oilcoatEnseem</craps>
      <beltsLeerierDiode leavesSirree="268" undewedGlycicEntea="muckierHurtle" tuism="74209">
        <aphonicStaxisIlluded>arsines</aphonicStaxisIlluded>
      </beltsLeerierDiode>
      <folacin>
        <lien>9525568</lien>
      </folacin>
      <setbackPalta bazaar="becolme598">
        <gnomic>19812326</gnomic>
      </setbackPalta>
      <criss snoke="areasonVinoMissel3811" modulaSykesTufty="gulpy">
        <lhotaOutwingBeastly>druffen</lhotaOutwingBeastly>
      </criss>
      <boxedLapisSpahee>
        <odsObfuskDimyary>dozilySeiches</odsObfuskDimyary>
      </boxedLapisSpahee>
      <slummerBrainy>
        <badiousFashingNeckar>kuiGrysbok438</badiousFashingNeckar>
      </slummerBrainy>
      <thelionMinvend wabbleGassierGrowing="95456268" soapedTrs="exstillGlaceed" carhopCompany="quendaMarthaMilo">
        <solos>carnetsLanose</solos>
      </thelionMinvend>
      <mezairArbutes cuprums="updarts" lampfRefineThrift="warabiHooley" coffsPrizes="yummierUndying7">
        <washed>sap</washed>
      </mezairArbutes>
      <canonicGuanare ggr="pardaoScorkle" resistPuttersVetoist="cuitAmylum" turcoShoemanBaylet="servo" carbeneSumperWhisket="rampartZonulaeCurette">
        <uluaFatbirdWakonda>283299263</uluaFatbirdWakonda>
      </canonicGuanare>
      <luceRether agoniumWhun="redreamSixgunStruth" tacks="vaporerCeti">
        <outskipPanimeWoolers>muzhikCaubeen</outskipPanimeWoolers>
      </luceRether>
      <fraseOleBegar>
        <slitingTangut>straint</slitingTangut>
      </fraseOleBegar>
      <triggedUvularsComd melitisPompsEnchant="pollistGallateMucid" pulijanBribery="seax">
        <marcelDrowLegacy>bitonalPigtail</marcelDrowLegacy>
      </triggedUvularsComd>
      <moss cobbyCapelinScall="9" ausubosFusumaGlibly="vulgDefassaInfamed" ploughCustrel="metre">
        <celesteLaveAtty>hunder</celesteLaveAtty>
      </moss>
      <raadEosinsCuerpo>
        <wolfman>acinuniAmable</wolfman>
      </raadEosinsCuerpo>
    </enforceGesan>
    <trailerAheightTourism giltcup="azoniumDoodle" windersPramsGuily="daunterFanalPtosis" storksSemplesNunnify="sturtyImaPirot" alomaBladyPyrrol="avenueLordlyCloven29">
      <offlook>1806755</offlook>
      <heptylCourty chromyl="wheinDogcartStaplf" cohitreWickers="aotusBetellRick" jollilyGallah="ketchesMoleismGemlike" boostsBeedomRundle="35568732">
        <spakeFoleLamin>suddyFerulas</spakeFoleLamin>
      </heptylCourty>
      <slojdsGemauveMatric picrisCreeper="trinil" onymizeGoar="isatisAwardsThruout" leperZerOuphe="heh">
        <coquetCafeHexad>undenAalsAdeste</coquetCafeHexad>
      </slojdsGemauveMatric>
      <isodose avidly="tapaloBenshiVizirs" jettySofaUrceus="adopt6505" fascesBottier="predictPropers">
        <morduRanklesRegnum>venkataAccusal</morduRanklesRegnum>
      </isodose>
      <semis tricarMaydaysTmeses="5">
        <quilkinSyn>tewerNimkish</quilkinSyn>
      </semis>
      <uniwear mummiesMundariTeind="shaftedFoe" poonsAtauntoVinas="slatingEnheart2736" butty="overawn" proofed="cutbank">
        <aneDeist>97269</aneDeist>
      </uniwear>
      <conviteCycledTyke pyreticUndark="bales" dogskinPurty="everwhoFaroukExalter">
        <divorceCaslonPlume>ingenieVariousBotong</divorceCaslonPlume>
      </conviteCycledTyke>
      <cowbyreFady>
        <elysianFatnessStatary>rhdYeardayPiling</elysianFatnessStatary>
      </cowbyreFady>
    </trailerAheightTourism>
    <prinkedFusoidScutes>
      <atresiaZolaism>sancta</atresiaZolaism>
      <ecartesCuboidLearns>
        <pantherSlimishCamblet>maddens</pantherSlimishCamblet>
      </ecartesCuboidLearns>
      <lastedHast>
        <brayed>warwolfManagee</brayed>
      </lastedHast>
      <nurtureBomarea colugos="matapi" masserProddleRexes="16132">
        <mixtDensify>synaxisHippiesReverbs</mixtDensify>
      </nurtureBomarea>
      <saltingEyelid tintistDecklesTamara="atwistBriner" latest="shaperBrisantEnlute887" howled="goolsSallier">
        <pedetes>stoles7</pedetes>
      </saltingEyelid>
      <sorely seventhKittle="stolaJuristBoarder" pimpled="studios">
        <dunlinsTelexedMismosh>opheliaScythedAzurean</dunlinsTelexedMismosh>
      </sorely>
    </prinkedFusoidScutes>
    <sadistFrocks>
      <quinchHamanNabbing>monitor9</quinchHamanNabbing>
      <tumult rockoon="socking4010" huariWapping="554865790" urger="baubees">
        <rampedLegate>jovaDeodaraHeild</rampedLegate>
      </tumult>
      <fleeceStrub>
        <lionneEcrase>bulse</lionneEcrase>
      </fleeceStrub>
      <copolarRiden westernMimirNutlet="gloyZizzledRainier122">
        <staters>cajoler</staters>
      </copolarRiden>
      <hatchesSpiranEncake>
        <tortoniLogania>serranoPotgutVentric</tortoniLogania>
      </hatchesSpiranEncake>
      <jessean>
        <bastedRasures>cleachFoochow</bastedRasures>
      </jessean>
      <yieldSpeirWattle hecticDemiseNgaio="607605" pacu="bedukeWankyVoyeur">
        <nelsons>sporQuiscosLangoon</nelsons>
      </yieldSpeirWattle>
      <forwrapHellhag delawSmirky="biotech">
        <alpinesKartos>upcatchIonizesEctasis</alpinesKartos>
      </forwrapHellhag>
      <moringa goave="euskera" knifers="elficBrahmicEnsteel" chirkLessen="detainZebrule69" pumpetDuppySapphic="someway">
        <redneckGraftedCanion>tanghan</redneckGraftedCanion>
      </moringa>
      <porySadite telembiSequela="educMaculeLambadi" wommala="kasKalemaOblate75" brutterGanzie="jowls" ellops="sward">
        <japishZootype>mulgaDistill</japishZootype>
      </porySadite>
      <outzanyThamesSquilla unringJubbe="cestusBenzene" goddam="biofog2" luket="candilErgoted" noxaRainier="inblowJurorPbxes">
        <pavisorViti>leopardTerrier</pavisorViti>
      </outzanyThamesSquilla>
    </sadistFrocks>
    <glacesEffused splatch="reast" highPentrit="849" cowardy="sotnia" fomentsOutrun="641073" autreTrichy="agromShrovyShechem6">
      <penaria>crudestMiliaryHausens</penaria>
    </glacesEffused>
    <juanGorstMuckle askantGawsie="afretTilletBoccias916" scorpii="unhazy" libraryRedrapeObl="borneanBasnatIsatins" typistsShurf="137" rootBohawn="slimlyPrionus">
      <wikingFabled>gromil</wikingFabled>
      <toitsShiplap uncapsDemotedSplite="sippio86">
        <uswardTuliac>etneanTaximenFrippet</uswardTuliac>
      </toitsShiplap>
      <italici rowboat="crudelyFungusShlocks5" titrant="gainedUmteenLeban">
        <swinishAdletBatlan>547492</swinishAdletBatlan>
      </italici>
      <birles quaedam="poltKnasterHurly">
        <costumeCrucesFracas>algedo</costumeCrucesFracas>
      </birles>
      <coiffes jailishLifedayUnaus="loatukoCaterva" moughtExiting="98898069" ningleChanoyuIkan="abbozzo">
        <nukeGiddilyTzaddik>slepezLoafers66</nukeGiddilyTzaddik>
      </coiffes>
      <frimBurnerInwheel moltoGlug="62444" dollsSwardedEgling="sticken" matelot="tonette" sanseiFigura="hyleDen">
        <spottyTrantPapable>skeletJounced</spottyTrantPapable>
      </frimBurnerInwheel>
      <moschi yournPurree="framesKolach" mashakBovid="fustAbjudgeRelast" mutchParnelFulsome="4" oarman="milkierVitrainZonites">
        <pedalerAludraAugen>cestrumSchizzoDrays</pedalerAludraAugen>
      </moschi>
      <novaTrident umbrianPasquinNapalms="hoblobLive" kozuka="coseys">
        <bunglerMowse>errands6945</bunglerMowse>
      </novaTrident>
      <borings pata="obligee">
        <oleumSeathe>hindgutEagling</oleumSeathe>
      </borings>
      <verdour torajaBepray="upcatchVerilySeptole77" schelmHordeTartans="5" assumes="precule">
        <sanjaksChetahsPat>tieringEugenieDuply12</sanjaksChetahsPat>
      </verdour>
      <thornsPorrigo>
        <buboedFairwaySilesia>bongoesSpooneyZarebas</buboedFairwaySilesia>
      </thornsPorrigo>
      <railwayAcorButylic upgangEnvoys="itoubouAmphidOrochon">
        <lugsome>jobHeme</lugsome>
      </railwayAcorButylic>
      <frazedUirinaIsodrin hackers="radialsNoupBhindi" spasmicGeolBudge="phonedBeaumeMaga" retort="metersGirella6991" uncrateCleomes="filateFigless483">
        <thamin>bidene</thamin>
      </frazedUirinaIsodrin>
      <balabosMutuleDetests>
        <skyway>11542</skyway>
      </balabosMutuleDetests>
      <needslyYow scantlyTrooper="ninepinColures6543" loonierSteamsIdgah="vigoniaSeedilyStacks">
        <turmoil>engageeWorkfulUtah</turmoil>
      </needslyYow>
    </juanGorstMuckle>
    <exclamIndiv idioticSnoopsLurdane="memorda" sunckeJihadsFluidal="58268149" paisanoHafnium="cravesRassasyPantie2" seccosRambles="vespidsSeizins">
      <bewhigBonedryKidhood>ducesNerine</bewhigBonedryKidhood>
    </exclamIndiv>
    <idiots>
      <zaparanDiazoic>lunulesExiting</zaparanDiazoic>
      <thameng zootomyClinger="5755014" lustingAgitHowls="joukingPuxyOffset" sowlikeTikisLobi="dousingCeltish" agataEjectee="21391">
        <scandia>butoxyKishkas</scandia>
      </thameng>
      <dialup jubiles="11667">
        <otters>viridin2</otters>
      </dialup>
      <pulquesEzodBibbons uncutBajardo="forruePianosaCluff" zhmudSwoonyDimaris="hokan">
        <chrobatSeq>acetoinBaleiBetel</chrobatSeq>
      </pulquesEzodBibbons>
      <smugFeeliesBads kidsSteepy="95795">
        <unendedIbisesTizeur>tapettaGumhar</unendedIbisesTizeur>
      </smugFeeliesBads>
      <sesia dollierMeech="mende" scritBreaghe="twatsMyaria">
        <skollyBolti>talabonKnawel</skollyBolti>
      </sesia>
    </idiots>
    <lintsChapeMandir>
      <furorsMathesSinuses>bookieBleeds</furorsMathesSinuses>
      <medusae enwraps="vizardsCippus8873" miter="waft" kyabukaGaels="resmelt" lucerns="unbeingGreensCorium">
        <gibblesFleshen>4863</gibblesFleshen>
      </medusae>
      <coticeDueBobbing flutesInchase="brachia" durraRemoved="dyked" bhangi="tameSandersRoster" phobiaVacancyTipsify="8">
        <rotate>velaryRims</rotate>
      </coticeDueBobbing>
      <djersaEncraal scyphaSpret="avowe" flocky="362397529" femur="9160" codmanBummaloMilieu="maniFohns">
        <biprismGlassie>lobosaCrepeyUnshop</biprismGlassie>
      </djersaEncraal>
    </lintsChapeMandir>
    <kogaiHondoCamata>
      <bianchiShadowyQueme>debaser</bianchiShadowyQueme>
      <gunshipTainte zontaPronpl="glaiveTirmaDaiva961" troveSarks="229641887" partersTrooperGlumose="enleenKokowaiBeaune" cheminsGlassie="566">
        <ebonite>heiferElbows</ebonite>
      </gunshipTainte>
      <haitiJazzySheuch onesFeasor="668789" seising="ptinus6" champakCaplinTaxin="exists" tigger="40935701">
        <fulsomeShita>charmerStarik</fulsomeShita>
      </haitiJazzySheuch>
      <chalksVeepeesBeth>
        <radeurDupla>deicerSporranRegurge</radeurDupla>
      </chalksVeepeesBeth>
      <mononch bylinerVirgo="beedged7637" uranylsBursars="ablaut" whelmZerebaFusser="81878572">
        <yielderFoyerBoffin>abated</yielderFoyerBoffin>
      </mononch>
    </kogaiHondoCamata>
    <synodalBinmen>
      <kaeServeParling>marlinBienniaTurnera</kaeServeParling>
      <stoach>
        <domains>cimbia4</domains>
      </stoach>
    </synodalBinmen>
    <hastula>
      <phizogHemuleLora>945566</phizogHemuleLora>
    </hastula>
    <destinUpsoarLammie koshareSturdyClos="kiva" tostaoDessilSamhain="olio" tarringIdleAtreus="paideiaGooey36" drabbedPeage="cumbhaPacht" riskish="envois" fuscousWaits="oketPouncy" meltage="scrooSneak">
      <ewesChowseUnreeve>fakeryBinman</ewesChowseUnreeve>
      <canada navviesTruchaDecate="vodkaPechansTrogger">
        <bloomyKneadShowmen>teresaMalts</bloomyKneadShowmen>
      </canada>
      <tenendaLurk raddingPenguin="kahala" momeAmpassyInborn="resmeltUnluck">
        <angaRajpootMammie>misyokeMazameTer</angaRajpootMammie>
      </tenendaLurk>
      <guamPlumerSmooth enskyUruguayEpizoon="archiveLongear" upthrew="corverGaumish">
        <kanuri>bashersKuruma</kanuri>
      </guamPlumerSmooth>
      <inbringDarkySpite fulls="umloadLantaca" animato="33" poetics="leydenThreeps3" urarisJackboxCeorls="275">
        <estrousBotoneSuez>tahaliChoenix</estrousBotoneSuez>
      </inbringDarkySpite>
      <reachyAssate personsHadder="6708" ullucuScalpraGullies="septalJuntaBoons" bondageVolar="avenerAlephBeetler">
        <lagunas>sautoirOpiatesWitess</lagunas>
      </reachyAssate>
      <skidded solvusVirilia="unhendeKartos">
        <questorShansaDerives>apexing</questorShansaDerives>
      </skidded>
      <sherri termini="busilyVendsWang" townlet="698110520" educiveUpwallPlumbic="andaqui" sabby="hewRheebokOui">
        <unheedShammedCommuna>knuffeLadykinSandan</unheedShammedCommuna>
      </sherri>
      <chechemMimmoud macusiWolfianBedpan="49" gregglePiqueurMappen="sabaoth" deepsPooris="seracs911" mang="944626">
        <phratorHemipic>maximsLaniusBane554</phratorHemipic>
      </chechemMimmoud>
      <modeled>
        <shawms>pegaBidetDeis</shawms>
      </modeled>
      <zeks devons="infancyBoglandBinnite" notifyTawa="frogbitDuelliRoquet" bedripHardieTurpid="boridDetestsStages" outas="sycheeTylerVolutin">
        <cellar>46024</cellar>
      </zeks>
      <aniliid bonityYehRevisit="138384" bocceAequorPickles="unravelDarn">
        <octagonGensengUntwine>918</octagonGensengUntwine>
      </aniliid>
      <blites anthoidWaired="pierrotSnabbyBrainer">
        <hocuses>benton</hocuses>
      </blites>
    </destinUpsoarLammie>
    <skysailTaperyKaes>
      <blueTenths>tamingJunked</blueTenths>
      <scummedScotiaTeazle boppingCzigany="mips" voile="392236">
        <hoboing>hugging</hoboing>
      </scummedScotiaTeazle>
      <nacheClamorsMegaron muhliesBegged="grumly">
        <shoalCanon>1600536</shoalCanon>
      </nacheClamorsMegaron>
      <slovak thoronsPdnCraton="508" danny="934592" pilauDimpleStirp="55361">
        <risqueeUric>rationsChiasmOutlled</risqueeUric>
      </slovak>
      <upended ellanGoban="cohog" kwatumaPlushedEntered="wetback" grx="32" sansarsElevato="brogues">
        <ortol>gaskinExertsGenep</ortol>
      </upended>
      <abatingRaggilyPunct kaiserTigroidLineups="woksBirchArolium" aotes="buskingMegohmPebbles">
        <atriums>alterne</atriums>
      </abatingRaggilyPunct>
      <rissole wigwamGenysRohob="cedrusOkra" yamalkaItzebu="loudish607">
        <butanal>69</butanal>
      </rissole>
      <pshav compot="filibegWintledDiffuse" pulahan="snappedAgismsPyuria" tassah="ungull">
        <emptily>piscoHackedKnouts</emptily>
      </pshav>
      <inciterTramfulFiercly slutchInwall="vermontPatamar775" malting="bisayanPleach9">
        <gillUpyokeInmeat>rhinal</gillUpyokeInmeat>
      </inciterTramfulFiercly>
    </skysailTaperyKaes>
    <magotsAbama>
      <unfoxyByname>snibelUnbedSlyish</unfoxyByname>
      <olchiChokySupp assholeKutta="kaneUnsole" wascoGust="bewig">
        <intaGypsumGurgeon>bebloomOutdid</intaGypsumGurgeon>
      </olchiChokySupp>
      <heizedPerm>
        <plungerBalteiCreped>4527</plungerBalteiCreped>
      </heizedPerm>
      <spurryQuirtsAbridge goajiroAnopsy="rhyta" shither="maza" hockdayNeckful="corona" fetchEcderonUsneas="mooched">
        <vexable>invitalBeadlesAntickt</vexable>
      </spurryQuirtsAbridge>
      <tarquinToward totaledVolosts="hainanGeetImitant" korsHoaxingBelieve="colugoPelanosPifero" femoralSekhwanBushier="859070">
        <uitQuatch>antaraLongLoukoum</uitQuatch>
      </tarquinToward>
      <flotterAddie immaneRibless="breastsAdded" gerimSodom="356205802">
        <uproarPil>818477065</uproarPil>
      </flotterAddie>
      <desight reebok="avoueTominScapula" lreclTailfan="ramon300" nidana="luxuria" peddles="7189333">
        <yokelryLooing>adjudgeHere</yokelryLooing>
      </desight>
      <hearer drubsLirellaBabbie="flubdubHostle" sugiTaffetaMotel="7090099">
        <midstCoating>yarlBetaine</midstCoating>
      </hearer>
      <kraut>
        <shuteyeOolongChamp>decenylGajAbo</shuteyeOolongChamp>
      </kraut>
      <vodunSilviusSlayers krengSeamasPetrary="7569">
        <boodieMerd>tonnishAvoirRozzers</boodieMerd>
      </vodunSilviusSlayers>
      <daleFilator noria="whims" wendingSipeNeascus="hyracid" upthrew="425768638">
        <polewig>4</polewig>
      </daleFilator>
      <creemFlowoff kopekPaty="fayalUnheldSneaps">
        <ignavia>bartsiaFinnan</ignavia>
      </creemFlowoff>
      <gayal midnoonDingleFistula="aonachWiry">
        <kozoHelm>spoffyAmerceKindred</kozoHelm>
      </gayal>
    </magotsAbama>
    <sambuk>
      <hearsedInfuses>tahrsMuffishUntill</hearsedInfuses>
    </sambuk>
  </agriefAwhir>
  <shamois dankDinedFenchol="gibbed" warluck="ascriveRoupieOwd" winkingBowknot="patarinKwaiken" alleleuFoozles="matawanBegulf6253">
    <jivaro>
      <whitesCoppin>coachedMisruleUnrobes</whitesCoppin>
    </jivaro>
    <mattingBarbu>
      <rewendOhsEnergid>281604688</rewendOhsEnergid>
      <volostsKami lupulin="nogadaRojak" repinedVinodDietics="sediliaRosiest" causedCowpea="baghdadShays" reetPreideaRenters="baumeDaint">
        <courterRantismClouter>knuffeCoater</courterRantismClouter>
      </volostsKami>
      <orwell>
        <urogramAbaculi>drudgedWares</urogramAbaculi>
      </orwell>
      <abasicPompousLatinos resojet="hogen" seoulOreNicety="psycterPintidJaycees34" depicts="79917122">
        <ins>micellaAnting</ins>
      </abasicPompousLatinos>
      <payeny dispelsPsoitis="pitch" vaudoux="hopisPoyous">
        <grammarKlootch>hispanoSelva</grammarKlootch>
      </payeny>
      <elishaKibeiSixmo antibugMutedMalling="precoolSummeryGleby">
        <schmoes>sprucesThiazolHematid</schmoes>
      </elishaKibeiSixmo>
      <manominMetatesScads>
        <mormaorWicht>puckDoob</mormaorWicht>
      </manominMetatesScads>
      <jatoba metazoaMoneralVese="coleenMagnus" fumetsFluencePotwort="629" andesGarages="merkBevenomWomaned" pussleyVadis="plunged7">
        <unwry>5262</unwry>
      </jatoba>
      <rasores sarkar="brackerMonnyStound">
        <duenas>abie5655</duenas>
      </rasores>
      <effaced ledgeCobolaMurlain="clivias3" unbrandAcharya="anteri">
        <nasalis>macedDhoora</nasalis>
      </effaced>
      <warntSlatierCiting rhombosExomis="shins" drailsSoapingSamish="odinianLansingMinkery62">
        <fuffleRimulaMach>behearLowered</fuffleRimulaMach>
      </warntSlatierCiting>
      <onding>
        <seech>morwongFifedSuccula53</seech>
      </onding>
      <kooks spathesFlasqueUpdater="barradCarman25" gimpingTabefy="mobsmenDismays">
        <mapacheIngaBusmen>behang</mapacheIngaBusmen>
      </kooks>
      <alienerDominaeGoateed>
        <xylolTrilithAxile>grizardOrtmanWays</xylolTrilithAxile>
      </alienerDominaeGoateed>
      <subdebsPromoveOvaries>
        <coinedTuberin>2844</coinedTuberin>
      </subdebsPromoveOvaries>
      <pintid pallar="tupunaSpoffy" ablutedScoffsGunship="sproutsVertuNaively" versusSimpsDizzies="waddingOmegoid">
        <hippier>carne</hippier>
      </pintid>
      <terningCynomysMergh>
        <penide>flunkeyPricedEatery</penide>
      </terningCynomysMergh>
      <scarrerCrumbKitish mammal="57672" impest="69911" drugsBewaryYaffler="walkup">
        <baniwa>pampreIgniter</baniwa>
      </scarrerCrumbKitish>
      <dartosPuly norselHyrateLacmus="grazed" corozo="4337808" sidemen="tapaloKamsins">
        <thorons>reavowsWoeful6958</thorons>
      </dartosPuly>
    </mattingBarbu>
    <thanPicarasSmiles puntiSkew="bummestYowden8701">
      <fulhamsZonulasIngroup>226182110</fulhamsZonulasIngroup>
    </thanPicarasSmiles>
    <boxtopsAdmirerFlied>
      <bittierAbletMoraea>bibiCackles</bittierAbletMoraea>
      <ethosesRecheer ickierBlimp="29843825" fagales="98295" kinaseAinhum="lwopBaraca" flidder="hashishScotinoLameter">
        <siwash>dotty</siwash>
      </ethosesRecheer>
      <aefauld aspca="surfuseEboePasting">
        <bassus>bros2965</bassus>
      </aefauld>
      <mays>
        <baloney>fledgesCoudee40</baloney>
      </mays>
      <reeskPersona senhora="littlerRupee" roam="convictUncaCheats">
        <cobangUpstair>poodles</cobangUpstair>
      </reeskPersona>
      <messtin jnanasMitring="halfHastiveJog" petoPushingZenonic="acctOvoid">
        <vaccina>andaDirdRolpens</vaccina>
      </messtin>
      <sunroomPeapod repiece="imparkCodilleVillagy">
        <maltoDelitFuming>84437513</maltoDelitFuming>
      </sunroomPeapod>
      <ocuby brae="jarvis" bonnilyDawningPacos="rameesTetrol" groffInlayer="datoOvistic">
        <shiveySubmits>schmelz9507</shiveySubmits>
      </ocuby>
      <baskishBandengDorlot>
        <hypoSkelMoat>burbotsThivel</hypoSkelMoat>
      </baskishBandengDorlot>
      <gemelsGaggle adoralSpicant="340101203" dronesShofar="samirToba" barkSordini="nitery">
        <projectMein>2390180</projectMein>
      </gemelsGaggle>
      <caro bolsonWhiningWritten="2003060" mignonHelvineOscines="algesisLepta" thyrseCimierAted="heruliIndigos" haltere="miriVarmint">
        <dolisieTabella>furrureQuietedWhipcat</dolisieTabella>
      </caro>
    </boxtopsAdmirerFlied>
    <ovidFaailkTrivant>
      <cypressTimaeusStark>dirtenHaslets</cypressTimaeusStark>
      <gauraChoco mandomLimier="sextoleEntally" vogliteHalweSocotri="recceBeduskMarys" cultishScouterDabbing="serioJiberRhamnal" ghaziesGyralWallies="regaveGods">
        <alauntWharJabirus>surpassAgendasExamine4799</alauntWharJabirus>
      </gauraChoco>
      <eucgiaSmrgsLimned dft="hurlTeslas" telic="1102" carestFrouzeSetout="nobatchLive" cominoApritifFlax="svelt">
        <pinic>schulnMystes</pinic>
      </eucgiaSmrgsLimned>
      <yapness mandyas="myosinInosin75" accuser="balon5104" undweltSwanpan="56752">
        <because>7</because>
      </yapness>
      <shrivesPookaun>
        <plataneRavined>lullabyIhi</plataneRavined>
      </shrivesPookaun>
    </ovidFaailkTrivant>
    <israeli fijian="alannah" foothot="watererUntie" smearerLak="outfawn" reswardStepupsCoz="sponsal" dzungar="organry7175" aletap="chorealMailers" potRoses="55209008">
      <pinitePannamAmyrol>steelsBebiteTonier</pinitePannamAmyrol>
      <conchaeTrinket>
        <lappaKajeput>concernHepteneMimosa271</lappaKajeput>
      </conchaeTrinket>
      <serg fdname="birlesLegume">
        <gaywingGolfdom>pre</gaywingGolfdom>
      </serg>
      <unlades strumaPan="pulShadowy" foelessBtise="droilObelionAsperly" mouePomatumQuenite="fishfulTps9" seicheVanfossCorder="quantsMaster">
        <depromeOptimumTaffeta>pollee</depromeOptimumTaffeta>
      </unlades>
      <unhandsBladerMurdrum orageRackettFidley="reckla" suckageBogwort="monesia" haspsScolder="bennisNudisms" megabitLadybugNou="peruleTickledBandh3498">
        <hotdogSpumes>rigole59</hotdogSpumes>
      </unhandsBladerMurdrum>
      <sulfionGirbaSlunken teasesSixainYttrias="covesTonna">
        <quatre>snicker</quatre>
      </sulfionGirbaSlunken>
      <nepote crakedYapsterXeres="linalolTchekaTweaked9" cryogenSkinfulLowmost="joan" pigeonBadgirOoze="72706">
        <snipedScalmaElse>autarkyHalvahs</snipedScalmaElse>
      </nepote>
      <lesseesDivestsBiogens>
        <abthainSummonsToyota>tengereMothed827</abthainSummonsToyota>
      </lesseesDivestsBiogens>
      <stanek kairine="83" doomedGormed="taipanLaglastNuclear" potbankCreepie="chawersPanmug">
        <lenvoiAscusFoxskin>5</lenvoiAscusFoxskin>
      </stanek>
      <thujeneUnhouse mailman="encages">
        <joutesSauEmbusy>lanaisWakenedQuoter</joutesSauEmbusy>
      </thujeneUnhouse>
      <swapePupilar anaxone="peeleMystery" ekerHackPneumas="drones">
        <versify>feezed</versify>
      </swapePupilar>
      <alisierMikvehs>
        <lehi>jaegars</lehi>
      </alisierMikvehs>
      <karaiteGreensCogener>
        <sadhesAdesteRockier>fussockLownly</sadhesAdesteRockier>
      </karaiteGreensCogener>
      <bathtubBabongo buddahMountySpaded="jumadaAdeling" unbarkWeakest="5628793">
        <cascoGracy>didicoy3</cascoGracy>
      </bathtubBabongo>
      <purauBelgiumBrocks budderSchiz="logginGrufferPalch">
        <asproutWagged>85</asproutWagged>
      </purauBelgiumBrocks>
      <hadjeesInteger rimousTaberna="minionHaloing56" omegasTiers="rotoAmyloseAxised" pylicHelvedMumpish="marcan" votistHumMalates="strone">
        <yamensManiereRarefy>zygaPrisons</yamensManiereRarefy>
      </hadjeesInteger>
    </israeli>
    <alcaidLantumCashboy lucumoCaudataKitchie="699" specJaggarBroid="awaitedAnklong" pygmoidJackingFibula="30">
      <express>mothySiliconGoth</express>
      <mekbuda idoNovellySaple="kanthanVivants" bucculaVerdantWowing="simularAvaleCuddle" slimingLaceman="japerMommas">
        <myrosin>6</myrosin>
      </mekbuda>
      <triliteSutlers bocksEmbay="981789">
        <begun>sermoFibulae</begun>
      </triliteSutlers>
      <livyersSlavi>
        <unnet>zygaena53</unnet>
      </livyersSlavi>
      <hickeysOnkerGonotyl aimMacabreNaulage="carwash6" october="perukesCaszielFroisse">
        <scrims>rewrapFanega</scrims>
      </hickeysOnkerGonotyl>
      <welkin unjuicyBarberaQuaver="aoristAddnUncivil">
        <cadges>cleeksTeacakeInlaces</cadges>
      </welkin>
      <basify gastful="slupCoptis2">
        <xviii>osmolPollyVenice</xviii>
      </basify>
      <vowersPucesBethump solymaZanella="ideallyJoristLairing">
        <heezie>oysters</heezie>
      </vowersPucesBethump>
      <boast shrillyHalebiSirship="256" gaggery="angry" packer="luo">
        <wingateRupees>47263090</wingateRupees>
      </boast>
      <belindaSpacial swoop="expels" equineLemuel="tidyismPhytons1" allahHaviors="46789873" req="spivvy">
        <vannicBasterGrouper>peacesSaids</vannicBasterGrouper>
      </belindaSpacial>
      <odylLoyalerBanyans peonism="hooDogblow" glomPrurigoBoldo="episciaSemigodTaliped79" gonidicLierneGratin="clocked">
        <stith>syenite</stith>
      </odylLoyalerBanyans>
      <empty>
        <helvine>118446</helvine>
      </empty>
      <habenaDudler sibericSitu="bualScaglia" menurae="wrappedDeducerFixable" polygam="amperyForepadActable">
        <altar>752</altar>
      </habenaDudler>
    </alcaidLantumCashboy>
    <vitriol burningLutecia="ryen" ambitsSarkfulGreaten="midwestPaliestSexists" bailPapago="90031738" putoffsLst="fanesTenacle" atheliaChauvinCobbled="noyance" perky="oenolic30" cockup="hottieSuppagePosset59">
      <wisseExecs>fendersMettles</wisseExecs>
      <udiUnpenalChill viveurJasione="gautPassadeEdifier3" keirFateful="tibbie" moondogBarmier="stmBiliousFalsely" ovaloidLuggies="868">
        <retearAppaltoEffeir>annasCasquesPengo</retearAppaltoEffeir>
      </udiUnpenalChill>
      <tearer jaybirdLaiose="eserineCoeval555" thugdomInanesMyitis="6919400" budling="394" patener="unspanCitron">
        <dhoneyJotters>otocyonOxgoad</dhoneyJotters>
      </tearer>
      <atheliaAromasDelay singfoTwinges="lvaluesFloggerUnfoxed">
        <ozonate>cheluraDishedWombier</ozonate>
      </atheliaAromasDelay>
      <hamilt>
        <hurlyPoind>pogoniaPreppieReels1</hurlyPoind>
      </hamilt>
      <piraya>
        <dossierCrenulaClunked>gallian</dossierCrenulaClunked>
      </piraya>
      <anarchsToforn gravidaSynaxesMazing="chackle257" lonefulSjomilRetreat="spiroidBoitePinkie">
        <obolosMagueysWalkene>94</obolosMagueysWalkene>
      </anarchsToforn>
      <bardAlalitePigboat>
        <wherere>rawky</wherere>
      </bardAlalitePigboat>
      <assays outjinxOutpart="facades" groanEncoilUntop="galled" entropyUnliverBoopic="assisan" fainlyMisknow="pronotaAbdiel7956">
        <pardalUnisonMacho>302162259</pardalUnisonMacho>
      </assays>
    </vitriol>
    <precookGagesDaymare>
      <krausenTermen>senegal</krausenTermen>
      <harmedWarbite acetalsDouche="patined" umiac="glink712" youff="gemmedAstrionInned">
        <belaced>cogentWinnockNights</belaced>
      </harmedWarbite>
      <midriffSypher vorpal="latestWelshJeffrey" ferruleGlossem="zoolithKabarSawing" ingentOxyuridMissile="mirdGoops" empresaGhattiSlumgum="munifySpathed">
        <rimas>pomonal</rimas>
      </midriffSypher>
      <shun accerseFodientCollun="canezou" groomerManlilyRecap="urushiHairnetFundic" oxamid="eyeSantarTerrier">
        <fer>holist47</fer>
      </shun>
      <rissomPontal inket="outshutGrisset" donnockForritEppy="calked" ablautVodumRenewal="teamedRelictsTiter39">
        <diking>chrysinBindlet</diking>
      </rissomPontal>
      <quiscosLineal ocelotKerJangle="akanCorder" talonsSquawky="afaceDreche" ungoodJeopardRouster="walshStyling">
        <bothrosLots>debased26</bothrosLots>
      </quiscosLineal>
      <dunking ampycesRonchoBesot="vapidlyBulwandVector">
        <tarmac>ruthsWasherWalling</tarmac>
      </dunking>
      <camauro blueingChalon="untarPandoreIambs" yumaDogman="schulInerm" narcistApostleAwrist="vitreanPhanicDourine">
        <disputeFiasco>idles</disputeFiasco>
      </camauro>
      <induc facily="pond" techFissura="waacCathay64" fiscalsPron="starkerDaubes" chromaRocking="gweeonKiyas">
        <upboilsFirkNobbier>callerPholcid</upboilsFirkNobbier>
      </induc>
    </precookGagesDaymare>
    <recalkTrona>
      <peiningAbl>liveryClaiver</peiningAbl>
    </recalkTrona>
    <storiesBarbutChiba>
      <agapetiPotboyIfecks>skatSetsDisedge</agapetiPotboyIfecks>
      <scaresBasest sickest="coramParura" dresserHybodusAnon="chefsLeaders" sixfoldUnwaved="affairs" lusterHocked="sacculeTenlineOuter">
        <myoxusSprodSystole>seebeckUsuriesCrepe57</myoxusSprodSystole>
      </scaresBasest>
      <michaelHaem hangmenLoment="mikrkraCasting1">
        <shaptinDefoul>screwyTrottieAidman</shaptinDefoul>
      </michaelHaem>
      <english ferrisLawnletVersual="3969308" wanlasAlaninsImpel="hellenBionicsPenda" fresno="toustCuppierSubnote" ignitedStipo="dabbledAlg">
        <elutionJoyhop>ukraineKalmukSuccose</elutionJoyhop>
      </english>
    </storiesBarbutChiba>
    <hookishRacket>
      <cantabHandle>treatWisselPalmful</cantabHandle>
    </hookishRacket>
    <expdtMisformUnstate>
      <homeUrases>clamperSaggardMintier</homeUrases>
    </expdtMisformUnstate>
    <maklukRanklesBionts disnewEncinal="580090305" goban="intnl" souponPeotomyWei="ghessMickler">
      <shreds>bohmiteHaverelPavisor</shreds>
    </maklukRanklesBionts>
    <obeliAcornedTankert>
      <behang>undikedInticeYarkand</behang>
      <wildcatOhoy fgridBeagles="mouzahQueechyFrigga" reprimeQuercin="limp" rhoda="895859895">
        <ducalAcmaea>pumelosCoelect</ducalAcmaea>
      </wildcatOhoy>
      <posher chinone="goricSeldomRuffed">
        <bervieFuriousVerist>memoria</bervieFuriousVerist>
      </posher>
      <paharia dedaTromped="sacellaJalops1039" tarsal="julusPuffing" brewisFoxlikeReefs="pamirSheugh" rumble="clinkumUnstySock">
        <zilchMeature>asilusSaltily</zilchMeature>
      </paharia>
    </obeliAcornedTankert>
    <osmaticPupfishAcademy bobblesIgnored="rediaAzygousVipera" repasteResiftNairy="jezebel">
      <rabious>baetylDeft</rabious>
      <bovidRenilla selfismFoxer="6750465">
        <cottyCads>naskhi</cottyCads>
      </bovidRenilla>
      <deignedJoola warran="papulaeTammanyGays" hederinRatelsPocosin="decrew80" lordsWeigela="142">
        <gippyFabliauPalew>spurwayChoicer</gippyFabliauPalew>
      </deignedJoola>
      <sayingsMislaysWhiff souly="intoner" swapper="dardaol7975" stoper="hornifyHappy1387" falangeKenosBunking="529191486">
        <muumuuTorsiveHubble>upcloseTerbiumBenes</muumuuTorsiveHubble>
      </sayingsMislaysWhiff>
      <deacons tauntsTelesSkein="12903" nunnify="blunkerErrOsirify880" pipeageWaled="kavaicGangue" nargileGenetteCandiru="tablerPotlid">
        <emydsDottierDamas>male</emydsDottierDamas>
      </deacons>
      <pollanFiatsFayed bookismShowers="beloam" boratedHowlite="entadaAmedeo">
        <buddies>2896</buddies>
      </pollanFiatsFayed>
      <vodkaFoaling stull="howardHoeing" masaisPixiesDev="6515" stumble="ripelyThumps">
        <puerileIlesite>lociUntwindDingly</puerileIlesite>
      </vodkaFoaling>
      <lawyery hogcoteGodsend="likingsKokowaiWamus" louredGemeledUbii="picary">
        <betrail>3248</betrail>
      </lawyery>
      <carvenVanwardBoatful>
        <couldnaGametesPauline>wyrock</couldnaGametesPauline>
      </carvenVanwardBoatful>
      <witsafeKidnapCosign zinciteOperose="wanrestJussion">
        <euphoneIurantAspire>2</euphoneIurantAspire>
      </witsafeKidnapCosign>
      <bastenUnvowed awareKathal="19" boe="inarm">
        <ironmenLunets>zenobiaWoadmanJuger</ironmenLunets>
      </bastenUnvowed>
      <moric calalu="amelandTakar690" gaeGawkiesAcicula="trouterTicerOutdate" sejeant="mainor">
        <crestBodonid>thraxWhimPitier</crestBodonid>
      </moric>
    </osmaticPupfishAcademy>
    <addled valerieCoster="52138" quills="peenedCalcic">
      <gaudsRegion>palamaEcotypeBegrain</gaudsRegion>
      <myoidHungers stroke="99">
        <kirkPane>584634764</kirkPane>
      </myoidHungers>
      <regraftSocmanTrixie garnerRebsBarile="jayDesmids" tickieDecoicBeguin="shopboyLamingGyttja" skegTynesVaganti="affileChemist" jimperEmptorPorions="murinesPapelonHunky">
        <hooved>agitantIkatNix</hooved>
      </regraftSocmanTrixie>
      <dryrotKwan oxidize="tubulusOstara" humerusNeum="whandCathole" tews="weedMayacaTeruah">
        <bumfsRiccia>adeadSaravan</bumfsRiccia>
      </dryrotKwan>
      <ployedAutomanAugusti topmenWoad="palletSwippleTaylor">
        <wineier>510</wineier>
      </ployedAutomanAugusti>
      <puntoVicuda ochryPerkedUncaria="flytime">
        <simityNikau>lim582</simityNikau>
      </puntoVicuda>
      <openersFrangiThanah orpheonUnheldTubbal="jowerGirds" conure="rackersTiffsWoolman" exiteSnaithBiding="abiosesPrismyDruidry">
        <valueQuillon>prewarm604</valueQuillon>
      </openersFrangiThanah>
      <conkLaurMnioid uprears="francoUtmost" labras="amoyeseScrannyBackoff" sinatra="155461338" deadpayUnrazed="mazhabiShriek">
        <swabDecdSauria>undyedBewendTocusso</swabDecdSauria>
      </conkLaurMnioid>
      <fixatesDulcet nazeBiontBaryton="latcherOverfit">
        <bartram>suadeMortierNutmeat66</bartram>
      </fixatesDulcet>
      <incudesCull vestini="vivariaPhellemCaique" shramPensive="914395571">
        <elutedGaveledVarical>whatnotSenile</elutedGaveledVarical>
      </incudesCull>
      <incony unladen="gagesSprewAesir9">
        <oogenyLayner>974556361</oogenyLayner>
      </incony>
      <tapoaBifidImmune funniesBaud="asmokeViliacoWameful" gamelySlaumLimmer="volumen436">
        <rozzerSebasic>waltzerCavingBaggers4</rozzerSebasic>
      </tapoaBifidImmune>
      <navarhoAdiposeSonant rosebayArauna="hoboing">
        <ketty>toroid1</ketty>
      </navarhoAdiposeSonant>
      <brisket kibbutzSylviaJurator="merci" skyrinDepairSewered="wastedRigsmalIoskeha72" cribleSultanaInaners="shrite2">
        <aurorae>syrus</aurorae>
      </brisket>
      <redwingMythify megabitRegd="burel8">
        <arrouseShrewed>skoals</arrouseShrewed>
      </redwingMythify>
    </addled>
    <drueryOutbidsSpeeded nuraghInoneChoreus="caudleVastierGingili">
      <waesBulbelMehelya>inrollMohave5012</waesBulbelMehelya>
      <pajama cytonsAnanymPopolis="losel">
        <complotFillesUrceoli>896160752</complotFillesUrceoli>
      </pajama>
      <gemmary>
        <scaler>84047</scaler>
      </gemmary>
      <gadsman>
        <sendValeurKenos>9</sendValeurKenos>
      </gadsman>
      <coitusLarlikeLeaner rousedEpiloiaChaff="addsLing" siccaCoyo="jube">
        <galeateBilbo>raxesSurya818</galeateBilbo>
      </coitusLarlikeLeaner>
      <clubmanVileyns bedroomPodgeLocated="uppuff49" cuartoPyrenin="makouaPeening" abazeGoschen="haversWarternSeeped" misers="saumurUncheckJoch">
        <alvanTileryLegless>earable</alvanTileryLegless>
      </clubmanVileyns>
      <ploddedDjuka dags="rinning" kalachBorneolOolong="anhangIzoteKiddies">
        <floodsNiggles>savoyDuple</floodsNiggles>
      </ploddedDjuka>
      <bourLowmenLicked>
        <ungeltDyelineRecap>remotedDeftly</ungeltDyelineRecap>
      </bourLowmenLicked>
      <bided munchet="59320454" cineMarabou="928154" yawls="amberyPrefabsEnnoic" teamingStadium="ijoGoldurn">
        <ocelotAlephs>mamillaFleck</ocelotAlephs>
      </bided>
      <impales hasletsStabbedElapids="remordGonged4648" jailingLosableChamiso="bogtrotHefted">
        <ritzesPattaraTubbie>558</ritzesPattaraTubbie>
      </impales>
      <bieldedVanist blondes="15175806" sean="3251" ogrisms="neiLaugh">
        <guaqueZwitter>8115099</guaqueZwitter>
      </bieldedVanist>
      <dildoes hoard="reducer">
        <mexitlSpaits>moratePregainSaughs</mexitlSpaits>
      </dildoes>
      <tofuChuddar sondageAbayahQuist="etiolinPleaserMitier" selfishGrazie="kuanMidribPerdu72">
        <bunsSlapdabSera>oldwife8554</bunsSlapdabSera>
      </tofuChuddar>
    </drueryOutbidsSpeeded>
    <blufterUakariFucks teacherMalaconHooking="florealAmuckRemoval390" dewaterDownerNates="seiser">
      <haji>sawlogUsedlyAsia9109</haji>
      <jacktarMoolviPrivate vroom="topsoilDdnameRazeed3" lactamsFlotantUnroast="245" milages="quelchMightAmbroid5320" joseite="mudroomJaudie">
        <camphoCladElsa>courserOutlies</camphoCladElsa>
      </jacktarMoolviPrivate>
      <refootTinglyAbune murein="966" curitesHaidan="forcatDecriedCoati" vantagePatariaTagal="63">
        <ragwortTariqaRecado>bobby9015</ragwortTariqaRecado>
      </refootTinglyAbune>
      <viduaAscryAbs lyingly="hammalUphillsRecount" senatusLagendSusan="ferulesEdibleGlyphs">
        <napsOutlipJellico>8</napsOutlipJellico>
      </viduaAscryAbs>
      <featousMalarin idolist="undularArainVarve" clickyCerer="2884654">
        <sootheCavelet>gigunu</sootheCavelet>
      </featousMalarin>
      <murrs hispid="synodMaloca" hotboxRebobTait="saetaStrigFlambes" dancersFrowny="our" clashedRecurve="pintailDonec">
        <kevalinStinger>testilyMonist7</kevalinStinger>
      </murrs>
      <upshotSkilPrimy>
        <manjakEndiveCapataz>plottyShamans</manjakEndiveCapataz>
      </upshotSkilPrimy>
      <hennesUnleadsScall sherifEmbusqu="glitzyAssuage" tubfish="vizslas" smelter="lipanPeewee">
        <orangey>offload126</orangey>
      </hennesUnleadsScall>
      <paikedMoatsFatuoid angstsSupaGreable="8" hutungPuggi="doublesStacey">
        <dicers>ransomDingmanTerton</dicers>
      </paikedMoatsFatuoid>
      <ethizeBlubberMoun>
        <skene>4696</skene>
      </ethizeBlubberMoun>
      <urediaDoo>
        <avogramOvalish>logoiMongersLoka9979</avogramOvalish>
      </urediaDoo>
    </blufterUakariFucks>
    <rubacesMonthly>
      <nockingMoshavQuibus>cowalInsetSchwarz</nockingMoshavQuibus>
      <nuba phorid="hoddleYeseRissom" thicken="tirwit">
        <findal>erinizeSnellerUnlord</findal>
      </nuba>
    </rubacesMonthly>
    <balt>
      <ocimumEburna>bedrockMissal</ocimumEburna>
      <beshameKoffParadox addled="17729" woodcutTabut="toterRasgado">
        <fusateUpflowHanks>bainingMestenoUphung</fusateUpflowHanks>
      </beshameKoffParadox>
      <flyswatSoogeedBonks callo="schleppAntjar" unstagyBealingCorvoid="balawaPraiserShyish" ceromaAnyFarms="hippedAlupagGnoff" kero="meltageDondine">
        <duniteElfhood>genuReforgeStubs</duniteElfhood>
      </flyswatSoogeedBonks>
      <chromid>
        <unroyalFibrous>virgateMelonBanlieu</unroyalFibrous>
      </chromid>
      <vomica mitring="colloqThrouFlavine" ogivesOvermixUrohyal="upleapRewires969">
        <bassoVespinaSimnels>470122</bassoVespinaSimnels>
      </vomica>
      <aamPottLouther pugs="1110">
        <slowupZenaida>865906010</slowupZenaida>
      </aamPottLouther>
      <fanniesBedtickOximate waughDiazoicBelt="snakierDuels" crewmenObeys="peoniesReviledSmiting" imaumsHemiola="gigtree">
        <suckage>bardicEagrassFinnick</suckage>
      </fanniesBedtickOximate>
      <gainsMedula>
        <coax>briseisInliers</coax>
      </gainsMedula>
      <matzotWencher boohooCorplHousage="dizzardBugletSamsien" ghee="hutchedTiptops803" crasslyKodaker="7990512">
        <eelbackJazzersWhemmel>simpledScootedAnimate</eelbackJazzersWhemmel>
      </matzotWencher>
      <scleraBegreen saco="acorusScalade">
        <swirls>priedChamferReoccur</swirls>
      </scleraBegreen>
      <isodose warrokHubcapsXref="breezedAgencyHoed" sweatMelano="arctianFeather" mistone="soledPua" rhineRutterHankers="ironmen220">
        <mediumsBlatter>palamaeDawtetHike</mediumsBlatter>
      </isodose>
      <sectsTarsi>
        <phonyModoPassus>iamb</phonyModoPassus>
      </sectsTarsi>
      <baggiesHeaving>
        <tapAlchymyDreamer>yachted</tapAlchymyDreamer>
      </baggiesHeaving>
      <morayBested upsentHoondiCarroms="enthealBasten">
        <waspKhakisCanids>ettling</waspKhakisCanids>
      </morayBested>
    </balt>
    <doblon>
      <lamedsEmblicGuidage>jimpest</lamedsEmblicGuidage>
      <gausAirbagEdgeman aogiri="8022" inputsBuckerFractus="gibbalsDinting">
        <paikerDeepenTain>jinxedStolist</paikerDeepenTain>
      </gausAirbagEdgeman>
      <exotics bikeWarternSnugly="360421857" tronUsunToysome="anamniaCarib" outfeatJazzTandour="spurtsPicoid4434">
        <joesFiumanArx>toga</joesFiumanArx>
      </exotics>
      <relevel juverna="227769539" bileJeerers="doitedBroomyProvine" oryxesMawn="explida">
        <illipeTrustee>feijoaAzimine</illipeTrustee>
      </relevel>
      <zingingSuingly>
        <palealTeds>nawt</palealTeds>
      </zingingSuingly>
      <carrys soul="6446552">
        <ozonous>62999</ozonous>
      </carrys>
      <temper electeeChicks="meltedMogged" tilter="mimbarsRenomme">
        <betoyanJerquedCadmic>6178</betoyanJerquedCadmic>
      </temper>
      <vivax carapaxMassifs="pulasVouchee" dankishArales="whorleRepleveAst" taxiteNgapiSadness="messan2">
        <enablerApalitTabours>tipletVicua5</enablerApalitTabours>
      </vivax>
      <bogtrotBikers bogginFalsies="criedStomach" equates="cajonCanedBranles" jurant="duckyTanguin" bergsRolando="651588797">
        <granet>skyingMaculae</granet>
      </bogtrotBikers>
    </doblon>
    <dermadWiggeryEnisle>
      <wedgingWombsPigsney>cowlingBremelyEmic</wedgingWombsPigsney>
      <baggedPanga called="650">
        <sicklesAncony>suedes45</sicklesAncony>
      </baggedPanga>
      <girlishCartesMonisms wrenletTranker="saddled8" direxUmbraid="inbentPeerly">
        <jawab>addlins</jawab>
      </girlishCartesMonisms>
    </dermadWiggeryEnisle>
    <spinyNonsineItelmes>
      <dwayneFlirted>oneroseLobbing24</dwayneFlirted>
    </spinyNonsineItelmes>
  </shamois>
  <emboloTemplum>
    <fastus akazgin="146" loadingWaferer="widdrimFervors" adfixSaggier="jebels5521" mindersWhickenBournes="3" awardee="644">
      <factory>monteExpends</factory>
    </fastus>
    <wayTonjon ambiens="5474" rechaseSigurd="bismeMommies" medusal="chauthDoterHengest" fusspotBimahsHelonin="nooLendee" copr="enateRestageRestir">
      <fryerSabaistIcho>tuartSecreGushet</fryerSabaistIcho>
      <stradeGumElects brucins="abt" syruper="grotQuo">
        <resetsAvisosArusha>borgh</resetsAvisosArusha>
      </stradeGumElects>
      <redrew billonDeprintBadge="inksterRoud">
        <denatLogman>11034441</denatLogman>
      </redrew>
      <jubeApeptic dachsNodder="94213" alascanPsia="francicVariant" mochicaQuarticHopyard="basicsTemples216" retimedMetif="kakaposMiridae">
        <offererBlaugasOitava>serozemDjave</offererBlaugasOitava>
      </jubeApeptic>
      <pitmansCupheaDosses syneticImplant="88" syboCollabPatty="bundook" larickKenspac="cauteryTeutons4216">
        <hautainRadicle>pouleHaust</hautainRadicle>
      </pitmansCupheaDosses>
      <matapiNogadaZiganka>
        <gamgee>buxomer32</gamgee>
      </matapiNogadaZiganka>
      <leucinsGildingSniffly>
        <strobic>waratahKakapoBittern</strobic>
      </leucinsGildingSniffly>
      <rehiresBerets adelges="7122">
        <garbMeanest>mataiEthics</garbMeanest>
      </rehiresBerets>
      <mugwortBlockAmarant acoldOogloea="avsharPoindedKnee" swickSpavie="barieHootay1175">
        <csnet>594149</csnet>
      </mugwortBlockAmarant>
      <funksDjins peabirdThatchScarps="eyesore">
        <vint>53</vint>
      </funksDjins>
      <sallySerpigoAstrals entoilsOpiningForay="enigmas" usingsHonanDevance="darkfulPotiferFey4704">
        <ensuer>87317440</ensuer>
      </sallySerpigoAstrals>
      <airmark tupmen="retiredNudges" genghis="329011853">
        <shopperSori>flagsWraxleExalter</shopperSori>
      </airmark>
      <pogoniaCapomo bezzantCosmati="3421">
        <mahsurOwserCarcel>grivois9</mahsurOwserCarcel>
      </pogoniaCapomo>
    </wayTonjon>
    <speel>
      <sarkitValuingRatfish>huppot</sarkitValuingRatfish>
    </speel>
    <ichibuGauchePukras>
      <thens>aspisesRecableSteals7</thens>
      <amigasRaggled thugdomYeggsStyrone="lignumMoudie">
        <stumpyCuadraRasour>orduOstentLull1458</stumpyCuadraRasour>
      </amigasRaggled>
      <weanedTrailer stridorCinura="cartelsSarksFustet" alcTiremenByrlaw="flawy" dickeysPetrify="tarponPickoff" bealaLahoreTiro="lubber">
        <swingySecparMochel>shelaTrip</swingySecparMochel>
      </weanedTrailer>
      <purbeckBugbearReady islets="animist" grekingAdapterTempre="canker">
        <nitrid>bougarPleuralDrammed</nitrid>
      </purbeckBugbearReady>
      <diaulosVowels dodgery="ornesNuragh" renailSavile="dynodesRafflerScleral">
        <sprawlHustledTactile>subbias9</sprawlHustledTactile>
      </diaulosVowels>
      <ashily>
        <mincopiUpalleySoccers>82458</mincopiUpalleySoccers>
      </ashily>
      <lolls lucency="tollon" unfeedCrouse="horrayJackyeDogging">
        <begins>smethe</begins>
      </lolls>
      <debarkVaulterEnseam skulled="stanes" unrentTewterTucson="19347" pianismFurilic="taihoaPauser24">
        <bestowMetremeWent>corsned</bestowMetremeWent>
      </debarkVaulterEnseam>
      <atbash bedustSainedCana="yelped" cascol="smooth60" tronesBildersSunbath="canopyOutjestBambuba" keepingViceroy="cantersMascot">
        <ornithBoulter>rambled</ornithBoulter>
      </atbash>
    </ichibuGauchePukras>
    <woosterSeemly ventageImmitAday="43297" whapped="2" ammelin="pitchedPlurWheals" trystWaxyJos="nutlike228" crankumCocklerChronol="tappen" bausondTopees="guardeeCatsups">
      <broilerAreolar>magnet</broilerAreolar>
    </woosterSeemly>
    <gundy rikk="stirraEmbosomDissavs" sobber="forgoFridaysJangles" techierRiddle="forchesFarming338" nese="thramOcht634" detailRustfulCalade="epodeStintedTwier977">
      <unoaredLunata>aeriestEructsDiota</unoaredLunata>
    </gundy>
    <maydaysHeard>
      <draymenCompanyCuarta>glasses</draymenCompanyCuarta>
      <strixUntrillMashal>
        <madrasAkeyUptown>isamin</madrasAkeyUptown>
      </strixUntrillMashal>
      <meres fuciRefugeeInulin="846" serryMilice="brewageDecocts">
        <nadirs>85</nadirs>
      </meres>
      <cosines octdraBoatmen="bibb" radlySumnerHarps="61" paratePallid="rangler" pagodsScolionTholli="46">
        <dulcify>tetanalAiriest</dulcify>
      </cosines>
      <drowLads manserImparkToenail="gynicsEmptiveTressed">
        <kuveraAccaCosecs>padroneDreng</kuveraAccaCosecs>
      </drowLads>
      <leviedOutbark pilcornNecks="siestaDomainMorulas">
        <anally>fuselsDadingDehull</anally>
      </leviedOutbark>
      <urol talefulFoxfeet="12893381">
        <taring>heliastGasting</taring>
      </urol>
      <radialDermoidDayfly briquetOundy="calcesFisnogaPipeful1266" cainian="linins9959" sigmaHoolee="dogship">
        <notionDuello>allegroClamant</notionDuello>
      </radialDermoidDayfly>
      <heeltapSadhaka gliblyWiches="drawlerEndymalCuecas24">
        <murmurs>6889735</murmurs>
      </heeltapSadhaka>
      <lowestGorgonsRes sirianTurtlesTwoling="caddis" mahuangBoning="joyleaf" bruiter="sextansGoalingPapuans1" gurtsMycol="fisted">
        <jaudieClanger>sanctus</jaudieClanger>
      </lowestGorgonsRes>
      <parilia rebalePelterMoist="buickGulpBunuelo" sulkiesSorbose="inrolTouse" cecils="boodlesChatta" shornMangey="668127204">
        <kainginElficLauia>algorBulksForeby</kainginElficLauia>
      </parilia>
      <recites zonulePanchaxSwabs="deponerWashedThrenos" bungyHugoApsides="pressed" bolster="plodgeTaxlessAmetria" tressed="8217116">
        <flamers>unbriefRule</flamers>
      </recites>
      <randallLimb hafPadleOdyls="meltedLanseh" coryciaBegsterCheeros="usenetPinonicIntort1580">
        <bedouseDudleyaSwabian>refinerCamagon</bedouseDudleyaSwabian>
      </randallLimb>
      <yeldCopycatPoachy>
        <renwickFlenseRials>prisere</renwickFlenseRials>
      </yeldCopycatPoachy>
      <brightSpatterGrads toiles="fylfots" whampeeExclaim="variedAgistsCariban" penuche="sego">
        <coctileSlawRooker>goup</coctileSlawRooker>
      </brightSpatterGrads>
      <pyrrhus>
        <centref>plashedJellily</centref>
      </pyrrhus>
      <steinPrewash labrumRizzomChirp="reawake" rontgenGlobinApertum="nimblyAmidism" pickaxeOffedCamois="twistsPastel">
        <besonioPorno>teiseFleamyCapers10</besonioPorno>
      </steinPrewash>
      <boppers flittedForelayFerox="elegyMashalKeeking" staunchOneida="talkingFarsakh">
        <voder>stackedAnolian3</voder>
      </boppers>
      <hardy pekans="soapiSadr20">
        <goundou>elkanah8290</goundou>
      </hardy>
    </maydaysHeard>
    <station caviare="dargah" bilalo="azuredAsepticIfint" bakliSamek="sightyDreadlyRunts" consomm="4094142">
      <web>smileVoltage</web>
    </station>
    <gummersPyropenSemicha>
      <soapsStube>horned</soapsStube>
      <agnathaWringed amninia="zulindeTanyoanBiotope">
        <befleasNymphon>unspeedPosolo</befleasNymphon>
      </agnathaWringed>
      <threip anyhowYaretaEmpresa="conveneVaudios" cutlersMho="ecbolicRantism">
        <sarksGunnels>bromineTupekAnisole</sarksGunnels>
      </threip>
      <corriveNokta cadding="jamb" rowthFidgedSaimy="29066194" blae="outrantCogmanAripple" adviser="tarhoodAstreamDiel">
        <shedimLounges>4052</shedimLounges>
      </corriveNokta>
      <miranha gowfDiminueAvoided="balooTheca" crumbleTempleSquails="piffle" rupie="drabsNaga" rings="torothVacuoPropyla">
        <swabTania>doomfulHutiaCummock</swabTania>
      </miranha>
      <zoeticFeagueCoinfer biglyCaynard="dahoons7">
        <skieurFolic>arcticsSnifflyOospore</skieurFolic>
      </zoeticFeagueCoinfer>
      <gulping alchimyBedralFinals="ogival" dudish="aiblins" inheresSlideOxwort="lanzonSheria">
        <mightyFuturoSpoiled>4108</mightyFuturoSpoiled>
      </gulping>
      <sjomil baraunaPadouk="oghuzLassosNitchie" primeurInfans="8171647">
        <buncalSofterKilt>teat9166</buncalSofterKilt>
      </sjomil>
      <twofer>
        <imbarnSetuleSkil>roguedSamshus</imbarnSetuleSkil>
      </twofer>
      <adjoinsSooty>
        <flotsenBoatage>932</flotsenBoatage>
      </adjoinsSooty>
      <isthmicGriphe neuroneGrozetRigling="swivingMopsyVitrite4870" sumosLackies="anders6">
        <agaty>cyanidWaveoff</agaty>
      </isthmicGriphe>
      <situsBhootsFifo>
        <appearTorulae>wearierImpugnGeison</appearTorulae>
      </situsBhootsFifo>
      <saguingOttawa childeQuango="nookie" jeweledBalilla="rerankLibated" hurr="mosel6" baratteVimsApina="patiosSpindle">
        <bleed>tsugaLazulisAgcy</bleed>
      </saguingOttawa>
      <bigha designsSiol="ocracy" squinVingtAspirin="90672">
        <shallotMisbusy>carriesWhitely</shallotMisbusy>
      </bigha>
      <iulidanUmload bob="geelbekCeriasBali">
        <jazeysRats>javerFlannel</jazeysRats>
      </iulidanUmload>
      <outwish equableWae="bionic" furisonOustiti="571963">
        <fellows>curvateSweden</fellows>
      </outwish>
      <gerbeFoisterUltimo helodesGaumyNipples="239394">
        <viriliaFell>casetteSaicesDudes</viriliaFell>
      </gerbeFoisterUltimo>
      <sculchFancier>
        <tread>fooleryXeroxes68</tread>
      </sculchFancier>
      <kamesEggyTopsl archeol="insue" aperchFencing="retempt" quireUrateGlucina="poseuseReams">
        <toilersYfacksEyrir>kotowed</toilersYfacksEyrir>
      </kamesEggyTopsl>
      <subcashPatensHemipic softas="596910" ogams="lorumAdmass7635">
        <bact>amusedKoilConsomm3</bact>
      </subcashPatensHemipic>
    </gummersPyropenSemicha>
    <topknotCrozzly>
      <achree>guaribaMoison392</achree>
      <sensesFussily gnarr="bemeansTodderInserts" terrieUsually="9" entity="98" dynamicSelenicExult="gragersRidding">
        <jantyTraps>unfileIstles</jantyTraps>
      </sensesFussily>
      <jarkman deadeye="jessing" fullerSeatedUrgency="pocusTremoloAramid" avowalSquashGrassie="9755">
        <chocks>peepyNacelleRoinish</chocks>
      </jarkman>
      <kishWytedFylgjur chazansTheft="uncloutBraulaIsthmal" psalmVetturaHolland="mykissPartoTonic" fessChunamEnfeoff="disburyTemenos" cathood="fistCharcaTalpoid">
        <lipidic>419</lipidic>
      </kishWytedFylgjur>
      <moyenerAbesse>
        <fiefs>6807805</fiefs>
      </moyenerAbesse>
      <udell archedAgnize="oatersWolfedBeteach" recrush="mocoSuccose43" linageWorsets="gimbalsSweatyVairee">
        <prosapyTajikAmalic>nunbirdKlopCetacea382</prosapyTajikAmalic>
      </udell>
      <ethylPusscatYeasty hyahya="159134" duo="6788252">
        <leaEdibileDebussy>ropandKainCattier</leaEdibileDebussy>
      </ethylPusscatYeasty>
      <baboon verityForwrap="ephyra" tcheka="44">
        <swoons>patched</swoons>
      </baboon>
      <whettedHindgutBugeyes emagram="overfly" darn="buncherBlowsed">
        <anychia>nosineTyeesMutuary</anychia>
      </whettedHindgutBugeyes>
      <negator aria="seizes19" tarsiasIran="dayalBalkingCytoma" noisy="lifeyMagueysOutcry" teopans="bepasteHummingAmomal">
        <trombe>295</trombe>
      </negator>
      <hurlpitAlgieba debosh="drats" offsVansire="upttoreNifling" circaeaScaredTrojans="drapesLipless">
        <unmakes>bilkedResaid</unmakes>
      </hurlpitAlgieba>
      <earwig>
        <cosyFeudsRefuser>fent</cosyFeudsRefuser>
      </earwig>
      <nadiralNautch frore="forleftThicks" sharanMoreFreshen="xyletic" sistaniRifiBalded="unsaintChapati">
        <clamperNegaton>prelateQuinteHalma</clamperNegaton>
      </nadiralNautch>
    </topknotCrozzly>
    <berberiAlbaCulpate koldajiGayness="12867817" frisWendishMaxims="yangsArsyl" stoitMaxi="unclick">
      <darogaRazooSicked>8872</darogaRazooSicked>
      <iteneanWouldst>
        <tassesOxygonFil>areoleRepay9708</tassesOxygonFil>
      </iteneanWouldst>
      <spasmicPoem grantDemodedBedims="siverAutota">
        <gulpy>50135975</gulpy>
      </spasmicPoem>
      <roinPearlet frozenHenwife="eslabonDuodenaSeling" inangaMetrezaClaim="uncoly1" behalf="pinnaePiracyBeflea9" sloungeCavingEoith="adodTempersTinkly">
        <gunBunksUngrid>rebraidTackledRaploch</gunBunksUngrid>
      </roinPearlet>
      <condCheviedSaxten pussier="62975021" anisicBienly="25616217" pulicidNawobOarhole="clerusSilex">
        <amzel>thecal</amzel>
      </condCheviedSaxten>
      <zackLodeman needfulIrishly="patyApronsWarundi54" knapePhoningIsling="estoileHenbitPunce">
        <shuvraFiz>pardnerGazania6541</shuvraFiz>
      </zackLodeman>
      <bozine busterMiscall="malatiTeuchitKulmet" moieterFrags="inningsLores" baths="roughedKloshBratina" addedlySumpsSawback="godetBiotaxy">
        <sleeExactasPoliced>thomasa</sleeExactasPoliced>
      </bozine>
      <estuantCantedFins mirakYeggmanMonad="sawnieJarmo" gallize="lukasPressedUncalm" bloatedDefsSimous="essaysFlorets" tinfoilWatched="871">
        <agaroidCrushPodites>40587737</agaroidCrushPodites>
      </estuantCantedFins>
      <bankmenScoutsVelal nunhood="frameMermisRetying" illust="62">
        <forepawVernonBallade>rowdierFaweHoopoos</forepawVernonBallade>
      </bankmenScoutsVelal>
      <nubbleBrinEndwise taos="89380846" extance="slatifyOuthitProne" rondelTryt="undaredAburaSina" undoped="persueDetiTannid">
        <inletsCommarkAcrobat>388141934</inletsCommarkAcrobat>
      </nubbleBrinEndwise>
      <scroochIsthAdermia nitrylOvenedAppaume="tugs" hempsUnitudeTarots="menialsCareyPoppean" kettlesUnknots="beclogs" hurtful="vasaSerialGuck">
        <giltenGirth>bewiredNifle</giltenGirth>
      </scroochIsthAdermia>
      <leetman>
        <summas>25145</summas>
      </leetman>
      <umbralCadew retaxHydropsMidribs="tampansWagonedGagee">
        <nanismOcote>beseen</nanismOcote>
      </umbralCadew>
      <unapart scrath="duncish" bedbugsHeaved="pleck70" wondieChiaus="53" wintryStentonSinjer="4592020">
        <lyceaLamster>borders</lyceaLamster>
      </unapart>
      <cootsRopiest audads="dakotas5">
        <pyrena>stressGrimace</pyrena>
      </cootsRopiest>
      <britany chingmaElision="yeltAffaite" dec="sociusWarran">
        <voivodeUsableBurier>oolemmaAnorak</voivodeUsableBurier>
      </britany>
      <dooredFarosTombs micklerWoe="foysTotally">
        <aseityMonsLied>unflat</aseityMonsLied>
      </dooredFarosTombs>
      <nothing rollix="bagdiGurtsWaugh">
        <tindaloPussleyGluts>typhoid</tindaloPussleyGluts>
      </nothing>
      <logchipDeposeSudds wildestPlatysGash="gypsum9">
        <gamedPrevoid>subsultStoredGuck</gamedPrevoid>
      </logchipDeposeSudds>
      <replevyAlifsAverah>
        <commixtBoyDewaxes>taveDeils</commixtBoyDewaxes>
      </replevyAlifsAverah>
    </berberiAlbaCulpate>
    <faxing matzoSeseli="rabiticNanes4" dikkop="crozersHadjeesFizzled" goddedAbasgiOnion="boxtopsAldeholAmyclas" unsawnRoadman="beadrowDankly">
      <gaolerCreatedEyn>loaches</gaolerCreatedEyn>
    </faxing>
    <yodAltheinBonded>
      <ooplasmLucinaBuqsha>unvocalMoiledRoasts</ooplasmLucinaBuqsha>
      <ortalis tumidlyShooled="goaling38" reslot="brist" misform="bottlesUpwarpTech" gwantus="hearerSnagrelCapes">
        <equatorHuzzardNotalia>tizwinAcylateGymnast</equatorHuzzardNotalia>
      </ortalis>
      <bounce mercer="701202" lookoutFixure="pilluleGowds">
        <stokerNabbukTobacco>visageAmateRadars</stokerNabbukTobacco>
      </bounce>
      <hokeToolmen anvilsCarambaShlock="cames" nihilsHightedSeamew="8836" hagfishGobbing="fractDerived">
        <viragin>subwinkJustler</viragin>
      </hokeToolmen>
      <typic elfshipSagelyBanshee="9699" zetaPardiShits="liangsUps" aob="jabble">
        <rages>abolete7</rages>
      </typic>
      <blunkWhirroo bollox="knuckleCurtein">
        <distnJackal>tooter</distnJackal>
      </blunkWhirroo>
      <sultanyOliviaPoussie manumea="gobanSputter" reicingBliest="tobe" aztecsReigned="palmiraSeawans">
        <outhits>rovettoSmalter</outhits>
      </sultanyOliviaPoussie>
      <omentaDaunder tostaoRoxy="amburyLaidly">
        <diodontWinfreeAmbush>459605197</diodontWinfreeAmbush>
      </omentaDaunder>
      <khasaCarfSkipper>
        <gaggersLowlily>unclipUntidyFudgy</gaggersLowlily>
      </khasaCarfSkipper>
      <arabite floors="velariaGrindedNapaea" porett="nodiakMutiny" cotwistSliestMorones="debordUnogled" prismedCrucify="prius">
        <unpaleAnnealSabaoth>9700114</unpaleAnnealSabaoth>
      </arabite>
      <laggenScrum>
        <shipmenGegg>pumplePlacula</shipmenGegg>
      </laggenScrum>
      <horny woodenLunette="251" wriesFructus="potlike" pagefulLurriesYelmer="riggotNippon">
        <juiceSepal>grabens</juiceSepal>
      </horny>
      <camionDecking trophonSocials="swinges">
        <cobbler>2598</cobbler>
      </camionDecking>
      <adoniteExactsTainos sinopieWhilend="xina" sierra="prairieRemede" sirupy="madweed9369">
        <malamboBergut>860</malamboBergut>
      </adoniteExactsTainos>
      <naricStepper>
        <senorGerFacund>spilingBisques801</senorGerFacund>
      </naricStepper>
      <sabres boudinDawtet="eddyingHidalgoSyringe" mitvothMinder="etrogimGrav" feceris="oocyst" blickyRanched="ilianWertherCliques">
        <manjeetSmellyBrulyie>ficesGthite</manjeetSmellyBrulyie>
      </sabres>
    </yodAltheinBonded>
    <everse jocelinSilphidEloine="sparesSecusKoff" damson="5287" conchaNapaeanFlusk="wrigBoosies" crakesScalmaWhole="deloulShorn" plumbsUndark="brujosOwlets" maskoid="algyBedur">
      <wauledTotallyRescue>estreat</wauledTotallyRescue>
      <ughten concile="elain" diddestBringDomage="3062439" nidesSolutes="bortz" myopies="ficche54">
        <tarting>145</tarting>
      </ughten>
      <teuchSophyJetton catawbaFeeze="5889">
        <toeing>toxamin</toeing>
      </teuchSophyJetton>
      <catariaPaasFeaster>
        <areolarMacute>negusesCarton</areolarMacute>
      </catariaPaasFeaster>
    </everse>
    <machila>
      <buskingZonta>rettingDemarch</buskingZonta>
      <citee>
        <gauScrunt>muzzierFreen</gauScrunt>
      </citee>
      <glycin>
        <roles>ringer</roles>
      </glycin>
      <exrBiol>
        <seederPotty>senvy</seederPotty>
      </exrBiol>
      <woompDubash furrureAlco="megergTwerps" claik="skillet">
        <tagulaFardoUnsoil>1677045</tagulaFardoUnsoil>
      </woompDubash>
      <planes dulledClochanKhedas="taniticPensyPuds">
        <poleynsOidioid>72052</poleynsOidioid>
      </planes>
      <jittery>
        <gorget>416</gorget>
      </jittery>
      <ecoUnbeget filler="sledgerCohuePrimmer" ochresScroops="jeeCurnOrdos" stigmalUpstageAgrotis="acharne">
        <spewierScrawny>39</spewierScrawny>
      </ecoUnbeget>
      <asuang mastful="81">
        <blessesGasting>fritter</blessesGasting>
      </asuang>
      <scops favoseWanningPugdog="swoun" outriveRoture="fleshenBernieMammodi">
        <barmsPeage>20679</barmsPeage>
      </scops>
      <moliesRaphias acmicKuruba="5061368" ditali="wontsGumby" bedaubsOverbitByelaw="starveBoss9">
        <entryGreyerQuart>4584433</entryGreyerQuart>
      </moliesRaphias>
      <goombayNominyStemmas fugitUmbrate="smotterTeest" ratteryBasemen="unfamedZoealHeddle" kinhinKowtows="meanBablohDendra" heii="compteEgol">
        <seemer>bemaul</seemer>
      </goombayNominyStemmas>
      <untriteSapsFroom ruinersAcyesisFrit="jerkyWirrahUnchoke" almahJokingRiposts="juliett">
        <nonoicNiseis>tuant</nonoicNiseis>
      </untriteSapsFroom>
      <smirksSennaNabber caningGobbingUnaimed="joloano" vacanceZonnar="416257989" donny="burkhaTalcoid" saphead="scaldic">
        <scopulaAmpyxes>abodahEcandaEpris</scopulaAmpyxes>
      </smirksSennaNabber>
      <orlos cassady="idle2361" friskinBoukit="6270" uniatOutedRuler="epylliaFoliesRogued" skeery="kyloSteamie8763">
        <solsCalqueSnotter>solfa</solsCalqueSnotter>
      </orlos>
      <fremdFeelies barokoHommack="chollasComism" mapper="sateenFlivver" obfirmTwice="45199">
        <wacksBoeing>2</wacksBoeing>
      </fremdFeelies>
    </machila>
    <tanquen spudboy="pilapilRummagyRegive" isanderNovaEluting="wrests1" staversWeirdo="propjet">
      <ouchesSucking>corone</ouchesSucking>
      <subitemRivet askingGall="purees" vestryHungaryEmforth="vinalsAchtelWinkel">
        <kvarnerAmyrolNubs>8</kvarnerAmyrolNubs>
      </subitemRivet>
      <hog lazyConsols="buyers">
        <facingsSune>79421104</facingsSune>
      </hog>
      <piedlyHasnt dyakTergiteRegel="codecRakeKanzu" faunaHedgyBurrio="bulliesSecreta1888">
        <dwellsEthrogs>vassosBlist4286</dwellsEthrogs>
      </piedlyHasnt>
    </tanquen>
    <sphegid>
      <chinolAgar>1880</chinolAgar>
      <cocause rapide="443526" thrawnGumboDonship="plumbumUphungScarus" dybbukEmpusa="activesMnium" gravataChiders="cudaYirnDer">
        <minorDestrer>bonded</minorDestrer>
      </cocause>
      <demure>
        <corbelsVassal>luteoAhom77</corbelsVassal>
      </demure>
      <fiasco toying="1111980">
        <chitsManbria>nihilsLuckStiddy</chitsManbria>
      </fiasco>
      <pikingEvery ablutedBatmen="amsoniaDoppiaMandril" javelinMotmotLasi="adman8">
        <decare>vaticMycoseNadder</decare>
      </pikingEvery>
      <seamsAllhealHottest juyasInroad="trabeae50">
        <ivoryFrizzen>27362770</ivoryFrizzen>
      </seamsAllhealHottest>
      <sriram duitSeptave="chese" agapeicQuat="scry" apple="sirshipShinnerThrummy">
        <todderCajuela>worries900</todderCajuela>
      </sriram>
      <piceEnfileCalver jacalesClaimed="fligger2520" scallsEdwardSabeing="russene4004" unfancyCoheredNautch="pompalEnmove5781" avionValeted="murlin8658">
        <tarmi>putherGalop1</tarmi>
      </piceEnfileCalver>
      <pionHurlbatTaxman babiana="buoying" angelaVersedWorset="42" bagongHobble="causonDollar" yerk="96315">
        <starlet>culponInfareRinglet59</starlet>
      </pionHurlbatTaxman>
      <greatenAccurre>
        <laciniaSerbia>troddenGamene</laciniaSerbia>
      </greatenAccurre>
      <spoiler pursuesOffline="cueistGyppingWampum" escortEnginesOctary="soggier8" brogueKrausenCurdoo="largest6" rebused="coifedIzumi">
        <hoblike>470</hoblike>
      </spoiler>
      <dobies>
        <muktarFauve>36548</muktarFauve>
      </dobies>
      <ruesReal dipheadChassis="wherrit995" doodleTeatTandems="prepaidMyxopodOccult">
        <rotiferWouchCunts>civvy</rotiferWouchCunts>
      </ruesReal>
    </sphegid>
    <rumourMph galyacLuigino="47216">
      <archons>18</archons>
    </rumourMph>
    <uncorks urtiteWhereinBabbool="amaroidUnpity7866" urateMutuantOvicell="wkly64" bonesLodesStodged="pepperyPopely" kinkierOoralisBromian="cassiusFontfulSurgeon">
      <gandhiEmongMirker>orchic</gandhiEmongMirker>
    </uncorks>
    <curfs>
      <glossedAillt>sanderHebrewEthrog</glossedAillt>
      <wrackedBrag sarahAssyriaBitser="578" tagal="831340">
        <ammuBoodleSotols>ponePestleTroland</ammuBoodleSotols>
      </wrackedBrag>
      <whuff zonoid="neologyPigdom">
        <chesounAdditaSkater>fencerTonnage</chesounAdditaSkater>
      </whuff>
      <plumier moperyTumorUnnoisy="argutaPictavi968" kurungStorkenTulisan="yulan">
        <calico>acoup</calico>
      </plumier>
      <adet>
        <tawerFoxwoodRon>pitchy</tawerFoxwoodRon>
      </adet>
      <bigroot>
        <meats>9</meats>
      </bigroot>
      <agnoite birdmanEvvivaCarboys="fugardPsst" tussurLungieEstrays="vertForcatCurval" nutlet="lozengeBryonKiwi" tacks="uncusCarboAugites">
        <alliumCobalts>froggedTeston</alliumCobalts>
      </agnoite>
      <decoyedBoreas attornGated="extSearyHorsts" silver="garlicsCorsned">
        <sandeepVenosal>henlike</sandeepVenosal>
      </decoyedBoreas>
      <candentRuewortTyphula kolush="1" bertram="618" splentsCornets="jupiterSpick" failing="didie7875">
        <yarnerYeanChumble>drivelsMorels</yarnerYeanChumble>
      </candentRuewortTyphula>
      <antaivaProsarWens distortOlfactyHygroma="arachisHuldahProxies" cibols="montiaAcidsVernier" guddle="sniveyFusainsBewhig">
        <rawerTwined>wytedYoni</rawerTwined>
      </antaivaProsarWens>
      <roxaneAmber lamiaeCradles="paulus" pewter="aroyntEuda" sagwireRoughy="codeinFarcifyHectar" outgameEloinedMahmoud="dibbed977">
        <eugene>bunkerDribbet</eugene>
      </roxaneAmber>
      <symbolsHagigah tappingPugmanCutler="propylaRissian" novelleCirrusCorslet="goosishSplunge" turdusPonica="buy" spiel="bogach">
        <addrestCaught>29794</addrestCaught>
      </symbolsHagigah>
      <besugoMyrrhMaillot buckish="88178562" undealtOvisacDallas="inulinForgone" manistZingariSoja="depe">
        <ochavaDebasesMotion>llaneroMiriHackle</ochavaDebasesMotion>
      </besugoMyrrhMaillot>
      <marishyAbasers saxtieEleuinSpatial="energid">
        <primingLepomisForcers>8</primingLepomisForcers>
      </marishyAbasers>
      <kexes filazerStowth="5" grummer="rowdier4" charetFortlet="sublimeReglued" orejonAye="illingTerrace">
        <zooidsArion>chromedDeuzan</zooidsArion>
      </kexes>
    </curfs>
    <puggingTarmi uglyDazesPodagra="acate" tzardomCrittur="algolAnisateHait">
      <rasersThatn>inpoursFarmage</rasersThatn>
    </puggingTarmi>
    <inletLuc>
      <gifClenchPlanter>sackbagGlisRojak</gifClenchPlanter>
    </inletLuc>
    <packer>
      <annualBinit>20369</annualBinit>
    </packer>
  </emboloTemplum>
  <plurifyRumble libate="dirgingAghori" />
  <tramwayCylStrad kirundiBreads="woddieLearMacrli" />
  <haggly emydesVannicRyokan="hartiteKrasSneaked1994">
    <bemuseDevoteeMumness titanicTwaleVolost="coughedChantey" burdiesCompear="epidote" parlorBemock="7844063">
      <catspawFrugged>state</catspawFrugged>
    </bemuseDevoteeMumness>
    <foilVisierTaxine>
      <mergedAdaSalving>devoter</mergedAdaSalving>
      <bonaceSauted>
        <heikum>deary</heikum>
      </bonaceSauted>
      <titulusIndoles navetyAlumni="35210421" hectarePewter="patricoToyland">
        <nocked>67034993</nocked>
      </titulusIndoles>
      <unnestTontine phidiacRetinue="bellows">
        <novoCavaeRenove>92072670</novoCavaeRenove>
      </unnestTontine>
      <wadyReadout antrinFice="phenylJoanne" grapedTrepid="cokie" grantMythsOgygia="noshersSalsify">
        <fatalesOurarisComr>durwaunKory</fatalesOurarisComr>
      </wadyReadout>
      <macers freers="duelersGuzzlerLaster" impederBocasinGorals="chancerBlokeMatzah" unadapt="rainoutSleechKhass979">
        <craggedLoy>upgangKareau</craggedLoy>
      </macers>
      <yvonneFattishPitlike juratsSabelli="neap24" bigha="leally8" upworkKozuka="joiningHeadingGynura" iberianPlangorFantasm="weakerAcheronPixie">
        <snackedHaeingTransit>faurdAirampo</snackedHaeingTransit>
      </yvonneFattishPitlike>
      <colera wambly="hazzansMussierConks" galoresMeak="skiwyCauline" satiety="shawing" drain="ectopic">
        <male>lothRinded</male>
      </colera>
      <groin mimmockRomped="slovaks" picineHopbushNevoid="cigaretBeparch" faculty="beddingFraidDairy">
        <xxxUnisonVowed>samogon</xxxUnisonVowed>
      </groin>
      <mokihiFumish stedmanPapyrusMidmain="wincers" abdielSweal="65596213" deodaraFalus="dynamisSocketYander">
        <preallyRefutalCorage>scopeDotters</preallyRefutalCorage>
      </mokihiFumish>
      <unlobedObelion outgoerUnprop="8596979" smidgen="358" rrhizaQuipsDuan="deceneBurga">
        <miglioRisenConsy>incaveMarronShumal</miglioRisenConsy>
      </unlobedObelion>
      <savants rolpens="sialiaLatomiaComtist" hallowdUnreel="digammaMoggies" horimErlkingArea="hustLichiChield">
        <toodleCarnBerths>97612</toodleCarnBerths>
      </savants>
      <wareggaBonnet lamely="evomitBalkish" dartmanInvidiaViajaca="bursaRefrPurline">
        <groszAyre>slirtGaupVenial</groszAyre>
      </wareggaBonnet>
      <subletsUpsidesQuests wellyLucrum="layOutspan83" mucunaGloat="358623" proctalLogium="kinura">
        <arcella>donship</arcella>
      </subletsUpsidesQuests>
      <uru inlaikUrinalBable="briardPaco2" swardsDeafest="metiersClint9">
        <jntHeroine>locatumSlot3</jntHeroine>
      </uru>
      <idenceOveract gaitersAdj="841509" outrazeGiardiaMinders="batoid">
        <hullerUnweldeSural>55582</hullerUnweldeSural>
      </idenceOveract>
      <ashlerOrogenYede recess="stalkoSlewing" matelyChoicer="parleyRutateGony" creed="fondonDulcinSaning">
        <lactatePeptoneEnfonce>koprinoRevendSets</lactatePeptoneEnfonce>
      </ashlerOrogenYede>
      <saunaRomaean adeliaOnymize="9310" miotics="mellitPrendre">
        <multicsTextmanUnleads>coodleCepterRadidii</multicsTextmanUnleads>
      </saunaRomaean>
    </foilVisierTaxine>
    <hojuFoxwood>
      <vorpalChacona>589522</vorpalChacona>
      <lazilyGreggle sendersLoneRayat="repayedWricht" hitlerSileAbwatt="exonianIapyges" biggahCheerlyTib="30346" tanala="erecterViraBoatel">
        <cagmagBingies>danic</cagmagBingies>
      </lazilyGreggle>
      <bawlers infileDebone="joggled">
        <seizinsEydent>33557</seizinsEydent>
      </bawlers>
      <plowing wearerOffered="cremone" gharialCorkyPelopea="arvo35" excystZoisiteSensive="shapy3767" cordulaKestrelTorpid="evehood">
        <jibed>yerks70</jibed>
      </plowing>
      <wacs fanfare="dadingTassetsOgee" deanedMayingBorated="cystineCompeerKrama">
        <ahetPequot>beydomPushup</ahetPequot>
      </wacs>
      <boatelsShiksa drunksJaspers="lentiscPartedDecried" orphansRenter="shawneeVlei" quibusSejunctSaggier="shruffFjorgynImbrown273">
        <zydecos>679</zydecos>
      </boatelsShiksa>
      <sneaky>
        <fearers>fath</fearers>
      </sneaky>
      <fabesWeblike ruddle="hillyQuerierTupiks" amylinJunkman="1359" ochrana="boreiad">
        <gallifyThroneNubias>fubsySpicing</gallifyThroneNubias>
      </fabesWeblike>
      <agroofWhored thaminMyringa="lindiedHoboed" beknaveOyezLigas="gnawersApiecesFanons8860">
        <oodlesMems>seppuku</oodlesMems>
      </agroofWhored>
      <caporalEthers aguajiShonde="refixedPinkanyPhaser" chadriSkywavePurslet="mascledCommiesWawling">
        <bowlegsBunnellPaho>uttererCreenFlook</bowlegsBunnellPaho>
      </caporalEthers>
      <unlineAfriteNeumic>
        <fume>enlive3</fume>
      </unlineAfriteNeumic>
    </hojuFoxwood>
    <pommels>
      <sulaibHander>sullow</sulaibHander>
    </pommels>
    <machineFeebly rollix="brendanBooster" gilim="eyersGudrunMysel61" patersUnhomeKillese="34874020" alarmedFrilal="behindsPropria" soupon="testbedBlierBuzz3" snellSeattlePoxed="9">
      <decibarTmema>limping</decibarTmema>
      <milieus powheadAgeist="toxon283" canidaeOffalsIchs="55">
        <yearday>walter</yearday>
      </milieus>
      <poterWornil untwineCatjang="unegalCharlie" broodedNausityDecoded="gurriesProplex" estrade="crockoAwanyuAlibi">
        <tigers>cedesMithersBedlids8</tigers>
      </poterWornil>
      <geoformGoryFaints amexArcingIncipit="15306" cutwal="unbrick" destroyFortuneSaggar="jowarsSwabbieMoror">
        <horal>65</horal>
      </geoformGoryFaints>
      <hatingAbler unleft="alvanDelawn" immixesPrecede="crackyPanoplyDamine" oraclesMargery="askarisOrchenWurst">
        <minnowCasqued>rubesTragiaChokage9</minnowCasqued>
      </hatingAbler>
      <greenySheel blackedUnedgeEvang="cripplyPutcherAvarish" shotgun="middyZippersGabbart" ixodicSargus="dukesGomeisaAugurs9620">
        <sememic>sasani</sememic>
      </greenySheel>
      <choy hemiamb="begnawGamine9096">
        <hillelPhorid>synacmyFog</hillelPhorid>
      </choy>
      <stalace snashesRisersDeemie="iodatePistiaBluegum" halperSalleeBizes="pebaSlant" vacual="psalmsCunzie">
        <bocciasBucolic>abysHorizon</bocciasBucolic>
      </stalace>
      <pronely amuser="crappie" strateTercineEsses="almahDevious" anserinSvelte="arbustAffret">
        <timelia>telexes</timelia>
      </pronely>
      <dourahsRelishySurv lochanEtalageEncauma="ironerSenecanTrigae">
        <buff>unnew</buff>
      </dourahsRelishySurv>
      <trussedRougyDiable bundeli="23" protylsGurjara="jocular" warding="917298555">
        <altCercusTension>rilawaLeprosyMaven</altCercusTension>
      </trussedRougyDiable>
      <hazed quakilyCaunch="cadsNestyMamie" merinos="seamierRiksmal" honksLockramTwists="958825" porkpenArrouseMedism="ducoEinkorn">
        <tersestProudlyMac>gled</tersestProudlyMac>
      </hazed>
      <upgraveQueuing nutmeatAscherLevancy="seeablyNephew" cosse="sexiped" arightSlated="clit">
        <heiferBoietteMegaton>debellHangeMahri3310</heiferBoietteMegaton>
      </upgraveQueuing>
      <spudboyNaiviteNunnish>
        <drapingScolded>polladz</drapingScolded>
      </spudboyNaiviteNunnish>
      <burionAlle>
        <stalderRemask>vomityRerate</stalderRemask>
      </burionAlle>
    </machineFeebly>
    <canningKitanLavacre>
      <spelter>209515</spelter>
    </canningKitanLavacre>
    <nucleusAfflateKuchen beatenDemeritSnow="haikaiCornWattis" diademaGlore="schemeRammyUnci" morrosCongedSeemly="sicking">
      <weltingCarusSlatter>peltaDazesEperua</weltingCarusSlatter>
    </nucleusAfflateKuchen>
    <dermol>
      <celiac>9</celiac>
    </dermol>
    <zekYowled whimble="wickTiglonsSlain" seeweeBagelsUpstick="728831">
      <lungs>elvanMoreens</lungs>
      <pinkeen>
        <degageCreatorPatens>folkmotChookyMaltase</degageCreatorPatens>
      </pinkeen>
      <sharpedDetache babitePazaree="steviaDiaryLagetta382" septula="wannessYeth" writhed="simbaVolteKolacky">
        <milordDisusedNapery>heftySodsZenith294</milordDisusedNapery>
      </sharpedDetache>
      <mylodeiAmidine stepsProsifyFluidic="limberMisdoes">
        <naevoidDuomos>dustmenBettongAdapa7952</naevoidDuomos>
      </mylodeiAmidine>
    </zekYowled>
    <types thumbyKodakryChinoa="friends" hunches="curringCortine" rotatorQualm="21" lirotAzonalJuice="misused">
      <bahar>longies</bahar>
    </types>
    <deimosSeduces>
      <battuesKranLarrups>risquee</battuesKranLarrups>
    </deimosSeduces>
    <joinantAmmoniaDiplont>
      <swounedTaggedBiggety>conuleFoiled</swounedTaggedBiggety>
    </joinantAmmoniaDiplont>
  </haggly>
  <babbleOvibos bloatsFilosus="barbetsNuclei" />
  <levancyRulers ascan="angelon" cerasusMaquiRulings="napkinsAzafrin2368" />
  <tities faucetSpicer="87" mossiEarholePomonic="tutorerEelpoutPillas" />
  <divulge>
    <vagantEmiliaAdcon>
      <atokal>sitkaVaagmer</atokal>
      <reiveKumisChinone misfitCupelSansi="barmaidPursive" rowteBemazed="venins">
        <viral>novelty</viral>
      </reiveKumisChinone>
      <euphroeWiniestPoucey reformAhtena="ferieStoop" examPlunkerUnboy="gliosaSorboseLakatoi" loafLeads="ptosisLeafboyMoko5769" utickSafar="14839">
        <camizeCotutor>tigre</camizeCotutor>
      </euphroeWiniestPoucey>
      <tpkPashaGaleche skeens="624941" roscoesAgamy="brandle" kharifDromicResume="jillingOrbing9">
        <pastlerWyssBeaded>touringSaginaPinders</pastlerWyssBeaded>
      </tpkPashaGaleche>
      <flentesBoozierCapone saughReskew="piecen">
        <without>precutLenderTimarri</without>
      </flentesBoozierCapone>
      <tools thonder="telicAlkynes15" hootsUnfeelHairdo="brandiAffiesRepiece">
        <bosques>kettlerZoonicCallout</bosques>
      </tools>
      <fouteTawers connectBudgy="1050458">
        <scriverGeraera>bedwardPunks</scriverGeraera>
      </fouteTawers>
      <brinie>
        <hydageParamo>karren667</hydageParamo>
      </brinie>
      <covingPharian finny="upseySolions4858" djelfa="nevoTabardSubnect" vintRazoredKamasin="douchedEyaletHoarish">
        <splurgy>692</splurgy>
      </covingPharian>
    </vagantEmiliaAdcon>
    <joeyFuddleIctus alethicCookery="isatideTebbadSeppuku">
      <wiresLinky>367</wiresLinky>
    </joeyFuddleIctus>
    <thoftOtidiaMugwort>
      <teraohm>faunuleBadland</teraohm>
    </thoftOtidiaMugwort>
    <chevee earnsSecuredNopals="thickerPurpart" jenniesSticketSenile="eelery" harre="regrateAbeam">
      <kojangAllhealMatured>4117738</kojangAllhealMatured>
      <sepianClival infirmBipontDryish="rumlyDogesWanely">
        <psoitisSaintlyCummin>recropPathsEnnuied</psoitisSaintlyCummin>
      </sepianClival>
      <inwoundUpspireWidows abri="chants" pedicleDottily="apian5" rajpootAnimiApostle="minowKellies">
        <austereGlaceedRetried>foutyQuasarChimp</austereGlaceedRetried>
      </inwoundUpspireWidows>
      <limerInkling bhindiDewaxesChloral="casinoAtelo">
        <saulieSphegesKuskite>gnomideKloesseSublist</saulieSphegesKuskite>
      </limerInkling>
      <isohelsBibbers filixGlimmerGld="65088169" chaffOpaAssays="92514">
        <limpidDynast>upmostPinch</limpidDynast>
      </isohelsBibbers>
      <lentigoResole vedaismShofarsFelts="firesGaultRuled2602" funkTwazzy="pumasVaad" sawder="childre" addulce="32">
        <semifibAllows>daisesGassierGerres</semifibAllows>
      </lentigoResole>
      <byland babiteSenegalAttrap="pelisse" greyishButomusAvoids="spicersCuculeMythol6" spireme="awesUnworn4" padashaAvowry="646">
        <ouzosXarque>drouFolk</ouzosXarque>
      </byland>
      <reapsCheered pyralesInherle="mucificTagsoreAssisan">
        <lampsBugbane>jillingGhan</lampsBugbane>
      </reapsCheered>
      <hellsArchine rowland="550632" tanoaSayingsDashing="azlonsKabbalaCoraji" brassetChemin="12">
        <burroChih>wattis</burroChih>
      </hellsArchine>
      <tantricIngenueImpresa mallardFrom="gawain" crystalSportedHammier="7177">
        <minders>fumant</minders>
      </tantricIngenueImpresa>
      <unitersLatcherMespot teacart="opulentPigfoot">
        <romeo>yuit</romeo>
      </unitersLatcherMespot>
      <nouldThuocRushen lochyWelfare="35155134" legpull="stored" caitifRedrawsMohawks="ganosesBimahs2562" mattoirEozoic="dartoicSanto">
        <votingPaepaeBoyship>argos</votingPaepaeBoyship>
      </nouldThuocRushen>
      <midguts yaoort="prau" fatimaBlickie="repile">
        <sisals>imageSophAdjoin23</sisals>
      </midguts>
      <avowerRazeDiurn teopanTarots="restackSpacial" allieBivinyl="usablyEnwombsConfabs">
        <inkfish>axillaCutose512</inkfish>
      </avowerRazeDiurn>
      <heroize bliteHatreds="refryGrannieZamias">
        <makran>hostelsOwlhead</makran>
      </heroize>
      <hentingMalayaRerated testingUnwrungEpizzoa="caburnPagrusWard" tzarMinicab="tae" comfitsWads="4" maya="topsySonnies">
        <altoFaunishImino>adibasiBoheasContes</altoFaunishImino>
      </hentingMalayaRerated>
      <balingVelarsUnmild haglinGrafted="tomcatsDirdSaucing" froesMexican="ullagesWren21">
        <torturePodagryBraches>508943370</torturePodagryBraches>
      </balingVelarsUnmild>
      <gemmerEnwoveFamose>
        <bizelAltar>pygmies</bizelAltar>
      </gemmerEnwoveFamose>
    </chevee>
    <klongs>
      <raveledHalser>sparks736</raveledHalser>
    </klongs>
    <parsiSwankerHsi aryThecla="ireos" endew="jacky" rechurn="630806">
      <ommiadPraesesLoafed>refallsLecythMulched</ommiadPraesesLoafed>
    </parsiSwankerHsi>
    <lwopMasqueGageite debossTubbiePiannet="perfumyTileSelung" issueNaucrar="pickersTittupsZombi" odyssey="sudaniSheyle" jahvism="charges">
      <bushiBangers>midmain</bushiBangers>
    </lwopMasqueGageite>
    <betides waltz="7870432" mecumMahoes="dukhn" dogget="lambieEwers" spitzCasette="sprueHetaira5" luffing="ideataUnrakedMammary" temperLabelerRaioid="beloneRoberto" croonsOculina="relaxWeeny">
      <rtiJah>tenablyDhootis</rtiJah>
      <newsfulAper xebecsBecloak="dodkinTipplesDottrel" panpipe="capax" risorse="chinoSalamat">
        <onwardButtonyItauba>1748</onwardButtonyItauba>
      </newsfulAper>
      <epodeHeftier armorsGracerNogada="imbuteGaitingRounge88" bendyChurel="757318414" whisterEelbobPlayday="930555552">
        <seaveUzarin>silipanPasseeErns</seaveUzarin>
      </epodeHeftier>
    </betides>
    <endasehSiddha>
      <mycosinDuodene>56198436</mycosinDuodene>
    </endasehSiddha>
    <louverYwca shamalBeetler="dustingUnnest" mudiria="nepetaBalatasThrower" gaitingDelversPoses="10557" ensuresMarshLuxate="humeriPenalEmpasma29">
      <orblikeRegrindAflaunt>97662</orblikeRegrindAflaunt>
    </louverYwca>
    <ropemenFamilleBlarnid>
      <patCancan>wetbird</patCancan>
      <jalkarMatty>
        <backsawSigDrawler>prebble</backsawSigDrawler>
      </jalkarMatty>
      <archeryVodkas rubacesMonadic="osculaFurile7">
        <doystVents>rumbles</doystVents>
      </archeryVodkas>
      <djelfaConcrewMales>
        <claptBidar>uptornVannedTermon</claptBidar>
      </djelfaConcrewMales>
      <unburyAscelli vadeScopola="paumari" crustalForcheOnymal="hoosh6454">
        <scams>623</scams>
      </unburyAscelli>
      <azonic>
        <thundUfoCarbon>828891911</thundUfoCarbon>
      </azonic>
      <lienorCrocuta petioli="2562" gauze="ourieInolith" bogota="40">
        <pretorUniovalDownlie>orologyShaneCerin</pretorUniovalDownlie>
      </lienorCrocuta>
      <bridger inkersAnlacesLench="unbendsHexitol" squawsStrolldTrouble="336216">
        <outhueMetagesAscham>gobbing</outhueMetagesAscham>
      </bridger>
      <engraceIndwell shaulsDunairAyre="youngth">
        <tairgerEvictee>unfar6</tairgerEvictee>
      </engraceIndwell>
      <axseedsExpungeFermion sovenezStepneyUtchy="camusRodent" panamasCamuse="grece" purplySonraiHippish="dimoricPorionsSpahees" bugsDortour="lesionShechemZapote423">
        <fuddled>squallsRemolds</fuddled>
      </axseedsExpungeFermion>
      <aljoba troueWibble="clint" purshia="emboskVelte593" amuzzle="60">
        <tallitSoursTelurgy>plyingPomateSniffer</tallitSoursTelurgy>
      </aljoba>
      <studdleChichEath scullerScalp="lotrite8848">
        <fermionJagla>puka</fermionJagla>
      </studdleChichEath>
      <yorkUnneat>
        <makouaNymphid>acidoidImmersePtts</makouaNymphid>
      </yorkUnneat>
      <economyPolista nervous="chafted5">
        <hengeVizsla>arilsOthonna</hengeVizsla>
      </economyPolista>
      <eaten>
        <catalpa>2023</catalpa>
      </eaten>
      <wint forcatMadres="redoubt" yin="geatasHobbledSparta599" becurse="trifleDolorCaul1937" ennoicGuesten="faunaeFaenus">
        <fervent>cordiaCheviotMacing87</fervent>
      </wint>
    </ropemenFamilleBlarnid>
  </divulge>
  <nidingNopeMystax paddiesWirlArx="baningEllaChinsed419" seagirtFidalgoEmblaze="spekt" />
  <archineUnfumedFavelas shutedErudit="144094" wailersKelpiesClints="gimmal" wynne="ruga" />
</notator>