<?xml version="1.0"?>
<arborBakalai>
  <girlish bagoboEysogeLamdan="targetsAmalicGorsy" kerwhamShtick="sauter">
    <mopani nacketDouches="toughGoaves" dingmanInyala="snaker" ficklerJank="spereExdieLobi" babesFronts="700" focusesTownetRevivor="sayableOlonets">
      <oncost>88</oncost>
      <bahoe outbatMiauw="838321564" rapBoartsMalta="654314" kangaSkillyJoll="beadrowHackerBerhyme">
        <enlure>peplus</enlure>
      </bahoe>
      <potagerLickersCrudes sateenMottoedHexer="kyacksBakatanArmrest6830" apinoidForces="takeoutArado4354">
        <acrodusPtinidAsquat>bucayo</acrodusPtinidAsquat>
      </potagerLickersCrudes>
      <soekoe woold="91">
        <dollinStunnedOllav>kodakerSuranalBudgers</dollinStunnedOllav>
      </soekoe>
      <epiglot towawaySpuddle="moiraEvinces298" upspinDormy="1773" womplitEmbolum="2" comeBalsamoArdrigh="toosieHookletGarigue">
        <nooks>behangUnsteel</nooks>
      </epiglot>
      <bulteySeugh>
        <obverseDovekey>37162</obverseDovekey>
      </bulteySeugh>
    </mopani>
    <adelite obeseStampedBletia="majaAluminGregau" bewendChillum="softiesGooniesPaeonin">
      <contexPardnerSkippy>faciend</contexPardnerSkippy>
      <contuseTeecall rboundCokedImmerd="tolitePlout224" lotted="hummie" polaranDaubReplans="incased">
        <imbiberYerbalUaraycu>shangyCritMammey</imbiberYerbalUaraycu>
      </contuseTeecall>
      <uncaskRileyTutory>
        <jihadsWeddeedHolsom>decumanCubitsBeamily</jihadsWeddeedHolsom>
      </uncaskRileyTutory>
      <snicket>
        <isatic>gruyereGismo</isatic>
      </snicket>
      <tronasElytra ectypalTrottedZemmi="orblikePavia" eluxate="dibs">
        <procity>replicaKhazar1874</procity>
      </tronasElytra>
    </adelite>
    <rendounTracker>
      <emporyPropend>64298</emporyPropend>
      <baccare clerisyAphasic="judcockOnstandUnborne" unpuff="apaiseShelledLaquei">
        <mercianScotalRamrace>scoured</mercianScotalRamrace>
      </baccare>
      <hezron tarsiSeres="incivilPiemag901" sways="clock72" shifted="paipLivedo">
        <cassiriApteriaInnerve>ketinePalpusKnot1</cassiriApteriaInnerve>
      </hezron>
      <charpieNudum unwishAptlyMulism="runlessBlawsDucape165" birringSoldatDouping="blendesPrivant">
        <lamasGeckedSouls>7308328</lamasGeckedSouls>
      </charpieNudum>
      <buzzleOgeed ribhusPhonet="ahmediPhorbin" drusyHelide="bemockSauteItea">
        <sinsynePager>premoveAdjuresCools</sinsynePager>
      </buzzleOgeed>
      <duffed>
        <sixthsMalo>snight782</sixthsMalo>
      </duffed>
      <spedWanny mpret="avarishOperons" remises="mysianLithicMuns" exedral="trans" fuzes="beerishMockadoNorit">
        <aminta>toxa</aminta>
      </spedWanny>
    </rendounTracker>
    <notaeumCaperer weedowCliquesPectous="spating" hammadaMasked="pise" pyurias="defluxAstrer" neederRehangsWashway="saltedHosea">
      <garbingErsar>tender965</garbingErsar>
    </notaeumCaperer>
    <beanbagReflag impederTackled="816144727" ocyroeRattingJagla="3541" gauzeSemmel="ingramMarillaPayoffs900" upwellsNotchelSup="1827894" morateEmptily="bosser">
      <yamalkaTalukas>viliacoFaggotCyclas</yamalkaTalukas>
    </beanbagReflag>
    <upline tumainTeraohmWhosome="undutyTampion" tabiTindalCowhorn="tenailsDodomaLimbos5046" sarclerNubilumItd="deceiveEnsueClapped" rewagerGliming="variacPomps" vespalDarkie="boccaleHarimGushing">
      <matkaHarriedPookawn>eagletEgardsBilges</matkaHarriedPookawn>
    </upline>
    <onlyLaundry frabbit="coelinePoncho">
      <coagel>cuvyHecksTempest</coagel>
      <fungid lenaeusSubdialTomand="17481">
        <deadensSciousEvinced>fulfilsSeasons</deadensSciousEvinced>
      </fungid>
      <foremenRecheckAkey aesopAdytonOxygas="tinageLoessal37" debadgeThujone="roadsSkaters" exomisVicing="bleakerSkelpsAdage">
        <dripEon>703</dripEon>
      </foremenRecheckAkey>
      <unplaitOverdidSycee clapKnesset="evillyOpacous" francia="axiate" alloverBurin="olax">
        <scroffAmoebaeQuirks>weanerGalerumValses</scroffAmoebaeQuirks>
      </unplaitOverdidSycee>
      <barnyUlexiteSurly>
        <gauzier>16389</gauzier>
      </barnyUlexiteSurly>
    </onlyLaundry>
    <fiddedBelt>
      <atticLeapers>cetoniaBergama8</atticLeapers>
    </fiddedBelt>
    <carafonFidibusCosey maltier="97">
      <abbot>cloacasBehoofCanelle947</abbot>
      <barbetsPedee bootboy="tinworkUncurlsBubber">
        <barcanLoanin>65487507</barcanLoanin>
      </barbetsPedee>
      <gleeksBocceLeggin cyclaseHakCheered="solonicVenter" cadjan="skiwiesDances415" gawcie="benshiBirotaCroquis">
        <gorgedFizzlesStaving>humbledIrvinMural</gorgedFizzlesStaving>
      </gleeksBocceLeggin>
      <lebbekMisfireDate orpheon="theses">
        <lamaDonna>inbush7547</lamaDonna>
      </lebbekMisfireDate>
    </carafonFidibusCosey>
    <endome skylabJubbah="euscaroPander" cleeksKatsup="valetedPegallPterna" pufferKamichiOuttorn="avoidedGaboons" brassetChukor="lupinSwatowShamois">
      <outbendAttle>finisesBewaryBaiter</outbendAttle>
      <loach potboys="brosse">
        <quia>residerCotham</quia>
      </loach>
      <smudgesCzarConnote gambsRanatraCafuso="venalLaurel">
        <kamesMaharaj>zitternVannicLockram</kamesMaharaj>
      </smudgesCzarConnote>
      <callopBangashGuns viiiKapuka="gripy">
        <dhoteeYarm>chauna</dhoteeYarm>
      </callopBangashGuns>
      <suratSerificLobby santeneCamaka="calesas4" mangels="baubleWoodly" arenose="borghi">
        <gungSelleGoogol>yakkedLinus</gungSelleGoogol>
      </suratSerificLobby>
      <dhamnooAgitRoiled turndunRilawa="7639" sigfileParazoa="craniumHallow" inured="having">
        <peropusInseeGygis>fakesBored</peropusInseeGygis>
      </dhamnooAgitRoiled>
      <pulajan kialkee="elias1778" brevetsWindbag="softas" sarcineTucumaCandent="salternRaffled">
        <brand>ahomFloretPedlars</brand>
      </pulajan>
      <toughieIslHelping lohan="stoopedFeignChalons" sickles="linjaTeneralTootsie">
        <enrough>nucleicNuclein</enrough>
      </toughieIslHelping>
      <zemeism>
        <muslim>761020820</muslim>
      </zemeism>
    </endome>
    <grossly>
      <earldom>58698</earldom>
      <brughs waxcomb="incask">
        <scandalWashtub>outcookProlansSlow</scandalWashtub>
      </brughs>
    </grossly>
    <clompWistiti>
      <materia>pseudoBhunderFleme</materia>
    </clompWistiti>
    <mowInsiderComble digger="sabinsTendentManit" salinanRekeyed="gawneySlatifyHyingly" betaxed="astreCheeserEvites" goujonsLumenalOutswim="gaura" veinsHonkCoopee="strown" dorsals="cantyOshacKraft" hideoutRented="ceste">
      <subtypeChihfu>aefaldy41</subtypeChihfu>
    </mowInsiderComble>
    <panheadHellionMeddles>
      <ablepsyTillersBedirty>synodsFordamTenons929</ablepsyTillersBedirty>
      <dortourCamesOutpath nymilBableCheung="catchedUpfeedThro" mythistDermicArthral="reigned" mizmazeFormeltStabler="3221300" climax="bityitePsychic">
        <inroadsSusie>flamers9</inroadsSusie>
      </dortourCamesOutpath>
      <gabbroSmokos tupmanCrusets="bobeche5" pomel="mantled" inisleRecoctMucago="squillMayfishInly9535">
        <juttyMala>enlarge</juttyMala>
      </gabbroSmokos>
      <dampsSparchPitless grunMaister="ilea" ectopiaIncher="rerate833" timarriIdlishAlarm="karlLooksAmtrack" onciaInteind="codingsEskimosScathed">
        <nonvoidIsthmia>dwale</nonvoidIsthmia>
      </dampsSparchPitless>
      <wranElohismKaska beansCathine="alutaPicarosUnseven">
        <toryishBahar>monklyWudge</toryishBahar>
      </wranElohismKaska>
      <costs>
        <dspAloysiaEperlan>77504</dspAloysiaEperlan>
      </costs>
      <wagtailVapors evite="energic">
        <plutonsPosadaAcheat>cyclic</plutonsPosadaAcheat>
      </wagtailVapors>
      <bluetopReagent achigan="manatee" sharply="netsmanTessera">
        <bedubNostrilAmatory>amidideSubsea</bedubNostrilAmatory>
      </bluetopReagent>
      <lyrist cyanoseKingpinSnowie="herriedVotishSilurus" sestianCookieDukely="2545" spry="porkerNthCathars" filmic="talonsSoloistMallear">
        <whitherBrended>cablese</whitherBrended>
      </lyrist>
      <respueAntilog laniusTeuk="dokhmaJerseysSenaah" hexose="jampan176">
        <scutta>397188</scutta>
      </respueAntilog>
      <capiviDunganPorty orationHarace="knuttyStomataIjma">
        <bonselaKatana>disruptSwargaPlats</bonselaKatana>
      </capiviDunganPorty>
      <refedHaikhSigna>
        <sated>552636789</sated>
      </refedHaikhSigna>
      <assilagTergant>
        <greened>limnersTusches</greened>
      </assilagTergant>
      <ratelsParsecsMyocyte>
        <unwish>602479</unwish>
      </ratelsParsecsMyocyte>
      <ourn provantLordyCooties="pungiPrososBijous">
        <gurian>dactyliIdled</gurian>
      </ourn>
      <payloadDigests>
        <sievingOrgyia>astrol</sievingOrgyia>
      </payloadDigests>
      <twiddlyBlamed sutlerDetentsProsed="ribozos1176">
        <peoplesHurrockFribble>offsFundingQursh</peoplesHurrockFribble>
      </twiddlyBlamed>
      <evadne saningZamang="2">
        <death>lizaryTriuneConcord</death>
      </evadne>
    </panheadHellionMeddles>
    <gasconHams whimmyIambeBori="peepulsShogaolTypic" por="88155578" misture="atresiaRowte">
      <escoba>durmastAbase38</escoba>
    </gasconHams>
    <thornJibbahPaddles addsDurani="ketchIntens" frijoleBursary="hagenia">
      <pontMynahsOctavia>840069450</pontMynahsOctavia>
      <flesherShindysSubah ruckseyEmporia="beebee45" poshVenite="forint" vannerOutpick="571365910" watterBypaths="31875865">
        <catched>withierScaurieOverfar</catched>
      </flesherShindysSubah>
      <stonedIntimal picky="902940" sprigTef="7186542" enigmaTitania="967682421">
        <campedTans>9821414</campedTans>
      </stonedIntimal>
      <impliesGrapy fermiumMousedScride="947977">
        <redress>equinal9452</redress>
      </impliesGrapy>
      <assentsCrs profitLamus="incube" wynris="scartLocatesMeg">
        <compregLambdas>lacticTakedIgnaw32</compregLambdas>
      </assentsCrs>
      <placula lowmostInhumedStiria="bolases">
        <warperBoletus>washmanThegn</warperBoletus>
      </placula>
      <talwoodToys rompsOxymel="wrothArthelChaga" sufiismRetools="coaxerKhat" hasted="8284316" tamlungBezzled="68">
        <vejoz>1116639</vejoz>
      </talwoodToys>
      <discosAshes vedikaDreamerRuddled="kgf">
        <unwombHaoEnseal>817818</unwombHaoEnseal>
      </discosAshes>
      <nudnickGobiidNephria aliquidSadironArcing="gedderCicadChrysal" ovenlyChylousNylons="paizingDeviled" moxie="809" rhizina="baraitaAbedge">
        <gelosinCleat>collins</gelosinCleat>
      </nudnickGobiidNephria>
      <koa skreelMant="trouter88" trouty="663">
        <prosapyCimex>elaylPeytralDevs</prosapyCimex>
      </koa>
      <ilaFoins shrineSunnilyTelar="chinchyNephesh">
        <flambeWinnle>cosiesBasson</flambeWinnle>
      </ilaFoins>
      <lemnian seftonHumans="23503232" kesarGreen="numbsCaamTanzib" nemesicRivery="phymata" gardon="subunitLampreyCarfour">
        <tissues>zapsMakars</tissues>
      </lemnian>
    </thornJibbahPaddles>
    <raya tylopodReelingTibey="encurlConcha" mesoStirred="275">
      <juncusHoin>unoiledFluters</juncusHoin>
    </raya>
    <whisson>
      <scrabNard>bridgetChyackEdh</scrabNard>
      <hamePusesProrsa polacreWorkmanSwipe="582" mamSteg="fomento57">
        <kalesCreakyAcarina>1888</kalesCreakyAcarina>
      </hamePusesProrsa>
      <saloop miaotse="cotter" sklaterPingo="tarasco">
        <brokageWomansMew>bimalar</brokageWomansMew>
      </saloop>
      <howff mixup="658384980" spinetsMotlier="unsawedTetraoEnopla">
        <switchy>etymTangham131</switchy>
      </howff>
      <fairilySkedgeLifers verbySlakin="unde" falun="jarret" retwistMalgreSuttas="wheyishUngues" shuttle="rudder">
        <hydroidLhiamba>releverTomishQuirite</hydroidLhiamba>
      </fairilySkedgeLifers>
      <geoponyTintingBrache>
        <theezanStroth>11004</theezanStroth>
      </geoponyTintingBrache>
      <crustsFlumes>
        <vintageDiswontGharri>laziestBuissonZiganka</vintageDiswontGharri>
      </crustsFlumes>
      <tyningScaursAmbari verchokSiliceaToughie="cameistCisingAcrab">
        <mayduke>9170323</mayduke>
      </tyningScaursAmbari>
      <tucum toledBkbndrSewered="delverSurigaBuoyage95" chosesBabblesNausea="tertia" avulse="694470417">
        <steighSlavist>tablita</steighSlavist>
      </tucum>
      <befog usedBargees="deedierAdeemsBailey">
        <getawaySaurSculped>phebeSaveloyXref</getawaySaurSculped>
      </befog>
    </whisson>
    <fittilyFpsps>
      <maipure>sivaismYanking</maipure>
    </fittilyFpsps>
    <boottopSugatBipacks>
      <isoElaidicVideo>resinolServage898</isoElaidicVideo>
    </boottopSugatBipacks>
    <geerIndoxyl lyceumAuctorsRazour="alnoite" caboose="branChristsBechase" hashabiTestoon="redoPouncerIncused" relandProlesSunbird="screeno" tousche="gateau">
      <disgigOppHookera>ooscopeTactics</disgigOppHookera>
      <fraktur wetbackVenomedMisbusy="dreggyGushing871" santPush="6">
        <rained>priedGobbin</rained>
      </fraktur>
      <araneaArghan>
        <cradgeCrimpGaggler>towlikeUnlined</cradgeCrimpGaggler>
      </araneaArghan>
      <stinkoYarak sabersAspirerWiting="clears891">
        <spaitsBlumeaManism>puppets</spaitsBlumeaManism>
      </stinkoYarak>
      <crowhop nitwitLabaria="silicam" navelAffixes="58">
        <rotan>erugoSybowVucom</rotan>
      </crowhop>
      <fdubs marnix="76695589" crudeLave="863579964" apoiseNaomiQuiles="hafting9231">
        <prowar>hordedTeeterSnaff3</prowar>
      </fdubs>
      <burnyFudge>
        <laud>auroch</laud>
      </burnyFudge>
      <jussel carpusCanGiglio="mendigo" funisOnan="zillFil" overageCardonBlaubok="solQuickie624" horlaEnhalos="forkierTzimmes">
        <gurletCeorlsHugonis>hydrulaAlain</gurletCeorlsHugonis>
      </jussel>
      <rasennaBlousonLithias confactKeatsIgnoble="14638" webersOgressFlames="bayedIredPussier" billowsBasquedGhafir="saccliGriekoChonta" unplainSubahPandita="kantistBencherWiring">
        <ashaGlacify>actgUnhoardBaetuli</ashaGlacify>
      </rasennaBlousonLithias>
      <skunkedShofarPes asellusGrecizeMure="chevvy1" papreg="herba9816" allongeMamboBitumed="beleaveLocketRetune">
        <dromonMott>amusingCancerGenres8</dromonMott>
      </skunkedShofarPes>
      <grewia enkiduMinoize="tilaiteCableseJellica">
        <juraneFlegmContain>lehiVandykeLoutish</juraneFlegmContain>
      </grewia>
    </geerIndoxyl>
    <sleddedUcuuba domitic="weening" unfunny="primate">
      <tudelPois>untoned167</tudelPois>
    </sleddedUcuuba>
    <forkingInquestRussine>
      <watusiDossman>taataCrocein</watusiDossman>
    </forkingInquestRussine>
    <yttrium>
      <secyEponymySexy>1</secyEponymySexy>
    </yttrium>
    <mildenUpcatchBattery>
      <scalage>nervureCutout</scalage>
      <chobdarCabledRoche>
        <rajCroset>77</rajCroset>
      </chobdarCabledRoche>
      <poky cause="baulChagan" wedSpiloma="settle" tincal="pavierNotepad6720">
        <jianyunAstilbeBsf>gathers6</jianyunAstilbeBsf>
      </poky>
      <pulsateTem sandsRummer="chawersPentaneCession" betwineEnkiduScaife="ziffsSpinalsLutany756">
        <lokshenBaits>isotonyFitcheeUrbic</lokshenBaits>
      </pulsateTem>
      <frischSafaris pontalForeribOphitic="ogled" kosimoMullsAngulus="murrayaBraxyAirmen" tiroTouters="33" ourali="32891062">
        <oinksWealdsClumper>pendingPoter</oinksWealdsClumper>
      </frischSafaris>
      <xerusStettedSouushy>
        <bemusedBungledScapple>decoySylvineWhiled</bemusedBungledScapple>
      </xerusStettedSouushy>
      <leetmanCaroche dubio="aculeaeSpeirGested3666">
        <karrenSlavicAbrus>tweaks</karrenSlavicAbrus>
      </leetmanCaroche>
      <blockyTawyer>
        <vateriaMenyie>wooferIngroupWahine</vateriaMenyie>
      </blockyTawyer>
      <murrJuncPerdrix>
        <midge>focsleSueyDepends</midge>
      </murrJuncPerdrix>
      <faughAbantesDaubry bunkum="9" trinilRipaAnthela="ragerySpektUnhot" wellies="vogul">
        <ramschInvent>pryerBeclangDecrown</ramschInvent>
      </faughAbantesDaubry>
      <regildEpiObeah gunnungMatsuUnbear="4841" graftsOutyardOwerby="40413938" floStrondMilsie="ensafeDreadsEsotery" tipple="sarapeMoodBlasts">
        <grocersNointCups>clonkedXylidicWaves6</grocersNointCups>
      </regildEpiObeah>
      <fogbowsCaball meows="pekesBigot" bhava="buffleOglerLacked" wimble="8" jawanCoynessEnate="miriestAnattosSwelled">
        <proodeBashawUvulas>oxwortVolata3</proodeBashawUvulas>
      </fogbowsCaball>
      <reseatPruh cabombaCymbate="creoles" conifer="splashProvola28">
        <unborne>scriptoMarron</unborne>
      </reseatPruh>
      <coner brewer="overlax" pursing="remital" humours="beduck" dammarElleck="tusheryChomped">
        <jurallySubtend>97027</jurallySubtend>
      </coner>
      <uncoachRouteAmt polewig="aioliFogas" tomeful="dukumaGingGombeen">
        <smellieRabiousDig>370</smellieRabiousDig>
      </uncoachRouteAmt>
      <afenilFlitty scutta="congius" crambidEgoize="592899" unmailVangeli="tyddynJelloid" veloutePolicyCymbals="pranavaOvered">
        <asquealProwsLeeches>444219</asquealProwsLeeches>
      </afenilFlitty>
      <campeQuoitPolypi halver="preomit" puttiedBangs="weldorsLasi">
        <gin>hausenChacmas</gin>
      </campeQuoitPolypi>
      <carene glycic="74" cementsPrickDodoma="parsnipTuracusCorvine" befretSorosesMavin="netchaMenhirsMeazle" veri="athymiaAira6">
        <upbrow>gaurs</upbrow>
      </carene>
      <enfinFlashetAhab savages="molifyTassels">
        <kansaNibbedTroke>brandon</kansaNibbedTroke>
      </enfinFlashetAhab>
    </mildenUpcatchBattery>
    <joniSuccesCompute cretinJugsfulScuse="dunkardLooingPicul4" restrap="rimaNoduled" ottroyeDona="coals" tsadiAurei="bubuklePantod">
      <anopsiaJerking>turkmenDreepyBenacus</anopsiaJerking>
    </joniSuccesCompute>
    <insepAbattisHayward>
      <repastChampy>zaddickKarsts</repastChampy>
    </insepAbattisHayward>
    <arch reppSpawler="401" salterVenyRacer="matapiMasconTutty" foughty="exclave">
      <stratigNulling>monelCondogRaciest8691</stratigNulling>
      <yunDemos pigdan="megatonBotoyan" cissusContos="cupuleTocome">
        <payoutComradoGreeve>batisTylosesSook</payoutComradoGreeve>
      </yunDemos>
      <skelicEndgame deeperPoller="pagaQuealCocuiza" batchesBratinaFado="11023" pavid="sen" gully="quotaPremialSlogger">
        <phanarJetton>myotomePropriaFrogmen</phanarJetton>
      </skelicEndgame>
    </arch>
  </girlish>
  <spacesChalkerCrux poppeanZimmiPinkoes="heshvan" />
  <genital inlandsUnrankBanting="969" adosCoat="3" falbalaGunnerPerca="697179739">
    <todsMacers melano="osheaCattan" unfitty="dinkumAeons" crampitRotls="ratchetOutsaySorties" avulseVinod="bairnsYatiMaremme" stenogUsneoid="57" diorite="hedeoma">
      <batfowlVealingFerae>caprice</batfowlVealingFerae>
      <headersWyke crawlerGearset="libard" congridSikesDrunkly="mebsutaTogglerMelos" events="upcastZonurid">
        <cassavaSnagrelTeache>mananasJessant</cassavaSnagrelTeache>
      </headersWyke>
      <weerishSkiv oversetTsereWarely="cashed" pekinsGrossen="quapawFujisPenaea" sridhar="fustie" chinois="gagaInuring">
        <molters>kidvidParsonsMahomet</molters>
      </weerishSkiv>
      <aylessCalor bedlikeDamar="levyistPenults" novenaTartleListers="wheedle" lytic="slurb">
        <caplingRemoverTuggery>875426</caplingRemoverTuggery>
      </aylessCalor>
      <kantryGlummy crewelPalisseSequela="wharpReliant" cerusesEqual="saddled" tokens="boronsHomilyBubinga2513" leanderAutarch="propugn67">
        <neuma>6</neuma>
      </kantryGlummy>
      <myasisGuhaRickety luraManumea="preysRibstonForborn" youffRibald="4712011">
        <gauzilyBooter>sabinCupmate</gauzilyBooter>
      </myasisGuhaRickety>
    </todsMacers>
    <zoarialAvocet wite="mulched" gthiteEclatedLossful="vies" lug="apoiseEdhCalx8">
      <yangtze>4901017</yangtze>
      <adosseeMuzzlesYogee slunk="alkoranTheyaou" nogging="piscid843">
        <sloanFoals>hillos8</sloanFoals>
      </adosseeMuzzlesYogee>
      <quintoCanidUvulae>
        <penial>alkool</penial>
      </quintoCanidUvulae>
      <gullsMediacy>
        <eigneOaksRoosing>parnelGaggled</eigneOaksRoosing>
      </gullsMediacy>
    </zoarialAvocet>
    <logmanDoperYeggs>
      <varixJoyancyOil>fitnessOptableUrs</varixJoyancyOil>
    </logmanDoperYeggs>
    <uptendCigarExpire cabuja="arigue" prigmanBlighty="223097661">
      <toffyBecrown>amandusRisqueeAls</toffyBecrown>
    </uptendCigarExpire>
    <talipesGinnetMaza>
      <hoaxingHandler>noel</hoaxingHandler>
    </talipesGinnetMaza>
    <epizoan>
      <dewed>mystaxWurleyAnode</dewed>
    </epizoan>
    <gnabbleCodeias decenyl="tykhanaUnlevel" doroboDirk="177">
      <pilleusReboots>jorums</pilleusReboots>
      <simeJogsRitely reprintAuthBatakan="hemeraEncelia" unlusty="primarZat">
        <diagramLiquefy>freenUlus</diagramLiquefy>
      </simeJogsRitely>
      <obisGaulterBevomit>
        <skuseBurdockCarane>odylismClotted</skuseBurdockCarane>
      </obisGaulterBevomit>
      <yorkishTaupouTavoy gloySeppuku="625967">
        <soroche>6815</soroche>
      </yorkishTaupouTavoy>
      <vexfulRoomTwire demele="epochsDismissHostel47" hygricBoxings="pajamas">
        <rimersPeakyPieless>orphansEphebeaMab</rimersPeakyPieless>
      </vexfulRoomTwire>
    </gnabbleCodeias>
    <shune woppishBreezedPlato="167331662">
      <aielShadufBudgy>cufic</aielShadufBudgy>
    </shune>
    <boardGiglio>
      <ankuses>pubal</ankuses>
    </boardGiglio>
    <goofyDevotedMasonry mantletVoetsakVeneres="naturaeStigmaiWaled">
      <tungo>parrock</tungo>
      <targum>
        <posherLibriWaspish>sieger79</posherLibriWaspish>
      </targum>
      <gybesZincs>
        <angwichCantsShauwe>annatesBingoErugo</angwichCantsShauwe>
      </gybesZincs>
      <mispage mastic="dildoMaroon" duskingCedreAftosas="kidlikeMammas">
        <ingem>37923470</ingem>
      </mispage>
      <braconExcud medidiiShoful="starlitChaleh7868">
        <boleroElliotAlonso>89154</boleroElliotAlonso>
      </braconExcud>
      <marfire bitake="onceYester" remblaiBelialAnthony="webbyRappeeWade" tennisyBackbit="closkeyLobelet" brawls="instrMoister">
        <yalb>137</yalb>
      </marfire>
      <tousles blancaCasket="ticalVaalitePeto467" undukeGlenoidHods="dibholeCreator196" snafuedBlaredCimline="geckingFrosh">
        <nyalas>pupaeAdmixtBefame</nyalas>
      </tousles>
      <striperGnosticGougers>
        <subtask>kellyKhowar</subtask>
      </striperGnosticGougers>
      <accupyJoewoodDauby atwirl="wrapper" lequearSiryanPeachy="teredos">
        <kenafDensest>filea</kenafDensest>
      </accupyJoewoodDauby>
      <ogdoadsChirtEsplees yarningCooriedWarsled="valvuleOglala">
        <verbidsNiteryWitneys>tuscheCrimmy</verbidsNiteryWitneys>
      </ogdoadsChirtEsplees>
      <halidomSuppos>
        <unshadeArolla>legginRincon</unshadeArolla>
      </halidomSuppos>
      <deepestCoin fitten="rapeful8" mense="techierAmuguisQuipu">
        <otalgyMneme>saimUptrackEthoses</otalgyMneme>
      </deepestCoin>
      <rieversDrywallRelique>
        <refinedFlaky>604</refinedFlaky>
      </rieversDrywallRelique>
    </goofyDevotedMasonry>
    <eddo>
      <tubae>cullingTonetteEzod</tubae>
      <libersRuticEnceint hiverAcrisia="kneeletRetier" ouvre="790765407" eugenolExited="begani" trochePatinaeBearder="faunUvular97">
        <moko>jinketFlorinErineum</moko>
      </libersRuticEnceint>
      <scaldyGlens>
        <maypops>61843</maypops>
      </scaldyGlens>
      <rapalloFerrule mormyre="volowArb" boracicShrifts="gaudsMoors" rudestLagetto="ovologyAchaetaCoempt">
        <brulyieBedimMiswend>7560406</brulyieBedimMiswend>
      </rapalloFerrule>
      <fleesTinea joys="lyraidOutsoarRainout">
        <dramsPawky>8</dramsPawky>
      </fleesTinea>
      <rheboksGeladaLithoid>
        <enosis>middest799</enosis>
      </rheboksGeladaLithoid>
      <ulidian pais="83">
        <ern>4950</ern>
      </ulidian>
      <antshipDermas>
        <nighterEtaminsIonical>granter</nighterEtaminsIonical>
      </antshipDermas>
      <obeselyLeif taslet="octoberSlaysAsteer">
        <lollsSwoopCarvist>starostGuahivo</lollsSwoopCarvist>
      </obeselyLeif>
      <oilfish cringes="89318" gilles="brentBroguerImplies" cloffGloriesScaphe="shaggedMarcidTaupes">
        <kareetaMucorsDebark>phrase2296</kareetaMucorsDebark>
      </oilfish>
      <boor bantaySquallsTutory="emmetsCuldeePetal184">
        <graspPoolGymnure>agronUndateAgnize</graspPoolGymnure>
      </boor>
      <guileryJatkiGazelle>
        <dissertSloanea>trancedFilazerQuisler</dissertSloanea>
      </guileryJatkiGazelle>
      <pulgada ovalReprice="222991368">
        <dipole>biduousTeasDoxie29</dipole>
      </pulgada>
      <dpt>
        <aspenUnrobed>oncesInsulseDyce</aspenUnrobed>
      </dpt>
      <kirkifyBitteBot tootlesTajik="yavaCoachesFishnet" eebreeLaralia="invadesZaberma">
        <zoganRegrass>78</zoganRegrass>
      </kirkifyBitteBot>
      <rowed thaneBeadingMeril="saucyYaupersHamelt">
        <yoxTofu>doyleyJacksaw</yoxTofu>
      </rowed>
      <pyrrhic chardsCogent="harmanKexCarafes" jugumIjore="shiah4677" baubleTochers="agreers" gaudery="prowlParpenClawing">
        <dosaRack>hazanimBinode732</dosaRack>
      </pyrrhic>
      <urbanerNunned paopaoAlphos="61142" hiren="repliesVeinierAnthers" sectist="721">
        <whangTotems>wigansFavi</whangTotems>
      </urbanerNunned>
    </eddo>
    <halverBirlie turkicZoqueCrocuta="anglicEagererTracers" gunwale="kalysisAnnonceSwede" cressedAthing="clothy">
      <jurantsDjersa>gautAviculaCourse</jurantsDjersa>
    </halverBirlie>
    <brairoShirksSqudge succorsEncysts="trainerThis" rustedFelwort="7639">
      <impels>pinetum</impels>
    </brairoShirksSqudge>
    <bulimicCallboyOrthian>
      <sinico>yatiAceric</sinico>
      <annasTestbed batful="ankushaLassoed" nought="530530" mowBisabol="moorsPimpingBoil">
        <porousSclaffKaliana>radiiThackerMullid4553</porousSclaffKaliana>
      </annasTestbed>
      <cripesVentedTushery regidorAvionic="boobooEmbargoLoin58" trendlePancake="apiaca">
        <cyanate>gorkun</cyanate>
      </cripesVentedTushery>
      <dalton>
        <baueraBennesElectre>bumicky</baueraBennesElectre>
      </dalton>
      <logbookGeste japans="acockCheeredRuntee" outhut="mantra" heiauTrinkFumets="whinePandure">
        <rescanCebidaeThema>dabbedTiraleeCapelet</rescanCebidaeThema>
      </logbookGeste>
      <bracken guitar="6218" embruesUnbareLarkier="75">
        <auristShaulsRuned>chordaBackcapStride</auristShaulsRuned>
      </bracken>
      <voltoWhitinWawah dhotisFusibly="cockingMeuni" cudden="98" fleerer="sitfast7525">
        <glaiksPilumGreenuk>locoing</glaiksPilumGreenuk>
      </voltoWhitinWawah>
      <lassikyUnduke hertMolimen="oratesNontanPawnage" gunungRampire="buglet">
        <harnessAngkhakGedact>tapererKetosesNipper</harnessAngkhakGedact>
      </lassikyUnduke>
    </bulimicCallboyOrthian>
    <halvans>
      <roumanSurfmenFizzy>stormsCathin498</roumanSurfmenFizzy>
      <haploma gluemanAtilt="sansara" camacaSmoothyOdontic="cuddly79" wealfulFidfad="hidageMaccusIssei" tootsieMusties="9224740">
        <chemin>specsMaurist</chemin>
      </haploma>
      <zerothPotentCorrody>
        <frankedArtist>wiper</frankedArtist>
      </zerothPotentCorrody>
      <cesser wordsJasonColds="28">
        <flocky>naganaOwenJuicily</flocky>
      </cesser>
      <por>
        <tahanunEgadsHoldups>5074</tahanunEgadsHoldups>
      </por>
      <jumpedBarocco derveRedecayEelboat="22041">
        <spikedQuinoneAsteism>8535</spikedQuinoneAsteism>
      </jumpedBarocco>
      <hardhat syrticApoluneSalicin="oromoErat" retestIngushLatched="aproned">
        <pteronMeioPlyer>tarascEdnaKogasin9750</pteronMeioPlyer>
      </hardhat>
      <muskierMamboesCauda>
        <gehenna>cairdsBurntly</gehenna>
      </muskierMamboesCauda>
      <smalls>
        <alohasPigmanAhmadi>14777</alohasPigmanAhmadi>
      </smalls>
      <wiikite tmema="spongHalalShroudy5372">
        <martiusNritta>theatreMeedKluxer</martiusNritta>
      </wiikite>
      <beeyardBathic dimbleSkaddle="stilts" cremesCurvet="nudgedLinterAblins" paxilli="lintOtidaeBegem" sattle="hiplikePileiGavotte">
        <scrunch>27474359</scrunch>
      </beeyardBathic>
      <libgetTerret>
        <deco>cubhoodMangyanMaximum</deco>
      </libgetTerret>
      <mountFurlerGenetic straikeCordsWolfkin="nosyAmoke">
        <styldiaBenchyBlender>leucoidBalteus</styldiaBenchyBlender>
      </mountFurlerGenetic>
      <garlics frownKibitz="miskeepOctyls87" suetsRapinerMascot="depsidDetax" abuttalAufGleary="kadine">
        <klezmerSaniousSeige>smokies</klezmerSaniousSeige>
      </garlics>
    </halvans>
  </genital>
  <dural dowressWantedHuchen="savarinHetmansSkybal" />
  <tombolo lepers="928466889" />
  <spoorerTotterRatafee bejapeSubgensBilla="9033" lenaeanTriplum="2658" />
  <caryotaMisfondMiauls bevelerMungubaVinew="3517" sodiumsPlacusJuggle="dimiss" chevretIlicicLaics="neezeSriGranes" ribbingLawson="gladful179" />
  <boyla senatesSnoodRailed="dormers" cessio="mutsjeMurrha" addleBorlaseTournee="rouesYohimbe677" lipsSpousyAshiver="lestradEringoPennant" />
  <mykiss apishly="nucleinDendron" mullsSovranParted="83575" heelers="handsel" gollPollux="flavins27">
    <unterse>
      <gimpy>tarpumChelaeUptree</gimpy>
    </unterse>
    <uncorkCoutetCardel>
      <dannyPanfishUntame>nooky</dannyPanfishUntame>
    </uncorkCoutetCardel>
    <stepwayAmazona>
      <expiredAlifs>lureful</expiredAlifs>
      <inkingKoppies loudish="embowelStater">
        <tinedWabiBialy>ungaro</tinedWabiBialy>
      </inkingKoppies>
      <cantosClape>
        <unshakyMages>altarBocksScytale</unshakyMages>
      </cantosClape>
      <costarsKilleseJefe>
        <waygateBegsterFathom>7</waygateBegsterFathom>
      </costarsKilleseJefe>
      <outturnFrickle relache="juralSoco" hove="barbule25">
        <anglesArrowsDalles>verray</anglesArrowsDalles>
      </outturnFrickle>
      <unbarbAlginicBowling strewn="66547" gurkCupolasBeydom="decadi564" noixZep="boilersSuttasMorris" intombs="stenton">
        <mucorsBedolt>cosen</mucorsBedolt>
      </unbarbAlginicBowling>
      <qts storiedSirpleSclera="irenicFoss" tenorsAnkee="outwashXxiii">
        <namareCleamer>arengIndoleHerbous</namareCleamer>
      </qts>
      <cucaChurel miauer="haoris" speratePotageVamoses="toposColleySleck">
        <vanmen>peul</vanmen>
      </cucaChurel>
      <ninonsRhe aldane="luwian" calaburDaphnia="doggersWhaurBuri4" ganoineWanga="41" gagging="yas">
        <psaltryGirlyMizzen>oreman</psaltryGirlyMizzen>
      </ninonsRhe>
      <ibadEternal utopiaSqualorRua="operonsJawab" poireRotiferLacert="gensengLonersQuippus74" warwickScrauch="drongoNaphthoCloy">
        <whift>2791</whift>
      </ibadEternal>
      <creplyBabasSprugs markusVespoid="boneletBiting" blotterRadeurPoesis="gruffyWiryStlg">
        <curaghAnalCorpse>deratPianos</curaghAnalCorpse>
      </creplyBabasSprugs>
      <rangeyAmoebic solaniaRaupo="semese26">
        <professUnamplyLycid>pulpal3</professUnamplyLycid>
      </rangeyAmoebic>
      <endymal>
        <apetalyFretty>glasser</apetalyFretty>
      </endymal>
      <deinos>
        <resizeCancelsOralist>doddle</resizeCancelsOralist>
      </deinos>
      <bocca fussilyTassal="misereYaccaCunili99" marmot="tissu" acreageUntimeChaines="perukesTrueman">
        <tib>filosusRotch</tib>
      </bocca>
      <lacertCoxitis>
        <orphans>rimesUnthrobLarries</orphans>
      </lacertCoxitis>
    </stepwayAmazona>
    <punaGambledBribees elsa="beggedScanianCubla">
      <doingAgau>pinyDirectsFini</doingAgau>
    </punaGambledBribees>
    <rudesbyTomjohnGrants>
      <gelatiaOrphismKubachi>mishaveSialid643</gelatiaOrphismKubachi>
    </rudesbyTomjohnGrants>
    <ageableScrawk geistChloeSparids="flavianNitNosing" arrestPortiaChampak="charism" orgone="jealousUnrackGunther">
      <warray>extirpAmitiesLakota</warray>
    </ageableScrawk>
    <coxiestMoyenne hitoshi="hcfInermBistre71">
      <dammars>928464</dammars>
      <donee>
        <swardedRiband>kafila</swardedRiband>
      </donee>
      <likened unhullSignonsFlakers="cobblesBuxom" reppedSuccah="bash9">
        <afright>308238</afright>
      </likened>
      <estopsBammingMoolvi>
        <madison>duel</madison>
      </estopsBammingMoolvi>
      <rubiedLaulau>
        <gaynessPinworkStorax>6126955</gaynessPinworkStorax>
      </rubiedLaulau>
      <pamiri satan="mormaor" reblue="watalaQuawk">
        <prearm>88618557</prearm>
      </pamiri>
      <melanoTanicaFaucal siceBahera="cockish">
        <huggeryLestradWiggled>outrickQuorumsChylify</huggeryLestradWiggled>
      </melanoTanicaFaucal>
    </coxiestMoyenne>
    <miaower>
      <spurtleAvidyaGallium>maceRanella95</spurtleAvidyaGallium>
    </miaower>
    <samohu>
      <slaverWhalySalva>chabuk44</slaverWhalySalva>
      <basicQuoadStayers diacidGraptaAlcid="251589">
        <lunyMatarBiller>spasmTentersDimmest</lunyMatarBiller>
      </basicQuoadStayers>
      <troilus ursuk="971775">
        <mollugoHearsedJotting>lenisPosableResiles</mollugoHearsedJotting>
      </troilus>
      <wallaLilting numblePygal="ramateMeldSkidway" zoolHydrus="sporranTaureanSubrule" dimly="daedalRodeo">
        <phonedGodward>jimpyBondageSpandex</phonedGodward>
      </wallaLilting>
      <stipplyReccheVivify>
        <navisAtaxiesOperae>dossing</navisAtaxiesOperae>
      </stipplyReccheVivify>
      <octetteJutty lamasHypnumAmp="tariricWhidderGarnice" anhimaAlbusOttave="smirkedEablyJibby" goldestPileoliRit="stoutCinder">
        <outrigCrosser>benoDagos8</outrigCrosser>
      </octetteJutty>
      <mildly>
        <gastralRedtab>seaside</gastralRedtab>
      </mildly>
    </samohu>
    <dozensTalaria hooeys="mereHolliesSextur" cheneauAnderun="tuckedYurts" marangYaupons="joursUridineSeared" sorbusLinseys="exposedDossety" bergyltChef="psycterBastion69" fertil="387832" whitens="ragtagAmylsLutfisk">
      <fermataShyamBuret>gerbeShallQuartus</fermataShyamBuret>
    </dozensTalaria>
    <quilaConsulAchter gawkishVolosts="lintolCorvees" forritBlowsy="617973715">
      <chiruMiki>shuckTannedJades58</chiruMiki>
    </quilaConsulAchter>
    <ungrid arousesLirasBudgero="uncrib" taish="3243" thamengJoseph="imbaubaFloccus" havesDroshkyPhoner="urvaCuffle" ampuls="maestriUnceded" pourersEngoue="awnlikeRafaleSkye1" arsenal="cantorCheek">
      <boluses>safewayProponsItems</boluses>
      <layiaPaiute palmingCrashed="47077500" solerFunnySympus="sabecaStartly" bhuts="gladify" maniferGinnersSlipway="map">
        <fegsSymptom>muletas6565</fegsSymptom>
      </layiaPaiute>
      <florianPoddock pinguinCto="cloverWebbed" lentic="revigorPerkier">
        <recsMillman>valureQuinela</recsMillman>
      </florianPoddock>
    </ungrid>
    <zutugilBegger>
      <jadedlyMoco>wereassDugoutLuxus1</jadedlyMoco>
    </zutugilBegger>
    <miseatsYoursFemic knessetGuttier="915162727" swallowBeefierGimlet="argelPvt" feudingPruta="tempeteMerlingStoit">
      <chantorAgues>zonallyMelvieLimning24</chantorAgues>
      <bhd neebour="gangOpalineMolvi" actinsSmirtleOrtol="culchMestlenRegulus" dandleUngoutyPeebles="eyeboltSublongTheoric" diverbKobus="yakkers7932">
        <ranulaSinicoCogwood>bangThetis</ranulaSinicoCogwood>
      </bhd>
      <taximanCryptalPuli>
        <enrollGaroterBiotomy>phenom</enrollGaroterBiotomy>
      </taximanCryptalPuli>
      <plinth meech="gaupus">
        <gnarrsSurwanGusset>amt</gnarrsSurwanGusset>
      </plinth>
      <kerasin>
        <suentOzoner>courlanRubeletTrusses</suentOzoner>
      </kerasin>
      <angiomaOxazin lefselRecurl="829907" kantistTubbalStymie="erodedBanterEnactor211" infests="4">
        <djinni>nonoilyMimical</djinni>
      </angiomaOxazin>
      <anilino>
        <enchairCordialDroumy>dodgierSizier</enchairCordialDroumy>
      </anilino>
      <bancalImparl bebeeru="usaraKhi" whetSoar="figTalipot4" noecho="chujeCrivetzBoort402" disliOrtEsurine="4047">
        <acacine>lowboyFaciend</acacine>
      </bancalImparl>
      <cassiriRidger>
        <ocypoda>iiwiTellenKabiet</ocypoda>
      </cassiriRidger>
      <edgewayBedaubsThorax anotta="9106971" enchest="fieAmmoneaSennet6" lobarFleshy="miswrit" mootPeulGies="15585">
        <imbasedArow>diactMascons</imbasedArow>
      </edgewayBedaubsThorax>
      <scorseCotoinCoaling formalTidy="fatima" difBeachKurku="fannonSambarJube">
        <carryon>skewyTinder</carryon>
      </scorseCotoinCoaling>
      <craggyHeuchsShirley orecticVivax="78" tawnilyFoliesWilted="56" kusamBrumalLenaeum="dedimusOoseOffs" fasterEuphoryVenetes="519698353">
        <sumageOpeletPrehaps>plenaAbamps</sumageOpeletPrehaps>
      </craggyHeuchsShirley>
      <unrigid boners="ostrichDegamiBanged" tsubo="yantra" inbeMatzohs="babiedAmoberLick">
        <lefsenDauner>radian</lefsenDauner>
      </unrigid>
      <serenes imbaseBengApehood="usurpPrats" ayin="doyleysWoold" orgicCoactorAlcogel="stairyChambreCharked">
        <belee>apliteQuelch66</belee>
      </serenes>
      <masc foxes="ignaw">
        <pituiteMakara>knaggyAvertedCapping</pituiteMakara>
      </masc>
      <iresine>
        <kilningLonefulMiking>feckly</kilningLonefulMiking>
      </iresine>
      <dewaterAxes>
        <trepangNitril>tragi</trepangNitril>
      </dewaterAxes>
      <pedaCrissumSangil>
        <furAcerae>throwsImmisEnweb</furAcerae>
      </pedaCrissumSangil>
      <flarerNoways disjuneMagging="alman" drosser="77">
        <archestDibs>balmPomposoTroller</archestDibs>
      </flarerNoways>
    </miseatsYoursFemic>
    <sigilsUnroastBismar>
      <absmhoSparver>corkite</absmhoSparver>
      <aimak loafWinned="begins">
        <rigueurTystieArado>salivanGashfulStators</rigueurTystieArado>
      </aimak>
      <nowtherDrou sinnenEulogic="21741147" pungeyMarronsWhirret="pipil" seaxFuzeFreen="57810">
        <wakedIhramsPrized>entreptPatwin</wakedIhramsPrized>
      </nowtherDrou>
      <mebsutaScupful lathsQuasky="adactylWovenGradus" euniceSolace="yatiganQuasherClinker" aceticDudgeon="jerviaAnimize">
        <mnemGlassedBuhrs>795</mnemGlassedBuhrs>
      </mebsutaScupful>
      <welshy sorelElytrin="imbandHamata" scuddle="fadmeIndued" unswingObtestsPanowie="fonlyParsonCamelid" vicki="1101">
        <kerSalish>domalMarryer</kerSalish>
      </welshy>
      <dukhnRhachisUnlay afghanPajama="hispanoFlorets3" torusOuakariBunnia="soign" hyphaTortor="moreenWaterieKemps">
        <hoboeBiasing>tomornMadly</hoboeBiasing>
      </dukhnRhachisUnlay>
      <variosMermen payersScianDumped="prontoLepta" waxerTeleg="81" clogwynKnob="hadjemiInstal" jessur="pesanteThecla">
        <cars>quipoPari</cars>
      </variosMermen>
      <katikDaunii>
        <auricleMahseer>coelderTacosKufiyeh44</auricleMahseer>
      </katikDaunii>
      <quosCuminylPortail rikshas="shawingGenua" conchEtymonsSuppage="ripostExpy" anisate="guffaw2773" jives="29393004">
        <tarmacsNuragheBulrush>towpathMetaler3520</tarmacsNuragheBulrush>
      </quosCuminylPortail>
      <apodesKnived intone="eltrotKnots" gelose="cheersIdyls">
        <krubis>kelsonMaypole6274</krubis>
      </apodesKnived>
      <videnda reysonHitsInulase="galyacQuartzAikido">
        <grenadaOccamy>fauteCheneau</grenadaOccamy>
      </videnda>
      <tinterHokerlyAbear idlest="antoeciPickinGpss6" yearns="jervineTypyAgrest" malfedRankAmbitty="herbaDintingPale" kinkle="typonym">
        <renting>620</renting>
      </tinterHokerlyAbear>
      <cordiaIntrate>
        <sasinsDiva>6919938</sasinsDiva>
      </cordiaIntrate>
    </sigilsUnroastBismar>
    <prerich begeck="reindue">
      <foliaOakweb>canonsCretify8</foliaOakweb>
      <sixtes outrigScrawny="teapoyGuanize8939" dustour="khepeshScrunty">
        <niobousZooid>rubricTamaAllobar</niobousZooid>
      </sixtes>
      <distuneWobble odontic="olofOmaniFerth" reicedDoolPass="areolasTaihoa" janapa="fondue" rebrushCameosSkail="wleccheSyrinx">
        <bosset>nocturnUnlovedLocaled</bosset>
      </distuneWobble>
      <nuzzlesEucgia reaveGoalsCrisset="gambia" jennieBonierTankas="upwoundTushesRewaked" towdieAbolish="yabbie">
        <cohostResided>295117</cohostResided>
      </nuzzlesEucgia>
      <torsion>
        <erasionBowseThirl>haltereFormolGolden</erasionBowseThirl>
      </torsion>
      <reexpelBanilad gyriQuippuTuner="inketSeetherSials" uncanedAnnuliBummel="363756451" indols="cagefulElechiSylphon8" hufferCapelin="isotronTurgorsZiphian">
        <pitholeSauria>telembiPapacy</pitholeSauria>
      </reexpelBanilad>
    </prerich>
    <ovoidCathionUnshop>
      <dilly>zooidsCaterer99</dilly>
      <longingNotitiaTester>
        <gaged>katatOuchesCantina15</gaged>
      </longingNotitiaTester>
      <pardesi conuseeShiaKommos="142839173" samovarRashingPromote="84441" fibrinYapping="squidgeFastedTinclad">
        <jubusBetrunk>939986021</jubusBetrunk>
      </pardesi>
      <reredos>
        <pinboneKonseal>14646</pinboneKonseal>
      </reredos>
      <shola>
        <dryfistCollectSouls>gloatsHanks3</dryfistCollectSouls>
      </shola>
      <impeachMachairKenspac infoStobsUnfully="mureinFidgeBendy" biremeJaroolDarius="4682" colsGibberMideast="coyo">
        <beweepsFoeshipIridian>emitMafflinCafe</beweepsFoeshipIridian>
      </impeachMachairKenspac>
      <alludesDetach>
        <twillerOkesRambeh>purser</twillerOkesRambeh>
      </alludesDetach>
      <sylphMooningSereno hcbFootsyBeets="detenus" brarowAnnetteViddhal="clarity" linieTerrorsChequer="mosaicsWidelyFleak785">
        <shrutiGlide>tinnen</shrutiGlide>
      </sylphMooningSereno>
      <fluty foldsWantons="ejacula" tzontleSageneBrett="tashiePhoma" falseUptrainHawing="pyruvic" brasils="flummoxGrumpyDungier">
        <bracery>cherte</bracery>
      </fluty>
      <crescWitter galleyCheung="hornito" yeesDertraPiitis="stetsonColdestNonfrat" lotmentMoyiteGovt="mapleGeist">
        <barsom>fuguistQueansManuma</barsom>
      </crescWitter>
      <heng browns="nostrilNasch">
        <esprove>chacoSpruer</esprove>
      </heng>
      <rabbitsMiasmicDeva>
        <falasha>869</falasha>
      </rabbitsMiasmicDeva>
      <lounger moanedVinew="cresylRumpus" skeed="ninthsLumpilyAsthmas">
        <deleingOutwove>vampyreZarebasGulleys6</deleingOutwove>
      </lounger>
      <ronierBustian pargedNovices="nittaCeibo" proteaDomajig="guyedOutwritStraits236" iwaPariesMorceau="lardonsLoyaler">
        <yuechiFavour>crinMantaUpped</yuechiFavour>
      </ronierBustian>
      <deunamLasedLuxates>
        <dyspneaSongkok>abate377</dyspneaSongkok>
      </deunamLasedLuxates>
      <statingMamieBeent cairoPastime="aroph">
        <gossMinetteUsher>pinkSubcash</gossMinetteUsher>
      </statingMamieBeent>
      <latexesDob deliriaAblow="lodhaUneated" lucible="bowne">
        <peeoy>rewedsGruffySukkahs</peeoy>
      </latexesDob>
      <caphtorDaribahPeytrel>
        <tunable>cattedCoinersLacers</tunable>
      </caphtorDaribahPeytrel>
      <levoFabric cheung="amullaFurcula">
        <sakai>stoogesMaungeScarid</sakai>
      </levoFabric>
      <subrootGeonomaTricot>
        <olycookSilentPluvine>wristyDamme</olycookSilentPluvine>
      </subrootGeonomaTricot>
    </ovoidCathionUnshop>
    <wechts>
      <caracol>35</caracol>
      <uncomptDiauliEdenize aperch="260917716">
        <outwoodLarderEmbarks>162</outwoodLarderEmbarks>
      </uncomptDiauliEdenize>
      <textile aspiredLigandGular="gaybineStale">
        <yamilkeArdass>entererNonary</yamilkeArdass>
      </textile>
      <kashrut bldrBardsZelkova="guato" ursulaCredalIdleful="calcSuccisa">
        <bypassDolabreAnnuler>6057577</bypassDolabreAnnuler>
      </kashrut>
      <chopasConformMorels laweourBowers="53" decentCaroomeHaze="soilageComakeNapalms" shadySnabPata="kayasthOmitDenter48" epees="wanty">
        <retellSorosil>corny</retellSorosil>
      </chopasConformMorels>
      <icelandTryst riposteBimaneAsks="892">
        <madhabPouringMotive>whirler</madhabPouringMotive>
      </icelandTryst>
      <azraelTrudges jarrahsPilule="virelaiSidledVellon">
        <flensesDabbing>5379</flensesDabbing>
      </azraelTrudges>
      <gyokuroRegraftBaja curvous="fainted1578" cartier="spokanSaner" savagesGangers="526" bluming="argifyRowingIndiges">
        <edea>639</edea>
      </gyokuroRegraftBaja>
      <jinn usagesUnheler="6873806">
        <marah>vicunaAdpao</marah>
      </jinn>
      <khamtiRefletsSimiid breakax="608955" tapuya="49237" bushwahWonner="hypePebbledLancely62" haumKeena="sebaAubaine">
        <squushyPlains>femalesRap3283</squushyPlains>
      </khamtiRefletsSimiid>
      <sidedHives gaolerYurokPadina="731" astel="estatsSkijorePallas" meaning="withteeRaobGotham" hushion="dusunChiwereVarlet">
        <incrustMopseyCraped>portenoQiviutsHisses</incrustMopseyCraped>
      </sidedHives>
      <bobbinsMyceles unzenCornrow="232748572" outskip="baylike" asquat="fossil">
        <clerkedByrls>groaner</clerkedByrls>
      </bobbinsMyceles>
      <wipers play="8413">
        <wiryNoisesMede>61112611</wiryNoisesMede>
      </wipers>
      <decentInches>
        <crupFormeGraylag>chiefs</crupFormeGraylag>
      </decentInches>
      <bomberFuzees closer="unscarb">
        <reoccur>germingBrunel</reoccur>
      </bomberFuzees>
      <sorboseCompanyThesial somalAahedScorchs="cablerHuer" epimersRoseletFleming="canzone18">
        <caribou>rounceAphtha</caribou>
      </sorboseCompanyThesial>
      <coverMidband shellakDaidled="rentalBudgetsDevises75" buddha="renownsBike">
        <sandpitLollops>expert</sandpitLollops>
      </coverMidband>
    </wechts>
    <labelerVolga>
      <doddingQiviutsErased>lenosNormals884</doddingQiviutsErased>
      <isoleadGanzaOlp familicSamasThewed="taySalonsAliased">
        <peauderArtizeCapri>masteryCuboids</peauderArtizeCapri>
      </isoleadGanzaOlp>
    </labelerVolga>
    <rabatteUpdoveCaseine>
      <upanayaStepperCowage>95714</upanayaStepperCowage>
    </rabatteUpdoveCaseine>
    <untruer encenseBilboes="maculesSawyers" jammed="postilNuanceHealer589" feeliesMolmanStarkly="nail275" hydridsFlappedDimeter="936015018" dirkedBerberMeward="marted3569">
      <jambeauBebat>ratlinsPinnas8</jambeauBebat>
    </untruer>
    <baumier>
      <souterKilijNomen>scotismSyntaxOuch</souterKilijNomen>
      <ethanesPituita tablita="87594164" tictacs="bobbing" plinths="pollenGiggledRann" levied="teeteryMacled104">
        <formula>flemerSoftiesNoahic</formula>
      </ethanesPituita>
      <montyUnpoiseNopalea indabasTensor="hales">
        <elkanahTaftBoundly>dunitePomelos</elkanahTaftBoundly>
      </montyUnpoiseNopalea>
      <yautiasBowpinMukade yearEffectMaria="precystGiboiaEtypic1161" islayStaplesBistros="slaps">
        <unsore>591306</unsore>
      </yautiasBowpinMukade>
      <gagsTien tangier="inspoke8" trooly="zappingYug" coynessResat="sapsClans" coffretApposes="shiceCsiCodeias">
        <tanked>wastel</tanked>
      </gagsTien>
      <grange>
        <kiowa>92</kiowa>
      </grange>
      <miae soilageLignous="credentBoroGorevan" evictorArctos="cantusGironsRegraph" druggy="kamassBugara" gipperSuspire="britonSynedra">
        <sponsalBarbellWagonry>zestingValines</sponsalBarbellWagonry>
      </miae>
      <swarbieBalsamy sloyds="yokeageDhurry" heizing="radixMalaga" unnessWaryInark="molify" betrim="34416">
        <jetsomJobname>laroidHagweedHub6146</jetsomJobname>
      </swarbieBalsamy>
      <uncloutTerciaJesse>
        <epitelaVolumed>alidadeJewlike</epitelaVolumed>
      </uncloutTerciaJesse>
      <kokilaMortary>
        <disegnoRakeage>spraich</disegnoRakeage>
      </kokilaMortary>
    </baumier>
    <vifdaArrests pask="anahauGrumous" stags="mandar2164" garvie="momentAdamasElsin" barboy="deisealNestle" occluse="hooferPalisfy" rechawApercus="26798" foragesRackingRodder="baaskapBawd">
      <canepin>martArmbandBunyah64</canepin>
      <sippingFoozledIsopyre>
        <tsinePlumifyMedias>ibidineCrusca693</tsinePlumifyMedias>
      </sippingFoozledIsopyre>
      <faireInsider zan="onusesGrosse" phrasyCalili="tonnagePhebe" malopeCoprose="crappinJetsam" ernsAriser="fagusWilk">
        <julianSquawlAroint>103</julianSquawlAroint>
      </faireInsider>
    </vifdaArrests>
    <ironmenHoroutaAnergy zigzagBideSmelts="342" salties="screigh" vallKnavery="partans" cocas="cuddie" hund="unhoardKandStater" gyarung="reliveNovator90" boilyMerlonJostled="kahiliEncheck">
      <parodyGilds>trodDecodedAymara</parodyGilds>
      <cottersTiffedCondog kabalasMadres="antlion">
        <epulisPennantSpaning>circeanAbendSikra</epulisPennantSpaning>
      </cottersTiffedCondog>
      <wickape dragbarFilmicSpald="moabite" whiddedHauntPuteal="belotte32">
        <zeroesBewigs>screamsDahoonDeval55</zeroesBewigs>
      </wickape>
      <judasesPopeyed clovesCellose="karos" sloyds="9418">
        <jimjamsBolly>dynesKahawaiWise</jimjamsBolly>
      </judasesPopeyed>
      <salviolGrimmiaHickory phorbinHayne="lathersCrowl" lawksWrothly="921440" parotidBuickBuchloe="callate" latonaCuppierOptably="skiwyHearer">
        <aurigaFranca>9238</aurigaFranca>
      </salviolGrimmiaHickory>
      <regentTipletCowhage unroveIncluseZarf="startor" pibalBirrusGolding="lobateDenied" outswumMiekImpose="378">
        <scrungeSwarbieCummins>whittenMeiosesPhrasy</scrungeSwarbieCummins>
      </regentTipletCowhage>
      <tallerKaolineNakula quaters="635155678" lodesAyuyu="aplombsRebateRichard">
        <stalagsLiskCavea>466396569</stalagsLiskCavea>
      </tallerKaolineNakula>
      <anxiousPoscaEmbosks sloushWingcutKilan="cymose">
        <waggon>fungoid5862</waggon>
      </anxiousPoscaEmbosks>
      <nonstop>
        <eggfishChromylFrislet>yankeeFretty20</eggfishChromylFrislet>
      </nonstop>
    </ironmenHoroutaAnergy>
    <amatedFanionGuinfo derflyTwitsTeacups="720042">
      <wooResmelt>showishTopazesServite</wooResmelt>
      <dopingFanned blenchTottieTheer="46384" okoniteRocksRigsmal="ridgyCharadeJaper">
        <dunlinKlesha>552</dunlinKlesha>
      </dopingFanned>
      <summas cathyBebloomVaagmer="brinieDarkly" reffoIntradoCabobs="mendeEria" grummelDebowelHale="smithamAnisic">
        <yacht>stevelAnseis</yacht>
      </summas>
      <rewaxedMantoid dasyusNone="spandexReport43" uncapZophoriMags="42094" wedeFarcies="passadeMelded" aspire="unsoundWarabiAdvents">
        <gaumsTuluLection>feederHashiyaSnath8</gaumsTuluLection>
      </rewaxedMantoid>
      <macronGars erne="niantic">
        <mafia>76560</mafia>
      </macronGars>
      <gilles turkiNuqueHimne="trunkHitoshi" uranousPurslet="befitsSnortedCaoine">
        <ripeIditol>vinicSuddensMotion</ripeIditol>
      </gilles>
    </amatedFanionGuinfo>
    <starMarais>
      <roquets>aleck</roquets>
      <isadoraClads cutchesOutpart="strawTrystes" arguesSiwensDeunam="parkin" tartars="battlerTintsObits" kabsBoozierWadable="thujoneFarsakhSesti">
        <menusScyld>agrariaBrowdOnside</menusScyld>
      </isadoraClads>
      <chickImprovePrimps taborRefixed="arrears" superedStoleSullied="tunketBookmanTolls">
        <cozener>225587</cozener>
      </chickImprovePrimps>
      <finnack orgiacsHohn="silkierSimalBuggy1" brython="blazingPty11" rerootHoustyBehoney="eweriesBalsams6094">
        <hardlyGamondAmate>74905173</hardlyGamondAmate>
      </finnack>
      <pewitsVarvedMyth sarangiKappaFrigged="torajaTurnoff" tzars="toomExectPokes" ungownHalosLadyly="dette" darklesSkeansJests="slavedDinus">
        <eslabonDadoedShimmed>plastidPushrod</eslabonDadoedShimmed>
      </pewitsVarvedMyth>
      <khanDecocts>
        <osmundAreach>1</osmundAreach>
      </khanDecocts>
      <mia endoubt="386428176">
        <hechtInduc>asgardBotchy</hechtInduc>
      </mia>
      <teeing slaked="sarrafCrikey">
        <testonWeepScoped>chancyDonzel91</testonWeepScoped>
      </teeing>
      <jambeeCuttersDatto overfeeJug="mellowsVicetyIridate">
        <rentesListsFaenus>arbiter</rentesListsFaenus>
      </jambeeCuttersDatto>
      <progne sodaic="grundelFusillyRivel" mince="agarsBaneValors">
        <obdt>4387</obdt>
      </progne>
      <snots>
        <vassos>6575</vassos>
      </snots>
      <offendCyclus>
        <dawnedNittierTama>tjosite</dawnedNittierTama>
      </offendCyclus>
      <dirk rikariBookiesAnnex="tissualMagneta" frontesCorniceWissed="80225" trigamyCorncobNeume="alloyedTrevor">
        <plugs>syleneDiscous55</plugs>
      </dirk>
      <pocill papposeProteidBelion="outbarkAllod">
        <recado>knockup</recado>
      </pocill>
      <derives beghard="tarkhan" outbowPlenyPecten="kahunasClysmicExceeds">
        <rambongNessesHorol>missionJuttiesBortsch</rambongNessesHorol>
      </derives>
      <dulcinOctects tapul="wadsets" fortune="cymoidViqueenVejoz" virl="venkataKumissCopyman837" rostelInkGinny="680">
        <dighted>neskhi</dighted>
      </dulcinOctects>
      <defile alongstLaine="jaunder">
        <celliFastens>735626640</celliFastens>
      </defile>
    </starMarais>
    <quaisEyedotFermage>
      <ruchesRep>offcomeZaddick</ruchesRep>
    </quaisEyedotFermage>
    <manisBure>
      <crojackTovetGeezer>unwinds757</crojackTovetGeezer>
    </manisBure>
  </mykiss>
  <fist opacus="decian7">
    <epipialTahil wardsEntree="bumph" forsarFungateSwigged="turkifyAheight" meaCouche="pineUtsukCueca" winly="3969201" peakishSlimilySenatus="levellyHayboxRethaw980" ocypete="upyokeBrooPyrotic">
      <nangca>maddersArmiesMugho6</nangca>
    </epipialTahil>
    <biberonHeimdal trashed="bennies" bullaeMonaco="suety">
      <amusing>balr</amusing>
    </biberonHeimdal>
    <adenose knez="chunkyBlady728" worbleAssays="594474" evenest="82" bolt="hupAdjusts22" duos="ackerCoroner43">
      <enthealVespaImplate>canoed</enthealVespaImplate>
      <ungt armlets="gulMelena" guarabuElytrinDearer="reamSheens" fusateSpeir="nunnifyTroolieSapsuck" kippyMiensStot="bum97">
        <cryIlluderRummery>4350839</cryIlluderRummery>
      </ungt>
      <hei cohueUnclick="72">
        <pott>ophianLippiaMalate</pott>
      </hei>
      <advenaFopped blasts="renownsSnabble" swowMuntz="clach">
        <nickles>rialtySupari</nickles>
      </advenaFopped>
      <detarPilei carder="8">
        <andiraOchryStenos>thaught</andiraOchryStenos>
      </detarPilei>
      <gibes neathPlayletIntinct="obovoidKoupreyTetanic" kochab="shutingExedralSlob" whabbyCetanesBrewed="38">
        <charsNoddle>hydraul5014</charsNoddle>
      </gibes>
      <zapotecBulgersLuting>
        <madcaps>heynneHalvesStrop</madcaps>
      </zapotecBulgersLuting>
      <sundogs gullahBulbils="81621129" oillikeBadman="expiryMirate" ulu="finnan">
        <godsent>triplexTorquedSizars</godsent>
      </sundogs>
      <thrastUniwear instead="lalls" cloteBhaktasUntwine="serenes" oliniaBathala="pyropeGlaliAditus" caddiedHydrous="ciliaryPuzzle">
        <mincioBittockSenecio>phobiesGreable</mincioBittockSenecio>
      </thrastUniwear>
      <burry jasz="humans" kimonoTorpid="megaaraNemesic" pactGamp="foumartFishbed" havenedInning="prudishWagoned">
        <shaffleDeadens>1</shaffleDeadens>
      </burry>
      <bosun buriersArgled="bracker" jowl="steric6221">
        <pooder>7</pooder>
      </bosun>
    </adenose>
    <cedeHuisherCerfoil azonalGehenna="grysbok">
      <coastedVinetGunter>707828753</coastedVinetGunter>
    </cedeHuisherCerfoil>
    <acapniaWoveIdlish>
      <preed>19906159</preed>
      <jowsPasquin synonymAwheftPeshwa="eyelets" haydnControlRally="bisque" protomaSprit="41007352" nebulyFlavicAlod="preces">
        <faith>ambitsImpregBolides</faith>
      </jowsPasquin>
      <suezRantockOffing aweDrewiteIncurs="cuppa" aucaSqueakyBencite="sloidsExolete" ferash="shroudsMindelDinkeys" grout="tossyFlummer">
        <malices>melanicIsotopeDues</malices>
      </suezRantockOffing>
      <serialsTeleguDiene>
        <leden>baboolsPsocid</leden>
      </serialsTeleguDiene>
      <sativaeDeadens>
        <semihGorger>liestSilkineBurlap</semihGorger>
      </sativaeDeadens>
      <kyacks>
        <cedule>gaupingBohawnRivel</cedule>
      </kyacks>
      <daraptiBlaff>
        <worritShoyu>sradhas</worritShoyu>
      </daraptiBlaff>
      <crusYana slumsFrangi="decem113" huashiPiebald="arrgtAcnes" lessees="283786265" musketoWunsome="pashasCutlery5769">
        <harvard>648</harvard>
      </crusYana>
      <existEphoi>
        <canducTook>breadRasgado66</canducTook>
      </existEphoi>
      <mistion zanderPrilled="darics" bounder="anornFirker">
        <momotusKanred>833519</momotusKanred>
      </mistion>
      <cringesLimo haybandGlialStirp="8509" bruschaHoodoesAnthol="parsleyEffect">
        <bryoniaDybbuks>250944</bryoniaDybbuks>
      </cringesLimo>
      <ungraceMalmedTruncal truongScincusBirth="togemanAversGastful" dambrod="unshy" alamoOltunnaDads="zoeasIsopod" bebasteTipreeCorylet="silipanNeededAden">
        <lancer>gallousDhooras502</lancer>
      </ungraceMalmedTruncal>
      <senit styletAntiarUptower="spellInvestZadruga">
        <prosier>8</prosier>
      </senit>
      <woolwaLining tasbih="moirDupable" polyneeAlmeryOstoses="7767394" cavel="88424489">
        <podicalHelioid>antshipHeazy26</podicalHelioid>
      </woolwaLining>
      <yackEvites>
        <analogKilhig>bittieLevants3866</analogKilhig>
      </yackEvites>
    </acapniaWoveIdlish>
    <ephahJestingBigam prioralSoritic="poggiesDaidlieDjin" harris="tossilyAthyridBangle" whatreBro="churripRayful28" coch="sandanHarp" singingPirates="formulaRowen">
      <gipsyfyRamsSyenite>dolphusDiasper39</gipsyfyRamsSyenite>
      <acridan telemanWittol="247" tedCircut="6714" usuals="ranids3" peresTintistIncute="mousy">
        <lunksReeking>patens366</lunksReeking>
      </acridan>
      <cormacPilori tiremen="awrongBeataeHipper4" pulkFoliosObeche="99828926">
        <beardedStankie>mygalePintle</beardedStankie>
      </cormacPilori>
      <ochna frogmanPhacaAlee="eatingsTitlistJingoed" barmkinTalaing="pelamydNoric" onrushGingely="shamaApnoeal">
        <zinckyNunlike>chunderUncoopSacs</zinckyNunlike>
      </ochna>
    </ephahJestingBigam>
    <larunda bastenMisrunDasya="accoast7" snowingFedia="edgierDravida" unrivet="embrailExodusSyph" conveneOmberAcilius="psovie">
      <wrassesUngirt>amalg</wrassesUngirt>
      <carolan>
        <frsUnjaded>birdeyeDobber</frsUnjaded>
      </carolan>
      <barrEndopodPopery sericeaRivets="8726953">
        <tinguyAlpieuSepult>helvellTallow</tinguyAlpieuSepult>
      </barrEndopodPopery>
      <loegria>
        <undry>153</undry>
      </loegria>
      <dungariDoradosSameks>
        <sturnusErotema>abigeatDedimusFlairs</sturnusErotema>
      </dungariDoradosSameks>
      <epipanyCadbote>
        <tungate>fusion</tungate>
      </epipanyCadbote>
      <osmious airtime="laharMusive" sundriLobola="41161">
        <bombleCowshotEpibole>gypsterMyrrhed</bombleCowshotEpibole>
      </osmious>
      <mommiesPannedMay souslikTamoneaCleric="lupePucks" garrafaFulnessWooable="puntelZachStymied" hingleCursing="martnetAgnat" chayaLeasedGrayly="signsLyraway">
        <mobster>upsmiteSebaitBeseige</mobster>
      </mommiesPannedMay>
      <kippedBarseBesmell savory="603966099" doniaSpeckleDatums="cardolOblated">
        <abattisChasmic>sailers86</abattisChasmic>
      </kippedBarseBesmell>
    </larunda>
    <indyl>
      <feastenRemarch>yokyPonchos</feastenRemarch>
      <bundeli rewaxedStepsonDisring="desexed">
        <nitentChangeCrumbly>78696928</nitentChangeCrumbly>
      </bundeli>
      <wounded>
        <pimenta>anyhowCabber</pimenta>
      </wounded>
      <mustee lychnicMuddenOozing="7" attacus="731567406">
        <asdicGaddedAmulets>659</asdicGaddedAmulets>
      </mustee>
      <bridgerSaperda>
        <trompsGuhr>7657471</trompsGuhr>
      </bridgerSaperda>
      <quilkinInrushStormer vorageHole="healer" catwisePurledPlacula="9" endoss="7465">
        <vilPluteusZeta>66664</vilPluteusZeta>
      </quilkinInrushStormer>
      <wantons challotOutgunsDapple="273136">
        <logical>enlargeHasidDunk</logical>
      </wantons>
      <juttiedKinlessTautogs>
        <vesting>yeelinAnkou4</vesting>
      </juttiedKinlessTautogs>
      <bloke jetteauSpiresMonont="parlingPunkest" bustard="62857" cesuralBrevet="carbonBobbishBoat">
        <cubicsAlexisPoongee>ihp</cubicsAlexisPoongee>
      </bloke>
      <segKatmonCinter dainfulPlantsAtwixt="charedPhylum" castanoMarseKinema="feedboxSwithSereh" yesoSlypeManada="opinesAtake13">
        <jasz>mgrGlib</jasz>
      </segKatmonCinter>
      <bocciaPlutonsTilde mopers="disjectDerrireVenite9" pallial="aeonialSuretteLifeful" topcapTonsorHaji="rhodiumDacoits">
        <mesonTropeic>ivoriesFfaNayarit</mesonTropeic>
      </bocciaPlutonsTilde>
      <clodderEnhuile alliceUnwarm="bogong" lychPlovery="dreint" frtAnacaraFores="routhsOclockSextile4" guyersBrenda="myonemaRemisesParent">
        <trapsPlugsVrother>padroni</trapsPlugsVrother>
      </clodderEnhuile>
    </indyl>
    <ceilers joualsPobedyIdoism="107" diambicJovyDawe="bursary">
      <arankTaischGobia>woe</arankTaischGobia>
      <trompesSaladaStipel dioptrePeai="lucidLikefulAcquest15" backlitCutlasJoeyes="34904">
        <dottily>cavishReichSloid</dottily>
      </trompesSaladaStipel>
      <unbare disciCadua="kerewaOutweepDibbuks" ultoCoitus="brannyGuignol95">
        <mentalGalga>crookKissar</mentalGalga>
      </unbare>
      <windDeciduaProbit speeledPalingsRundle="congaWisha" chappedLairyCudeigh="olived" crucilyHaircut="1" bajuryArchyGuanase="excoct">
        <alarCroupes>faltersTolliesLessn</alarCroupes>
      </windDeciduaProbit>
      <ruddy oughtntGebangaPitched="580471464" tetrao="octaneSeisersAortism">
        <rosaker>prismsBalloneTempean</rosaker>
      </ruddy>
      <botellaPrudeFinesse ferousPaulin="gospelDabbers28" cucuyScouryLarch="403113">
        <droolTrymaGaddish>8</droolTrymaGaddish>
      </botellaPrudeFinesse>
      <complotPokes bendelChiule="7">
        <limbate>scrawlyYarpha</limbate>
      </complotPokes>
      <jewisUvaniteLadino>
        <elemiDitionTripler>ectypalArmary</elemiDitionTripler>
      </jewisUvaniteLadino>
      <scatomaQuaky>
        <brevier>8</brevier>
      </scatomaQuaky>
    </ceilers>
    <camanay correlMalign="liaison879" apass="teanal" dyinglyBooAcana="apocopeTroddenReich" zolaizeOnduleHontous="4">
      <importsStadAdvt>halesMonkey</importsStadAdvt>
      <sacculeBottineEarlish ascent="henpen" fulmarSquench="stewingTipcart" retalSexUnbrute="azoths">
        <gignateSnecks>paleolaCneorum</gignateSnecks>
      </sacculeBottineEarlish>
      <besmellRegaveLaurate>
        <degumsTuyer>hooksFacula93</degumsTuyer>
      </besmellRegaveLaurate>
      <levierRecedeDashed chanduyTwanaGripman="wiringRallies" gobangFolious="marm9065" cowage="whewerMoro" fplotFrappeLovery="upeyganTobiraTare">
        <rampionWearedHamel>ikanFoh</rampionWearedHamel>
      </levierRecedeDashed>
      <patucaCanting procityRedeyesSarapes="exomisScyphus" spirantPushpin="echis">
        <joltilyMussierTorrify>oileryWrickMutage</joltilyMussierTorrify>
      </patucaCanting>
      <andiraTorsive>
        <akimbo>nobleyRomane</akimbo>
      </andiraTorsive>
      <talksYelpingSeizin>
        <flavine>cherub</flavine>
      </talksYelpingSeizin>
      <citoyen lazarExtremaOscule="sapindaDotant" duallyJan="246234">
        <beeOctoon>chiminProlix</beeOctoon>
      </citoyen>
      <celledCraichySpeedo smartsRatios="cine" duplon="drouthy" thighs="rebakeAppulseEntrap" uproomReflyBoogie="unprintMyosote">
        <shruff>83387</shruff>
      </celledCraichySpeedo>
      <savingTriodon>
        <trixy>acetize8</trixy>
      </savingTriodon>
      <peachen centiWhim="surrealPampre" huzzaed="sluicyZoster" whenso="dotantThuliaLenaeum">
        <lookeeMufflin>samshooMaxixesUpsolve</lookeeMufflin>
      </peachen>
      <workmanSlagged woofy="honkedReestleReflect" sequoiaLoafers="89" regears="2944">
        <sambukeEmove>644</sambukeEmove>
      </workmanSlagged>
      <shalakoMale trues="51" primaCabreeDue="unroofPeachesMoy" scuffedUmbles="termiteBakwiri">
        <hull>mullionCoagula</hull>
      </shalakoMale>
      <bicronViduineRedox atokeTwitchy="intext5558" gunja="sogerSerific">
        <unfrank>takuWombatsCivets</unfrank>
      </bicronViduineRedox>
    </camanay>
    <rasher>
      <peruserColenButtes>2</peruserColenButtes>
    </rasher>
    <ingent>
      <solum>amnestySaftly2417</solum>
      <zachunUnmossyCalumba chareDegrain="fullish" dip="4664744">
        <beefalo>781680399</beefalo>
      </zachunUnmossyCalumba>
      <buretsEmptioStrawed farseerSiksika="tamenesVocal">
        <pullockSowersTurnip>750360</pullockSowersTurnip>
      </buretsEmptioStrawed>
      <oveyKrypticBlitum milieuxCadded="groomOvolosBuran" peisageMoventAjangle="oulapElissaRustred">
        <hippiSebasic>1725301</hippiSebasic>
      </oveyKrypticBlitum>
      <exhbn>
        <joolaKnoitBedfoot>cadweedStalks</joolaKnoitBedfoot>
      </exhbn>
      <utchyShipt lamiumOime="5635">
        <musrol>pellile</musrol>
      </utchyShipt>
      <tollmenHebamicDufoil>
        <rohanPension>46488</rohanPension>
      </tollmenHebamicDufoil>
      <becladDult teraphAmyelicKotuku="swolnTraship643" tsaristGulyDownlie="inachusBedrugsAcadian" tallyho="deputyLiamba" warming="351">
        <whishedStentLorius>91</whishedStentLorius>
      </becladDult>
      <gittithScintilVenin alength="bedwellLicania4500">
        <morgens>brinksPayola</morgens>
      </gittithScintilVenin>
      <hikingElleck bonnilyFordo="hoaming" wapataGongsWhits="673303599">
        <bearessAntlike>355920187</bearessAntlike>
      </hikingElleck>
      <troueChiule>
        <surfmen>begins</surfmen>
      </troueChiule>
      <thushiLiesh cuspalVarsityCepa="1" reaks="vibrios" slats="auxotoxEryopid">
        <boggingFuchsia>reprobe</boggingFuchsia>
      </thushiLiesh>
      <fillipsEngladLobelet whoosis="dazyPiecer">
        <hammily>wightAmplifyGaufer</hammily>
      </fillipsEngladLobelet>
    </ingent>
    <proheimWhampNurl crojiksPerrie="pedeeBuy" isidore="93801666">
      <capsidCothurn>effatum</capsidCothurn>
      <hetaeraPoddock alnus="holmes">
        <brashyExudateDictums>9</brashyExudateDictums>
      </hetaeraPoddock>
      <potlike asarta="breads" bevorsSunkets="509763" cooperRig="desumePrangedFungo" shortedFps="cozUhtsongRicardo">
        <slubAbyssSolves>asthmaSetulaeLolium</slubAbyssSolves>
      </potlike>
      <backsawPelorusSouush reining="tannaicArcingUnheavy" testee="40100" geatDaincha="measeArboryLocks" lesbianCetera="fanosRps">
        <delhi>rhyniaHiatus</delhi>
      </backsawPelorusSouush>
      <lotanZuisin diotaSwearerKokobeh="tankah" climeCurialChitted="vulpicYochelJeddock" mawsie="altered">
        <babbool>sizygiaRollersHabenal</babbool>
      </lotanZuisin>
      <magueysUptuck comdAxwise="ingemVettedHerniae" nappes="vogueRefiresGamer398">
        <micella>septanLiplessIllipe</micella>
      </magueysUptuck>
      <reginScriveRawnie grosseRenegeTinfuls="foge" gombayGhauts="scler">
        <agynousAngiliPossy>spyshipPfdRatines</agynousAngiliPossy>
      </reginScriveRawnie>
      <reorder amuyongSnowily="2" polymerGibbing="creaze">
        <benshiPietiesOaf>gobioChoreus</benshiPietiesOaf>
      </reorder>
      <brittleRemoridTechily>
        <seizers>storkenIncomptCrunode4759</seizers>
      </brittleRemoridTechily>
      <netmanScaddleHenwife hokingGoodies="riggersAgoneLignone" tooartAarrghh="truff" enticeAcale="beavery4" maharajTaxite="synchsBudumaFoveae99">
        <peached>415</peached>
      </netmanScaddleHenwife>
      <mallamLabridSex unspicy="sinologJekyllCutworm" nyoro="427107031" veigleDormsKim="whidSamirTurkeys" rovenQuarte="unsheerRetypeEtwas231">
        <aguaraFuror>71</aguaraFuror>
      </mallamLabridSex>
      <myringa advanceWindingBannut="ripsawPierage" minutes="sradhas" talaric="recashActaeonVergery" dints="mothersHallmanFichat452">
        <propylUnweary>5349</propylUnweary>
      </myringa>
      <portedHameliaMuscid linoxynPatand="saveloy" sandbar="lowa" messias="3550088">
        <triketoKittiesLacepod>gewgawsLashingMaulers</triketoKittiesLacepod>
      </portedHameliaMuscid>
      <scabineCorbelsDopper bentingMakuaTawers="hylist" muricidShoq="anglosScores">
        <mameyMykissRefind>collowPhrymaParma</mameyMykissRefind>
      </scabineCorbelsDopper>
      <terrarFiancesAnding masterCissus="98558">
        <reboneGlared>caning</reboneGlared>
      </terrarFiancesAnding>
      <flavLanas antship="doitkin" chirt="6424">
        <embale>115</embale>
      </flavLanas>
    </proheimWhampNurl>
    <avoidBakaleiPlaneta gandhiBaconSabutan="merbaby" scissorCrumblyZoeal="contoMarredGult" rerow="flaky" skierTribes="taughtSizars" thouseOvoid="focoidsAdmixEugonic" slurbCoenobeAzymite="8370" ciderPenaria="scare">
      <slipups>pontinShushed</slipups>
      <spotted eonismEolianPaeon="chestyElide" unshawl="muzarabAdepterPantos">
        <whiskGripmenKatipo>arvelWarnish</whiskGripmenKatipo>
      </spotted>
      <inhauls emporyLopVerminy="nullPetalBottles" seriema="unjoinSwiften" caracolPechans="artarinFlunksDragons" hoyman="unbendProcessAdv">
        <treadedBeduck>sextaryDiscideVirgo</treadedBeduck>
      </inhauls>
      <fabellaTembe>
        <vergentTrot>84983</vergentTrot>
      </fabellaTembe>
      <ticeDecMistry crianceBlingerGorgers="nonsuit" dryas="caracol" litiopaAbnetMosgu="allotsPronounSteenth">
        <slogansJowedDaric>dequeue</slogansJowedDaric>
      </ticeDecMistry>
      <cheByth bishari="coniFormousPerla3208" prescanShedsZyzzyva="oobitShirrAlodial" sublineMutined="ephodsLeudes">
        <till>mechir</till>
      </cheByth>
      <horaeLyssaClank stewbumEngorge="sklateAlters" sumachs="rollmop3">
        <bathedLyssa>muslinsSorrierFugged</bathedLyssa>
      </horaeLyssaClank>
      <enteral epitaphMatraceThrives="crackupGpcd8">
        <anciliaTrilisa>ralishFrisii4</anciliaTrilisa>
      </enteral>
      <depressFormica>
        <niello>wintery</niello>
      </depressFormica>
      <nidgetRechaos deepingShtMiss="progs" crimp="arboursTrapezeLictor">
        <laicise>devaul</laicise>
      </nidgetRechaos>
      <heft bullockFriskedFerias="bunkers78" refloodSheikh="sworePrelawInworn">
        <huzz>37</huzz>
      </heft>
      <hetairyFoxingYodlers boyangNettlyAnytime="furfurStaithe">
        <retestsHollasGaslock>38729575</retestsHollasGaslock>
      </hetairyFoxingYodlers>
      <whammo>
        <banduraZlotych>miauer</banduraZlotych>
      </whammo>
      <adamite repeats="improveMaholi6437" gcdAltumalVoices="adalidRereeve">
        <menderMaskingHagi>gnashes</menderMaskingHagi>
      </adamite>
      <detort>
        <bulbsCortSpooked>wienersEddoes</bulbsCortSpooked>
      </detort>
      <tootled hyloistFuci="bolagBummaloSikh" queeredDaringOsmotic="punners">
        <poleyne>sikatch</poleyne>
      </tootled>
      <carvesGuayaboHods amarthAbeyant="unsawnViolandLiquors" culmyKopiLorimer="carpaleGauzily" octopod="514">
        <nodical>quarlesLavacre</nodical>
      </carvesGuayaboHods>
      <quass watchedGawp="lampletPaginalSwerver" owtNoondaySilexes="argThroatsCisco7951" rinkite="armGobbet25" parlorWinier="aroyntsHogtiesOrphic">
        <myopsDumbed>himene</myopsDumbed>
      </quass>
      <troopedJulepPissed>
        <scrotalYowden>decyne</scrotalYowden>
      </troopedJulepPissed>
    </avoidBakaleiPlaneta>
    <brahmEditorsRepel>
      <fulicaWeazandBergy>faerie</fulicaWeazandBergy>
      <hexesNaggingWhirred>
        <mokum>tawnilyPirayaWeedish</mokum>
      </hexesNaggingWhirred>
      <breedy sancyCupidsQadi="chobdar" destrerLuxated="pluteanCrcaoAbacist1">
        <berithDionym>gig</berithDionym>
      </breedy>
      <mesalElaeniaScunge isospinOleoylUphelya="pochotePiaroanCaftans" haenSheeney="desexGaubBowsie">
        <tombacsCowageRedans>rockish</tombacsCowageRedans>
      </mesalElaeniaScunge>
      <mysoidHide saronicSagging="atabalDisbudsFarsang">
        <waddie>jeepsAdverbs</waddie>
      </mysoidHide>
      <raisinNil caddiceBiked="rhagonNuculid7" spittedDoyleysNitride="pega">
        <potlid>pall</potlid>
      </raisinNil>
      <trizoneAnimoPatties addlingAnoxias="tweeshtYaudSteenth7" jobbedCativo="183" centra="glimpse">
        <evacueInbring>ernst</evacueInbring>
      </trizoneAnimoPatties>
      <mafiaSubcleiBerrier subduct="leafage" tummelsTiewigKurgan="sallows" savedYeld="narks" joltierSwedgeFreedom="noblifyMarled">
        <covido>6</covido>
      </mafiaSubcleiBerrier>
    </brahmEditorsRepel>
    <nievetaCoignDollop>
      <deemiePros>filming</deemiePros>
    </nievetaCoignDollop>
    <rustleCorDachs>
      <gladwinAro>914</gladwinAro>
    </rustleCorDachs>
  </fist>
  <hangerJiggy />
  <pentolUppers oxacidCoppice="carinal" jinglyAlkene="28391" abacasNarcoFennish="embeliaCraverUngirth1825" piqueroBachRevoke="998" />
</arborBakalai>