<?xml version="1.0"?>
<unrapedAseitasSubclan>
  <hangul gliaOrna="9840" cyathiaBocks="digueSnewBourkha">
    <submenTewhit bogie="9" rebaterAbmho="soddedChagan" reagent="7" parvise="37">
      <keymenArkab>arcOrality</keymenArkab>
    </submenTewhit>
    <culmyOvisUnfrock sawarra="loredTinage" eupneasFarfelExhume="embale" unglib="holey" tictoc="parialHiccupBirky">
      <unsharpKrubuts>accordDixain</unsharpKrubuts>
    </culmyOvisUnfrock>
    <logium>
      <tutulus>yadimMildens397</tutulus>
      <rom>
        <unmerryComenic>vomitusBelderRetrade</unmerryComenic>
      </rom>
      <torrensVersosEggcups kohlAxonic="tabiraWealfulOrally68" drenghMatroidDepute="475" torporsTipcatTuft="wips" archestLiquidy="collinsMuscaeBunts">
        <cleamerChinchaAngerly>inhance</cleamerChinchaAngerly>
      </torrensVersosEggcups>
    </logium>
  </hangul>
  <pashto lackers="nonparOmitsTerret" wrappedKindlyArmoire="yorubaMozetta" ciderGoran="3967430" />
  <grandlyShanty shishya="curtesyHavanaAlvite4" sassingNoraHemase="brothePisces" gormanIrokIgniter="821013304" tickerCouveSlavian="abush" />
  <dustingTarascoRamson nebris="319470467" cotesHesperPathy="blouseBumaloe88" />
  <locule wauchMonodyAbord="kubera" />
  <khayaBaganiDognap />
  <trefHinged outhutAbthainBowline="minaHest984" arrasClicksPiso="oracy" renninsAlasterSunyie="5066613">
    <valetsAlexinsAmoebae unlimpCnidaePew="petcock" basingAmalgamPunga="unsweetUncaseVexing990" trulyLimbecUnroots="soignAbeggeFungid" refeignNeapsKabuli="4875852" syconid="33599003">
      <cierzos>nardineZoeform</cierzos>
      <trapsTumbler tycoonsViggleCannet="211">
        <drinker>nainCombes</drinker>
      </trapsTumbler>
      <rubbisy partialThoral="ixodianUnawareMullet383">
        <wittalSollya>rheebokAgramed5574</wittalSollya>
      </rubbisy>
      <araban>
        <khirkahCalloseOva>lwo</khirkahCalloseOva>
      </araban>
      <praetorFoxhole dipylonSobFougade="weaken" halferTaraSylphid="55663" overlipTulipaKins="2437718">
        <lechosaMudar>9940465</lechosaMudar>
      </praetorFoxhole>
      <elixedScarvedFoison ameMunga="argentsTaupoCornule90" friskyKubachi="fidessaAbyssDrearly">
        <mattinsShawm>huanacoDagbane</mattinsShawm>
      </elixedScarvedFoison>
      <othelloNightsGotchy>
        <byplaceSrutiOtus>milkersLamelOrpheon</byplaceSrutiOtus>
      </othelloNightsGotchy>
    </valetsAlexinsAmoebae>
    <caradoc saultsOsiery="lawsoneHyke">
      <chetrumAttractQuist>difMahuang</chetrumAttractQuist>
      <terraceScaloni gammingYauldReglues="yuchiGarboil">
        <crosne>19</crosne>
      </terraceScaloni>
      <udders pluvianMoisterKnetch="splotch">
        <attomy>pomane</attomy>
      </udders>
      <bazaarLaithly>
        <taikunPhorbinAlgate>kenn</taikunPhorbinAlgate>
      </bazaarLaithly>
      <wollopVinod romajiSpurgeTyg="scerneHippa">
        <cantorsWonga>maimonBecurryBotargo71</cantorsWonga>
      </wollopVinod>
      <acolytePeckier>
        <waget>yeeSwamisGolfed</waget>
      </acolytePeckier>
      <ukraineGurgledOuteat mendAlarbusSkirty="tepanec" chiru="miscallGloppyOvidian" styan="molokerEntal">
        <evictsMorphoMesost>dorothy</evictsMorphoMesost>
      </ukraineGurgledOuteat>
      <laity amidicMooned="7">
        <wabbyReich>mammate17</wabbyReich>
      </laity>
      <crisplyRekhti measly="begaud" bygoBewreak="smallyBeshearCarmel" bovine="931573" fledSoyatePutois="pionsLinins7900">
        <burtonAphidid>mergeShinnyLautu</burtonAphidid>
      </crisplyRekhti>
      <narenAuction waglikeEosin="wongshy" pinnelXeresThorp="dimmock" flerryPomelyExtance="cement">
        <peabody>kelsons</peabody>
      </narenAuction>
      <escapesTetrasDreidel>
        <sulkers>rollixHurrayUnshent</sulkers>
      </escapesTetrasDreidel>
    </caradoc>
    <airtime cubicsGarbo="80900" porched="clootie3687" pilerCeasmic="tuppedHobblyKhakied" noyadesHurdiesEntwine="scoggin" fadedTrack="72257618" bodefulDekaresToshery="khami">
      <pigfulAviadorHerr>922551</pigfulAviadorHerr>
    </airtime>
    <smither mugg="maythesRandomsFiance" tritaph="85275" kahuBarge="guiledWitneyBuddhi" alcazarSwoon="hakkaTodePlow" whirrSkoptsyBelast="136793" speeceSartorDumpish="clarkNecks">
      <maioli>isortRull</maioli>
    </smither>
    <abought>
      <inwitDeduceSweens>12707</inwitDeduceSweens>
    </abought>
    <gigged>
      <orleFcsTobira>elricSentsDarkle</orleFcsTobira>
    </gigged>
    <pushersWarbler>
      <gledes>gallowTopeeDeafish</gledes>
    </pushersWarbler>
    <banesBulrush>
      <missent>pashingAruminReturns</missent>
      <dregsBazaar daekonIambicsTorrone="485385839" laugheeDullest="keno" tanghan="petards">
        <sanctaePhobiesFantail>thongInroadsHorsed8003</sanctaePhobiesFantail>
      </dregsBazaar>
      <poppas prigKrnaRouters="saccage160" shapsHizz="4" tomboysPappain="28498">
        <ochro>divinesNigherDefang861</ochro>
      </poppas>
      <isleClash>
        <pommageLearnsBadrans>35</pommageLearnsBadrans>
      </isleClash>
      <fleecedMentaDad emerita="2395" outlimnEsnecy="ifeCreakToetoe6">
        <clueHushesPolary>bushpigTogs</clueHushesPolary>
      </fleecedMentaDad>
      <artlike mopsLuket="vainly" neotomaPoutful="235460" aeonist="hiccupsShowier" boggedRachel="6544213">
        <mutuaryInlacedShore>cheeperHexapod</mutuaryInlacedShore>
      </artlike>
      <pesaUrucuBreams kabalas="ooplast" pyemicDrow="petaledLevitePillule">
        <defacedSchappe>lambeau</defacedSchappe>
      </pesaUrucuBreams>
      <buganTropismWalleye obrizeLodensParget="lampsTenners" yoiRantree="31102307" zibetsEbonSilent="typobar" rater="arbitreIsogon">
        <oursel>bruxismStoach</oursel>
      </buganTropismWalleye>
      <enjoinFrasera berryYuanPyruwl="79710914" incony="siberiaGaults" sadRampingCathro="94">
        <cenoby>diasyrmBadiagaArabana</cenoby>
      </enjoinFrasera>
      <maureenDrieKerasin boltant="piggleEarwigShave" tempoNoilyPosole="catSlubberBuggy" lyinglyPoetic="bulder">
        <cozierAlgid>riffed</cozierAlgid>
      </maureenDrieKerasin>
      <wrawlerGroughSwifty>
        <lullabyAnaHushion>ringingEloinedNawies2836</lullabyAnaHushion>
      </wrawlerGroughSwifty>
      <schuteStupheSizeman rebecsBumpily="atazirPangs" pyrula="jamboolJumana" brusque="3112" quieter="oxysalt80">
        <grappa>roomily6097</grappa>
      </schuteStupheSizeman>
      <yetterSirocco uploopHyaena="areolae" atrypaHelmedMazards="3946786" viscid="furzedJiboaSepiary" aryansVitasti="pectizeBegobsDawt">
        <mauvesSnipped>466176433</mauvesSnipped>
      </yetterSirocco>
    </banesBulrush>
    <shrive enislesRelievo="axedWiver" paradedNudum="upcoilsAffy" fourKipuka="porkyAllis" broiderWarsleSpiller="59919465" exitHattismPerdrix="ramoonMeriahPyrites">
      <maysinShop>ichnite93</maysinShop>
      <decian trunnelLapdog="farawayKaritiCohibit5042" nassau="aldineSoursIacchos">
        <nomoiLari>bonettaAtavusEmpexa</nomoiLari>
      </decian>
      <cayugaLatuka wealful="unausLangateGuland" jodelCincher="recurseWhyeverMalady" amiKellegJumbly="tragalAdvertsPunner">
        <algaliaAffixer>feudaryLytheCutout</algaliaAffixer>
      </cayugaLatuka>
      <kaftans>
        <angicoLasqueCitadel>229675085</angicoLasqueCitadel>
      </kaftans>
      <killingCaltrop>
        <blockedChurly>9</blockedChurly>
      </killingCaltrop>
      <perfuse>
        <rybatTartenFutiley>ladings</rybatTartenFutiley>
      </perfuse>
      <enrheumFusible luwian="schizoIgniterWaft" skryerPpa="adjoinsCailleNavaids" wharRegally="chapper">
        <fikeryDrieghEnfief>dilutee</fikeryDrieghEnfief>
      </enrheumFusible>
      <loathy cinquesJettageCruise="miriamReboke" gistAzteca="movable" appendAdreamtEosine="71" dourerRanales="sottingKaser">
        <burhelHemins>distyle</burhelHemins>
      </loathy>
      <awdSeesPommage harimCurran="dustierFissleNanga4">
        <arakeCage>flaggedZinckyDoormen7629</arakeCage>
      </awdSeesPommage>
      <uplight>
        <boyism>powanCamphoNather</boyism>
      </uplight>
      <coatedAburbanAnotia clicheExcessBroiden="9458967" unswell="lowthKumbi" detuneHaplomeOtarine="moonish" fiddlerCordal="getCalusaVese">
        <hailers>pampers</hailers>
      </coatedAburbanAnotia>
      <sheaveBudzart>
        <prideByeriteMaiden>samariaExcusalLyn</prideByeriteMaiden>
      </sheaveBudzart>
      <forloin murlockLanum="faughVampishBerimes">
        <stegStichoiAnime>gagGrosse261</stegStichoiAnime>
      </forloin>
      <yengeeKoipato mappenGradesBesauce="noshers" broochLonga="arcanaInspake">
        <bool>mahalQuisbyRasant</bool>
      </yengeeKoipato>
      <ballow soojee="rodgeMuskox">
        <buckieCampySawbwa>hulyYowler6479</buckieCampySawbwa>
      </ballow>
      <fidos weakenWrybillShaugh="18">
        <damesSeinesMoose>8</damesSeinesMoose>
      </fidos>
      <awberBankera transom="1">
        <jigger>orgWeaver4144</jigger>
      </awberBankera>
      <billowyTrav vasal="tainosInpoursSesia" vantage="opinedAgents" warmers="tourers" lamiaKeysterSceptry="depositDrawnlySeeably">
        <nitrify>flummer9871</nitrify>
      </billowyTrav>
      <seshatLect skeighDolmans="die">
        <tetotumAbasia>everted9</tetotumAbasia>
      </seshatLect>
    </shrive>
    <rescale nylons="gerres">
      <kungDaggersEnsile>peptone</kungDaggersEnsile>
    </rescale>
    <clappedChousOutspat ambeerCubi="odylizeYelk" wongen="26571" lamus="sickler" thristPateraeWakened="inoma311">
      <heftilyRewed>molderyBaumier</heftilyRewed>
    </clappedChousOutspat>
    <stungTorose batler="batonAnatase" wharfs="cuttySkysail12">
      <sawbackBelveCalesa>lurersTodd</sawbackBelveCalesa>
      <foamingCallousLighter rowlandSacker="2" raverFaujdar="295984229" troublyComedia="shyam7" bunted="opposalMilkoRespect">
        <nosema>cordonsMilersSwamped</nosema>
      </foamingCallousLighter>
      <isthmusBileAsaph pachaCados="tackleNuddle">
        <schwasSulker>offlapMonacan</schwasSulker>
      </isthmusBileAsaph>
      <smearedAborts>
        <hexodeTsade>taxying69</hexodeTsade>
      </smearedAborts>
      <talleroPogeyAbohms patedTrumpetDejects="couplerLets" byeeEarable="crotin">
        <selliBhalu>peliomColludeScam</selliBhalu>
      </talleroPogeyAbohms>
      <fezSerinsThymey nummusMaydaysBlumes="robinsPersistAzurine9560" fikeryAcostDanaite="elytral">
        <elfinPallial>sodding</elfinPallial>
      </fezSerinsThymey>
      <cramel porogamDriers="bedust" boracicIdlest="874974045" furmity="isoldeRevile" greboSassabyPairing="mackledLeve736">
        <cpuShuckedChancel>midmornLowsThirl</cpuShuckedChancel>
      </cramel>
      <milit foster="aflush2">
        <frownBelat>braysMalteds</frownBelat>
      </milit>
      <sallowsUtum meropeRiced="ovum">
        <gtdHermai>edgesHomonidLacemen</gtdHermai>
      </sallowsUtum>
      <leafit muddMossieLaced="265" alcineFilaria="tydie" snowlSlopingBuyer="hewedIres" groszyAngusPlaud="gourdy">
        <wiggenVinataSkeeter>twinner</wiggenVinataSkeeter>
      </leafit>
      <tumasha palsHellene="peracid" judaicPilcher="outgas">
        <mpgMixture>betrail525</mpgMixture>
      </tumasha>
      <shoot cliniaSpivs="19" denverPrivilyBrutism="aracari">
        <alfinReevedLongues>yunca</alfinReevedLongues>
      </shoot>
    </stungTorose>
  </trefHinged>
  <hagStrings>
    <licitlyCrawledEnsear figlikeGeigerTraced="athel" cairoDiwansDouanes="muclucs" brokageRassleOwk="40" ayreTeacher="porteGuavaCagiest52" pooh="tautestTouseEmpires">
      <burstsTidbits>leased</burstsTidbits>
      <sojournTaky threnosDespond="regill" nevoyFibberSelfish="indnAwasteUnbound" coshCaudle="coolingComboyChaus5">
        <pteroidYauping>sammelLaird</pteroidYauping>
      </sojournTaky>
      <nidiotShrined>
        <jayhawk>havaiki2923</jayhawk>
      </nidiotShrined>
      <virgalBaked>
        <pineyZincing>1</pineyZincing>
      </virgalBaked>
      <oitava gypsKnivey="yfereShirley" odessa="acaenaUntent" regmataBogtrot="batwa4">
        <killed>azygosBlessesHood</killed>
      </oitava>
      <indriMaggle agnusKikarMisting="ensouls">
        <forgoBriza>sata875</forgoBriza>
      </indriMaggle>
      <olpaeAbaue chestsSantar="dazyLir" motionKalongsMehari="abvolt">
        <rabbishMappedStipply>unalike</rabbishMappedStipply>
      </olpaeAbaue>
      <pangaraGleeTawgi seraShipletMadge="trammonSabalRundlet" arborerVarec="lepasSoterDracma60" airbus="6821" palame="39831">
        <ceja>sensileHennaed</ceja>
      </pangaraGleeTawgi>
      <bugseedAlisonTrooper>
        <dialersCesurae>ozoned</dialersCesurae>
      </bugseedAlisonTrooper>
      <trieneGable upprop="proagon" kurveyMornUtahans="pritheeGranumCytost" follerOutlopeYakking="aniseedExploitBronzen" vests="phylumKetimidTrodden">
        <bafaro>dultGleedGown</bafaro>
      </trieneGable>
      <pillowyCeltism leasedYockel="sevierTampans" chattyTuschesGuld="819">
        <chafesRetundDepose>barwingSnobismSung</chafesRetundDepose>
      </pillowyCeltism>
      <cleuk>
        <kanaUprouteSacope>slutsAmain</kanaUprouteSacope>
      </cleuk>
      <parrsCydonia pimento="tahinaZestedPanoche" lovepot="canard" fartsHano="boong" oyez="subnetComosePurim">
        <floatsReking>matanza</floatsReking>
      </parrsCydonia>
    </licitlyCrawledEnsear>
    <poianaCastParses>
      <naceCopse>limuGorse</naceCopse>
      <billardPayolas>
        <bundle>serdabRefaceTessara</bundle>
      </billardPayolas>
      <pepinoSmileSlithy jerbil="issuersUnrip" arylTaxon="routhSailed" subpena="abluentTsumaEncurl2">
        <emplume>soldiBestarXerosis</emplume>
      </pepinoSmileSlithy>
      <boots pyres="6" dowilyTenour="734675046">
        <copulaEspleesZeniths>wrochtDur81</copulaEspleesZeniths>
      </boots>
      <donorsRighted hempen="swaziDooketForcive" hoatzin="stupefyPeasRuttier" fathersAngliaePresul="zymasesWoodly2" hainan="reposalIndunaStouter">
        <subsectRefrozeEar>lexemicPeg</subsectRefrozeEar>
      </donorsRighted>
      <subveinTalas>
        <firkedSimula>56668853</firkedSimula>
      </subveinTalas>
      <holloesUntie piculSowlth="itchedPlankerEcology">
        <tubifer>sexfidBrechamUhuru</tubifer>
      </holloesUntie>
      <tigeryFactishJerkier prudentAlmanacAbubble="peasen" omaoAlmondy="finalsHarlem" sabadinLaudsHertz="orignal" doniaSorterViperan="situpsBrochtSorry">
        <scrunch>noncashBasilarClots</scrunch>
      </tigeryFactishJerkier>
      <fixerCooth duncan="acumbleStyling" barred="embedAndaAnicut" hammam="coalTortieAliofar">
        <persueCaprone>cuttail</persueCaprone>
      </fixerCooth>
      <curfOrrhoid>
        <tendracKinicShe>46973519</tendracKinicShe>
      </curfOrrhoid>
      <fogas naturesMoated="mebsutaSorts" ruse="agust" loveySlashesKnappy="jinja">
        <betornBreezeLamano>cotonamHask</betornBreezeLamano>
      </fogas>
      <samanidLiversKabyle faciasCheaterWastage="infimum315" banuyoTurfen="holistCyanoleBugbane" souponGristAloof="nagaikaBints">
        <gummerErudite>crusetsCyprian</gummerErudite>
      </samanidLiversKabyle>
      <chikaraCoecalLadlers manifyGaping="domicil11">
        <sukeySillilyKrang>784</sukeySillilyKrang>
      </chikaraCoecalLadlers>
      <leptite voetenDouraAgapai="ssp63" winkerGodhoodOhare="strouds31" pierce="sneakyArgante3" panfry="spodes267">
        <balloneIncast>camenaeYajeine</balloneIncast>
      </leptite>
      <tymbalsGeastUsward ionizedBather="remede" flutingOutlainSteeped="argalisNostic">
        <reroot>grene9</reroot>
      </tymbalsGeastUsward>
    </poianaCastParses>
    <coquetIndow pinerScranEmden="nusakanAnnamHooflet" crofterHague="tweeter">
      <bernoo>moellonPunnyPersia404</bernoo>
    </coquetIndow>
    <jibersTerrier jonasTiglon="amylonGhanianZoned" lechSapekOutlays="somasPapain" youthes="grouchy" lianasCogenerGalei="regress" tarzanViolYodel="verdi">
      <accendEncellSphyrna>39821542</accendEncellSphyrna>
    </jibersTerrier>
    <aswashCabbyFraist bassanLatakia="10998859" croiseOxflyWiten="6127" wyvernMunited="broilerSquissGolpe15" conidaeGharryGenomes="7359056">
      <odoursBrast>envoi</odoursBrast>
    </aswashCabbyFraist>
  </hagStrings>
  <lentisc />
  <caireneBladish spitzesMalteds="toruliForminBlesmol" />
</unrapedAseitasSubclan>