<?xml version="1.0"?>
<arrOuthurlCoppled>
  <blowpit homiestCackler="banjore2117" guaximaCombeUnsped="lightedAvitic" eryopsDarogahDarst="ranklyPantherBarbudo" russine="boxfulOtocyon8022" />
  <meetly blase="sagbutsDsnamesGrouf">
    <tempyoRummes>
      <terpaneGreeseSeisms>kirmewGnu163</terpaneGreeseSeisms>
    </tempyoRummes>
    <euros>
      <indyElianOuttalk>swarmed8209</indyElianOuttalk>
      <solaceUpshear shent="tickle" wanle="ricketyBrowetOutdone">
        <churnedKibberLeman>parbate</churnedKibberLeman>
      </solaceUpshear>
      <accingeOvules crawsRep="rutaMetredCoset" zonulasDemiman="gltFatter444" clothe="nogged" templumWakkenFrigate="11">
        <heavyAlpaca>matey</heavyAlpaca>
      </accingeOvules>
      <furoic cyrusHaunce="783655" uprisenSonders="conduceTasletEerier" harfang="dankAsdics" corsage="54">
        <thor>deerdogHexesFrau</thor>
      </furoic>
      <cadoukThirtyBilked>
        <byssinParent>9051934</byssinParent>
      </cadoukThirtyBilked>
      <grith knarredSamian="82" debaserYttrium="dalanWairingSogdian">
        <cyclismPacesPight>eyewink</cyclismPacesPight>
      </grith>
      <cowkPize spaviedDieri="rouerieTejano" zygenidVatic="lakiePolaron" fouette="tabiDianoia" palisfyDogalFlotter="854468">
        <amnia>bucayoGoddamnKarthli</amnia>
      </cowkPize>
      <italLoonier veilersOredZill="tareaScatTriaxal" porer="engarde533">
        <roosterTystiePlans>creelerMealsBallsy</roosterTystiePlans>
      </italLoonier>
      <psychSickled sake="nobsDsnamesStager" tabelZerosTaxwax="vaporsRuffsBauera93">
        <shorlStaringAgma>agura75</shorlStaringAgma>
      </psychSickled>
      <patacas backusMaidan="33371998" deriderValoursBrees="mity" salishNaval="7" bhang="manumit">
        <cruisedPolaric>lucidaIntorts</cruisedPolaric>
      </patacas>
      <prissScabrin bimorph="ochringYomim" tartroCly="769639038">
        <tripelSamucuTectal>teemedPterinsHaikai</tripelSamucuTectal>
      </prissScabrin>
      <rooferDonskyZuza>
        <asiansArilsGirosol>amplyBuzukisMaggot</asiansArilsGirosol>
      </rooferDonskyZuza>
      <wrestleTsi>
        <lissesWirierHutzpa>boundly</lissesWirierHutzpa>
      </wrestleTsi>
      <tushie>
        <heated>boldineSharkGaunt</heated>
      </tushie>
      <oudJimjams antiredBestamp="tarocsPunkinsIbycus" smarterKyurin="feuedPelure">
        <treesValets>sivers</treesValets>
      </oudJimjams>
    </euros>
    <inertia>
      <phanticPowderyExquire>chakraMidway613</phanticPowderyExquire>
      <madnepLooms papessCheloneTania="200" taboredFentLinguet="qtd" wahabiFemmesHockled="niacin">
        <catsNixer>dierAptoticRoelike</catsNixer>
      </madnepLooms>
      <waddler>
        <aimlessFelling>comityValylHowler</aimlessFelling>
      </waddler>
      <pissoirSavant inketGogosPicudo="rota" wowsersOctdraGess="marishyPlanter" autoecyTriasKvutzah="chaityaMeiny">
        <avocetsBeladyGalega>halsenPciReroof</avocetsBeladyGalega>
      </pissoirSavant>
      <sol plexusBaufreyKakkak="bolls" miaulerDurzada="parsec" permiss="lyraidSoorah">
        <mesterSolatiaCentimo>tensoGossipySacry</mesterSolatiaCentimo>
      </sol>
      <deriverFrazedQintar>
        <vadim>39</vadim>
      </deriverFrazedQintar>
      <salishBanig camisSchulnSunroof="womeraBronzenDoline">
        <triage>bronzenAntiwitUnwindy</triage>
      </salishBanig>
      <tarnish croppieParmakUrocele="ferretsMeshechPinless">
        <isoflorCantiga>houris</isoflorCantiga>
      </tarnish>
      <mohelsPrepsBlinis>
        <waggle>tortoniCubicle</waggle>
      </mohelsPrepsBlinis>
      <wishlyNickel instarJugalShatter="6747385" bowfinsDowsets="122745563" somehowTratlerKrasis="68">
        <blobberBebeeruSurveil>gabelerRailageCoombs</blobberBebeeruSurveil>
      </wishlyNickel>
      <winareAntiquaNimbly orgasms="96432" leelang="sageer62">
        <prurigo>fishfulRaffman</prurigo>
      </winareAntiquaNimbly>
      <lapdog felsiteTierce="14913" midgetAurallyBawds="virtu" lyceeIliaOregon="synangeTrymata">
        <mahajun>redowasRooting</mahajun>
      </lapdog>
      <worsen>
        <bronzenOrguilVotist>wellman</bronzenOrguilVotist>
      </worsen>
    </inertia>
    <idantAceiteTyronic jurists="ligulinUshakAssized" enduresCetane="uncaDramasLicks390" pinturaSogdianCaphs="anywiseSumpsFathers">
      <boutoDisdar>cassisBeepersAbated</boutoDisdar>
    </idantAceiteTyronic>
  </meetly>
  <ollas>
    <enliefFigPeewits>
      <legge>frownsHauls</legge>
      <damningDinged politei="tarokFirmityChuddah" pawEcize="varnishUnnapt">
        <fanjet>ackeysDisrout</fanjet>
      </damningDinged>
      <acerliNonionSah scyld="endowerSlowupJungles" pommee="5001" hoolockDecence="62780">
        <betimeUnstoreSousing>shamusOutbulk</betimeUnstoreSousing>
      </acerliNonionSah>
      <simars ogoniumLinkman="pecunia82" warrayRecoupeDallier="substConvito" plowingExpiree="genro" alkyls="oons2">
        <koussoAmakebe>quippuEncistVirgas</koussoAmakebe>
      </simars>
      <daywritInditchPowter lockrum="54022" stickelOrgiac="3351">
        <finetop>9258</finetop>
      </daywritInditchPowter>
      <sattvicNickar baylikeReversiTeart="dero" tayReadingIseum="coccyx" keirsGauger="smickly">
        <cortinsStipa>reannexPsiloi</cortinsStipa>
      </sattvicNickar>
      <sputFon gypsied="monte59">
        <myocyteSurfmanDobe>spumoseTemperyVarify</myocyteSurfmanDobe>
      </sputFon>
      <pars>
        <cubistsGigs>refuterCoagule</cubistsGigs>
      </pars>
      <couping hiverUpshotOvillus="discinaLithol1" elevens="maidsBushily545" doggyCavern="sharkiXctlWorkday" much="5689516">
        <chasers>tubmenLeaflet2042</chasers>
      </couping>
      <popely>
        <snabby>fazes591</snabby>
      </popely>
      <dochmiiLiernes boyosEnhalo="aruiGox" unipedBrutism="haratin">
        <porretHafgan>ganges</porretHafgan>
      </dochmiiLiernes>
      <gaolageExclaimPiggery arumClayier="prakrit" rounder="scarletAquilon" yiltWending="nettles14">
        <beatiCrocked>whifferDeclaim</beatiCrocked>
      </gaolageExclaimPiggery>
      <shahin crozer="obeliseBeyonds" petrea="537909" venousPortwaySubnet="505066">
        <nephrosRoseousVillein>upwithGunyehNighly</nephrosRoseousVillein>
      </shahin>
      <shoransScooterCaravel>
        <garo>arxDenter1378</garo>
      </shoransScooterCaravel>
      <renalSwisser jibBukatRegild="73">
        <keasChamfer>sutter</keasChamfer>
      </renalSwisser>
    </enliefFigPeewits>
    <becardLasque albumFleamSebasic="crissNupe" macBrionyBlot="wacAdverbWorble" fumousModify="loyalKeylock" hammalYarke="acuchiWid" dagRitelyHeil="spicierPygmyReiver" chattyTrainel="mowland">
      <embanks>8751</embanks>
    </becardLasque>
    <ownselfCarnePulton>
      <kling>dioon</kling>
      <ihlatFair>
        <signetsAgars>steric</signetsAgars>
      </ihlatFair>
      <calci flakageLiplessCentrex="6840747" masjidShoqZayat="yarbZymases" kyoodle="cartop" ladifySpencerChaplet="2651">
        <croreMamona>179</croreMamona>
      </calci>
      <granmaBemusk trionfo="222" mistierAtwiteGayety="symtab" vespineDeadeyeStabled="gheraoEulogic7" pittite="nerka">
        <splenicCandles>realarmApocyteTaxless</splenicCandles>
      </granmaBemusk>
      <rochetsFistfulTodea lairedPaddler="97778298" stintyOscanKhamsin="infanteDoggo">
        <psisOutpipeTops>larikinExedeKahawai386</psisOutpipeTops>
      </rochetsFistfulTodea>
      <worsumJoskinDiets drownsHarpierPeason="580334" xxivSlotten="quinyl">
        <redleg>scudi</redleg>
      </worsumJoskinDiets>
      <yarnersWadersTeams>
        <cliffed>quinicWaughts</cliffed>
      </yarnersWadersTeams>
    </ownselfCarnePulton>
    <cryonic>
      <unsuedHyakumeGujar>1</unsuedHyakumeGujar>
    </cryonic>
    <bergyltYou invader="1941">
      <hazeledHabnabGraved>umbers</hazeledHabnabGraved>
    </bergyltYou>
    <cerumenGulpin>
      <curredSagesse>twirlsSuetsJapyx7262</curredSagesse>
      <homraiWayang rallierSwooped="jays" bedikah="mythifyIssuant" rallyeArchgod="duopod" focalSalviasMohawks="paepaeMeq">
        <medal>50</medal>
      </homraiWayang>
      <theemimPelewHorahs atlatlIngenioDoby="necktie5" harast="inclipsGoondieShoos" abramis="flugel">
        <schulYawpsExpel>cacodyl</schulYawpsExpel>
      </theemimPelewHorahs>
      <slowup kisses="950318016">
        <dizenedDowdilyProds>bewidow</dizenedDowdilyProds>
      </slowup>
      <rinka sanger="debutedAlgors17" coheir="erased" inflesh="ingle1">
        <faquir>algazel</faquir>
      </rinka>
      <radeauxShrikeEmball mullahAlgumsDaeva="curlews" robotLanoseAxe="856066889" curvous="17375" fisheyeTobymenCeston="3151">
        <diceUntwirl>160240</diceUntwirl>
      </radeauxShrikeEmball>
      <decalin deflect="318697" foraneVolte="arsonic4886" releverSwimsGusting="chirreCholeraLikens24">
        <amarityEclats>zimmyWedgiesBalkily4463</amarityEclats>
      </decalin>
      <boteinYizkorVotist obital="uteMorphiaNeedsly">
        <tipcatsFilaze>509547</tipcatsFilaze>
      </boteinYizkorVotist>
      <conteParsesPicots tanikoRectumBanilad="coillenJibstay">
        <sinkingGrithsIdiot>51</sinkingGrithsIdiot>
      </conteParsesPicots>
      <dinkySeoul thungePedage="quakingSudanicNettles561" steeperStoray="enzymicNipasAccuse496">
        <sergiusPresent>pontiacFirth</sergiusPresent>
      </dinkySeoul>
      <typhlonBidarkaAlophas swaggedUntrainMbori="tether">
        <encheckIncited>harmonHadntChabouk</encheckIncited>
      </typhlonBidarkaAlophas>
      <fila alaneAugersReserve="nicobarPrecox" succussEvolateLoquats="anousHabitus" shraveDioneHoods="visiblyNebulePiatti" thackPterianBliny="exacterUlcers">
        <vvll>clubChusite</vvll>
      </fila>
    </cerumenGulpin>
    <chappowAurir>
      <telembi>youwardLallansSquader</telembi>
    </chappowAurir>
    <scoad doddersMichelPixels="vizor" hespel="terret" devvel="emesis" jinjiliBynameIllocal="mambuDecdRichen" heil="dirties">
      <mimeoedNanoidGrubby>9</mimeoedNanoidGrubby>
      <buceros raya="nimkish" streen="531932516">
        <tebbetLoutishPegh>inexactOuroubBugged</tebbetLoutishPegh>
      </buceros>
      <sparyOkoniteGorsedd kitArioso="featSpoorsHinter">
        <sizzler>wavierDolerin</sizzler>
      </sparyOkoniteGorsedd>
      <opsin wauken="ripenedTyp">
        <mascRedcaps>wisurePiraticBestamp</mascRedcaps>
      </opsin>
      <losels chapterPiacheWhoa="lemmingNowed" ulmateProsode="droopyBaittleGrubbed">
        <tapirsAtomyBlunker>japygidPayorLamias</tapirsAtomyBlunker>
      </losels>
      <daimiosAttalea birthy="cleatPalma8602">
        <lythe>penguin</lythe>
      </daimiosAttalea>
      <subseptAvenida>
        <deskill>fiedLucius</deskill>
      </subseptAvenida>
      <testate caonBindiNies="choldMavins">
        <fylfotsMimosisUrao>yeastedRending</fylfotsMimosisUrao>
      </testate>
      <uangPickin sericin="okeePituitaFee">
        <hashish>valoremPloceBaseman</hashish>
      </uangPickin>
      <makariAdreninAba tzetse="7" ramboFeather="dreichKettlesTopoi">
        <camauroBotels>mount</camauroBotels>
      </makariAdreninAba>
      <inogenHoop callopDeglut="tsktskBovineSchmelz" brain="meridaUucpnet">
        <writheTenuryDaven>85020</writheTenuryDaven>
      </inogenHoop>
      <finnan alloyOndyTanna="molge" mincerSortal="cafesTurnkeyTachiol110" aureusDalton="lysidinDipcoat" enfoil="tine">
        <draweesGhatBukat>rotAirbagGuanos38</draweesGhatBukat>
      </finnan>
      <flaffer>
        <smouserPillet>4784634</smouserPillet>
      </flaffer>
      <murinesToryess fatnessCurveyRecto="copa" unauPikelPetioli="drillerBuglers" sexlikeGrosseFooter="cygnetClads">
        <potters>kagura2243</potters>
      </murinesToryess>
      <aligner boostTigger="287557470" munnion="carnifyBloops5123" gorilyFurcae="1">
        <agramedUnwivedExcises>gather</agramedUnwivedExcises>
      </aligner>
      <depthenRenter somlerDumberAlenu="ascaredPox" cootie="80537521">
        <hoys>yachtyMooryPaiocke</hoys>
      </depthenRenter>
      <hemming threadCadilloChimbly="feastSteeple" cochairGallowSheety="whilomMaxixeKirve" peasesThenarsPepful="snicked">
        <peevingPrimly>solay</peevingPrimly>
      </hemming>
      <caviledAnotiaYeaned jeanneAnurans="blancHilarShrab" atribleLookers="6137" espinalBating="shawlWinning" stengAerates="redigLeesomeUndeep">
        <giblehFuchsiaOlden>vastusDentoid</giblehFuchsiaOlden>
      </caviledAnotiaYeaned>
    </scoad>
  </ollas>
  <salol glagah="flechesTeniaTrullan" conduitOrduChueta="encPeeringStuping">
    <befellBrazerUridine>
      <almahs>embanks</almahs>
      <dirked outkiss="siddursWhigs">
        <jaghireButling>turmTriunes</jaghireButling>
      </dirked>
      <dysRestain devideZek="744" sordOversayActify="dismastCowardy" ottar="saguranMeddle" iceboat="ectirisEclated">
        <niobateGuily>oxonian</niobateGuily>
      </dysRestain>
      <duftryPepless>
        <morus>choirBought</morus>
      </duftryPepless>
      <unaimedLowserVerdure besnowArghan="lesleyaRicinic59" hasherDoricalBirch="adactylToxicolLinked17" wannessCopras="272844853">
        <thoneTakyr>gunkPatriotPros</thoneTakyr>
      </unaimedLowserVerdure>
    </befellBrazerUridine>
    <rodden>
      <sphalmaOrthantLengest>pannag</sphalmaOrthantLengest>
    </rodden>
    <amagaPteroidStroam>
      <macchiePatana>haughtyUpcurl</macchiePatana>
    </amagaPteroidStroam>
    <inital pruningSaning="scryRugous" boatersGreeve="17" juicersGithNonage="68" aqueousHeyday="slusherLocule4012">
      <eringos>mahi</eringos>
      <bipacksFlamesSwifter crickedSatyrs="reaped">
        <deedierCarumOverlip>cornada</deedierCarumOverlip>
      </bipacksFlamesSwifter>
      <zosma heinieSavinAgogic="marmiteAliyas" catoismMimeo="824029647" wencherRhymedGetaway="unform" kamalas="301984654">
        <smiddieKillers>eruca</smiddieKillers>
      </zosma>
      <rhizoidTumulus towmondMopes="astrierRennins430" nominal="bollardNoah" signist="7">
        <outleap>erodingSnapper51</outleap>
      </rhizoidTumulus>
      <basadKistfulHeroize dogly="421891178">
        <daddumsBeaumeCogger>alangeDesuete</daddumsBeaumeCogger>
      </basadKistfulHeroize>
      <siggerBionNylon>
        <jangkarBonders>swaggir8</jangkarBonders>
      </siggerBionNylon>
      <avengeFootpad atrip="oatlikeDudeCasket">
        <jorumsIvyweedHappily>callous</jorumsIvyweedHappily>
      </avengeFootpad>
      <jemZyme anodalBurgs="3167" ptereal="pieingPerh" potanceSleighs="fealCements56" kebabsRecode="gaugingCaliteHubby">
        <requitBarely>pyriticCodeinaAllies</requitBarely>
      </jemZyme>
      <mimsey>
        <talcing>waygone</talcing>
      </mimsey>
      <tyned tenio="misreadMarga" screaksHods="ovula" bezilDivi="357">
        <clarain>focuserOffendsQuackle</clarain>
      </tyned>
      <luger healthDewing="eupepsyPieshop" legBassine="tenonElkdomAnteact" eparchReclude="gummoseChrysidPortway" camarin="chapmanTricladZaniest68">
        <amorphyPeepers>bautaJudoKalysis</amorphyPeepers>
      </luger>
      <siccedPiegan>
        <aequiBkcyIcteric>porketAeolianHamburg</aequiBkcyIcteric>
      </siccedPiegan>
      <poemletJellicoPtilota reedierPugreeRelose="payback" hilltopKhutbah="hectiveCaducei" agadaBertieWilles="tyloteDozyMeese">
        <biblistCamass>biasing</biblistCamass>
      </poemletJellicoPtilota>
      <latinusZenzuicInducts hyte="703011" nonpros="571" camansi="vaseHypnoidEryon" tuyereSeduce="dunningWareggaOlogies">
        <perfumyCatgutsTripart>subsaltAgelausMinnie</perfumyCatgutsTripart>
      </latinusZenzuicInducts>
      <clawedWillowsNytril ferrashPotashKronen="unyoung445">
        <demimanHydrant>freonQuaukOrdo</demimanHydrant>
      </clawedWillowsNytril>
      <pleatsBeslaveCaoine corey="maumeeOrexinDims66">
        <kuku>670</kuku>
      </pleatsBeslaveCaoine>
      <tundishMiaowsMillman>
        <dwamishAryVaisya>spicaeSension</dwamishAryVaisya>
      </tundishMiaowsMillman>
      <rumage hitheAgarwalCarrat="pitterBundist8030" auguryDinningTetum="35" consommPalfry="hubbyArent">
        <snarerGonotyl>tenorTorsadePinkie</snarerGonotyl>
      </rumage>
    </inital>
    <mitiest>
      <fink>rearingMouche</fink>
      <hogglerGannerTiglon margays="pbxTheticSebific" numacLanx="29890" jochen="samucuCottersExpirer" scalx="swineyMirvs">
        <spex>demonHackles2</spex>
      </hogglerGannerTiglon>
      <offtake>
        <lorenzoSitupsStrowed>kelder5</lorenzoSitupsStrowed>
      </offtake>
      <lycopodRetuckSabayon bepaleLatinicSambhar="limbu77" doolfuTiptiltSkylab="espinelDanaine">
        <arenaChymes>16036719</arenaChymes>
      </lycopodRetuckSabayon>
      <sludgy swirdGagHousage="wombyAureolaDumpler848" glutsJagat="rightly8122" luau="oospermJugerAcara1780">
        <delbert>arabChopper</delbert>
      </sludgy>
      <ghettos makutu="61418801" chalanaPhenate="82302377">
        <morningDukeAvenge>956167218</morningDukeAvenge>
      </ghettos>
      <fib budzatTowed="amidon">
        <aerobiaFrightyLasts>elidedGordonWryneck</aerobiaFrightyLasts>
      </fib>
      <culicesNopalKammeu remorasPaint="bunkieSchmuckHelipad">
        <brasAnodineVegas>deboner8</brasAnodineVegas>
      </culicesNopalKammeu>
    </mitiest>
    <tohoMeller>
      <clintRanularShimmy>petrean</clintRanularShimmy>
      <chadar>
        <penide>acredSnarlyLegator</penide>
      </chadar>
      <amindedFloored>
        <litotes>suricatTearer</litotes>
      </amindedFloored>
      <miekFritBerried misBeefsHamburg="9">
        <smeeth>plook</smeeth>
      </miekFritBerried>
      <damasseJoannes spuming="owhereWhummle" bilinBroochMoolvi="siddurs">
        <duxesOddness>scrags4797</duxesOddness>
      </damasseJoannes>
      <sphene zapotecSirdar="9624" mandyai="yapperKorecTophe" vese="verityEstre" jenniesShul="libby">
        <amboinaBeheiraTybalt>cafenet23</amboinaBeheiraTybalt>
      </sphene>
      <ptisansLodgingArchon perdy="camenesBeslow" duelli="coccyxYardmanTasbih" cavorts="roun">
        <agoniesLinguae>zoarcesSuing3</agoniesLinguae>
      </ptisansLodgingArchon>
      <jetwareJigsFantee bluffsSabringLare="faciendRenalSootier" uphangGansa="hageen" unoilyRadixesPaver="folatesPeponidExtreat" howsour="imbuteAdoredParella535">
        <anoiaSlackieCaptan>lepage</anoiaSlackieCaptan>
      </jetwareJigsFantee>
      <fond tutele="jojobaOchHarvey">
        <bedunceOtaria>3</bedunceOtaria>
      </fond>
      <yirringTuyLepta bombolaUppullPhonier="jurymenReladeSinite1">
        <mommeSimlinsOutpart>cyathiModalFetted</mommeSimlinsOutpart>
      </yirringTuyLepta>
    </tohoMeller>
    <halvahFlybyKnittie>
      <waiguliCzarishQurti>laddies7003</waiguliCzarishQurti>
    </halvahFlybyKnittie>
    <centryVitrumWilrone>
      <octoad>pelasgiRushes</octoad>
      <vittledDolente>
        <recoupsBrewery>riservaZoilean</recoupsBrewery>
      </vittledDolente>
      <kassite rotondeBowknotWhelks="bierGeestMishear" repinerCrural="delaysAlumsOlogist" peeksFidalgoSemitae="skewersDrained9" svante="unvagueGainsayCentrad">
        <fugatoTiwazSlumps>bouffeWealsShally</fugatoTiwazSlumps>
      </kassite>
      <barestWotlink ovulaSawmanBoyo="haltingAmorphBehead5" susanee="simblot">
        <frugs>541393215</frugs>
      </barestWotlink>
      <hobblyFlakier thesaur="knobbleSackerZest" feilJabotAgisms="6653271" dildosTangram="courtedBangled" solingDaggers="footyAraby5589">
        <cobnutsFregataJacky>rankingLowland</cobnutsFregataJacky>
      </hobblyFlakier>
    </centryVitrumWilrone>
    <sexismPaiche>
      <moeursFerie>9</moeursFerie>
      <adati>
        <queridoNumine>373</queridoNumine>
      </adati>
      <rakeage encryptAlagao="rechartMicrobePourer" macedKistSonrai="diactinSaggardCowlitz">
        <wauchSlashes>colloid</wauchSlashes>
      </rakeage>
      <umbrana gallons="911625193" farcist="56" rechartConche="carrysOtters">
        <newels>509</newels>
      </umbrana>
      <vibicesDiffameNaggier brannerNeddy="bewraptEstall" haupia="alandRevokedAdion2" healedSnipedKelped="quinas" aericKakapos="panada">
        <squeelIgnoble>16</squeelIgnoble>
      </vibicesDiffameNaggier>
      <jailishKanaff>
        <templum>dibhole</templum>
      </jailishKanaff>
      <sancyTenure>
        <unsentKnell>madisonAbrazosEmmenic7144</unsentKnell>
      </sancyTenure>
      <auchletNauticaBathmat>
        <sauries>upstamp</sauries>
      </auchletNauticaBathmat>
      <belate hatteAlnuin="326932">
        <zodiacWaltyHaik>liatrisChiniks</zodiacWaltyHaik>
      </belate>
      <deave expiry="jokelet" reearnRhebokOscars="4548874">
        <flouterAniseed>adevismDaggarIdeo</flouterAniseed>
      </deave>
      <ontario panzerCharnu="rabbleYob">
        <pearledPadsStomium>nattCannel</pearledPadsStomium>
      </ontario>
      <ribwork anticks="181196" tetardGnabbleChiasmi="22" shuffleAnoil="montExaun">
        <mataiEcch>unwistTelevox1075</mataiEcch>
      </ribwork>
      <resumer mayfairLimnery="aerosolOutjinxConics">
        <lameMyrtolTinean>grinded</lameMyrtolTinean>
      </resumer>
      <tariffLumps chiselsArmless="ratting" skyrin="haglin" teleutoRebecksHerbage="ruswut" lekaneInhaulUnplan="kyangUpcloseCouped">
        <terbiasMergerCorchat>lusts</terbiasMergerCorchat>
      </tariffLumps>
      <obeche>
        <involveUgrianPatines>7005</involveUgrianPatines>
      </obeche>
      <darius unacuteKalStinge="9891741" posesJojoba="serfsGeminid" kgf="dialing8549" bagnetRouenGosther="787">
        <bylandClash>smellerChuncho</bylandClash>
      </darius>
      <despite>
        <adeptlyFlouseShelley>35453</adeptlyFlouseShelley>
      </despite>
    </sexismPaiche>
    <adornParisLongers>
      <shrip>arrayalFideosThouing</shrip>
      <upknell brigueMiosesHalogen="abrader">
        <tynwaldTensQurush>parkishWarpersMusty</tynwaldTensQurush>
      </upknell>
      <muzzleDadaism juntoBuggerLepomis="amberyWaxwingChucks7378" guaduaRochea="crabitBuriesGozzan">
        <yowlTearersRhachi>49</yowlTearersRhachi>
      </muzzleDadaism>
      <feinter couve="jaguaRote" archgod="bepuffRounderOvulate">
        <climantNimblyCorbie>tournee</climantNimblyCorbie>
      </feinter>
      <aeridesSiccedTabla urazinAsap="outbragBleat9" abidingTangler="98" boxcarsHarbour="casaviVariant">
        <nahuaEgoize>kvutzaYarkeeOutswam</nahuaEgoize>
      </aeridesSiccedTabla>
    </adornParisLongers>
    <burgoutGiliak>
      <contourMenorah>curveCarefox5216</contourMenorah>
      <movingsCortinaVarsal xystosKickierIcotype="extaticOdessaMuggurs">
        <shooledPoros>loosesOozoaWrite23</shooledPoros>
      </movingsCortinaVarsal>
      <rebindsPsfRusk hoghead="fouterSoogeed" saulCeladonRenoir="platery" celtisPeakilySnuff="chutistFixate">
        <nou>bdeUnwitsDoulce</nou>
      </rebindsPsfRusk>
      <crammedSelfist ratos="putoisElutedAlgific" oakweb="36">
        <jivaranCassoniThetic>9632</jivaranCassoniThetic>
      </crammedSelfist>
      <rundelRumpus trpUnshadyAlew="65" tetrodeTallithSwick="363951">
        <sapeleCambial>rarioraPavier</sapeleCambial>
      </rundelRumpus>
      <damnousPhecdaStatary>
        <gilly>frottedKecklesChasing</gilly>
      </damnousPhecdaStatary>
      <pilfer nosu="tautogMastax" swiggedPithesArroz="dingUploom" dowryCanedChoice="napaea" tariffs="538580127">
        <chulan>jessingAbattue375</chulan>
      </pilfer>
    </burgoutGiliak>
    <moonsif>
      <vulvaeBarbuleSwooner>lulab</vulvaeBarbuleSwooner>
    </moonsif>
    <bandiVickyReins>
      <louvredSelfingSclaffs>crucianAgalaxy5</louvredSelfingSclaffs>
      <brokesVickieUnlame nouveauOpaiPalmae="rustier" peeliteEnglad="tinge" fumadoCryptoEnzymes="barwaysRocks">
        <strides>nuzzledStubberDrey</strides>
      </brokesVickieUnlame>
      <durbar mislled="acatesPeneidArcadic7" gasboat="inutile" litsterMonumboSoshed="asdic" crpeProrean="knifingGoolah">
        <biplaceRhymery>bedfastEndower277</biplaceRhymery>
      </durbar>
      <employeUnsweet pewdomSluicerDighted="6795499">
        <fibulaUxoris>reearnsHieCrib</fibulaUxoris>
      </employeUnsweet>
      <fiar nakoCubiclyHormist="teucerPoulardBrick">
        <easily>62036</easily>
      </fiar>
      <loquentModernBrast anonymsHoylesBoiled="mundaneLeisure397">
        <oasesGladeCostae>finalisLiteSkelper</oasesGladeCostae>
      </loquentModernBrast>
      <ignitedCeleste poschayEmbrailTitlist="romalComism" melts="grithDeeperUnasked5635" facientMandolaSiloam="asarta3254">
        <deviserSmurtleDoddy>horasCrookenAuf</deviserSmurtleDoddy>
      </ignitedCeleste>
      <noosePulps roamed="355713181">
        <deadenSubbassSips>30714</deadenSubbassSips>
      </noosePulps>
      <canularUpleapUnbefit meltsVaurienTrills="kochIndulto" afric="17048" astrutBobbyCrappo="dixy" summitIngene="codgerDecian">
        <kavaStuccoTypical>59614384</kavaStuccoTypical>
      </canularUpleapUnbefit>
      <petersMygalid burrah="syringeJimMazame">
        <quahogsSody>prided6</quahogsSody>
      </petersMygalid>
      <isatide falsenPentice="tacanChippy" amphiGoopsPleat="megrel" unsnapRitzOusting="galiumCrumbumAgazed">
        <shahin>kuldipClerumTalcky</shahin>
      </isatide>
      <pureyKelliaOsmina enskies="oakwoodVentureMessan">
        <injellyMotheryThicker>ductingUnmildSolider</injellyMotheryThicker>
      </pureyKelliaOsmina>
      <gangaBoostKikes vawardsBiologyAtypic="7">
        <dargoLeese>16136415</dargoLeese>
      </gangaBoostKikes>
      <dostOutgrewAreg frogeyeFogy="aldane">
        <rifts>edderImamateAmbach</rifts>
      </dostOutgrewAreg>
      <hulloesHackingSmirked scowCastockChadar="adeona" bungerJocko="colorumUncsGoiter">
        <scypphiToyosHirples>liferAmidesDaubier</scypphiToyosHirples>
      </hulloesHackingSmirked>
      <spain sijillWintery="imerinaPreachyPonca">
        <aeolidUndeanReloads>thymeyReborn8</aeolidUndeanReloads>
      </spain>
      <oba portlyZinganiRondure="ziegaBemixed" eerilyRhymery="brevisArrouseEctene">
        <untelicUntumid>septierHummeriInfante</untelicUntumid>
      </oba>
      <cytomaBandie sinked="shoppe" proserAnidianAchar="50250" enveilInlaysBowerly="kairosRemillJokish" spratWaylaidFields="miniousReshearTaennin">
        <tughra>sissierUsurers</tughra>
      </cytomaBandie>
      <hyeniaLenny patyBelted="4" costage="724">
        <pits>skatesJewellyOdonata</pits>
      </hyeniaLenny>
    </bandiVickyReins>
    <sbirroDulosis>
      <scyphaFiercerTruman>feignerFriezy</scyphaFiercerTruman>
    </sbirroDulosis>
    <guntherSaury statary="sixthlyItoism" starnieDerfly="truckedGibbolKanuka" faciata="divisiBabul144">
      <nextly>bigaEnder</nextly>
    </guntherSaury>
    <iraqian>
      <metumpGrunter>658713</metumpGrunter>
      <glynCunette pat="pilar">
        <sangirGunzian>pituitaBosketsBalloen</sangirGunzian>
      </glynCunette>
      <medaled unveilsPackageTweaky="fernierTrumphHern" inbent="gliskLateral6" anglify="dolciWaved">
        <zill>capoMucksyCamelot</zill>
      </medaled>
      <tarauDecal antifat="869864" raggerCabbagy="acinoseResprayGoogol">
        <stadialKeck>tzarsBono</stadialKeck>
      </tarauDecal>
      <pagans linitisJoeTooter="telicalCantinoWadmel" scotize="lawterCujLatin8" incubusWalkoutKinemas="witneys" brayePlying="94044682">
        <plockEtnasEbauche>videturAlleneAbipon</plockEtnasEbauche>
      </pagans>
      <spissusSubitemCajou barongsPhytate="zoonite" rerunTacetBimas="43338938" arylAppuiGrume="ellfishOutwornMottes">
        <pitapatWaftyInknot>362</pitapatWaftyInknot>
      </spissusSubitemCajou>
      <leviesLastlyGaudily cateredDimityChazy="isolineRiotist" kamClicksFittest="lstBroncho661" copa="gorhenLatianGladder" textsDirling="smeuthTalajeRucksey">
        <taipeiMioceneUbiquit>coshesFolksy</taipeiMioceneUbiquit>
      </leviesLastlyGaudily>
      <glossemFouettTropia packmenFremd="basellaLoaderReechy">
        <sfogato>8595327</sfogato>
      </glossemFouettTropia>
      <fantasyExcambBoosies opinedArrishRulings="latexHamaulsSisal" mulettaScarify="revomit" rhinionFrontedShantey="earcap" afocal="frownerClime">
        <unhasty>aamLeal</unhasty>
      </fantasyExcambBoosies>
      <iceboxBra ladybugEndecha="1991849" wispsBajuryGuarrau="untruss" icterusClosh="cuartel" edgar="bolRevivorPuttoo">
        <evese>72</evese>
      </iceboxBra>
    </iraqian>
    <scatSortyGare>
      <delaterSimulerToecaps>unpagedCurfsTarrock</delaterSimulerToecaps>
    </scatSortyGare>
    <cultual>
      <adjectMidland>tewingChagrinEpeidia2</adjectMidland>
    </cultual>
    <patteeTropeicMotific hsuanCingle="agitate" nicols="lendAdyta" perkinEvery="trilletParisAbode">
      <nuculaGumweedLeglet>pinnaMemphisConcupy</nuculaGumweedLeglet>
      <unclad>
        <marletFoge>taguaFlanged</marletFoge>
      </unclad>
      <slurban ambuliaAways="flaite" delilahSheppeySunnite="audadGranges" brazeraBosonicShayed="300">
        <nooking>sleezySobbed</nooking>
      </slurban>
      <arisardCharqueYessing popsPandani="hiviteKuman1811">
        <graylagMoke>fizzVedanaSunniah60</graylagMoke>
      </arisardCharqueYessing>
      <seeablyCleamerPtosis jacuReallyAdrip="ology">
        <burinsAtebrin>aerugoBesteal</burinsAtebrin>
      </seeablyCleamerPtosis>
      <whishSippio coutersAtole="tensoTainsBority">
        <chyazicUndamn>orcinSeptuorBernie</chyazicUndamn>
      </whishSippio>
      <siloingToreroMbiras>
        <driechHangedWishly>sougher</driechHangedWishly>
      </siloingToreroMbiras>
      <degrade bustingArriWadmaal="avys" ovid="clinahVisaged">
        <galoresKiyi>hitter</galoresKiyi>
      </degrade>
      <pere ticuna="14" laisse="unausMestiza">
        <tyresResteel>5</tyresResteel>
      </pere>
      <rears dwaibleEelwareAgreed="albrunaYizkorBend" verbalOlluck="aviatesZonary322" bravoPeagGaunter="9906" semigodBegsTho="busserAiawong">
        <ceriph>ochranaEtoffe</ceriph>
      </rears>
      <sorbed tamas="coling">
        <paupersCompere>phobia</paupersCompere>
      </sorbed>
      <amintorAphonic patternForrilPeugeot="postfixVolowChowsed" gnastEnstoolBanlieu="3">
        <imanScreeveTheyaou>frankerMiffsToisech5936</imanScreeveTheyaou>
      </amintorAphonic>
      <thackerCookdomGeneva>
        <enfavor>collun</enfavor>
      </thackerCookdomGeneva>
      <agoing reaverCloak="topsail" frorenRodents="dietistCobang">
        <dunkirkKorean>panes</dunkirkKorean>
      </agoing>
      <outrigShoed torePiousMuriti="gyroDidderNirvana" resealHitcher="iodoso">
        <boo>biderHighboy</boo>
      </outrigShoed>
    </patteeTropeicMotific>
    <carcerAwakesHaemin galen="77372784">
      <cestoda>broAbatesStott</cestoda>
      <warslesCals cesteIloko="unfrock" behootSuaver="fangsTeazerExtrude132">
        <creeds>filaria820</creeds>
      </warslesCals>
      <wheengePunti peladicFinspotSham="usenetScrotalJebusi">
        <pumpet>2</pumpet>
      </wheengePunti>
      <flooded xericGreisenRtw="857" silvics="polsStuddleConfect" diplopyRefind="tammarReality" unlust="beentEncage190">
        <parotisHerald>807</parotisHerald>
      </flooded>
      <feedRhabdos>
        <networkCapitaPeiping>9138</networkCapitaPeiping>
      </feedRhabdos>
      <glopSumen wangara="storialFaith">
        <inheredLuiteTemps>recusesBotonnFeedbag</inheredLuiteTemps>
      </glopSumen>
      <auchletTokaysMurillo glarierGlazedMammee="uronicMarcoVillota712" guana="phytylCruetyAtis" deftestCathern="eloignSwales">
        <jokulCircutsTrijet>damagerGuttusSarape95</jokulCircutsTrijet>
      </auchletTokaysMurillo>
      <wardayMisdateWaxen>
        <korunCouleurMeld>climax138</korunCouleurMeld>
      </wardayMisdateWaxen>
      <blotttoForlain biglyAcool="8928271" orbsCeltdomBiggies="harimSneaksPamment" pneumeHaptenBegloom="bulgersKislev" bhiliGorsyArustle="knifedEarholeUnmade">
        <mellay>22</mellay>
      </blotttoForlain>
      <apes whipperPeen="hotelsGunnar">
        <gonialKahauSnakey>norroy</gonialKahauSnakey>
      </apes>
      <henting catsHayloft="hiliAdalid" tonemesDuiker="mannaDemits7641" sitaButeinWaeness="cannWaddieDetrude" sonicaMirzas="pholadLoggingHullos">
        <decal>doperBussingLepre</decal>
      </henting>
      <gusainCelebreAlbedos perpendGrivna="khatConine" unsaysNodedCrunch="ghanianMahi" tramalRuffle="nativus">
        <unbluedScarlet>wormish</unbluedScarlet>
      </gusainCelebreAlbedos>
    </carcerAwakesHaemin>
    <scrike inspakeDiau="dansker" fondusGrowthy="planury3" fardageCrcTilth="glecoma" laxnessApoutWanters="4988" seegeWebelosViscera="foamBoyar" poorlySoushyDengue="impregn" imbosomScopingAtelo="prongyBams52">
      <combite>silylShiveyAbaff</combite>
    </scrike>
    <prys gazellaBaraza="agreeSaguing" tarri="camelus" paviser="defat" hermits="centonCoactsManeh720">
      <wagtailShark>butyrin</wagtailShark>
    </prys>
    <manumitOutsat>
      <uberty>918</uberty>
      <fanteeg finsCrusileMolosse="3" makingsYields="whooperMochilaSebums">
        <undewed>enchairPropio4126</undewed>
      </fanteeg>
      <helleneOnesGrimily bitchesLowanSkinkle="stalksUveasBailers1" soodle="ginnleReprobeWried">
        <brierRerowGuahivo>tungaMonesesBegani</brierRerowGuahivo>
      </helleneOnesGrimily>
    </manumitOutsat>
    <shroffChampak jinkerBrannedSoign="828" stilter="remoras" mutateSmokier="stigmasOutgrin200" allure="6700202" torgoch="chuted" potato="modderFermionIckers">
      <toadPyrenin>unstuffAntonio374</toadPyrenin>
    </shroffChampak>
    <anaySelfs>
      <creemVetture>fracid</creemVetture>
      <minersDorsaYar poured="lndg" reeruptEnsafe="levirBimahs6971" clangedDarkledTussahs="26142" ropingWebfeetCoef="nar">
        <hemapodHasps>mydine85</hemapodHasps>
      </minersDorsaYar>
      <murrhaJetsams deixis="cometh">
        <servet>waxworkProctal</servet>
      </murrhaJetsams>
      <trices lutany="pilose" turcianSquirtPtt="shins" racloirTutelaRowens="retinasFideliaPeaced">
        <smouse>yahweh</smouse>
      </trices>
      <empearlMournedBomber hakam="5" cumay="matinsBordun">
        <ducesSayst>frocks</ducesSayst>
      </empearlMournedBomber>
      <gadgeBraccioKumari eschelMafiasCun="teemTatbebMophead" binate="weamLagenae">
        <raneeHelmets>fishierCaveman</raneeHelmets>
      </gadgeBraccioKumari>
      <reestyCapfulsLyrate rexesBotongEpinaos="tungo" rettorePeuhlReguide="viduous">
        <upbelchGloby>hoistYoga</upbelchGloby>
      </reestyCapfulsLyrate>
      <grubs idioms="69">
        <raukleNecktieSchmoos>plashesJuicerByliner</raukleNecktieSchmoos>
      </grubs>
      <labitePunctalMurut unstain="racking178">
        <deedilyChoiredRequire>thokeJizyah</deedilyChoiredRequire>
      </labitePunctalMurut>
      <pilluleBryonyGuazzo sirihMurkerCurious="cheersWeetingDeval2474" quip="4876">
        <sooth>cloveneSnapout</sooth>
      </pilluleBryonyGuazzo>
      <tachiol footed="77713063">
        <crc>ictusWonegan</crc>
      </tachiol>
      <ziphianFowlUranin pulicidOlent="quanted">
        <trumpieChipperYonic>hecksArsonoStiria</trumpieChipperYonic>
      </ziphianFowlUranin>
      <abirNig ohias="trilisaAbampsDecresc">
        <salteryCycliae>orachAdownSwanks</salteryCycliae>
      </abirNig>
      <tummed unlobed="musales" untressNomoiEnhelm="hapticsWirable">
        <stanine>swarth</stanine>
      </tummed>
      <culeus colicPaeansCrumlet="slojds1741">
        <lunular>8169</lunular>
      </culeus>
      <taverns egretEmbelin="glaived" rerivet="renwickSaggers" scarphExuviaSecondo="outrageSultry" tarascoQuatern="globeUnhaspTrice46">
        <shuckerMolinetUnlucid>coelectYot</shuckerMolinetUnlucid>
      </taverns>
      <rooftopGauchoMorro jeersPiment="mikingGirderBushlet" shrivedRevelly="streeksToponym" galoreTelemenRoub="5025">
        <stormerSorted>advanceWooldCrepon</stormerSorted>
      </rooftopGauchoMorro>
      <upshotsSaite>
        <sceatAnima>trike</sceatAnima>
      </upshotsSaite>
    </anaySelfs>
    <cuminalCannatDiskery>
      <vawardAbuliaCaaba>74</vawardAbuliaCaaba>
    </cuminalCannatDiskery>
    <synop regattaAlgedi="sochtHopper" engraftManbotFang="moralesNaughty" lollingGoosish="viewsWolfersBabool" refloat="dilucid" galyak="uncouth" odesMora="601519">
      <forlaneCrullerJulidae>tubes15</forlaneCrullerJulidae>
    </synop>
    <papyralNondoJerids viewly="3" gaurieSootheOdontic="juratsLikingCymose31" tootsPointerKlatsch="94456172" canteen="knifeAlans" chudicGetfd="16689455" duxes="amitiesEndjunk" ketimin="eyingLawing">
      <cuecasChingmaStaphs>wedelnGusty</cuecasChingmaStaphs>
      <aimoreGloppenCathud cleddeTilburyIsidium="dharaniCackler516" curnie="ghazelAddictsDikers" medliedWorthsSwatch="atiEmendedPunamu3" enerve="morphon">
        <conker>waiwaiExitDeashed</conker>
      </aimoreGloppenCathud>
      <octopusPeacesStrewed pummelLimuliDiquat="kyriesStouty" smiftMiffingRad="7977">
        <peronei>pumpmanArenous</peronei>
      </octopusPeacesStrewed>
      <mowburnLicitFicche>
        <always>quelt50</always>
      </mowburnLicitFicche>
      <sayyid>
        <precut>553</precut>
      </sayyid>
      <bigfoot pinkeys="alefAliened" tutorOncetTuyer="obsede4686" abrotinKumni="riddingTellachAlfione">
        <limpets>wergeldDebauchArches</limpets>
      </bigfoot>
      <pagadorImmaneWese>
        <beladyPulpitsBedamns>almoignDieses</beladyPulpitsBedamns>
      </pagadorImmaneWese>
      <ettaCines>
        <chinles>1653</chinles>
      </ettaCines>
      <grillyEnosisEmbrown fliskedKariti="spickleDull3" toosie="513" handselLesghHun="baltisWawl5" ogresDolors="ryukyuShowishPowny">
        <odors>corvenWelded</odors>
      </grillyEnosisEmbrown>
      <kingpinTawkeeJean>
        <intimal>arsesTrumpedGuslee</intimal>
      </kingpinTawkeeJean>
      <limbec>
        <bedebtSnerp>slumberGinwardAmeba</bedebtSnerp>
      </limbec>
      <avarian>
        <unmistSperm>tussal1</unmistSperm>
      </avarian>
      <outlie escarTaeniteUps="gliblyVacuitySlimmed" whumpsBrakieClicker="369452">
        <towaiPeggyHisted>hollekeSpicant</towaiPeggyHisted>
      </outlie>
      <aeratorIsoamidAselar phanarTwalt="matralPaulist" canariSlonAnotus="jump1">
        <sadwareTesla>nawSitaoIortn</sadwareTesla>
      </aeratorIsoamidAselar>
      <jows lyseGyrosynGannets="taplingPileum2" pal="mashmenApperilTaisch">
        <chapletAcronyx>84</chapletAcronyx>
      </jows>
      <gigaLightedEirene serranGhyllsDharmic="pucaFalsity" warstle="31653" matalanPump="anabongEsodic" librisTorreya="792217">
        <enstatePaintyPizz>swayersRadial</enstatePaintyPizz>
      </gigaLightedEirene>
      <gardantHavanaTruants frillerScokeHippie="doblaStomataMorpion" mistune="furoresQuaskySneesty">
        <grelotBerendoSuasive>2</grelotBerendoSuasive>
      </gardantHavanaTruants>
      <rugNabakBalter macklesSumitro="baybushExcheatFurious352">
        <teiidsWraithVienna>geezer</teiidsWraithVienna>
      </rugNabakBalter>
    </papyralNondoJerids>
  </salol>
  <koala tellyConcise="lepasRoamedDelim" skirret="anjouCoutel" swordsExtreatPhyton="rulingUmpirer23">
    <paularHdlc>
      <vitrealForzLesion>sproilIjoCamden</vitrealForzLesion>
    </paularHdlc>
  </koala>
  <scythicCheezitSimia averishEpigyneAnilic="583772" karwar="ridge1" chirpBaylet="bassa" stealth="73009775">
    <daza goddizeOothecaOutbar="27085533">
      <derivalBused>unrindAmendGhurry</derivalBused>
    </daza>
    <pylonDourBrahmas basyl="filmistPanelsConvoys1020">
      <randle>sponsonResoldAwreak943</randle>
      <wordier floteZona="willawaDelbert" empFurrowy="shuteEiry" wyethiaAduskSnifted="5">
        <attunes>slinksClaquerJoshers</attunes>
      </wordier>
      <chieftySulkersTearful pailooPaltersOwsen="formatErumpPinkeny">
        <furnishUnpot>flytesGagers70</furnishUnpot>
      </chieftySulkersTearful>
      <embryolRoosing>
        <demiram>insuresRhizina</demiram>
      </embryolRoosing>
      <windy slashLoaveKeirs="reginaCargoes" ginkIsopodsSworder="moc" maartenCarfourStark="8" zelIhleite="401">
        <asianPsoae>reapplyUnmanNavely</asianPsoae>
      </windy>
      <farcedReblock officKibosh="tensionWraptGingal4" twingedShadily="phobosHackedSpiran" wersh="12672222">
        <lichamWhorled>572</lichamWhorled>
      </farcedReblock>
      <bravest>
        <laurieTaborin>221516</laurieTaborin>
      </bravest>
      <tastenFopsLamboys>
        <grocers>stopeCajanusStiffs</grocers>
      </tastenFopsLamboys>
      <fanfishBadgesSequins rootlet="balcheAneuric" readierTicken="storiedEsere" scrotum="maqui">
        <clausalUnmanDosadh>715745</clausalUnmanDosadh>
      </fanfishBadgesSequins>
      <analogy drudgeTappaRanees="dipppyErineum" tequilaForsee="860801531">
        <gilty>61769</gilty>
      </analogy>
      <cyclos libelsIsoln="weigelaMunsif1048" syneLavette="rusinDioxin" moustoc="winkingSoniouOlfacty">
        <pentads>biotronCtrlBuras</pentads>
      </cyclos>
      <talwegRerouteSpike>
        <tunnerVogues>874127</tunnerVogues>
      </talwegRerouteSpike>
      <skeanesEslisor caynard="angildBrittenEtatism" mucors="845477">
        <cocasTrancesMunnion>verdourIndrape6638</cocasTrancesMunnion>
      </skeanesEslisor>
      <overestSpacedAllays intimeRhizomaChlorin="minMaritiGoateed" wristerNomic="migaleTarasc" heuchsAdipyl="64164141">
        <intowerRhoding>baubee</intowerRhoding>
      </overestSpacedAllays>
      <makariLaoCrawler owlismScarted="77" siegurdPearlerExhaled="baister6">
        <yajeBrothe>phaser</yajeBrothe>
      </makariLaoCrawler>
    </pylonDourBrahmas>
    <hakuMymarFarhand>
      <balun>umiackTopiarySmeeks</balun>
      <ashramCermetsIsabel bepile="8761964" quinton="kloofUnwinkCanthi">
        <sedate>lungSacro</sedate>
      </ashramCermetsIsabel>
      <reemingEyewortReps jiffsAricianInfaust="ventersOlogy" mouthes="kyanite" bands="702657649">
        <lactoseInfulaeEssed>synoecyAtte6596</lactoseInfulaeEssed>
      </reemingEyewortReps>
      <upcloseBogging azonicNenesHaddin="9591178">
        <likestAcrylyl>evelineChuserEpenla</likestAcrylyl>
      </upcloseBogging>
      <bonesetAzollaEjects overcutProtyle="rabin5834" nothus="acorusUsualSibship">
        <leste>rawnessNiobateSnecks</leste>
      </bonesetAzollaEjects>
      <stickyAvestanLangeel overdryXylidicEmptive="somehowRepawn" regimes="unglobeEchinal" cassida="sklentsToust" freshetReseeks="cloyerBribee">
        <cussosRemockFocuses>embraidMashies</cussosRemockFocuses>
      </stickyAvestanLangeel>
      <cod warrensMeeksRort="73128264" coaptsBreeAccruer="guindeSholomSavvies" innestEsca="tigons817" tsungtuCultish="sodomyVehmeDicyema">
        <vagallyCalvesSaughy>owing</vagallyCalvesSaughy>
      </cod>
      <fattestGummers fracasSoulter="belierOuph" outtalkAsopParis="topengPurse4492">
        <stickenProverbPalulus>spicaEquateTwine</stickenProverbPalulus>
      </fattestGummers>
      <shitherImpave>
        <cursing>hysonsLaz</cursing>
      </shitherImpave>
      <gauchosQuemado satoriiEmoter="earnfulCurtiseSynaxes91" ebrictyReified="elemolChevron" dishelmAmalg="38582" toxify="37693">
        <dallier>5524</dallier>
      </gauchosQuemado>
      <subage contectReifiesFierce="94419898">
        <samoanSeagullTyken>tatsmanSht</samoanSeagullTyken>
      </subage>
      <dubbing>
        <unthridZemmi>obtundsOxbirdChris8008</unthridZemmi>
      </dubbing>
      <doystWallaby closterZingerChico="241350973">
        <regUnheler>cuttlesEstrifGranza6</regUnheler>
      </doystWallaby>
    </hakuMymarFarhand>
    <pearCronetPurpie provost="koeriGrosslyCessed54" zebraParleysConveys="roodHandgunDargo" hippishVeligerWord="glumlyButled" soliste="884" debutsDodder="4099328" footman="83">
      <nictateTeentyYoker>alodianRatero</nictateTeentyYoker>
      <adultsMunia twiner="haman3">
        <rebrownUnified>pepinosDagglyHabu</rebrownUnified>
      </adultsMunia>
      <outceptToolsy skeneTuikDollies="unlives" cantingFixableDate="acolhuaDisdainClients">
        <prosilyElbower>staterAlkanesApatite</prosilyElbower>
      </outceptToolsy>
      <flackGrand>
        <statsTroat>mastras</statsTroat>
      </flackGrand>
      <deputesDiadrom kinlessAvailedHawkery="termingBuxerry1493" culled="coversDearthRikshaw" codoIliac="banquet">
        <recastSilageDan>60624</recastSilageDan>
      </deputesDiadrom>
      <gurdle>
        <baaskap>cloveneWaxenCows</baaskap>
      </gurdle>
      <kirnedGeraty dander="tuppedObiterDetente">
        <pratalTellyPieter>95</pratalTellyPieter>
      </kirnedGeraty>
      <quirkLeepRecopy virify="dauphinAbrazosLures">
        <paleolaMozarab>osticZunyite62</paleolaMozarab>
      </quirkLeepRecopy>
      <scogie beardyReddles="torsesCarayan825" knospedScoopBurfish="poland" riddenRattel="troth">
        <remord>gowns</remord>
      </scogie>
      <traumaImber varnishAttemptLied="asunder" nebulas="hillsReversCoherer5572" letuare="trucial">
        <approvePrimp>4275338</approvePrimp>
      </traumaImber>
    </pearCronetPurpie>
    <esteemTieThymene>
      <zaddick>462</zaddick>
      <moterTheliumHubshi potshaw="inlayed" beinlyBoneenPontons="abattue">
        <calendsChilion>fresno</calendsChilion>
      </moterTheliumHubshi>
      <waag>
        <ptoticGesanBekko>volutaLynne1</ptoticGesanBekko>
      </waag>
      <disamisAcieral missungAdradZep="300" eructCovetedSloid="4" cuestaWarineRecond="saquaroBikinisWindz">
        <spiseLongrun>unmossyChaffy</spiseLongrun>
      </disamisAcieral>
      <shamash>
        <plumbs>jawanLockageSiberic817</plumbs>
      </shamash>
      <poxy empress="99800601" idetaAortism="limmersDustuck3" buffersDavyum="15360103">
        <pollet>sergipe43</pollet>
      </poxy>
      <jasmin randnInseam="poesyCowedKrapina">
        <peepulsVocable>kiangan</peepulsVocable>
      </jasmin>
      <cornets>
        <ejamTejonDansant>apatan</ejamTejonDansant>
      </cornets>
    </esteemTieThymene>
    <pleckStruct>
      <corradeVarier>swedeMotykaLinier</corradeVarier>
    </pleckStruct>
    <cashooInsectsCoct>
      <danize>257</danize>
    </cashooInsectsCoct>
    <anteingSeiche corridoOzotypeBerm="drubbleMinx" retomb="426487" woaBehovesChilly="58406754">
      <chancesSheshaMalmier>tahgook</chancesSheshaMalmier>
      <bugdom yields="557" prurigoLadlers="blemishRouped" metalsFname="oxgoadBursulaChignon">
        <absurdsCloison>hondasIdismDedd</absurdsCloison>
      </bugdom>
      <renig gingelyJackash="harpyiaTownly8806" dulsesFlailedPombo="akasaBirds" touracoAimlessBitch="nocten71" zooter="conurusAkhrot">
        <inspakeMineverLatooka>bovoidHinduCaked</inspakeMineverLatooka>
      </renig>
      <uncrispWelling unmolds="phytolMurther">
        <teaish>batsman</teaish>
      </uncrispWelling>
      <sighsFixiveClinium>
        <frenuna>spadesUnmoralPlinian</frenuna>
      </sighsFixiveClinium>
      <satangsBajocco>
        <nibsTamarinMels>alvusFluvioPatacao</nibsTamarinMels>
      </satangsBajocco>
      <kinesis>
        <spurred>slavist</spurred>
      </kinesis>
      <frazerInsetRibose keirDouanes="armorerAzury" chequy="easesDhobi" epigynyTriaxalApp="bakeMidmost9">
        <outpopWiceDoctors>6977209</outpopWiceDoctors>
      </frazerInsetRibose>
      <drabToskishTikkun marx="willowCleome" tocomeAthanorBrewery="morphewPhasers" chanoyuSebacic="avenuesNitros">
        <foxiestSenufoEnvying>92881</foxiestSenufoEnvying>
      </drabToskishTikkun>
      <botchAgitatePonceau ochymyHoju="ply" retagArnattaKizil="noyadedBeteela" outsees="teadishBacisCranely">
        <gesningYuh>782651</gesningYuh>
      </botchAgitatePonceau>
      <winnerVerzini moucheEloper="serabCurlerPosaune" aranga="matlowSigmund" packmen="3" kermessBelam="slirtPasts">
        <reenjoyBerchta>malachiPsendEncia</reenjoyBerchta>
      </winnerVerzini>
      <phoenixGutsierAnaitis sishamPunster="71062925" englorySpary="682317673" evening="bergh3956">
        <bechaseZirams>shrutiAbraded6</bechaseZirams>
      </phoenixGutsierAnaitis>
      <quashy tolylsLiaisedGrandad="wyles">
        <unbusyCaracul>bloatsRovings</unbusyCaracul>
      </quashy>
      <epistStyldia fortlet="cinemaQuelchUnflaky" ickerCerion="4615" pertyDetruck="387329719" coverup="whisperCliqueWhauk">
        <teguaSolvateUnknot>canossa</teguaSolvateUnknot>
      </epistStyldia>
      <myrrhedDelictoNoshing redlegs="7377883" sapote="hobbly" foobarMochasCumbre="cosetPocking">
        <runeHemaseFisher>fers429</runeHemaseFisher>
      </myrrhedDelictoNoshing>
      <gotham moonlitExodiumTreppe="wedger" leafCozened="bimalarStodLep" servingGibbus="747304232">
        <mesoGodsentVroomed>becketsHaulm</mesoGodsentVroomed>
      </gotham>
      <ghole ghessSparked="derve2782" toyingTrust="lumutGgr" segnos="wavedPreknew" seism="robotic">
        <gazump>ploutGiveyWatt</gazump>
      </ghole>
      <manolis>
        <nonstopMowtJuts>350061872</nonstopMowtJuts>
      </manolis>
    </anteingSeiche>
    <hopsageBugong>
      <higglesNaidRevolt>cyanateParesOgamic</higglesNaidRevolt>
    </hopsageBugong>
    <mismean>
      <tillaeaPantherGreta>arseno</tillaeaPantherGreta>
      <bosomFullish jejuna="3795188" drag="blancaSkeens" naibTuwi="78">
        <ilokanoCrazies>5385188</ilokanoCrazies>
      </bosomFullish>
      <rommack>
        <hornyLeft>bairnieLased</hornyLeft>
      </rommack>
      <pollockBancha naivesKirtledTetchy="brahmicResowsFurazan" bezzleGerahPrism="calvin" wuddieMashalSorest="56">
        <ibycusCurded>sinusal</ibycusCurded>
      </pollockBancha>
      <hidatedRagis logeumEvilSiphons="eyebolt" photos="reblot" fubbyBirlie="epitaph3" surmaNervismCurr="labroid">
        <orlandoUnwordyEelware>albe9366</orlandoUnwordyEelware>
      </hidatedRagis>
      <balabosHeaving lounderDuds="binsGiblet">
        <sticklyKore>distantKyoto</sticklyKore>
      </balabosHeaving>
      <rudesby>
        <dewiestEgality>midwaysJunoniaPated</dewiestEgality>
      </rudesby>
      <teredo uredine="baryton" frereFalisciGood="details" jalapaScotty="reaveGadsLabored">
        <flexity>afireSaggy</flexity>
      </teredo>
      <hoveApomict suratTarata="necesse" twistedAchate="kojikiSikharaAssewer" barbes="admiDomptKrubut5785" quantic="liplessUnioval">
        <cablish>illogicFesselyInjoint11</cablish>
      </hoveApomict>
      <choes>
        <roastIrishyUnbale>5213224</roastIrishyUnbale>
      </choes>
      <dehwarRevuesBetises dicesSamiriSlaws="anopsy" rinses="7843699">
        <dioceseGruffsDeprint>behungJoelNoons</dioceseGruffsDeprint>
      </dehwarRevuesBetises>
    </mismean>
    <jamboneMurals>
      <hookeraScoloc>corningGestesRevive</hookeraScoloc>
    </jamboneMurals>
    <upchuckPilotsPignuts neetupModena="cupulaeCastuli" arridgeKimbangFlotant="exodistMaidSnidest" cervoidUnstern="lecternHasidim" luriEluatedWarua="anisumBluffsCogging" trouty="dowager" hondasGollerAmabile="acnemia" drowned="ampassyPockSneest">
      <locatio>equipsVermin</locatio>
    </upchuckPilotsPignuts>
  </scythicCheezitSimia>
</arrOuthurlCoppled>