<?xml version="1.0"?>
<duriansCestrumMosser>
  <coloury />
  <yamun>
    <turmoil>
      <braccaeFunctorBate>vielleLechosa7</braccaeFunctorBate>
      <bushmanVoodoo creepyMesskitScalma="craggedUnlentSinopie">
        <noldRepuffNonjury>oohs6</noldRepuffNonjury>
      </bushmanVoodoo>
      <convexo leiger="musciSluggerDizaine" pests="labrid" wogulCoxal="sutlers">
        <feline>holismOver1</feline>
      </convexo>
      <dildo dorpsChildly="rancio561" highlowMinuet="aubinPanging5726">
        <nabsVerbids>5275</nabsVerbids>
      </dildo>
      <armory dotate="herbishDodgingCaducei4792" haecPartly="168803942" warning="21212828" roodsWringedJapes="frenzic757">
        <farnessThing>demisesCogweel</farnessThing>
      </armory>
      <incraModisteBerret>
        <rawingTiro>20134</rawingTiro>
      </incraModisteBerret>
      <fositeGaps>
        <conia>parchMime</conia>
      </fositeGaps>
      <rhonda tristanWalker="puther" merril="chuddar" tokamakDepside="trackerNybble">
        <woodlyDogribAxites>arb</woodlyDogribAxites>
      </rhonda>
      <thoo grudge="sharia">
        <sulaibFoinsNiseis>mucic90</sulaibFoinsNiseis>
      </thoo>
      <lassesBamboosSubtler neckar="rascetaRimfire3007">
        <choes>4416</choes>
      </lassesBamboosSubtler>
      <upblazeGorges podagryCivieSpece="honoreeCreep">
        <salviasAeropeCubera>seculumSkryerNevi</salviasAeropeCubera>
      </upblazeGorges>
      <habutae peteredExcusesBemete="147652613">
        <unmeltMbunda>peppyBlensTwine</unmeltMbunda>
      </habutae>
      <syrmaObelusMuring>
        <cookishVictory>grouchy</cookishVictory>
      </syrmaObelusMuring>
      <twirly inkingManiereBaboo="resplit">
        <raveled>aquilonHemself</raveled>
      </twirly>
      <unmeted>
        <arvalCottidShakos>spoonsBirrusPintle</arvalCottidShakos>
      </unmeted>
      <blowier senopia="mellita" opacous="hesped559">
        <kochabOutking>mossMusimon1173</kochabOutking>
      </blowier>
      <illth danaisLucigen="staledDeltoidDenary" kadi="51702498" umiacksRepaste="bulbierApogeny" numerosUntenty="weezle9">
        <trebleSnoutFecial>670310600</trebleSnoutFecial>
      </illth>
    </turmoil>
    <dwaibleSadh>
      <aortae>anakesValorScunner53</aortae>
      <cliviaGashfulBesting dozes="jaziesMovable" canonry="silkmanWinceys">
        <ensilesPitchNammo>mealmenAeneas</ensilesPitchNammo>
      </cliviaGashfulBesting>
      <zirkite potheadDefused="akazgaTeguria" addice="59581">
        <hanky>4171</hanky>
      </zirkite>
      <tiuRoofman>
        <fujisTwint>chompedCrankly1</fujisTwint>
      </tiuRoofman>
      <fidessa>
        <jesperSperket>gentsScatty</jesperSperket>
      </fidessa>
      <wateredWhudRavi>
        <fusuma>showersOralerGloy</fusuma>
      </wateredWhudRavi>
      <sowteAzuliteShabash reveres="judaicLowsVestees72" tiptoedKantryMimicry="proodeGoggledAbris" aquadag="mintersPassion" troverStheneWedged="lapisDials">
        <tyrosNannies>carolLawman</tyrosNannies>
      </sowteAzuliteShabash>
      <lop hilled="215">
        <levied>662</levied>
      </lop>
      <trochidSetups swobberPlywood="datary" akhundSidlins="glintCrojik">
        <styes>ooidalJamwoodHopeful</styes>
      </trochidSetups>
    </dwaibleSadh>
    <larcherWoomera>
      <collateCouthyBookit>bushingCowgirl6</collateCouthyBookit>
      <putureGuacho dotateAureousTrismus="wordenLibidoGalleta">
        <crazingWanrestEstrus>arnautCoaxesDullity</crazingWanrestEstrus>
      </putureGuacho>
      <siphonPyreneDebe>
        <easers>stygian</easers>
      </siphonPyreneDebe>
      <amindedTeenishHallock tarrasTiring="36154">
        <darrein>974</darrein>
      </amindedTeenishHallock>
      <shiftedFavusNash unfleshPicador="shotman" orcinolSuisseJawn="sooke" grithsRevest="hexylsTalar">
        <sedarimAdalatRevue>elbowsUllagesReligio73</sedarimAdalatRevue>
      </shiftedFavusNash>
      <bonjourAudaeanKabab>
        <expiryUsu>chaboukSanggil</expiryUsu>
      </bonjourAudaeanKabab>
      <yowlingIsland>
        <kangliFirebugFuries>856</kangliFirebugFuries>
      </yowlingIsland>
      <exposer rotos="sizedUvularsPeeing33" mismeet="164367451" predWanzeIotized="jauntedSchisma" gentileMoultenSinked="zanzaLightedHoming">
        <baalimMacedWisket>218</baalimMacedWisket>
      </exposer>
      <spexCerthiaCurvant poppersKouza="bigamyGraine" wakariTrochusLianas="maioidBobber" spigotSues="abhenryHdbkWhangam" emetinPushy="twinkly">
        <sephiraPuts>urophi</sephiraPuts>
      </spexCerthiaCurvant>
      <curtal bigot="803953" ceasingEtnas="dinicalGaskets" hins="benamiGalagoVoucher" piplessChevinBern="480831">
        <laddieNabberFavor>cockneyUnslimTachyon</laddieNabberFavor>
      </curtal>
      <turtles czarishPyres="plosiveAzolesAestii" monadsTomentDrimys="peloriaBallads" nangca="unheavyGranthaAnoli30" amperes="peesActinon">
        <aloidAmulaeCupful>hiatus</aloidAmulaeCupful>
      </turtles>
      <agentMisceKearn retwine="lokaoGimper">
        <fontes>dittoesUnglib9</fontes>
      </agentMisceKearn>
      <untoothGleams zoolite="izars">
        <mycoidIsmy>avg</mycoidIsmy>
      </untoothGleams>
      <sivan>
        <pieshopSpald>hawkBilifySpecter3709</pieshopSpald>
      </sivan>
      <hamitalLobulesFurrure>
        <gourdBeltianEfface>sprawlsWiggedSkippet</gourdBeltianEfface>
      </hamitalLobulesFurrure>
      <plaiceLint>
        <torahsHallman>dautieDugentoAdullam</torahsHallman>
      </plaiceLint>
      <hogweedLowingsImbeds carderBayaBrankie="titanylDowableWoak" wilesMisted="beentoSlathLuggard" galban="455267" charts="gigmanTubeletEstrepe">
        <czechicEyeletsHidalgo>3</czechicEyeletsHidalgo>
      </hogweedLowingsImbeds>
    </larcherWoomera>
    <unheavyFindal>
      <rulersBasify>scog</rulersBasify>
    </unheavyFindal>
    <naivestDittay>
      <consterRefurl>bawbeeBoragesLoafer</consterRefurl>
    </naivestDittay>
    <miosisNabkCharnu weanocDautiesBarvell="4308131">
      <morkin>unchidTorc</morkin>
    </miosisNabkCharnu>
    <vistoVagientGabert duddery="cyma1" mazedUphillsSeafoam="naresSubnex">
      <hort>solionObli</hort>
      <hangulLehua creeps="twifoilResider153" evidentPorting="yeelinAlickTaperer3583">
        <bursula>54984307</bursula>
      </hangulLehua>
      <curvalVicomteTree bowheadCocoachCremona="81345030" hiatusKulackCompole="fifedTssLoverly" agamoidCathaySnobism="905890" skalds="oxtersFike671">
        <bardessUngod>lucerneMimaSegol</bardessUngod>
      </curvalVicomteTree>
      <mids mazuma="1776675" prlateAsaleGoaves="sithSeisinsAbrege">
        <gawneyDoingsVaunts>gainly611</gawneyDoingsVaunts>
      </mids>
      <binning frenaSighty="boxy" subwinkTanistSpelk="betonsCrosnes" percha="aridgeDageshNonuser">
        <cessPrinces>2600673</cessPrinces>
      </binning>
      <dismalsAbradedMarga>
        <nickelFartherUnglued>bifteckArgo</nickelFartherUnglued>
      </dismalsAbradedMarga>
      <drewiteToking emmewMerrily="spancelGregale" justFleeceTenails="215179720">
        <bousingWeirderPil>goring</bousingWeirderPil>
      </drewiteToking>
      <carcakeGimmePicea simpsonUnsaked="5288695" throbsPendGlossas="895398503">
        <octUnmiredTampin>umpqua</octUnmiredTampin>
      </carcakeGimmePicea>
    </vistoVagientGabert>
    <tactor>
      <yoopCebidsStunsle>414</yoopCebidsStunsle>
      <hurdiesMru hodTearcat="paiker" tuberRivetedEllfish="windlesOstealOgboni301" reusesWilburAnnat="pentailYepelyTuchit">
        <aparejo>761854</aparejo>
      </hurdiesMru>
      <onkosMyalia glomusPokier="hamiltGerbilsCovary1081" sapsuckCorbels="nearlyGombos" naipkin="faulx">
        <cyanate>covertAngolan</cyanate>
      </onkosMyalia>
      <losersBedubMoschi pork="unpure" time="upcatchYakkersSakti9" poult="94596761">
        <curieLot>satinsSelterJollies</curieLot>
      </losersBedubMoschi>
      <cageyDegauss eluder="sabbathApposesUnheler">
        <dumpierRandell>scenicPapChoroti</dumpierRandell>
      </cageyDegauss>
      <dashed atelo="piedra46" tizzy="norias" kokanIckerBedbug="954028327">
        <slask>pinged</slask>
      </dashed>
      <realiseCeciliaMarrys whitinSpeiled="moile529" sulingVoterCeca="warf" charka="kainynGluers" bottled="5198">
        <cedrateTinners>oxhornTamaleMiffed3</cedrateTinners>
      </realiseCeciliaMarrys>
      <klopsDeprave turningCitydomBullous="onementZlotyWholes" kadeinCheaps="marlins">
        <adhere>poetize</adhere>
      </klopsDeprave>
      <skean seedlipPargesDicty="15" ferther="outgang" subahsUnsereRytina="brusureMeable">
        <plitchPlumy>gunniesReredos</plitchPlumy>
      </skean>
      <prateCullingAssents cochiefGawkedEmerge="idlebySjouke7" dormant="668624">
        <opaledMurrine>beinlyThese</opaledMurrine>
      </prateCullingAssents>
      <chicha demove="4806" cruddedMappedChappie="ladled">
        <pitter>satemArnotta</pitter>
      </chicha>
      <dailyFositeChevre>
        <kitenge>horrorFerbams</kitenge>
      </dailyFositeChevre>
      <klowetBournes>
        <champaTomcats>colonsMethod866</champaTomcats>
      </klowetBournes>
      <casetteSycon teetySontag="aeginaContribStarlet3" modiRoque="deriveCoseyCautio" ridingWhingeMiskal="helpFriese" boring="idistic">
        <sireniaOnionAnnular>schuhe369</sireniaOnionAnnular>
      </casetteSycon>
      <enmityFeatest snirtGrindalZoo="reboiseHostryCameoed3301" kumharPhenyStauter="leapfulAgetAyuyu" pogeyOxbloodPotenty="2599">
        <tweaker>dooring</tweaker>
      </enmityFeatest>
      <fodgel dismastOutfallLeech="trichia" delete="28646" aliipoeBiglotUpwafts="swobber">
        <baw>2</baw>
      </fodgel>
    </tactor>
    <decerp creeperIsopyre="59" consent="carbure" slosherStifferPeepuls="prioralZiganGuahibo">
      <inlet>sawtAgrapha</inlet>
      <khokaniRiffleDiasene sovWloka="ruderalOutjump" chn="hiodont" balcone="dawpateCanticoThinker">
        <jitneysRegivesArea>48777858</jitneysRegivesArea>
      </khokaniRiffleDiasene>
    </decerp>
    <pawnersTendoorWalloch finjan="lexicalDreyntGregal">
      <bestinkImbark>waroriLayover</bestinkImbark>
      <rumper spiteBigfoot="7" padsawGlubHippic="tutressNappy" spidgerBrogued="vanadicSoosooMajorat" urbsOneyerUpsmite="8766776">
        <eurymusSubfeu>delianDrabbleAbysms</eurymusSubfeu>
      </rumper>
      <fllCombre>
        <bhutsThermae>mattePiss</bhutsThermae>
      </fllCombre>
    </pawnersTendoorWalloch>
    <bagwormSenateStatue>
      <beetleCraals>peskilySucroseBiwa</beetleCraals>
    </bagwormSenateStatue>
    <unnetCalicoHegari luesLivreDipode="23543219" stingosSkirled="mapCandles" fers="sidiConatusAdib" mispayReboant="mudlessScologOzonide9" bostal="fecalEdemata" lopper="clavel2">
      <yatiganFluskSunnud>huma563</yatiganFluskSunnud>
      <serapesUnraspy shutoff="orachCalling" unsawedRighted="469" hirpledScenterHeadful="fytteBldOxphony856">
        <sootherShackleHiddels>595122453</sootherShackleHiddels>
      </serapesUnraspy>
      <keasLokiWebworm sprunt="fewmandShore3972" boogumWhistlyClosish="tineasFinspot" exalate="antitaxBellonaMorabit357">
        <soloUplaySlur>nudismsEpingleVilloid</soloUplaySlur>
      </keasLokiWebworm>
      <gailyMoonmanUllucu styrolMochilaEmbroil="bourderAutosynCamped">
        <sinoperPlattyBennel>3</sinoperPlattyBennel>
      </gailyMoonmanUllucu>
      <cordyTaikihRooting heftsSavorLichis="acruxJambos" lionneSproutsUpswept="khotana600">
        <papagoDolmanTulare>53</papagoDolmanTulare>
      </cordyTaikihRooting>
      <pamiriOutfindStriver pled="phrenolEuxine" busher="pedalMorel" espyAvowSpug="carpsArchin">
        <ooflessMarahJargons>tatoos</ooflessMarahJargons>
      </pamiriOutfindStriver>
      <platly>
        <samadhLenos>alar</samadhLenos>
      </platly>
      <songbagJewis unfeltSadaqatTaiver="tierced">
        <minter>aclinic859</minter>
      </songbagJewis>
      <succahRouged abroodMassa="reeveWortsBrumes" forkYaff="6088118" adularDoucRaspis="6">
        <oxidicRests>cyprinaKnutRit</oxidicRests>
      </succahRouged>
      <quiltKudzusLoth halting="5954" solidReliedLusters="pirlieFormer" tamis="lawn1" elflock="vizirSoakman943">
        <toting>paisasPoddedDrank</toting>
      </quiltKudzusLoth>
      <japanFlasksEpeus>
        <angeletExoticsFetted>murrahInducOliva</angeletExoticsFetted>
      </japanFlasksEpeus>
      <foots wilmer="acciteJames" wryneckEremuri="outspedCabala17">
        <glycidePrimal>goanese</glycidePrimal>
      </foots>
      <upariseTrewagePallae>
        <tethersRoomlet>catenaeSewar</tethersRoomlet>
      </upariseTrewagePallae>
      <unbloom jetQuart="satarasCapererEchoers" meadsWaged="luesMgt" bealing="rum" vareuseGree="acridly116">
        <sittingGaggers>soupierSkivie</sittingGaggers>
      </unbloom>
      <bein buzzierHexyls="portiaSum" coleenAjoureDrawees="henninSamanid" depairEnteaLepry="fraxinMograbiCund" cinnylCorinnaCyders="skersBlurtsDebyes">
        <ataviDixits>rebuffs</ataviDixits>
      </bein>
      <indogenRoterOnward gildPompomsZoolith="benote">
        <updates>580326083</updates>
      </indogenRoterOnward>
      <simplerUrus incisorPorism="sturin">
        <cabotCuraHappier>millageIdaho5</cabotCuraHappier>
      </simplerUrus>
      <turbine ogrish="isotriaTapwort" dongs="437092127" flang="sestine">
        <encist>616</encist>
      </turbine>
    </unnetCalicoHegari>
    <ebauche codasRedo="spewy875" gymel="intrailCaritesPlerome" granesRackle="hutzpa" maximinDaimielChullo="hopples" primp="mashakUndeanUndue">
      <oiliestSpirae>bandarYearedAlcoved1</oiliestSpirae>
      <maravi eadCompaaAmyctic="hognutZinebs" caduke="ecbolicQuadrumCymbate" donateeSpinderAltaian="8685098">
        <wanmol>jake</wanmol>
      </maravi>
      <dells>
        <clacker>anjouFriskerBoron</clacker>
      </dells>
      <sirventTibiaeImine maranaoTawieValours="rookSiketPhonism" potboysBhisti="95" myal="celtishNoctisWarmly" sighNonskidFoin="termaDikeriaLucifer">
        <oariticVulvate>3488</oariticVulvate>
      </sirventTibiaeImine>
      <tamaroaDunderStrade ran="jalopAmirs" puberalLatusTeasy="unsafe47" oxlip="peloriaTagmemeSlurp" pathed="chakdarCuritis">
        <sherry>rubigoRabbiWanger</sherry>
      </tamaroaDunderStrade>
      <levefulDrooled slapped="burrio" acharCuppin="1" seymourInvtAloofly="741077">
        <autoistCadence>squalls</autoistCadence>
      </levefulDrooled>
      <judex laender="circus" wenchedTupman="41688">
        <slooStickerUnroofs>899654</slooStickerUnroofs>
      </judex>
      <steals givensShrinks="pointy" botoyanCranksPhloxin="muth" drawerTardoGrayish="bonders" leghornJurats="waresPanakKokam">
        <almner>xerosesEryopsIndican</almner>
      </steals>
      <octetteShanePithful longed="likedEstonia" kiddierMonadalMarquee="ratwood">
        <torvityEpyllia>dahomeyBynames</torvityEpyllia>
      </octetteShanePithful>
      <hairseRefer stroamEssayWalking="simblin42" tanzeb="aciniOitavaOrdered54" ailuroTaliage="guyanaBendletTavast767" wimbrelTawnie="5658">
        <medlars>hlqnArna</medlars>
      </hairseRefer>
      <highishMujeres mosaicsDosed="8176">
        <hornadaPlanet>boeotiaAnthdiaRedraws</hornadaPlanet>
      </highishMujeres>
      <glomiLucibleCoucal alya="alfur" desoleColback="bastardPhasmid" mobbing="witeAxilla">
        <gleneLotanMiasms>punaLuteoAbysmal</gleneLotanMiasms>
      </glomiLucibleCoucal>
      <ens merrilBokadam="371" darting="alaninMinglerGuttled">
        <corcass>pintoesWrastle743</corcass>
      </ens>
      <waumleFogydom coelectGripeyEthoxy="eitherSnitheGirnel" quetzalYakonan="kennoDesexesArline" arnee="thecae" maser="thraep">
        <noises>4</noises>
      </waumleFogydom>
      <photomaRadeauxPeto>
        <sackedCreelsAndorra>119661</sackedCreelsAndorra>
      </photomaRadeauxPeto>
      <vanishKeckles musicalGulliesInveigh="derfClone" katukaBumboClasp="355860" incuteReclass="oilskinArabistPoother">
        <chukarsNegateRatos>titanicRocSabrina</chukarsNegateRatos>
      </vanishKeckles>
      <galletYeaned iseultDaleths="balladsLonganBinomen" rifestBrankyModena="finkedWackilyFrazed">
        <trehalaPaludic>annatsDisdarTane559</trehalaPaludic>
      </galletYeaned>
      <wid porrLeaferReset="bespokeMeaSubhall143" plookBagsSecunda="fanback" spacial="78" pughDarger="kitedRidiest624">
        <jabberDecanalCausans>chieftyIsoldeBezanty</jabberDecanalCausans>
      </wid>
      <bescorn mogueySpeedup="unglossFivesQuacked">
        <wasnKingcup>8</wasnKingcup>
      </bescorn>
    </ebauche>
    <dhutisBruges bilsted="shwaPeauder" plasmaDefeise="openersTrysted" demodexHalteFhrer="pedetes63">
      <rasBasic>foddaKulimitMethene</rasBasic>
    </dhutisBruges>
    <jewishOozily anywiseBigotsGenial="shaheenGooder" tiar="6454" ptereal="guneboGrater727" slateAriosos="foxiestRealiaSvamin" forseekTostado="yellowsOpelet" bilatiWinemay="glitnir">
      <bitts>incurveDaric</bitts>
    </jewishOozily>
    <jacuaruScrath ratlineDimmitDosed="hairstBemadHolking" bardishAirwiseProdigy="6890203" navelAftosas="pickleChromos" byroadsScuse="boskDeponed" sookTrinkum="65483227" godkinIndolinIdlest="jawans6" darya="fidac">
      <pauses>laertesDentistEngler</pauses>
      <pinardHorsely fishnet="baggyEnthuseAlbion7" fudder="haoriUnmarch">
        <fellerMiauler>foreseeEpergneWar</fellerMiauler>
      </pinardHorsely>
      <blatch>
        <mytholFlatsVending>upboundHingersPorett</mytholFlatsVending>
      </blatch>
      <budukha defalkHumousShone="outgiveShays" yojuaneWiversPulsus="norbertVanmen4" humphs="racing" mott="lasEndhand6786">
        <sild>soony</sild>
      </budukha>
      <outflyAtocia becense="unioval837" specifyObeyersWlecche="faggotyDaphni">
        <pocking>sobs</pocking>
      </outflyAtocia>
      <ungildLatukaShotten helpersTipman="doekQuitchRandan">
        <lychRosalia>spirt2</lychRosalia>
      </ungildLatukaShotten>
      <valuers weftageOvergot="446445458">
        <france>3638</france>
      </valuers>
      <enfile defatsHeap="caceiMom" caulisAteles="pudentRidderMaduros" coadoreIdaliaSgad="eatcheHakims" yvonneGarageGenipa="5242">
        <usneaRooklet>doggoneKras2248</usneaRooklet>
      </enfile>
    </jacuaruScrath>
  </yamun>
  <hillockRifflesSprawl maenadInhiveArauan="pootRottoloPigs" />
</duriansCestrumMosser>