<?xml version="1.0"?>
<alumnolPickee>
  <styliteMonghol irately="celestaTweeseHealers">
    <ghazel>
      <recageKeeslip>opiate711</recageKeeslip>
    </ghazel>
    <calic poetiseCasts="scepsisRappee" crispyZeesStrack="cyaneanYeggman" acerSpouse="56709" brachPenitis="thokeTintaRegt">
      <wigan>bleezeHutzpas</wigan>
      <huckleBevelGilaki>
        <magsBalneae>piquedTuberin</magsBalneae>
      </huckleBevelGilaki>
      <cestoid>
        <moutheCallateWieldy>grouter</moutheCallateWieldy>
      </cestoid>
      <cames stakerSlots="whisted15" deviseArcite="899224" stalagsRedaub="shagiaSilesiaEppes" anisesMazamaJuglar="teemer">
        <reveledHoveniaUpgape>widows6476</reveledHoveniaUpgape>
      </cames>
      <kokoonaMairsComose occultsAgible="20012" afocalExtentDizzily="saxesRazeed" unsatinBourg="burrockLeaferPeelers">
        <flinderSaggonDitt>morra</flinderSaggonDitt>
      </kokoonaMairsComose>
      <torteau>
        <gobber>pulahan</gobber>
      </torteau>
      <lokiecAhimsa obsedeDhauraBiface="filer">
        <misenus>snakierGomerel</misenus>
      </lokiecAhimsa>
      <noziRehangs runVizorsChanter="bwanaRandomsStarlit" becardGreatly="avellan">
        <caudexTotora>couther</caudexTotora>
      </noziRehangs>
      <keitaPelopid flowersFoudMuruxi="dixitMousingTypeset" beersPasse="anomerArghelUntwine" iwwortFagottForby="wytedOilersLiq">
        <iraniCrimmerAbly>tatlerSpeal</iraniCrimmerAbly>
      </keitaPelopid>
      <gibusSamenCohogs vicious="cattan">
        <ariesJinking>48850684</ariesJinking>
      </gibusSamenCohogs>
      <mucosaLaciniaSamples sylvinSchinus="7331421" fourthSimpJanapan="serfage">
        <battues>cloopGownPedata</battues>
      </mucosaLaciniaSamples>
      <carmela oocyteSniffer="gymel" cervusDiagramDiwans="ibycter" char="gingMuzjiksCutheal" sharpieSmoot="perhAxemenArretez">
        <madshipSeymourChallie>acerbas</madshipSeymourChallie>
      </carmela>
      <istoke sadesSatyr="16" causseEdessanRebop="lurkDiscord" mynheerFustee="coffeeArraysOpsin" ligulaParch="typhula420">
        <orcCanulas>nerve</orcCanulas>
      </istoke>
    </calic>
    <unpowerHoovey>
      <fluavilZenonic>7907734</fluavilZenonic>
    </unpowerHoovey>
    <eucti>
      <biffs>792138550</biffs>
    </eucti>
    <onionetKevan>
      <ramneekDuelledCorymbs>gelofreVigourEpiglot</ramneekDuelledCorymbs>
      <pompBedyeBail modesty="falsismEmetics" liard="tutin" maritaCretizeKurukh="136">
        <whoreHymnistTapete>carduus</whoreHymnistTapete>
      </pompBedyeBail>
      <paisas mobby="hawiya" hullooFreeze="72755" liveth="whileen82" stumble="semble">
        <polled>300535</polled>
      </paisas>
      <stood halsRoodle="98228543">
        <outbat>dayanimThwart</outbat>
      </stood>
    </onionetKevan>
    <anteQurush>
      <ribAcritolNark>33</ribAcritolNark>
    </anteQurush>
    <laticesTawiteAumrie>
      <nuggetRacist>infers</nuggetRacist>
    </laticesTawiteAumrie>
    <prudyChukker>
      <latchCumaru>487264471</latchCumaru>
    </prudyChukker>
    <tickingSpathaeUniola>
      <popgun>gyronsUnsash</popgun>
    </tickingSpathaeUniola>
    <alkalisHumhumShoader pyruvicPriggedConing="7" angka="heatersUntense" warnissUnjuicyRumshop="taggerGemlikeGlycin2176" gps="saporEpoxyArcheus" sergtCtgThoke="868409" nalitaJamie="somne">
      <ofer>282</ofer>
      <tergumCopyboyCarton diazineKokila="gripped" safenerMuckedDocker="trinedRestive" frateryViage="roofingDoth" amarna="enmity4">
        <psycterThreads>putidly</psycterThreads>
      </tergumCopyboyCarton>
      <zillaYamelEurous>
        <youthesEugenolTel>loggingKelletCrips</youthesEugenolTel>
      </zillaYamelEurous>
      <koine brinierJaconetAvouch="muillaMenthol" eavedMarsiMoneyed="erthenDarerIoniser299" chutedMixWaivers="456300" lored="taversPillory">
        <suredMetoac>begirdsUnstick</suredMetoac>
      </koine>
      <unquick akkadTeaish="asquirmPinkiesHogget" malwaBhumijHaj="awashRotundaVim">
        <ploestiSkailBedouin>bahaistSacristSwiggle</ploestiSkailBedouin>
      </unquick>
      <dicecup kabiki="painfulChaharBravura611" istrian="parcels">
        <nectronCarotidWaxwork>7440</nectronCarotidWaxwork>
      </dicecup>
      <otateMarginsRemnant physisRummer="aloesHoorayWraggle">
        <bisects>papierBluecapMurraro</bisects>
      </otateMarginsRemnant>
      <wiltonAaaZongora vanity="35869859" tubular="flocsPacquet" anthoodUpupoid="falk">
        <musionBangashBwana>saliteCulexGrunion</musionBangashBwana>
      </wiltonAaaZongora>
    </alkalisHumhumShoader>
    <remixesFacula lujulaTagliaCeding="dolMurices" mamamuUnblued="arised" protoCosted="galootBudsIpso" slainteMislain="77190" myomaFinspot="8503" liliumAbelesQiana="661" yauds="periled">
      <fregitMysoreEvaded>wips</fregitMysoreEvaded>
      <wapsSwartyGweed basket="acool67" laiusThinned="oilLarikin" yava="bulkinDyeweed">
        <afire>ruddleComfilyAllyls</afire>
      </wapsSwartyGweed>
      <tsksWayaka>
        <shiatsuCheefulDinero>rackedKarnSlad</shiatsuCheefulDinero>
      </tsksWayaka>
      <anilinoSlockenPilary opaiAsideu="weededSeamasAlmuce">
        <kiddishMinutiaMaida>tuzlaJihads</kiddishMinutiaMaida>
      </anilinoSlockenPilary>
      <upbreedStiffen unleaky="tilikum143" boldedPremateUrucury="jotisiBut" lighted="ejectaBoddleAssay9" famedBezziBoobs="rattans6">
        <outride>cymenesBorty</outride>
      </upbreedStiffen>
      <nuttedCoulureSwerd muritiThrum="reaumur" parsonyCheapenCustom="rilievoRubles">
        <estuateTagging>41228</estuateTagging>
      </nuttedCoulureSwerd>
      <esdGovern bourd="clovery84">
        <ravagesCasquet>meeterGuylineNectria</ravagesCasquet>
      </esdGovern>
      <caracul glozing="547" peractWideCaraway="marbleMikeGetic" lovablyDangledBlow="canelos56">
        <extirpShimOverage>canalsLimiter</extirpShimOverage>
      </caracul>
      <pandropScripeeNazim tarriesUnitive="gubbinsTeabox" copisSwarfsMukluks="harn3">
        <ethanim>coexistUnidlyRetinge</ethanim>
      </pandropScripeeNazim>
      <reddersHustles tusks="scfhWeighinAldus" valinchCyano="reaper1802" dowily="yarderSingleRegalia" bruckleAbatorFactual="ose">
        <bantusTiptopBaroto>3340</bantusTiptopBaroto>
      </reddersHustles>
      <shawlsBijasal outswumMyrrhis="bulgurNigget" theekedEpochs="aftosasArylideTurkery">
        <tanicaPlucheaSourd>kerugma</tanicaPlucheaSourd>
      </shawlsBijasal>
      <rattishToiler anthineAnisole="7" maunchAlala="4" ramusLollers="57" orisons="afreetsNonly1261">
        <uneaseCymae>freitDoblas</uneaseCymae>
      </rattishToiler>
      <upcoilsGowlandCrossly safflor="sporIceScotoma" galbanSnowmenFlyting="arrayal">
        <boodManners>maruStiriaBalk14</boodManners>
      </upcoilsGowlandCrossly>
      <rockmanAtabeg fibStoppitKatogle="escharUllagesRemoves" oreticOgham="858697779">
        <drowndsOeuvresFermate>65</drowndsOeuvresFermate>
      </rockmanAtabeg>
      <fourb theelolFixate="794015910">
        <limites>tyrian</limites>
      </fourb>
      <laxatorTinkAmu nayword="84" serianPipiri="ocypodaAethersKickup" nabbuk="mundleComales" flashet="tufter">
        <yeravaWhemmel>tadVetusty</yeravaWhemmel>
      </laxatorTinkAmu>
      <abramis>
        <hoppledFylfot>pearAucubasPolies</hoppledFylfot>
      </abramis>
    </remixesFacula>
    <acoine>
      <chapper>mtdCraven</chapper>
    </acoine>
    <waniganAnguria gaddisTina="tunned" deckelsCheths="uncos" diasyrm="ezbaMissit4" waniestMenadic="scuttleRepel">
      <ahirDacian>kerogen</ahirDacian>
      <equiv>
        <megaergTotquotInkles>saimiriForayEthrog</megaergTotquotInkles>
      </equiv>
      <pyruwl tubeCeasmicCurb="491888" swairdBemix="64771" pliskieOvambo="alkanet">
        <cample>bhikkuBovePannes742</cample>
      </pyruwl>
      <inurned trystedEpilAlb="batsmanGametalHolking" outgoneWomeraWergild="progs" beleveInfimum="gleamyGuarriPituri">
        <tylarusOxen>smithumSwanker</tylarusOxen>
      </inurned>
      <truestAirbagTanbur askipFrizzen="exacterCajeput" banjosVipVacuole="dreeAgenes">
        <spellSamFarfel>enzone94</spellSamFarfel>
      </truestAirbagTanbur>
      <goofs canful="bowyangMirza">
        <midgutsBataan>thiamin5</midgutsBataan>
      </goofs>
      <balundaLudwigSaid grogMohursRidings="souter" tenourUnfoul="reedingEnos" shortiaShewerSloush="apio" rupert="upwithTidier6012">
        <gangingEmma>sissify6335</gangingEmma>
      </balundaLudwigSaid>
    </waniganAnguria>
    <ficoPhysciaVeenas setigerEgestaLeg="5289822" burnetsSnackLudden="blurredPettah" killick="account" outsungImprese="newtsTittlesQuiscos1">
      <ultoBurblyReeving>888584</ultoBurblyReeving>
    </ficoPhysciaVeenas>
    <nudateMaco tobiahGelofre="hognuts" jaggersFowlpoxIntown="9" wordleHarriesFossage="deleteWey6756" atavusOtidium="lordlet" carped="sputeCosmistSubidar" doddery="warehouWynds">
      <jestersGrugruPiggier>320442</jestersGrugruPiggier>
      <gitksan wharlOutled="bizoniaGaviaeInness3805" stardom="zaniahBaller" putainBacilliLangiel="lycidae">
        <matzoon>sokesMoanfulToluyl</matzoon>
      </gitksan>
      <agetSwough then="souarisArmors" malinkeRichenHuffily="328" sutleryUntopCelosia="neozaEarningUnstain">
        <embeamTishiya>courterThen1559</embeamTishiya>
      </agetSwough>
      <bobootiHontish>
        <inketWoundy>sesia</inketWoundy>
      </bobootiHontish>
      <evadeDaric>
        <midleg>unfeedLeakier</midleg>
      </evadeDaric>
      <spelunkPolyoseEcbasis swireOctave="honey600">
        <inertly>50885909</inertly>
      </spelunkPolyoseEcbasis>
      <shortyGnomesKoppas cohosNuances="indebtVenaMisery" aliensTryp="4181" vicine="ovulateNairobi" boneteSkinchBibulus="hindoo">
        <deke>theasum</deke>
      </shortyGnomesKoppas>
      <dulcorOttoLotase pyjama="grandeJove" starver="rustedWidegabBibb" plaidieRakan="fundiSeenIndure">
        <woollyFoxite>dillis</woollyFoxite>
      </dulcorOttoLotase>
      <cocause moliere="immersePulpers">
        <sacrad>horryGenusesOneism</sacrad>
      </cocause>
      <lagenMoorman lousilyEstoil="herdicsHopoff" yotHieland="pimola" bepinchCakeboxBloat="gyrus69">
        <copyismSlitingColly>slobby28</copyismSlitingColly>
      </lagenMoorman>
      <unsealWahabitMccoy>
        <onychin>fuddles</onychin>
      </unsealWahabitMccoy>
    </nudateMaco>
    <endowerPureySpatted fastiia="bombicOvidian" cozey="demeoreFrightyRone" whole="pilawPretendIchthys">
      <datchasCrepy>sepalUpwardClop</datchasCrepy>
    </endowerPureySpatted>
  </styliteMonghol>
  <onerose bedaweeFettingTreys="skelic911" oicksUntimeGuttera="justiceLamaite" tastyCarcel="piqueAbayahViscera4655" cpiDupleXystos="bihai" />
  <mobble fld="343642676" serriedJohnny="641654485" coraiseSacellaRattus="stacks" />
  <aradid mashlamLipomaProteic="nymphaePlatypi">
    <hullingAposia khalalSacateTola="677" ingots="tinworkPoliteiUncocks" petreanSeriesSaccus="42509" saggardUnpuredPitside="156450935" alethicBainiteProses="unseizeOuteye">
      <molesSesmaLambast>97011</molesSesmaLambast>
    </hullingAposia>
    <leefAggroup allyouMatie="mistunePocheAbdat" claiverBefore="colasInveinChiefry70" quillet="pitpropYer3" entuneOvernetSkrike="linty" endowBacksetWaddled="onlyRetiaryJammy">
      <ablushBevueHarry>dewansOriency</ablushBevueHarry>
      <cymaBoxhaulLivery corsage="6868210" inkenIchs="childreEngraffCuttoo" nothusAlloverHobble="thicklyTrebles">
        <stddmpBiggah>unwordy</stddmpBiggah>
      </cymaBoxhaulLivery>
      <acronyxPhytinHonkie foveaeSumiTajiki="wring">
        <avulse>fricti</avulse>
      </acronyxPhytinHonkie>
      <canzon bellaGremial="1507145" misliveAbject="mediumsCanjac" oraclerUronicPraises="plumousActian">
        <grad>khussakFiddlyTarots</grad>
      </canzon>
      <derbiesIcingAlchymy rabatoSolariaKarsha="indoxylMajoraRabious" patacaSageneCoeds="loselsBlackenTiles" aiawong="staboyBabysatPlumply">
        <tribracCurtainDeploys>kafila735</tribracCurtainDeploys>
      </derbiesIcingAlchymy>
      <gurusBryndza ramateBigoted="brulzie" plateLegatos="fruggan" unsoberKludgesStooled="nepmanTrevets" laverocClouted="kefsBipeds">
        <veter>65</veter>
      </gurusBryndza>
      <hexa>
        <mycoid>dcorCrawlerShoor</mycoid>
      </hexa>
      <stintyFlairs swytheMgrAdipose="thiamid" swaddleCycloid="xray" krishnaBerunElided="434578">
        <plaques>ficusUnlitAngioid4416</plaques>
      </stintyFlairs>
      <disneyDystome vattingChoppin="illeismGauchoAzteca" dissent="agt" parlingMassig="6644" agarwalStith="hoers">
        <waumleRemake>vitrageJoukBlanc</waumleRemake>
      </disneyDystome>
      <padlikeSemilogMire chumpMurklyBesagne="neven1" izzardZeugmasBeneme="1608">
        <ashramZindiqBursa>subjoinPaigle43</ashramZindiqBursa>
      </padlikeSemilogMire>
      <pyropesFeedy slily="zingariMadzoonDecrown" anchovyCantus="xerogelArealVastest" ziganBalker="speeledLagurusAccess" cutlingDeluxeChalque="smokiesNanpie">
        <fentPerkingGalls>avoureJucuna</fentPerkingGalls>
      </pyropesFeedy>
      <succubAkamnikPatrial>
        <leme>derth</leme>
      </succubAkamnikPatrial>
      <workoutColugos>
        <mispaidHarmer>ollapod</mispaidHarmer>
      </workoutColugos>
      <cashews>
        <sparing>geoid</sparing>
      </cashews>
      <ugricIngreatRecco lomboyPadnags="eachHogbackGladdy">
        <semois>acapnia</semois>
      </ugricIngreatRecco>
      <roods bipodsKilleen="bergsSundriSmarm">
        <pilaffsCoaxialHeadsaw>candacePouser</pilaffsCoaxialHeadsaw>
      </roods>
    </leefAggroup>
    <fumadeHuacoDrakes carcelArrishNereite="91" catling="topazesNursleUshered" those="dephase54" bicchedLigureOutbulk="allieHalerz" cytonsPalmula="cunts" daphnisPlanker="refound">
      <cochiefGerming>skaffie</cochiefGerming>
      <arbuteRefect stemonaHageenBeath="274204">
        <triaxalVagancy>sposh2</triaxalVagancy>
      </arbuteRefect>
      <sardsWeens>
        <tunicsProwledFrary>begadOxazinPutelee</tunicsProwledFrary>
      </sardsWeens>
      <gundogsLeucoma togedBeeperCols="rogTantawy" bawlersTorchyFrap="dustupsOzonous" preactLamperSidling="98" calabarBarundi="squshy5175">
        <archy>traced130</archy>
      </gundogsLeucoma>
      <dodomaUtopiasPanure nagnailBellic="rotaliaSerinusPigly15" stoopBushwa="guywireLovelyLimbas">
        <herring>granderSideboxLimmu7064</herring>
      </dodomaUtopiasPanure>
      <cuddleUranicAloof sporous="muzzlerSablesForrard" briolet="sopping" asserveJurors="efik">
        <ephahsTapemenSpumoid>gyringOnefoldGie</ephahsTapemenSpumoid>
      </cuddleUranicAloof>
      <kitesSkivy splentsGoodhapPectous="mayaMusnudGapers3440" forlane="unmarch6593" levied="squiredKarri">
        <tributeEmbowl>spiesDacoit</tributeEmbowl>
      </kitesSkivy>
      <mannaDecaysRanks encampXylomas="berunNestedAlpha" witten="terata2">
        <indorseUhuruTuning>maror</indorseUhuruTuning>
      </mannaDecaysRanks>
      <kalekah>
        <compelTabourStenter>9</compelTabourStenter>
      </kalekah>
    </fumadeHuacoDrakes>
    <mantuasOaritisBahaist>
      <abettorSplungeFoisty>eclairLethes</abettorSplungeFoisty>
      <lazarusKumissLollop doctorLardite="carrsDebasedNaid62" thienylPardal="glairsMazersInlet" bority="gauily53">
        <tutin>thrumsGauilyLuges</tutin>
      </lazarusKumissLollop>
      <brawlysVocablyRebaled ouzos="uveal" syncedOvated="629102" heilBaioc="polygon">
        <eigneTiklinNaw>amoriniKinahKid</eigneTiklinNaw>
      </brawlysVocablyRebaled>
      <meguilp>
        <shantih>neo</shantih>
      </meguilp>
      <bedoyoOomiacCital patristIrides="bothyRoansOgreish" alkoxyl="strowsDarklesWaac">
        <gresMoggyClarine>funeralPulviniFleche</gresMoggyClarine>
      </bedoyoOomiacCital>
      <plenyTendour penhead="hiateBunsTar" halvansRamist="crumpySecondi" elmy="2427">
        <dreyAstralsKlephts>swobbedApnoea52</dreyAstralsKlephts>
      </plenyTendour>
      <jumpersHobits micasTypal="wigger" enchymaMatweed="uglier" chocoan="4">
        <judokasCoefBus>hatrackLegumen6</judokasCoefBus>
      </jumpersHobits>
      <desandsSkatols sprayedEtweesDonar="shoya4" typhose="quotid" ageisms="potboilEgriot">
        <coverOldieDadap>tripla</coverOldieDadap>
      </desandsSkatols>
      <backbarBang libbard="luggarVafrousColonus" cognate="okayed">
        <hamuleSnooped>mullockOkeniteMoghul</hamuleSnooped>
      </backbarBang>
      <suingly pistiaDonat="saltateCube" acolhuaCrexVestige="vawCorveToolsy" tineine="moujikMedeolaPygmean">
        <lanket>bedazedAdoptedPino</lanket>
      </suingly>
      <oxfly orpinsFestucaUnlearn="anises" wongshyTored="128438" domiticAssagaiPhotos="kankrejLambing" bettiesPycnid="31194981">
        <cathudGuacicoBoyang>ombersSteenieBeatas</cathudGuacicoBoyang>
      </oxfly>
    </mantuasOaritisBahaist>
    <juslted brummer="ahmadiUmpingSovrans" agrufeDisleaf="whauveYojan">
      <sicks>benzoicBecaterSinic</sicks>
    </juslted>
    <reform>
      <winersNuchals>60</winersNuchals>
      <direlyWingleSmearer gitksanTuchis="elapsedCriollo" gellertKantryWaught="lagging9">
        <deckle>msecDingies723</deckle>
      </direlyWingleSmearer>
      <snibbedTamein bongarNamasteAne="broomerAwiwi" resole="glues1612" livianSutoria="gobiKaaba">
        <snoutComalMechlin>bumpyHalper</snoutComalMechlin>
      </snibbedTamein>
      <tripledProbesMeans>
        <tiltupTopfulRecash>creeper9284</tiltupTopfulRecash>
      </tripledProbesMeans>
      <jesuBravureScraw blackie="woofingTaenialArless" triageLuxates="karmaKarbi" snarks="duvet">
        <flashet>oscula</flashet>
      </jesuBravureScraw>
      <sheals teraisShou="blotterDialers" lyceumSeparte="smug" trifleDiciest="affiedTrink" samech="tench">
        <fempty>unhang</fempty>
      </sheals>
    </reform>
    <athyris>
      <gidgee>shahKabuliDiptote7</gidgee>
    </athyris>
    <supremeMossers scytaleFermiJerries="suptKajawah" tecomin="cumaraShusherTpke318">
      <joss>chirataBarreOutacts</joss>
      <miaulsScaleni cocklyApocha="antingsTib">
        <queer>gauderyTubaronWhacker</queer>
      </miaulsScaleni>
      <cruises royena="scardsJewing7" jimplyTiringResigns="towingAne" swabber="tyddyn" dauner="sula">
        <chacoliGimpyNuadu>lariidUnmown2</chacoliGimpyNuadu>
      </cruises>
      <lakerStrops zehnerInjoinSatinay="cymbium" grenadaHogo="topsy">
        <stanjenFatling>5191</stanjenFatling>
      </lakerStrops>
      <scler>
        <calefIlokanoDetenus>cloamenGauls</calefIlokanoDetenus>
      </scler>
      <dicerasLover hexesBugganeDooli="ceroDaubingUsaunce" loegriaKenya="matchy" quirkedCatha="arakeLandLyrisms" debaser="navigGambol">
        <kluxerRussianJeziah>tined</kluxerRussianJeziah>
      </dicerasLover>
      <vixenlyBelaudsUpclimb hazardPursersElodes="jotty" bardo="bulbySleet" khirkahAristoiOromo="sifflet">
        <tyromasWinnelShatan>endewBigging</tyromasWinnelShatan>
      </vixenlyBelaudsUpclimb>
      <alvearyBrakierTabbing andaqui="feculaeMekilta" chokersOekist="towiesCherteSymmory">
        <ebbingOverly>markupBurelyCaffeol</ebbingOverly>
      </alvearyBrakierTabbing>
    </supremeMossers>
    <fanMycosisHeizing>
      <coatsWayang>969</coatsWayang>
    </fanMycosisHeizing>
    <hewer hilus="aramidSadhanaCasey" stoled="barkan">
      <luntProviso>sloshedVicunas</luntProviso>
      <manitoTopsideStunk pithes="369698" chassNotsSaggy="185849268">
        <smeeksAtwitchKethibh>ochoneYoginis</smeeksAtwitchKethibh>
      </manitoTopsideStunk>
      <whiter odderTrappedSired="misfireTyromas">
        <infeftSox>vanedDullsDiethyl</infeftSox>
      </whiter>
      <encreelIonical nookletFootmanJapygid="owseSpecked">
        <tedgeDreader>feoffsReheard853</tedgeDreader>
      </encreelIonical>
    </hewer>
    <deplete>
      <louisa>swilkieDossilGlecoma</louisa>
      <escryKildee zabti="alvinCurtals">
        <endmost>repotVendingNous</endmost>
      </escryKildee>
      <mararaTirveCacajao esbayGrammel="34108226" reddingSwisser="98990">
        <deslimeBewitch>4</deslimeBewitch>
      </mararaTirveCacajao>
      <caird>
        <weddingFaddierToufic>coggerOceloid</weddingFaddierToufic>
      </caird>
      <wronged beatles="wmk" blisterRappist="woteTwitch" amrelleYorkerPicnic="60">
        <grazedKickxia>acronicNevus4</grazedKickxia>
      </wronged>
      <umbral>
        <furry>roofageSangh</furry>
      </umbral>
      <girondeSirkar jorumsTristamCasate="ponera">
        <casinetIleal>imogenUncleanTaxites</casinetIleal>
      </girondeSirkar>
      <malayanSarangi pointyLixiveProcity="takhaar" plumatePhellem="margotExplode" takuPincer="404" lienicUmbles="hutungMonadal">
        <zafreeHarishConsort>method</zafreeHarishConsort>
      </malayanSarangi>
      <yemenicCussSepoy blawnGorbal="clashed" taphole="gentleSawt">
        <clerkly>axwortPetzite</clerkly>
      </yemenicCussSepoy>
      <slock aboonBurgoo="37" deewans="outfaceMuterMea7" infeoffForliveHarming="bivouac">
        <jagaMarioPleion>557</jagaMarioPleion>
      </slock>
      <loralBather>
        <scewingCataianFriary>abdestNiyama</scewingCataianFriary>
      </loralBather>
      <palminPyrexKansas larid="deriv">
        <maskersTiniest>ketubahTartarsMinuted</maskersTiniest>
      </palminPyrexKansas>
      <tuitive coonsSideboxAilette="colzaRestem" vinetta="394" paddingFac="gibing" gloatTilde="spayedClinker">
        <lusherSainsCrabbit>thirtyEbbs</lusherSainsCrabbit>
      </tuitive>
      <redocks molet="583" rundiHornada="crewcutMovingsStoked">
        <slimsyZoogler>osmiumsSlaked</slimsyZoogler>
      </redocks>
    </deplete>
    <fougadeClosely raddle="shammedTrimer" sizers="verite" perseidWash="reawokeSaleps" stromaBrunoHungry="pendn9425" largos="spiderFakeSamsam702">
      <swithMarmotsToxosis>bogiesTornesi</swithMarmotsToxosis>
      <pilinRaja medals="unlofty">
        <unsootCresiveAlms>trivat</unsootCresiveAlms>
      </pilinRaja>
      <jaggyDopantBallots>
        <phyteus>73</phyteus>
      </jaggyDopantBallots>
      <dollopsCagierBeltene nonicBoon="traviss">
        <rotatePtisanAbody>32039192</rotatePtisanAbody>
      </dollopsCagierBeltene>
      <doloresGoloe milady="asaronDesorbs" zmudz="spinnelJivedRivages">
        <ramuleSellate>tophousCravats</ramuleSellate>
      </doloresGoloe>
      <fences leafer="euroBotanic">
        <aluminsGaypoo>arisaid</aluminsGaypoo>
      </fences>
      <chagalIrised brotheIrrisorSyrtis="melon496" trifledJereed="fremt" raptrilSentiKabonga="unitalQuare3">
        <leucismElapine>hives</leucismElapine>
      </chagalIrised>
      <proheim alertaNeonsUtterer="ajointPoshRoyals">
        <culrageArisardHackbut>caridaDimitTesty</culrageArisardHackbut>
      </proheim>
      <wanely klans="myopiasDossesPolian">
        <batellInflect>netops</batellInflect>
      </wanely>
      <taraiTurrets widegapOutsay="obeyeo6480" infaustCradock="rales1049">
        <osmic>guessedCroceinKugel</osmic>
      </taraiTurrets>
      <eggheadPaths asphyxySuntSoleas="722949" kalesDwyka="ataxia">
        <newburgGripe>rennetKhirSerrula835</newburgGripe>
      </eggheadPaths>
      <freeby linaloe="childedYquemSakieh" drumFique="686272">
        <leafcup>moolah2911</leafcup>
      </freeby>
      <whilk alicula="proxiedCorance2" gagersTekiahGuelph="traneauAmoy" hiedLoukas="1">
        <msterTriformFastly>sonoran</msterTriformFastly>
      </whilk>
      <tawtieRessala>
        <beheadBoxfish>marrowsWoes</beheadBoxfish>
      </tawtieRessala>
      <queen idoUnovert="nifties68">
        <abdali>tibialReallotWoolert</abdali>
      </queen>
    </fougadeClosely>
    <gemmerWhitiesPetum>
      <ladakhiOnsightOdder>4838</ladakhiOnsightOdder>
    </gemmerWhitiesPetum>
    <alopDiluviaForces indowKeckles="patting" soallyHolism="mozos">
      <sidlers>eiryRepleveHavened</sidlers>
    </alopDiluviaForces>
    <overgunPar>
      <powdry>balldomUpbotchSokulk895</powdry>
      <unborne phirozeScazonKhotan="whipAgetDola" carrion="shirrsUnfixedBubber" sordManulCoaters="leadsUfosJitneur" airable="tracksOopsKeymove">
        <cuniliPrankyScow>chagal7</cuniliPrankyScow>
      </unborne>
      <emperyUncomfyWeighin endowsDiver="86" adnexed="rebreedDemencyCraking" hatfuls="placqueUreid">
        <garni>sniff</garni>
      </emperyUncomfyWeighin>
      <compsFraughtBakwiri>
        <knetchTongers>halideLippia</knetchTongers>
      </compsFraughtBakwiri>
      <poppiedSyntaxRennase burstedPeckage="11258123" taeniaSicklyColure="592" bastesIononesMohwa="liambaFerrPech">
        <setule>5</setule>
      </poppiedSyntaxRennase>
      <kaha minicabUngrow="monied">
        <ptyalin>pulsarsSatoriChairer3</ptyalin>
      </kaha>
    </overgunPar>
    <johnnieUnilobe>
      <hokerAbacot>saddlesZenobiaLhiamba</hokerAbacot>
    </johnnieUnilobe>
    <fricace>
      <baikieVeery>voluta23</baikieVeery>
    </fricace>
  </aradid>
  <agnusesNavies dimmockSuzBens="femptyWasntPaidle" scrollsStoned="abrazosFuzzily" haddieNape="paeonic" ominousLoomery="74392">
    <frizer strawenSurinam="bezilsPuddlyLavabos8326">
      <clients>saggardGleirLysates674</clients>
    </frizer>
    <esthete trollop="fidiaWhereis" deisin="ionizeCosteenWhirley22" shelahTaquaSwiz="goustyBeedomRetoast" sneestPlan="chochoFroward" boridYedMenace="lathsInliers">
      <jirgaFaultEquable>ballots2810</jirgaFaultEquable>
      <lycheesCapedBon>
        <morallyPavlov>krama</morallyPavlov>
      </lycheesCapedBon>
      <oaritis entriesDivorce="bergh" albee="paresLucania" armure="12" mashiesUdomGoggan="nubileChemic">
        <marrowBunyasGtt>bauno</marrowBunyasGtt>
      </oaritis>
      <traneen infarceBrendanChia="asahelSelvage" cede="lariSeabags">
        <unchairReawoke>curvous</unchairReawoke>
      </traneen>
      <way briefer="graupelVernal" enewFig="aneling" nerium="degrasWainmanPhocal51">
        <reflowEuvrou>noggClarreAdibasi335</reflowEuvrou>
      </way>
      <kylixKoilaKrubis hertzesCretionIztle="tortilKrasisVection" lambersUncased="bajriHogwortBalaic" laurealQuet="butchaFent">
        <jaspisBlows>witten</jaspisBlows>
      </kylixKoilaKrubis>
      <tail>
        <swumVeilySkrupul>catariaChinkle2</swumVeilySkrupul>
      </tail>
      <preciso>
        <myocyteAsinego>4971559</myocyteAsinego>
      </preciso>
      <luteciaCrip skyhoot="42776180" tufasSestiadAgba="sphegesClacks">
        <loamilyShirtPreachy>9506</loamilyShirtPreachy>
      </luteciaCrip>
      <navetaLauric wobblySliddryDridder="lapling8824" miaeHuskCrazing="capes">
        <hoopmen>8</hoopmen>
      </navetaLauric>
      <disbarShirkerBuckets heviTroupesVessels="492398001" binderyRelbunPyretic="uncoredReguideTartle" blawed="blued">
        <aweingGaditan>becardAgagYannam12</aweingGaditan>
      </disbarShirkerBuckets>
      <sichtMixhill ethersRecrowdHarness="971" pickoffArctos="kathrynAlary" saponin="futtahUnsteep" poseurBeduinsUnsame="tutorerTildeCycl">
        <brockedLoafer>290044</brockedLoafer>
      </sichtMixhill>
      <burbs tabsCourtsCloset="907726970" blaflumWrybill="fraelaSetting4495" openedJere="33585" cruelJuicedRifest="feyer">
        <bunchy>unturnUnrigidIbycus</bunchy>
      </burbs>
    </esthete>
    <rayfulDrabbedUchean>
      <midnoon>rogersSarks</midnoon>
    </rayfulDrabbedUchean>
    <braille tangkaPiliPapism="lucking" semarumCothonPalikar="moudy" squibs="staccCooeyedSortied" astreamTenso="pulers" milking="brankie83">
      <kniazi>3</kniazi>
    </braille>
    <shotgunFlugelYojana autarky="chiffer638" bisagre="cordoba" vickieVolume="halidTonkSnarer" katukaBatsman="spavietMubarat">
      <rubiest>scutta92</rubiest>
      <coriin dipsas="ullaWarchPrenzie" coisnsGirlishBroods="tombacPerdix" wormingIrefulPestled="447300758">
        <proteiRamulusShofars>jerviaHexagonGuyer746</proteiRamulusShofars>
      </coriin>
      <painCaeca pooaArgyle="70471" idismSeiche="652403">
        <wilson>coliasEyecupsConch</wilson>
      </painCaeca>
      <breadedPhonicClubman>
        <coonierGuar>talonedAlinit</coonierGuar>
      </breadedPhonicClubman>
      <hayweedMirroryPopify enseel="phylae7958">
        <swape>shopmanGuildsHalfa</swape>
      </hayweedMirroryPopify>
      <lovage guard="5590">
        <wolfram>tastyClumper</wolfram>
      </lovage>
      <vocalsDossed bowne="gibaro54" ahirIla="hushelStadeFigwort" cetylic="roxieTeddyTorqued" swom="howbeitCowrySchesis">
        <touzlesBagman>burlsBeleapt</touzlesBagman>
      </vocalsDossed>
      <twelveFreddoMegass>
        <spongedStraikTumults>60</spongedStraikTumults>
      </twelveFreddoMegass>
      <nozzleAlangeCherts liards="buddlesBasilar">
        <pishBetakeBialy>modularSabaloChegoes6506</pishBetakeBialy>
      </nozzleAlangeCherts>
      <glunchFray>
        <sprites>sherri</sprites>
      </glunchFray>
      <figwormTale bacchii="frappesGeopony">
        <dozzleRaphany>wadset</dozzleRaphany>
      </figwormTale>
      <gigtreeUncrateMishmi readied="oddsMoanTeasy" bordunCrustsKirkify="257017" dislockCopyingSonglet="typhon">
        <diswoodDistal>481970229</diswoodDistal>
      </gigtreeUncrateMishmi>
      <clapsCentureBravely rokeeWanwit="4843787" ovulistEtiolin="ferlySteepsWrithed">
        <trimerNeonsReboant>corvoidOnesLeam</trimerNeonsReboant>
      </clapsCentureBravely>
      <aerieSuricatImmune cestidaClastic="eltCotanDecency">
        <halids>25</halids>
      </aerieSuricatImmune>
      <sokemanSilybum tattle="neaps">
        <lotahsMoundy>spurwayRiotistNocturn</lotahsMoundy>
      </sokemanSilybum>
    </shotgunFlugelYojana>
    <knacked>
      <sheKlatschMistype>propusAuding</sheKlatschMistype>
      <entoils>
        <theatryNunniWeewaw>cfiFrecket</theatryNunniWeewaw>
      </entoils>
      <entericMuritiLushier isegrimDod="deadmenRefaceBounce">
        <radiumsBaboo>quiringLevBarging</radiumsBaboo>
      </entericMuritiLushier>
      <aitionAdangle aleSinuousKeeping="giftingDarg">
        <lendu>dimera</lendu>
      </aitionAdangle>
      <repinsAttagen unseeAblepsyDukuma="formylsKibitka">
        <outactAshrafBerean>30800</outactAshrafBerean>
      </repinsAttagen>
      <spokane salvy="bidryHocco" matanza="gyppersThamusObiism" volostSafine="frapleCocuisa">
        <cundy>relived</cundy>
      </spokane>
      <jhvhCushierCarlo shed="9429218">
        <surfPounds>clinkerChimlasOxalite6041</surfPounds>
      </jhvhCushierCarlo>
      <recagedRebore>
        <denomExarchy>foroldInjured</denomExarchy>
      </recagedRebore>
    </knacked>
    <naevoidMimeWert>
      <whelmAzimin>newerDealsAnchor</whelmAzimin>
      <gustoso>
        <sdeathPipil>ginDobbersBanned</sdeathPipil>
      </gustoso>
      <ramark>
        <affectDugal>974233</affectDugal>
      </ramark>
      <jaggsAstur tiangueCosignsKadein="bugbear" brahmaFain="soir" tradesLackedLiegely="amuseeLadykin">
        <procyon>15650</procyon>
      </jaggsAstur>
    </naevoidMimeWert>
    <moffHeavilyAbuta>
      <euryaleSlayed>bareges</euryaleSlayed>
    </moffHeavilyAbuta>
    <takings truerKyuBraccae="meliaShavianRagees" frisky="florist" fittedYangtao="ersatzScrimBuvette" platodeNogs="canid">
      <capsulaIleitis>wilsonSexlike</capsulaIleitis>
      <astersAdmen delfts="7530225" photogsWrocht="xylylsBatcher">
        <akkadRaspers>stomackWaspierBatch</akkadRaspers>
      </astersAdmen>
      <sheitanNaebodyEmerged icariaSaleUncave="juniperUsances" bachedPhloemsCatvine="yogin" trochidAinsHibbin="brantaGrowlyTeddy" brahmsSaveryMatsuri="nebula777">
        <tartary>jaygeesChiru</tartary>
      </sheitanNaebodyEmerged>
      <kajeputNervedSank mabel="iacchusOsteoidSlagged" mulvel="isoline" tewartRotalaStrond="spiegelPooped" galibiDeer="sothicRebatoScaloni">
        <anaquaChiackGuebucu>affinesVitular</anaquaChiackGuebucu>
      </kajeputNervedSank>
      <bolsterOracy>
        <aclemonSafflor>avgas</aclemonSafflor>
      </bolsterOracy>
      <tornalDownlieAffuse epigaea="zambac70" hachureLapides="slangedConnateStemple" aitisBizonal="skanceDanglerBlahs" lamber="tuxedosPurgaLoe38">
        <edgesIgarapeFirms>infauna</edgesIgarapeFirms>
      </tornalDownlieAffuse>
    </takings>
    <chabuksCadying cholum="1773" funderWaymenBehove="sirupsFoys" slayersLazule="ume" unfixesSwack="sesutoWilco" cannel="refilmRept" kuffiehFakofo="trisectQuashed">
      <teabowl>mossed</teabowl>
      <wavily iviedOrganaShophar="thushi">
        <inkhornGelled>taylor</inkhornGelled>
      </wavily>
      <infin claimer="ridesOraclerPetemen" inuring="3522" forpineSettUnrests="doketicIpidaeAwanyu" raffled="38">
        <fulupNutcake>peansThrash</fulupNutcake>
      </infin>
      <abhorUhsPodura skoutBrotherSeige="7061064" emirate="cowherbForweepEpeeist2" haveagePucesSetling="reauditPliersSwaggir">
        <pealikeZibethKalpak>idyllia</pealikeZibethKalpak>
      </abhorUhsPodura>
      <puplike merino="6" vallary="stookAbseilsUloncus" abraxasWhirret="cuttail761" peerEserinTandem="fuzzesBosser">
        <chekenExciton>slewing</chekenExciton>
      </puplike>
      <rincon tippyFerraryFbi="sunbow">
        <joistSextileMinuend>foredoVets</joistSextileMinuend>
      </rincon>
      <enfoulOrvetToggles>
        <morticeMadelon>95</morticeMadelon>
      </enfoulOrvetToggles>
      <goofy papooseLyctus="26837061">
        <rouilleWambubaAssis>56304163</rouilleWambubaAssis>
      </goofy>
      <atoke>
        <aeginaTitanicColorin>fastsIdeated</aeginaTitanicColorin>
      </atoke>
      <cogonsBelgic>
        <cineneMongols>loginsSauquiBocoy584</cineneMongols>
      </cogonsBelgic>
      <shortedWoofellMixable>
        <comamiePrecide>maimersGhaffir</comamiePrecide>
      </shortedWoofellMixable>
    </chabuksCadying>
    <stowth upcityShab="55087434" aknowSiletzLardy="navels36" odsoWard="tallithCredentAboil" phidian="swillUptrussEnamor5">
      <zadrugaMusalAttinge>prancesRancel8313</zadrugaMusalAttinge>
    </stowth>
    <illy>
      <bustleSurfedSangsue>bebotchArcualCrazily</bustleSurfedSangsue>
    </illy>
    <unket>
      <cloths>skunLaicism5232</cloths>
      <bogongWissed>
        <wizier>cessantTuzlaPulicat</wizier>
      </bogongWissed>
      <dejectaToluyl tajesAtresia="epikeia">
        <aleikum>dialect8839</aleikum>
      </dejectaToluyl>
      <pourieOustitiDowcet>
        <lirothVascula>14</lirothVascula>
      </pourieOustitiDowcet>
      <dyne dapples="laneway">
        <indexerSozzlyDissoul>semify</indexerSozzlyDissoul>
      </dyne>
      <gumweed dustsPeractHyenoid="ruewortBoutUnwived7" dindleDewily="dumbsStheniaCottar" cordaxHitlerGlebes="courtVaguestLatrobe">
        <klaxonInaners>94</klaxonInaners>
      </gumweed>
    </unket>
    <diting>
      <zilpahTewterUnloath>8</zilpahTewterUnloath>
      <hasterOsmanli resin="abwabVum" heehawCoulureOcher="precant" glossaPludHydra="dwarfJuridicTushes">
        <acastusChiotCotoros>paulite</acastusChiotCotoros>
      </hasterOsmanli>
      <antiwitMushRhaphes englute="blotchyPoonce371">
        <truncusTurcianBrickel>bahoPropio</truncusTurcianBrickel>
      </antiwitMushRhaphes>
      <mingCocleEndome mianDeploy="shrewPistilsPities" mirak="bowden" lathieNavies="precony61" berlineYerbaVinegar="flyting">
        <tautogsRefryQuashey>utinamAbattis</tautogsRefryQuashey>
      </mingCocleEndome>
      <hoySapBoomier dheriLeagueLays="hoveler" gathersBrulotsCalluna="2389">
        <valuta>dancyRedeckTutin</valuta>
      </hoySapBoomier>
      <defamer dogtieNifle="martiusOkieDanders" garuda="95">
        <gypsyfyBanat>kinboteGasmenSeducer</gypsyfyBanat>
      </defamer>
      <permDapple bittie="begetsGooksLetten">
        <meekly>210</meekly>
      </permDapple>
      <pelterReadingFarsakh effaceDecaysNanoid="120889">
        <disring>hickeysDanseurFleabag</disring>
      </pelterReadingFarsakh>
    </diting>
    <dorcasRuptive>
      <dawtedTawpyTampon>mestesoGrusianMakuta</dawtedTawpyTampon>
      <sacbutMurlainKroner dawdyWhammle="42705674" astroid="vangloe" tonkinAmor="95067" locatumInroadsCask="spulzie6">
        <repugnHanker>serosa</repugnHanker>
      </sacbutMurlainKroner>
      <ketoIchnite tow="merelMezcalPaeon" chassThewedSclim="abrinIseForz2362" ampuls="doorboyNuance" rocklayLocker="panurgeCulotteUntiing">
        <howeGunportPewy>51298</howeGunportPewy>
      </ketoIchnite>
      <folial tokeHispid="35042421" weedaHimpleContr="shiners">
        <coffing>whops</coffing>
      </folial>
      <dirdums loquentLinaloaArpanet="xylogenEmendOcrea" halvans="878322" alcaldeAfreetsFringy="39018543">
        <airpark>818150</airpark>
      </dirdums>
      <gimbalsBlip sare="cubicle" sherifProal="razersTuliacToxin" buxomZeolitePersea="readyEntityTeared">
        <chiamSurviveSubcoat>wicopyChequyGadaba</chiamSurviveSubcoat>
      </gimbalsBlip>
      <stewartPaqueSleech sabaloNieveVedaism="cateryMotelsGlad" hollersWheal="otacustBlotterTufting38">
        <deduitVertPhenol>broncHulked</deduitVertPhenol>
      </stewartPaqueSleech>
      <axes>
        <abkhasFondonCoons>aimlessArshinsStupend</abkhasFondonCoons>
      </axes>
      <paricaEpizoonChef inhell="ratchelTanoBlaasop" arthraTwiller="alkoxid">
        <strid>707022</strid>
      </paricaEpizoonChef>
      <gade dropaxScur="gesneraUnca">
        <pabulumWallyDebaser>882</pabulumWallyDebaser>
      </gade>
      <levetRugger whammedCardiacOddsman="convertMomentoAscot" eludedCloseFilmet="glansMiggle7" gunnery="muggerAdlayFrances99">
        <hurtlesTailyeOdium>hexdra</hurtlesTailyeOdium>
      </levetRugger>
      <pointyHammadaSauba apionol="united" bironMeasled="retieTraclia51" tropinsCimbriSugar="mungos">
        <tatersHeliacVirga>shipletElversEngrid</tatersHeliacVirga>
      </pointyHammadaSauba>
      <afaraManumit oratrixTurners="7744538">
        <dunkerQuinoaWiggle>exhaust7</dunkerQuinoaWiggle>
      </afaraManumit>
      <othello auteurGeodalOquassa="steen" depositHederin="bummelHybodus">
        <crowLohanFluence>padlesJismAlbi</crowLohanFluence>
      </othello>
      <proxiedPancake finialsMetolImpages="cleekFlambe">
        <bliteParate>akamnik</bliteParate>
      </proxiedPancake>
      <frigga doodadMelaena="toshTorreya" nodsHummusTemplet="esopusExerceLucuma" porism="moulyKookery" staiaLepadid="orpheon8">
        <venlinMines>anasaziBestrawGorier</venlinMines>
      </frigga>
    </dorcasRuptive>
    <rignumBedampPis>
      <repinBokomMontana>goad</repinBokomMontana>
      <coseismCoedits>
        <browdenXenicus>choosesBrosy7904</browdenXenicus>
      </coseismCoedits>
      <begoneBuckled>
        <sudder>mirkishColpusUrging1</sudder>
      </begoneBuckled>
      <bakutu prawnyLehuas="tps" feudedTodiesGolp="tawBengalUnrayed">
        <acale>17</acale>
      </bakutu>
      <huskedFlourVerde>
        <phaser>sewsterRuesomeQuittor</phaser>
      </huskedFlourVerde>
      <live aknee="scent" lepomis="2765" dehisceNailedCopilot="chaute" trekkedMnemQueasom="cleanup">
        <jiti>dadayagDeputed</jiti>
      </live>
      <wainageMaister flauntyCuring="rectus">
        <vibgyorOleateOuters>musselsScraper</vibgyorOleateOuters>
      </wainageMaister>
      <opifexArchaic elevatoChalanaTaivert="subcool" mincingVenusDeduce="cellHomraiMuleta">
        <uptraceEndorseVariate>9962957</uptraceEndorseVariate>
      </opifexArchaic>
      <curlGlisten>
        <acquentTiar>246</acquentTiar>
      </curlGlisten>
      <sauntTophetBlesser mojo="2632426" lunkProtei="kwartjeCoilsAdawlut" solvesFearerJived="sorceryBilges" inspectKraitsWhipman="unmad">
        <teemedSmallsRodsman>26</teemedSmallsRodsman>
      </sauntTophetBlesser>
      <widdledTenuryPunatoo>
        <pumpleEngrainCyprina>35923</pumpleEngrainCyprina>
      </widdledTenuryPunatoo>
      <frazingSuomic mucagoViver="claristPielet">
        <touToxodonHend>dunst</touToxodonHend>
      </frazingSuomic>
      <bhabarStorks saglessPaized="8714043">
        <thecial>sedovicUracils8</thecial>
      </bhabarStorks>
      <begem denotesUrbaneDogship="undonTunlandManetti" siuslawPanung="wealthInfancyLucumia">
        <caickle>hating858</caickle>
      </begem>
      <vasefulPrunus regnalBoyangSises="murreys" thrave="curchyWrenchStubble">
        <kipperGunz>frapp4844</kipperGunz>
      </vasefulPrunus>
      <likutaVaginal gussied="jeopardBerbersBreba">
        <hedericKeresGripmen>lohana</hedericKeresGripmen>
      </likutaVaginal>
      <lakatanLoveredLinelet seizingAster="mummifyOoscopy68" beveledUrinaryAmiral="retool" outfluePiki="upwarpUstion">
        <fluffAfar>barroomDolce</fluffAfar>
      </lakatanLoveredLinelet>
    </rignumBedampPis>
    <grangeGarawi>
      <pastorsBlowout>5457429</pastorsBlowout>
      <uptrillSakkaraPoustie>
        <pets>whoresSquam</pets>
      </uptrillSakkaraPoustie>
      <violateCrawlieEtymic untimeFinguEryops="snobbyNunship" wadies="474" rude="concionFlitterStopes" buntal="quotaLanny">
        <gote>63413233</gote>
      </violateCrawlieEtymic>
      <battensFadding stanzo="pizza">
        <loaDeficit>cocusRecopy</loaDeficit>
      </battensFadding>
      <dragadeTuke>
        <rotulad>umbrate</rotulad>
      </dragadeTuke>
      <bonaire>
        <nobbier>stirpMemoirPyrola</nobbier>
      </bonaire>
      <beworkEvilestSecant>
        <treaded>940390</treaded>
      </beworkEvilestSecant>
      <whalyJur evinceLophineMull="90758533" arhatsTornese="hymnistSleighs">
        <lambkinPhysidDictaen>cybeleAgistorSaxony70</lambkinPhysidDictaen>
      </whalyJur>
      <disgownAbatic waitsBemeans="wayang" larusClootSabre="79311" hassels="206031240" turningPomona="fratery">
        <blksizeGilakiEscoted>cajoleBoden73</blksizeGilakiEscoted>
      </disgownAbatic>
    </grangeGarawi>
    <yeanHumidBauch>
      <furlaneEunuchsEczemas>388</furlaneEunuchsEczemas>
    </yeanHumidBauch>
    <synaxes>
      <cotylaLinnsDegree>randan89</cotylaLinnsDegree>
    </synaxes>
    <starkGestio fordonePullen="tentingHayband" wendedMisbias="diurnMudrasBrendan4" shamal="370238" gamasidTramcarFraile="spiralFuthorkRoke">
      <perfidyColiticDearn>spursRabinet</perfidyColiticDearn>
    </starkGestio>
    <ectasesCorodyGuzerat>
      <spiroidTeethedSpues>afoundePergola1</spiroidTeethedSpues>
      <entoilToi lenaeus="coffeesShaftTitar" rosella="4646">
        <mealie>dreg243</mealie>
      </entoilToi>
      <rathedVulnedImbrown>
        <drumlySynd>noting</drumlySynd>
      </rathedVulnedImbrown>
      <orwell punger="cluedLunkerChucky" upwarpAmiasTruff="arbutin" shrugsBalanta="akhaDrownsGiher4">
        <maioidRament>852191</maioidRament>
      </orwell>
      <commitHeresyAlmira nacreLardsBreath="2631758" swanner="leucousWakasBackers">
        <natraj>119888558</natraj>
      </commitHeresyAlmira>
      <teachedPolypodAbsume dippier="782489" galette="unrayedDobbins">
        <aerateTeughly>rejudgeDipoleHanif</aerateTeughly>
      </teachedPolypodAbsume>
      <leerier yup="sagesseBtry" caseous="pipierTeabowl" graded="maharFanfold686">
        <sppUnlousyLiberal>akalaCured</sppUnlousyLiberal>
      </leerier>
      <stright saleps="obolesWiggly232">
        <densest>muonsTwiggen</densest>
      </stright>
      <tiouFudgerLupus ormondAsaroneWhined="diuronsJitroCumbha" lynneRubbingAdmin="lottedShamans1" unpasteHexace="shinyUncore23">
        <denningChorisoFimbria>revuist</denningChorisoFimbria>
      </tiouFudgerLupus>
      <dinerRulable fulmina="monocleDisbodyRudds" warmingLowbornSqueald="springMoravid" testaeBiases="warmlyHundiBumbard" gogPurre="adesmy">
        <hooleeAuchlet>measureKaimo</hooleeAuchlet>
      </dinerRulable>
      <deleingLadleRimery>
        <astertWirrahDichter>jargleDeerdogSilts43</astertWirrahDichter>
      </deleingLadleRimery>
      <repavedCampody bunchedAffHowking="ungraceBlacky" phemicRissom="att">
        <bityiteHapper>isohumeOogenyBleared6306</bityiteHapper>
      </repavedCampody>
      <taigleEarth shindigVenulae="silagesThegnsKesar" gholeHatersGlobe="passedSylviaPrudy5320" zoea="9" nejdi="skidoo">
        <marlaVaus>229421682</marlaVaus>
      </taigleEarth>
      <orarion pamiri="gotraja" refiresSteighHolcus="815459" komatikBiflexAdjag="unshoutCultus">
        <pussiesEkkaKohua>toweryCanzoneNylon</pussiesEkkaKohua>
      </orarion>
      <sandyxSlay obeismYentasSpearer="mechantAramina2406">
        <chechia>undularMopier</chechia>
      </sandyxSlay>
      <beltedDaymareHalling>
        <wooliesDhabb>4</wooliesDhabb>
      </beltedDaymareHalling>
      <wedfee>
        <surculi>hooplaMhorr</surculi>
      </wedfee>
      <alfaki puppingReflush="aghastKaliansManrent" gobansBegorryMowcht="strusePredusk">
        <annalia>cleanerPompousHones</annalia>
      </alfaki>
    </ectasesCorodyGuzerat>
    <pairerAzulene>
      <ourangMakhzan>rhinalDepotsGloater4</ourangMakhzan>
      <squirm>
        <arf>eyelastMaarTolan</arf>
      </squirm>
      <saveloyBoxfuls scuppetGives="3978" sprackIodineAngild="saktism">
        <styingUpupoidPearler>dint</styingUpupoidPearler>
      </saveloyBoxfuls>
      <powdersFldxt razzly="29047355" urinoseMatterIonium="bpiAdmoveType" drusesForswat="hustle" godiva="sessCowlsHerbane">
        <armaryHulloes>wine9408</armaryHulloes>
      </powdersFldxt>
      <upasesCudavaAtaunt wailersErucic="shahiFobsMartian" tavernsSalver="begetsSurma" oxamidBolasesHodge="isoximeFaerie" failure="apogonOutbuzzToaster79">
        <fuhrer>lunariaCaspian</fuhrer>
      </upasesCudavaAtaunt>
      <unweptEnlivenFatling dermPelasgiConturb="malting" safely="camelusSepnLevant" allobarZibethsHobbed="37771" lefter="moonletRialtoSpicant">
        <elapsed>januaGedunk7922</elapsed>
      </unweptEnlivenFatling>
      <lawyerJoggled slanted="932970">
        <evilly>jarsSavagedRebuilt</evilly>
      </lawyerJoggled>
      <drillsWaiting phytaseOrb="191090">
        <snorkel>kukeriMundal</snorkel>
      </drillsWaiting>
      <cackler drusyCorcle="nimbleBrassicGlene" refoldCapstanGuys="situpDetenusAnils5083" typicPoseur="2836664" tebeldi="triglotBallyServet">
        <hindusBlazingLogging>wintlePrunase30</hindusBlazingLogging>
      </cackler>
      <misallyTorsaloDogblow percentMagmas="albin811" boyunaBidedPokan="farmers" anagogyTipping="hirundoWiniest">
        <siccate>ardrigh</siccate>
      </misallyTorsaloDogblow>
      <paucifySkived>
        <keyseatLasiusArshins>ahaainaLongaMummia5747</keyseatLasiusArshins>
      </paucifySkived>
      <nuclei trepansRipperYajna="sundek" tammuzCashel="risked" agaricsCrumbumSiti="remanie" refiner="utahanOstosis">
        <loamedPressor>slaker</loamedPressor>
      </nuclei>
    </pairerAzulene>
    <jettonCygnus>
      <essex>udder</essex>
    </jettonCygnus>
    <psychos mebsuta="rauque" unhonedWekau="latsSundogArchfoe">
      <chilean>geeks</chilean>
      <mulleysRivals unsaltTuscanSnocker="eroticsEdgewayDapicho" behewBeleperSepses="267" baggilyAlveus="9882">
        <juzaFicche>suwarroPunch</juzaFicche>
      </mulleysRivals>
    </psychos>
    <recodedZingingPerloir>
      <airways>437</airways>
      <taximen regradeGarial="5694523" keldJinxingDraffs="remockAbject2" exurban="bozoBeliesGrower" callusScripsLehr="pinteTurpifyChipper">
        <smaikRingtaw>fineer</smaikRingtaw>
      </taximen>
      <kvasesIsthmal myrtolPipy="fiaschiAlkine" lobuliDowdier="invileGoslingInhame" stumpsDrovesTaborin="unpawedKookaGode" huanaco="dossilHusk7">
        <violSpreadsShammos>nemo</violSpreadsShammos>
      </kvasesIsthmal>
      <lingo sal="carversPlexure8" dhikrsPadtree="usingPrizerAcetify" abstr="rakishBeverKnot2420">
        <deepUrsineRumicin>shilohTalcumShivah</deepUrsineRumicin>
      </lingo>
      <perseidTidiesDestool minaret="entitleColumboBaccara">
        <parvenu>missisBluetopHicket</parvenu>
      </perseidTidiesDestool>
      <founteCombs>
        <nymssTineid>jirbleJazzist</nymssTineid>
      </founteCombs>
    </recodedZingingPerloir>
    <bepaste fullamsMicrohm="fatterNote" forevowRemGalee="metherPottiesNapless" proselyWet="fervor" tubmenCaging="122">
      <iban>kokopuRandy</iban>
    </bepaste>
    <dautsTakerClich ezbaCedars="6678" expreme="gracedBiker" troakedHalenia="psyllaOutflee3" regattaBuba="warless" secondeGalleinTuilzie="brlAllyic">
      <ataxyPicote>unrated72</ataxyPicote>
      <tectrixWithsetCaffle yarkee="defloreEzekielChymic623">
        <deaveKissUnpiety>68311</deaveKissUnpiety>
      </tectrixWithsetCaffle>
      <mosaicsChelem>
        <koboldsNomineeSchappe>plugsParasol</koboldsNomineeSchappe>
      </mosaicsChelem>
      <crape subduceDamalic="becrimeUnifies" adrenalPlatie="reivesInchantBaller">
        <beadsSradhaCoranto>dottelsSereneGroats</beadsSradhaCoranto>
      </crape>
      <caum surgSenvyPitocin="outshutBadged" sloom="renillaMotmot">
        <cabobs>uremicValkyrs</cabobs>
      </caum>
      <epodicBecking marquesDetHocuses="winkelOverhieMauley" haakScatted="stoterElzevir">
        <djellabGhanScopa>titiansRebeg</djellabGhanScopa>
      </epodicBecking>
      <aprowlCujam knevelBaniansBandi="skinkedUngaite" subgodAmorphyLoghead="manilioAssuresScalena5">
        <tarreDeas>azha</tarreDeas>
      </aprowlCujam>
      <baronyFeluccaZootype sprackAsta="jumpoffKaddishHeuch">
        <oilseed>unarrayJailageThawn821</oilseed>
      </baronyFeluccaZootype>
      <alantVisiblyHalwe ioneKudosReaver="judex" remandsBonettaAzorian="imperiaGawksGhee">
        <filledRascals>peinedSnivels611</filledRascals>
      </alantVisiblyHalwe>
      <cordyCulbute oxter="sauce" coupler="zooticScler">
        <mowchtHagmena>imbaseDeludesSolar</mowchtHagmena>
      </cordyCulbute>
      <errataHuloistOusel>
        <gobbed>kiluck</gobbed>
      </errataHuloistOusel>
      <sayneteTolmen oestrid="bungfu" outkingNomic="8512762">
        <azotiteHulks>posherFldRecueil</azotiteHulks>
      </sayneteTolmen>
      <backlet>
        <malabarDextrerNinths>kisanStared</malabarDextrerNinths>
      </backlet>
      <shamansDigenyAxseeds parados="crutchUmbraeGrylli" jambonExhedra="knaveNeftgil">
        <domsBoomKurgan>1314</domsBoomKurgan>
      </shamansDigenyAxseeds>
      <charcia staired="nockerlHoblobHorral" watered="commo" owns="satireMistune">
        <tatchy>broeboeValvaeClarina</tatchy>
      </charcia>
      <enlargeRonyon>
        <floes>linpinCookingPoxes328</floes>
      </enlargeRonyon>
      <squareCoolerImpoor>
        <fitted>7178</fitted>
      </squareCoolerImpoor>
    </dautsTakerClich>
    <unwryFlidderScalpel dentureAnisol="10921" favelaHyporitMarrano="bestCreaserCramble" tarzanMateley="chteau">
      <mirfakGabeGibson>jowingPsoric</mirfakGabeGibson>
      <subarch caricesPredoom="brotanTwilitWettest" kenarehNonpoetSeizes="arbaClysisBeefing" skatikuRatifia="moitier">
        <cledgySluffShreeve>obeyeoDeflectSamba</cledgySluffShreeve>
      </subarch>
      <dogfoot prenderManilla="unframeWarmanHobble">
        <blini>walnutsConicle</blini>
      </dogfoot>
      <abnerOperantMessing cogboatJemmyTornus="798898636" foes="fulmarMoilersSimeon" ismsSaraadLimital="hoaxesMousoni">
        <crescFoamierMuckite>flavourRedroopIcterus</crescFoamierMuckite>
      </abnerOperantMessing>
      <kanawhaZouave doeskinKiddish="taunterSuwarro" harpulaDuffing="95679929" oswego="chaetaCarissaPct">
        <bateaux>burlier</bateaux>
      </kanawhaZouave>
      <tandavaLache chose="bluetsMissuit" acclaimRemount="8" tonnishBiontsErat="fitnessMarmionMuscids56" dwangArtemiaScug="jaupSyntaxGodhead">
        <moreishWorker>cosins</moreishWorker>
      </tandavaLache>
      <repentAsor bleatsEsopus="957455" ashamedChang="availer" upwithCarabinIncise="pistrixHydroFrenchy" taxirHoveled="exitusBurghalBoring449">
        <wheel>nervous</wheel>
      </repentAsor>
      <imbalms acnida="parleyEntachVestry" jabotsTrancedWawa="compendSeinersPointer32" junoPozzy="6855175" thames="intoed">
        <danklySmutty>squetTipsily730</danklySmutty>
      </imbalms>
      <subashiTiesThirt kusaFutchelMakeup="haftingBableJura41">
        <kilPep>servosTetrose627</kilPep>
      </subashiTiesThirt>
      <flutyKudu undinedKiefFretter="foesDriersDols" morboseVicesAnywise="rarity" tanburCocklet="burtonsFideist">
        <setwall>114691426</setwall>
      </flutyKudu>
      <cavelSneestLettic naganaGlycan="293596" aminiAplomb="821739585" puddaDurezza="tawersReemits">
        <tsarism>schema</tsarism>
      </cavelSneestLettic>
      <solatesTippeeIceberg eutexia="enclRove" apartEmule="pursRouble">
        <dyceBunter>cygnineTowghtJesuist748</dyceBunter>
      </solatesTippeeIceberg>
      <speederDimmingSoln sconcer="musjidsUtsukBetsy" ritcheyJabulesDement="casabasBurkersRailer">
        <redameAla>258</redameAla>
      </speederDimmingSoln>
      <emendedCoalaBaas peakier="grumiumSyrTurbits" nepheleStiltedInstamp="64" submanTembetaPycnid="rampike" palulusKamalas="stealKantian">
        <swordedBoterol>30266510</swordedBoterol>
      </emendedCoalaBaas>
      <fraisesSecpars army="abthainCantles" slump="unshot">
        <alumicMixer>9898</alumicMixer>
      </fraisesSecpars>
    </unwryFlidderScalpel>
  </agnusesNavies>
  <lode exodic="877" zuisinHaemony="chronal" sledApinaeTel="alopias">
    <novusDuxes>
      <boartGhettoAdvert>embelic3267</boartGhettoAdvert>
      <placets laurent="potgutLangrel117">
        <helioTraistCortian>cremone</helioTraistCortian>
      </placets>
      <moc alrunaAridedDogwood="schepenPatins96" ionium="wroot">
        <bemealJasmoneNarking>562</bemealJasmoneNarking>
      </moc>
      <basan ansBono="bruscus" ramrods="inspeak" theezan="mentisWah" observe="scudo">
        <melene>rodgerDaintKnetch</melene>
      </basan>
      <dottersTentRic shores="sampleLaertesMixtion" antdom="oxideFortBodkin">
        <trillCloofEncases>cineol5684</trillCloofEncases>
      </dottersTentRic>
      <brewsVibrioBanchi>
        <aunts>cyaninThonFrisked</aunts>
      </brewsVibrioBanchi>
    </novusDuxes>
    <meecher>
      <hoppleUngumGarum>gobletParryWilk</hoppleUngumGarum>
    </meecher>
    <gammickRinds depose="65" soilyGrouzeBobcoat="esqMestiza" ibexesFraynePterian="jimmiedKlucker" igiturKaliansRebloom="blowess">
      <titledBumbelo>bisons5</titledBumbelo>
    </gammickRinds>
    <berunDaseinLulus ecartesSonarsJanet="62" spaleSlink="cougars" nutatedFassBant="381">
      <moorageMatloPalster>dipsie</moorageMatloPalster>
    </berunDaseinLulus>
    <ccoya wottedLaboredPicas="rackerWolffiaLentil" epingle="5" faradsPirrmawGraeae="bulkinLichenyClarre" cedrineReposalEyrie="milline" atreticKinaseMannan="matelotGedderCrotons">
      <prosing>cookeyFlee</prosing>
      <proofsPeasKorero scrawSootingJacu="4767183">
        <pushfulHumiteKoranic>araliaGiardiaTalayot</pushfulHumiteKoranic>
      </proofsPeasKorero>
    </ccoya>
    <baryonGrouchoHippen>
      <vizslaMidwest>rotteMondegoBobbles</vizslaMidwest>
      <zedsCarroty zested="wiringsGovAlphyls" anglingDeerlet="chalahsHazer5744" capsizeStealy="eyedSmokierFostell" sakeenCarnetsUperize="46454">
        <rebendBruitMether>dyslogyJokistShave</rebendBruitMether>
      </zedsCarroty>
      <reding mingles="spakeAbrazo" bkprBellmen="baxter5449" stenar="7290755" filsAtip="hermanTunicaeSoapsud">
        <osteoidReadl>93228</osteoidReadl>
      </reding>
      <coumaraElastinLapful>
        <hir>carbylEstableFlemer</hir>
      </coumaraElastinLapful>
      <ranidaeOutpoll>
        <khanumEndopod>talwarSciuridLabels</khanumEndopod>
      </ranidaeOutpoll>
      <reswimPaled carderWivedCraal="879068528">
        <herbalUproute>aparejo</herbalUproute>
      </reswimPaled>
      <vizardsOutland nounTuckedGareth="zeism" dikkopPlanter="reopenCuprose438" routeMewls="5">
        <fablerTurn>blamedAcmaticSeasick</fablerTurn>
      </vizardsOutland>
      <chumpa svamin="foppy" louieSantol="sie24" genreEater="abusesTithal" bombic="bute">
        <sunspotFowlpoxGnostic>3190595</sunspotFowlpoxGnostic>
      </chumpa>
      <pinbush>
        <beefersHoysPlatic>lametta</beefersHoysPlatic>
      </pinbush>
      <mowersCorneasEtrog pielessMoluche="jaimeChimbBuckoes" ascher="munchetVale" dunnoStife="35293">
        <remet>cambiaStokesColly</remet>
      </mowersCorneasEtrog>
      <xystoiAuxins typify="96581" danteanEmptins="spatlumNadderBellmen" cuviesInvect="carrotyToshly">
        <ambries>judgersEnbloc</ambries>
      </xystoiAuxins>
      <arrozIngenue forgiveSonlessWinze="quadral4266" franger="larariaReprice" heelcapSriBanya="saubaGrocery">
        <jinkerScour>padroniAleger</jinkerScour>
      </arrozIngenue>
    </baryonGrouchoHippen>
    <sublineToraEduced>
      <escobaUngnawn>zenanasIdoistUnidle</escobaUngnawn>
    </sublineToraEduced>
    <cronetBockey>
      <cosecGeddsEloiner>dooketFcompBailors28</cosecGeddsEloiner>
    </cronetBockey>
    <unflead>
      <ungloryPlasmaSpelunk>subtray</ungloryPlasmaSpelunk>
    </unflead>
    <aldolPalazzoApricot>
      <lucibleKilom>numeroLazesSamites</lucibleKilom>
      <klaxonAruntaMuslins endopodAbrosiaPouffs="aube" airbill="assaultPat" cere="usablySpiroidCashing75" scoring="forlieErudit">
        <nobbut>pahmiTumuliOutsell</nobbut>
      </klaxonAruntaMuslins>
      <isomerySaan>
        <lenders>wicking</lenders>
      </isomerySaan>
    </aldolPalazzoApricot>
    <usingsIntonedBlemish>
      <angriteSpoffyMaslin>joutes7505</angriteSpoffyMaslin>
    </usingsIntonedBlemish>
    <ouvrageDeeperEnnead>
      <prefixDemotesOribis>cosmine1</prefixDemotesOribis>
    </ouvrageDeeperEnnead>
    <pursuesForseek>
      <hutchieFerash>hirstie</hutchieFerash>
      <demesWingierFinials ploidyCaderKojiki="debtfulTeutonAnnat" tokeEnoughs="hightedBreaks" freshUngiant="celeminTomium">
        <girnedEpilog>medietyInaxonGlumpy4063</girnedEpilog>
      </demesWingierFinials>
      <wreathsCamelsCapsula>
        <buzzsawSwelp>sergTrocar</buzzsawSwelp>
      </wreathsCamelsCapsula>
      <anouraMidways hichuYavaNasion="reginasMornPastose92" osmosesBrumbyDatana="3940883" rustles="medials432" pewageCloyedDefats="sensalTorstenYawey">
        <waffled>ozonicPkwy</waffled>
      </anouraMidways>
      <sternerBefireUnsalt galaxyLyciumCahoot="grotianTorrensAppete" tiltingYeven="castersEnglPaged" restive="9760535">
        <swedeYecchs>arylAlrightMilsey85</swedeYecchs>
      </sternerBefireUnsalt>
      <toxifyBiurate>
        <blvdReboils>whoofPaggle</blvdReboils>
      </toxifyBiurate>
      <bromids archtIndwelt="bushtitBecomeChicago55" goodies="413010571" curesHydrol="mirv" repeals="anuryMinahIsobath">
        <ritters>tubemanYarbPonces</ritters>
      </bromids>
      <stull wokasBettaHirsel="737951308" syrupyLawyers="bazarAlpeenSoaped91" recoins="howsoBaho" befoulValidly="manusHarslet">
        <uferSpankerThegns>autism</uferSpankerThegns>
      </stull>
      <shines erects="rowdilyRebeat59" pight="tourism9001">
        <acritolGageGruidae>umbreScull</acritolGageGruidae>
      </shines>
      <pegasusYerdPaleate>
        <riddedGears>jundiesSegnos</riddedGears>
      </pegasusYerdPaleate>
      <dadoApersee kling="onyxisLecythi" weism="alane" imprestChouleTirrlie="54118" kacha="equoidBoreal">
        <clasptFrustaBreton>nankinTankman5</clasptFrustaBreton>
      </dadoApersee>
      <hatting fusser="131299354" tofterEdictum="asterinTendrilAgnail" geodist="365" skiech="paviserDerek7002">
        <outwore>kytheEluantCollada</outwore>
      </hatting>
      <apexesThemsel>
        <mycosesPeshwa>moodilyGlandsPals</mycosesPeshwa>
      </apexesThemsel>
      <salp heezesOrby="lariatsRemenDanakil" oribisWeighty="setwallStanzoAdvisor8094">
        <dingoUnhexForgers>untipt</dingoUnhexForgers>
      </salp>
      <torasTuftedBogota afghan="thiasoi">
        <samplerPochade>inoglia</samplerPochade>
      </torasTuftedBogota>
      <lowmanIracundRaters>
        <gabblesAmanori>28617290</gabblesAmanori>
      </lowmanIracundRaters>
      <rtwWhummle>
        <bedrownRotalia>ochreGarveys</bedrownRotalia>
      </rtwWhummle>
      <jeepHummersFlambes>
        <bucareBemoilHinny>midgut8</bucareBemoilHinny>
      </jeepHummersFlambes>
      <scalodo>
        <ceroonGarveyOfferee>infamyEvillerRecombs</ceroonGarveyOfferee>
      </scalodo>
    </pursuesForseek>
    <mucluc>
      <surveysSpeak>systSepalsAbys</surveysSpeak>
    </mucluc>
    <relotEyeableRecodes>
      <danderErucaMaracan>quippyAuge</danderErucaMaracan>
    </relotEyeableRecodes>
    <antihumRecastsTaposa>
      <synaxis>puppetStywardGadded76</synaxis>
    </antihumRecastsTaposa>
    <merles libelCandide="friggedSlicklyTipster" kanasCyclaneHypoxis="tankasPronplPross" unaMetronDia="umistBushwasVialful" auctorLochlin="papayanPetalyBaits43" paxilliZyme="morulaCestaKoalas">
      <musumeeManred>trusteePons</musumeeManred>
    </merles>
    <prewarnSiltKnowing amhar="squibs" gametalDobsonRidges="misname" birksSeater="88219">
      <dewier>capel</dewier>
    </prewarnSiltKnowing>
    <rubblerBaufrey primpsPeshito="zingers">
      <canyonsComicrySolanum>suplexEleatic</canyonsComicrySolanum>
    </rubblerBaufrey>
    <leerilyTileTimbale>
      <dronersAbacasHacklog>sympode</dronersAbacasHacklog>
    </leerilyTileTimbale>
    <sneaksAlbireo pukesTamped="featest" metisseReachy="conked" panocha="vavasorLeaks2668">
      <abature>5096432</abature>
    </sneaksAlbireo>
    <ruiningArtabe>
      <webbedCostageEmmers>phasemyCheeker</webbedCostageEmmers>
    </ruiningArtabe>
    <peckedLouts beside="panochaPhtalicMendi" eyoty="decisePomaneGringos62" clunistAlticaTumbak="bedpad" pigtail="htelSphacelIban">
      <zygiteSmiled>gaslikeMetresGuiac</zygiteSmiled>
    </peckedLouts>
    <goldyInfancyShutout>
      <pearce>soapyMimosas7649</pearce>
      <foramsStowceGlinse athrong="halfa" bedriftGladeFarfel="beloneCollen">
        <platsTayra>disringKenaiRuddles</platsTayra>
      </foramsStowceGlinse>
      <volcae vrochtGuestBucklum="moschusToxiconFatihah" alauda="4080" knevelNectriaScouch="turpisIronmen" scaldicDownsetPlainly="4644557">
        <butsBrailedLaps>vealingSlowest84</butsBrailedLaps>
      </volcae>
      <prinkerNunletCrewcut synesisUndy="fieldieStoas" navelyAdnexa="1590151" needleSoger="tamersTenting6013" corers="trochidWildestDildo">
        <astaticFloated>fileaMedalet</astaticFloated>
      </prinkerNunletCrewcut>
      <hinting>
        <shoepacGomartLactean>16223</shoepacGomartLactean>
      </hinting>
      <statureObeliaDamalic palestAlantsBornyl="rattledBangaSurfie" burmiteRibatArales="44" sledged="sniping">
        <markkaRection>fastedLimbate</markkaRection>
      </statureObeliaDamalic>
      <reenjoyMiddays>
        <francicEphelis>nereidEntrailLactate</francicEphelis>
      </reenjoyMiddays>
      <sliptEffuse>
        <sixEyefulsDoltish>5</sixEyefulsDoltish>
      </sliptEffuse>
      <awanYankFootsy grillAplasiaUnhired="beslapMairieSaeume">
        <taliped>jaspis</taliped>
      </awanYankFootsy>
      <aphoriaScog bermeNemas="atliFoss" sunweedPurging="thinLobcockUpswing">
        <rancheLatrateQtam>addersComedo</rancheLatrateQtam>
      </aphoriaScog>
      <stim muskrat="unpinAccts" clankDetentRipened="kneaderPallierAgruif871">
        <ratiteCitralsLyas>8519541</ratiteCitralsLyas>
      </stim>
      <muskier amselCausesViagram="divas536" sewer="wringed">
        <strathsVerzini>fatlessCherubHeydey</strathsVerzini>
      </muskier>
    </goldyInfancyShutout>
  </lode>
  <campody />
  <parbake nidorAreng="custosCapablyTutting" unweptGoavesTaboo="crackyGladdenTerbium2">
    <shrafUseable>
      <galant>breird</galant>
      <unmindDry abrim="4" arietidPalaisWaster="admiresCampy" shearAverral="bejan" nomeSurview="127997958">
        <puggish>metho</puggish>
      </unmindDry>
      <ande workerBaboon="bezelRecedeDisney">
        <nagglyDudleya>railedTincladRitzier60</nagglyDudleya>
      </ande>
      <birsesBetided packery="5276953" rule="cabindaDaman" tollery="maysUnseats" sasinWennish="chamfer">
        <sackedMimical>31044761</sackedMimical>
      </birsesBetided>
      <blanqueSangleyThixle spirityHacklog="5332409" lammMesilla="bedrownCrakeMalgr86">
        <envied>harden</envied>
      </blanqueSangleyThixle>
      <kundryGluingGetid flutherStuiver="flitterAdjust" cedreneNodBreve="pleuron">
        <stewartPaviorTigrine>domerIotizeSuckled</stewartPaviorTigrine>
      </kundryGluingGetid>
      <dyarchyHatsfulAbvolts piaffePyjamas="daunii8">
        <striderHammers>blitesSeragliRibes2</striderHammers>
      </dyarchyHatsfulAbvolts>
      <embowl resizeMyelinsTrustee="belaPrimsSlaws" bumickyAchter="hokerlyIteaGearbox" sizzing="gurr5" ladings="cutupsBhat">
        <handselDruther>pupilsEurus</handselDruther>
      </embowl>
      <yobboesEdifiedTelium scion="killersSuldanParmese" indraBarotse="wiikiteAscript">
        <sevilleGlobing>lupulic</sevilleGlobing>
      </yobboesEdifiedTelium>
      <dipole upcoilFiarMatted="zakahLockian2" zipper="curraghVedalia" lyncid="robot">
        <lassoedUpgaze>quorum352</lassoedUpgaze>
      </dipole>
      <zanze>
        <antWoodoo>percussYippedHamelt</antWoodoo>
      </zanze>
      <apothec indices="wordmenTichel" chalconHoselsPargets="793800" sioningMothy="jokierTrigoneBillmen" curfsEndoubtUntomb="203">
        <paradedExodos>746850</paradedExodos>
      </apothec>
      <greekPetuneSeely rmsSargusKalpa="buboes">
        <cashewsElysium>beeps</cashewsElysium>
      </greekPetuneSeely>
      <picrateSayneteSpere woollen="geegawSowarryHydnum" jazeyNephriaMaybe="118863033" hauntsBalance="cookish" shirked="spleen">
        <rosealAtaxicsMinicab>acouchi</rosealAtaxicsMinicab>
      </picrateSayneteSpere>
    </shrafUseable>
    <occamySwird orles="taoistsStewed" embowFibrilDipygi="vageTares28" yaffedFurlers="wistWangunStech9195">
      <silureShopboySuk>pelted</silureShopboySuk>
      <seisedPresign tapiser="pounce" embayFiddingClyssus="oliveanGimmePureayn" hashtQuaife="tricaeGrootSusan">
        <cun>1612</cun>
      </seisedPresign>
      <hexaddBilesCattie omitBasinetDexter="jettons" clatchFlodgeFurison="coachedArgiveFanegas" pontage="2168">
        <walletKetene>aphacicSwitherYields9</walletKetene>
      </hexaddBilesCattie>
      <ferret upholdsEuthymyQuested="reheardKitengeRealty1" hylidaeSheltie="mohismCodifyWived">
        <leung>toryfyMisween</leung>
      </ferret>
      <unroomyBeams>
        <trigramDobeTaw>781182</trigramDobeTaw>
      </unroomyBeams>
      <voicedClade penceSlidEntier="5596" teriPrioryNetop="bunya">
        <khakham>debiteBoatmenEmbelif</khakham>
      </voicedClade>
      <offcome>
        <linseysLowdown>areitoBde</linseysLowdown>
      </offcome>
      <dhurnaCoarb ordos="ternaCharuk">
        <cheviot>sponges</cheviot>
      </dhurnaCoarb>
      <takhaar rushAcerate="pentit">
        <mottoSanjib>polynoeTroolieStonify</mottoSanjib>
      </takhaar>
      <mutatorLaquaisFunning utchYaffingHyporit="gujarEhretia" routedSanctaGlaga="denying" counter="levyistOrselDonnish3799">
        <unnosedReeled>716781855</unnosedReeled>
      </mutatorLaquaisFunning>
      <cannotBestealFilo knocker="aerifyPochoir" cabuyaAgnus="crierMalming">
        <exotismGlugPolska>killoch</exotismGlugPolska>
      </cannotBestealFilo>
      <panoramJaguars pagusNattyRusks="1474583">
        <sorbian>pencelLancetsKulturs</sorbian>
      </panoramJaguars>
      <hespelTousy dualinVoesGreaves="bringOvertoe" loofaSpeal="ungirtGisantCckw5925" hagrideMozart="1614668" appairWeeze="dackersAgamic">
        <pannesBreezed>6928848</pannesBreezed>
      </hespelTousy>
      <stephanStromb expirerSuratBrasero="bestsEscrows796">
        <almonChasseFruited>nonsale</almonChasseFruited>
      </stephanStromb>
      <hirundoWontedGilders amesace="ruffle">
        <tittlesHallowAmirate>trocarVanilleNatrium</tittlesHallowAmirate>
      </hirundoWontedGilders>
      <intubeLazing planfulPellarThakur="libgetAgnosiaSwayful" sallooAgletGarotes="betwixtWawledMolles" winesopNoveltyLasking="preParvisAffy" morassyExclam="caperedWifely">
        <bradsotCocomatLentigo>pileoli5521</bradsotCocomatLentigo>
      </intubeLazing>
      <armures mafflerBurrer="sopher">
        <fillipNakong>caroledBribe</fillipNakong>
      </armures>
    </occamySwird>
    <mericeShifted fezzyGer="sleet" cakileSanifyCockles="dakotaPorrAraneae" gadding="poemsGawn" tobymanZanza="helmetsGawkers">
      <oyersJackson>roral8</oyersJackson>
    </mericeShifted>
    <astianSalmonsBudgets>
      <vaultyGlarilyEnable>cardon</vaultyGlarilyEnable>
    </astianSalmonsBudgets>
    <risiblyRedatesAirflow upriser="khariaIambus9" scootRattier="flaxierReluctsSyr">
      <ozenaSnubsFumados>steeplyDrug</ozenaSnubsFumados>
      <bemailFill>
        <paunchyIrok>serosas</paunchyIrok>
      </bemailFill>
      <tritelyHatched friller="wiserCheapen" dativePusillLastjob="daucusFanleafEscrow" daubySottingDrachms="costersNeela" wyvernScopus="hereat">
        <lavrockFervour>styanVazimbaHauls4</lavrockFervour>
      </tritelyHatched>
      <eyeableKobanWhizzer amritaAfroUnboat="soothesScaladeCuisses" obvertZigging="tapererUnmetTsar">
        <wedging>awashSequa5721</wedging>
      </eyeableKobanWhizzer>
    </risiblyRedatesAirflow>
    <flecked>
      <ramiroTiddyDirige>unbare</ramiroTiddyDirige>
      <juntoChoule>
        <hippicCamel>scrobis</hippicCamel>
      </juntoChoule>
      <kapokJagged shocks="reglairBhutanReshare">
        <juriSapinda>additurRadians</juriSapinda>
      </kapokJagged>
      <septalVivianLask skiwySmack="98780" rougedFixive="warhead" alecsKalamBarr="gibbon" slinteTonguey="helly">
        <axiferaKoprinoOverlet>torchesDirigo</axiferaKoprinoOverlet>
      </septalVivianLask>
      <isomerGlycide exhortsGraddan="kevinUnicistVril" amarnaGarblePastor="abvXviiSeine437">
        <samson>nereiteGhizite</samson>
      </isomerGlycide>
      <unwheelMuckLeucon>
        <elayl>pimento</elayl>
      </unwheelMuckLeucon>
      <nihils sommiteTubbierFaints="tharfDielec" dulcetCentrev="orpheus9912" shrillsCubla="colat" orthalEemisPleases="15">
        <heftersPioted>pindyJarrah</heftersPioted>
      </nihils>
    </flecked>
    <carpentUtmosts>
      <algumsSalpaeKildee>5823891</algumsSalpaeKildee>
      <popStores commePeppy="drawly" punks="rookies9961">
        <proband>tweetsTrokerTrump</proband>
      </popStores>
      <invadesLoaves jottyKarns="unsootVampKnees" lucianDinkies="3271020" dazzledShumacUlnaria="eyeletParitorOaters">
        <gadgetSoxMiaul>exsectStars</gadgetSoxMiaul>
      </invadesLoaves>
      <cablishPotherb maracanCuboidsBahaism="8921696" belugaImpugn="samniteFezzanSalute">
        <argyll>2</argyll>
      </cablishPotherb>
      <virtued>
        <amercedShannaKlooch>bimbil</amercedShannaKlooch>
      </virtued>
      <huskyKarnsWuss alantsHideousPop="nammaArrow" cantareEsdras="tiresolPhotons">
        <coving>euouaeRing</coving>
      </huskyKarnsWuss>
      <vibistsMuletasGrilse errsPiesCamaile="bangashAwaterKavaic" matrisWearerEoan="inanersSurrah" callateCotonamCentesm="566946">
        <uirinaGooldePresift>lotanReasty2370</uirinaGooldePresift>
      </vibistsMuletasGrilse>
      <tovahDorsaAnother curitesCaririTiqueur="sheroot97" viaductCandler="amebic" liq="trotMeathTaxicab" baignFingu="clowerKurgans">
        <mafooCozed>libyan</mafooCozed>
      </tovahDorsaAnother>
      <pesage mounterKatogle="ballad664" tucktooDowers="izarsEncreelNags89">
        <embosom>eila</embosom>
      </pesage>
      <bangosEcorche yells="unshadeTordion" whidahDillesk="8" brephic="haideeObelise">
        <janapum>edea855</janapum>
      </bangosEcorche>
      <bivalveSiphon bucayoDoodadsSagapen="doeskinCuriara">
        <cumenylImplies>632</cumenylImplies>
      </bivalveSiphon>
      <booboo>
        <rotulus>chitalDaimonEyres</rotulus>
      </booboo>
      <imbibedOstmark cpusOverfar="377893997" byrl="733896097">
        <frazedDrivel>annexa</frazedDrivel>
      </imbibedOstmark>
      <onymitySonly ciruela="candide80" zanAnurous="pectasePartileLocus">
        <memoSarcousLuxury>895607</memoSarcousLuxury>
      </onymitySonly>
      <kraits tsuboBuyable="jailage" etiamReboil="572699898">
        <relets>howkerVibgyorWaffie</relets>
      </kraits>
      <glosBamsTubas>
        <mightPuton>stitchApothgmGunlock</mightPuton>
      </glosBamsTubas>
    </carpentUtmosts>
    <tinfulsBefameGul>
      <jaguarsBromide>leninUrceusMomme</jaguarsBromide>
      <sofaMistend hookish="tanist" aging="stroup" socle="bentonSestetRamilie" epigyneHeron="denserYukkingAmebula">
        <opedArchest>sukPato17</opedArchest>
      </sofaMistend>
      <malieShriver>
        <maker>turmetSnailsTantivy</maker>
      </malieShriver>
      <toileSexlike gaudful="awning">
        <owe>380669</owe>
      </toileSexlike>
      <whoeverRehingeAnychia bomareaDupPropene="16193">
        <paideiaGoofing>chubbCrudest</paideiaGoofing>
      </whoeverRehingeAnychia>
      <grecque stormer="furore" saufSadhaka="preruptRunted64" appalsTaffetyFabric="jotter">
        <reheardGulpier>8060</reheardGulpier>
      </grecque>
    </tinfulsBefameGul>
    <ourangsAvenant serpentSpreadyTutted="susansHummingThereon" guttingHutzpah="mobbyFloosy" tailzieAntingHership="louiesVault" trussedTibiad="noyadedKafka">
      <hatboxTommedRingent>cotansCuratic</hatboxTommedRingent>
    </ourangsAvenant>
    <whalyWarriorSimilar>
      <unfussyGranny>octic</unfussyGranny>
    </whalyWarriorSimilar>
    <allelicPinked>
      <dawishForesey>oneroseRankingSlanged</dawishForesey>
    </allelicPinked>
    <wenchedKermesToolbox>
      <mellone>mammaeMoonman</mellone>
    </wenchedKermesToolbox>
    <gloverMistic>
      <cunenei>4203040</cunenei>
      <strolls surrept="cutty">
        <clecheeCruceLyceal>104868</clecheeCruceLyceal>
      </strolls>
      <problem cebian="hafting" boomahRabious="31056909" shuler="exurbiaAlack" tazzaDegauss="dryableFraud">
        <sackersHaikwanHeadend>keepsFrivolManse</sackersHaikwanHeadend>
      </problem>
      <jammedPriorsNonslip rummersFrivolZamouse="50590392" endeignNainTimne="suersDisplatPignora">
        <preideaUngridQueerer>malismKetipicSlurred</preideaUngridQueerer>
      </jammedPriorsNonslip>
      <baste trytSadr="charcoEmeriti16" pulsarsPhellum="709087581">
        <lygeumImpededBronc>souushyOviductSeafare</lygeumImpededBronc>
      </baste>
      <unprimReich piggery="bankScriberCypsela" carayanCambial="nookAcharne" baston="dubberInvect" bowelAided="trance">
        <teucerLooserDummies>euphues</teucerLooserDummies>
      </unprimReich>
      <petalMurexidTurken scudlerNooningDayan="dianil">
        <talkersShride>cequiMetabit</talkersShride>
      </petalMurexidTurken>
      <calcineGenae>
        <bemailPsidAngrier>maamThirl</bemailPsidAngrier>
      </calcineGenae>
      <mouched emigreeCoram="remintsBankmen563" pastier="handfulHereonTole">
        <maihems>nonsyncCatenasCroisad</maihems>
      </mouched>
      <quarksLorryCockle rheeboc="lotiumViverra">
        <hartakeLessn>cukesSigurd</hartakeLessn>
      </quarksLorryCockle>
      <imbrex>
        <kalach>owt</kalach>
      </imbrex>
      <hotchaImaums>
        <uru>hassingCortege</uru>
      </hotchaImaums>
      <talmas maltineReverbThorter="horaeGrana5709" eatersPrimingBarnard="77" antwiseCaladeLowest="busuutiCringerOrdene">
        <lyraid>sedersAquench</lyraid>
      </talmas>
      <raftyAsprawlConeen medius="knappanKyurin">
        <jog>nucleonNutwoodArbust8</jog>
      </raftyAsprawlConeen>
    </gloverMistic>
    <lacemanSpirem croker="dunne" jolesMuzzlerJuan="garagedCozeys" goes="fetas6" daleaVersaRubbish="fidgetShot" lettChicker="quizzerGlobate">
      <vorage>wallabaActa</vorage>
    </lacemanSpirem>
  </parbake>
  <matinal />
</alumnolPickee>