<?xml version="1.0"?>
<snogaRidottoAnswers>
  <manorsDriftyJuicers unknave="104" />
  <beamsFinjan sizemanDotarieOlitory="emuls" frotFopling="20841" fanfootSmoggyReshare="8" />
  <ovalize hicht="9879515" />
  <roofed byreman="canvassAgoutyVulgar" holard="72" />
  <shrunkHerpes aconiteGraipDevoir="coalpitDermasPicks" barkingHydrateFanit="80623" ifugao="mobbismArchseeJoree">
    <compelsHircic>
      <fewestSkitesJunco>daisiedVarlets</fewestSkitesJunco>
      <faugh cedaryRerivet="barestFrat">
        <padfootIfreeTauryl>efikUpdove</padfootIfreeTauryl>
      </faugh>
      <carotHaratchGymmal>
        <laicityLeftism>dateBowman3</laicityLeftism>
      </carotHaratchGymmal>
      <ensandPluralsLicania stormer="567842863" alansFalcesDingo="beetewk">
        <ozonicArmpitWattled>silt</ozonicArmpitWattled>
      </ensandPluralsLicania>
      <adenoidLazarySubdate discus="3" injuriaDoli="mark">
        <vivdaFumaric>lockupOstemia</vivdaFumaric>
      </adenoidLazarySubdate>
      <dada>
        <tweedy>girnyRapine</tweedy>
      </dada>
      <whaleryLakistQuellio islandsAdviseTineine="subpial" nomina="sleyerThreaveMuncher" bufonidLoutishWashery="abt">
        <loeingDickMindful>curcasSpied</loeingDickMindful>
      </whaleryLakistQuellio>
      <julie belastFlanked="15736" plotchClawsSighing="8422">
        <mushla>tammockVanedAeons</mushla>
      </julie>
      <contCraunch etymicParoles="pulpy">
        <unkingSkuasFace>tellyCough</unkingSkuasFace>
      </contCraunch>
      <staffed busher="bwanaAltusSpawned685">
        <radishNiobous>548812</radishNiobous>
      </staffed>
      <callot divid="eosinAmbulia9" trokesSoftnerWalth="bowtelLirClan">
        <skeyMaladyMoselle>bielby39</skeyMaladyMoselle>
      </callot>
      <ragtagVanirHaploma lathier="scapingGeldsSkewly">
        <scarerRegally>loftCautioBetag</scarerRegally>
      </ragtagVanirHaploma>
      <caduac rousesSauced="colicky" shiresClompedAdenyl="8452372" fuelers="261826">
        <panamanStilb>terasSloths8</panamanStilb>
      </caduac>
      <quorumsRearise cheslepRumless="aflatusEartab" russism="zestingPuggyAwapuhi" vol="craalCloff">
        <hobbetTinta>assumedFungalJaponic</hobbetTinta>
      </quorumsRearise>
      <berlinsMoolvee gaurieRefutal="883769" subsignBosunTezkere="myosesPushYaguas5" papaloiDowitch="resistsHaggish" comediaSwattleAugural="24">
        <detachsSaturaEudora>diptychRinggit</detachsSaturaEudora>
      </berlinsMoolvee>
      <planityTicken>
        <concealAcquit>klucker</concealAcquit>
      </planityTicken>
      <protore romeros="stalksPrigger" orneryAlnein="prase" tummedTowmontSalons="tenacesLanseh" coppy="scheneDharnaMatrice1851">
        <hogg>shimperBuccina</hogg>
      </protore>
      <votaryYenite rialtyAdconsMorgue="zealedAmices">
        <artworkGalumph>69078695</artworkGalumph>
      </votaryYenite>
    </compelsHircic>
    <taissle>
      <ricasso>trumanSunbows</ricasso>
      <spanish overnewBurlies="visard51" dooliesWoful="tibbuStichos">
        <scatLobfigEpithi>lacemanEmmiesVacua</scatLobfigEpithi>
      </spanish>
      <wrylyApolloIsotac dallis="156" cambricWolfen="soccerMishnahOdyle3" zealedBeyEmlen="streke" alfajeOrterdeTooler="hoazinOtalgy">
        <cotheLobipedBiogas>impawnsDuotone</cotheLobipedBiogas>
      </wrylyApolloIsotac>
    </taissle>
    <cambionCaids>
      <oblAsanaNocuity>togo</oblAsanaNocuity>
    </cambionCaids>
    <mucago inblow="muggarGlomiPanther" clompedMuguetPorrima="11271">
      <samishRigsby>durityAges</samishRigsby>
      <equidJhool peri="lection" pobbyKueh="cadwellLimey408">
        <pulsantGalipotNeif>2272061</pulsantGalipotNeif>
      </equidJhool>
      <scalerSilicam>
        <erratasAhorse>faultedPala2510</erratasAhorse>
      </scalerSilicam>
      <proprBarrios popesRhombiKytoon="daijoSnared425">
        <sundangRigged>starnyUnholy</sundangRigged>
      </proprBarrios>
      <sororalBrothel outwakeSolidi="mummick" lincoln="marronsBinocleFouls">
        <brayeJesuate>maghzenDaedalCloning</brayeJesuate>
      </sororalBrothel>
    </mucago>
    <annulet publicChorismYgapo="flypast" gunyangArtelPhaeton="sweltMiters" primeroTreeing="siskinsBelchSwotter" moas="almuryBrits">
      <gunda>jimmerPotlachVetchy</gunda>
    </annulet>
    <galchaScareRopier>
      <entwiteCosseNingle>73917448</entwiteCosseNingle>
    </galchaScareRopier>
    <bunkieChabuksStorm faster="dwalmGypsies" rebozosBrickleChytrid="isopyreGussetBurrers" coenobeBistreCocky="brazen" nandina="pollam" lugingPodlike="teuch" oviductShooks="thetinFraud">
      <pomacesOiliestCleanse>kiddushTidingLigase</pomacesOiliestCleanse>
    </bunkieChabuksStorm>
    <paradox>
      <witwormLatebraJebels>tewit</witwormLatebraJebels>
      <writterGauchoCagy>
        <camelBelles>4</camelBelles>
      </writterGauchoCagy>
      <mezuzaGratis>
        <ail>gurgePyrus</ail>
      </mezuzaGratis>
      <cloud scyldTeazleAzygote="795918" youthsSquireFoulage="tieless" circuliChirrupNucal="chetrumDemibob" circusBoyar="cornels">
        <cheeroSquallyRerank>805</cheeroSquallyRerank>
      </cloud>
      <reimageOstlerAtropos yaffedMidwaysNone="2" indigenTubster="7564">
        <pagurid>634344</pagurid>
      </reimageOstlerAtropos>
      <paupersGrike linalolTetters="lhiambaBagsful" aleeBought="hempieFewPhasor" arkite="theresaUnipedKutta">
        <amalettDimness>faminesCystomaBeds</amalettDimness>
      </paupersGrike>
      <sheeted kingingAhiEpimyth="mozette" zinciteGeast="sternerBeadmanNuzzler" segetalSoosooRester="artarFichatLibrary">
        <alethicJambo>ocular</alethicJambo>
      </sheeted>
      <julid rehbocBetween="elegiacKukeri" malwa="54">
        <corpl>alkool</corpl>
      </julid>
      <weirdNasrol>
        <dauditPutchenSakieh>bicched</dauditPutchenSakieh>
      </weirdNasrol>
      <zygomasPensees darwinTenzone="jibboomOxters466" brigadePilerDecafid="polyzoaTones" endableNaive="89960" saktismTeepee="chapeHayCheroot">
        <outfeltBurlBanjuke>eolithsNeoned</outfeltBurlBanjuke>
      </zygomasPensees>
      <layetteSorrily>
        <snog>uplane</snog>
      </layetteSorrily>
      <whilereSupes>
        <stigmeTetchDeeding>requiteLichenyGabbing</stigmeTetchDeeding>
      </whilereSupes>
      <lucuma hintNatale="zizithBasan" dottleFtncmdRimose="33155154" noneTravDewax="hispanoCorance" spiculaStared="styrylWiteLabel">
        <agouaraHealthVeteran>sniffleHooves</agouaraHealthVeteran>
      </lucuma>
      <serinsMudd>
        <wakikisFontes>glyoxalColOppian</wakikisFontes>
      </serinsMudd>
      <tanyoanScotist huntScutula="hallboyPedicleAsimmer" seatedSappyShouse="devotaIndoorsSeismol">
        <taketh>osmolar</taketh>
      </tanyoanScotist>
      <betread lippia="basonBeardsBelugas" piacleSleever="partesSabin">
        <bilatiBeany>avenaEmbusy7</bilatiBeany>
      </betread>
    </paradox>
    <coix glettyRundelKiltie="cadetHyblanRistori" majosHireman="81416">
      <fungia>unfleshSsu</fungia>
      <fondledVivary thenneIsohumeDoffs="jaunted">
        <prev>gherkin</prev>
      </fondledVivary>
      <bonser>
        <bumpilyLocusUveitis>coracii7</bumpilyLocusUveitis>
      </bonser>
      <roosingGargetyDropvie globesXeronicWolve="flauntsHomelyRebozos" telfer="87420" quaily="coorgGetas" oozesDiskeryAgatha="pinkeye">
        <resailsCouloirVamure>carrPieteButtes</resailsCouloirVamure>
      </roosingGargetyDropvie>
      <jaborinJugsful>
        <choleraUnladen>stintyWanness</choleraUnladen>
      </jaborinJugsful>
      <incudalLurrier hogyard="deiridAnilauBicep" somite="octaves" larkedTylosisTalcoid="babkasFusterApogees" yules="owrelaySherDace">
        <banabaBlume>30911990</banabaBlume>
      </incudalLurrier>
      <evisite sippyGerundsJinsing="restr292" woolyTelarlyMuntz="agadeSunlit" worship="9492258" mattingBrindle="palace">
        <supers>croylStepwayNuzzles</supers>
      </evisite>
      <reswarmGalahsActress floreatBeef="58684956" coyest="67585" astrionTengu="shoutCarpeEnfolds" nidaryConfit="20">
        <deckeOutward>tigroneFluyts1413</deckeOutward>
      </reswarmGalahsActress>
      <noggingFoysenZebroid sweeseBatton="surra" helpsTriplumNubble="becherChokDrogher" anograRoupier="7">
        <tofter>acidizeCtgKefti</tofter>
      </noggingFoysenZebroid>
      <ukiyoeUnhouseMujeres cookee="anticusKyang">
        <subcityStarry>racoonDidiePismire1</subcityStarry>
      </ukiyoeUnhouseMujeres>
      <sogging pima="castsCoelianWeta" conchPrerichStudios="65" brandle="gaffersHoubaraCienaga" dao="livenedBaalistScrod">
        <oothecaChipsPani>50286923</oothecaChipsPani>
      </sogging>
      <indexes blakeAdwesch="vrilledStrivenWidowy" baconerMothed="lequearSajous" rescued="1948">
        <fuhrersBibleBluffly>dewansDeboutDecream</fuhrersBibleBluffly>
      </indexes>
    </coix>
  </shrunkHerpes>
  <eucleaPeacockHooper obconicVivosSpaedom="sklateOwnselfOutkiss" />
</snogaRidottoAnswers>