<?xml version="1.0"?>
<erminesDeliver>
  <cyclus sequoiaUte="physiolAphodiHas" soutenu="brasher268" ounceBodiesFalus="8172" actureIgnoblyFlneuse="scleralYajeDiscant" />
  <hethenGawkierBunnell bernTrinkFipple="arroyo" arcanumKulackNifty="lichts" twirpsUnlute="aztecan" sundry="garooPepino">
    <hightedAmmonia>
      <atopiteStour>66045</atopiteStour>
      <ceredBoloism>
        <bushtitOilways>guileryYom</bushtitOilways>
      </ceredBoloism>
      <spayadJawsOrgone reaal="bifoil4" miffy="shreddy" shirrWayang="ferule" rajahDiaseneBeaned="4110">
        <ibaditeOwe>hoit</ibaditeOwe>
      </spayadJawsOrgone>
    </hightedAmmonia>
    <lambFinland>
      <involve>foldy4</involve>
    </lambFinland>
    <torsive>
      <danklyElengeTarries>tef</danklyElengeTarries>
      <sur>
        <scritch>sneery94</scritch>
      </sur>
      <evokersFiretop upturn="325889862" quenda="3" titlene="4424765">
        <amated>cistedNegrita</amated>
      </evokersFiretop>
      <argyllRaxNuda imbarn="unlandPheal" drosselLotic="idisticCapilliLankily">
        <ainusTurtur>9</ainusTurtur>
      </argyllRaxNuda>
      <embodyMonieRetying brawlyPufftn="955214">
        <regidor>gobChivy91</regidor>
      </embodyMonieRetying>
      <jambool struis="85958211" plexusCongaed="thanHemoidTheatre" sycite="stickerFpmSkyjack">
        <ancones>tealWottethRegales</ancones>
      </jambool>
      <yaudsTolseyIslot hamletsUrsal="moniliaHamosePitside" inknit="566">
        <larn>946</larn>
      </yaudsTolseyIslot>
      <taxingScribedFurtum>
        <keach>outrushKitamatKollast</keach>
      </taxingScribedFurtum>
      <boheaSarrow scourgeCompoBout="examens" circlet="bde">
        <bosqueLipides>xicaqueGolosh</bosqueLipides>
      </boheaSarrow>
      <eyehook muskitsWah="463689">
        <gigsmanSyringa>telegnJoshed856</gigsmanSyringa>
      </eyehook>
      <needham snyesNoixAntiwar="7">
        <berthasGaleiAracana>5362555</berthasGaleiAracana>
      </needham>
      <investClad>
        <atechnyFearCeltis>diesis</atechnyFearCeltis>
      </investClad>
      <fourb rebootAclydes="knobble" petty="mowseDually">
        <cururosAhungryUsheen>4775</cururosAhungryUsheen>
      </fourb>
      <mincopiTigre xerusesKerel="soorky" uncheatProfit="uptwistNannyHogfish" kibyPean="kilobar" darenAwkwardCourted="arend874">
        <solubleSkanceHumane>paucal</solubleSkanceHumane>
      </mincopiTigre>
    </torsive>
    <knapperPindaFascias>
      <undevilConsuls>grosserGagsLuther</undevilConsuls>
      <zoolithHopbushMikes lowwoodGomukhiCoeval="metopic" warkingAbuta="zookers">
        <donnishAugite>aedineCorerTepanec</donnishAugite>
      </zoolithHopbushMikes>
      <mimersCenters>
        <dureNgai>electsRooving</dureNgai>
      </mimersCenters>
    </knapperPindaFascias>
    <agneauxSedanMishara>
      <tendracAblet>7510710</tendracAblet>
      <widgetsBeatas juntoBaaskap="obits">
        <hists>fourths</hists>
      </widgetsBeatas>
      <prebadeTaxman palaiteGlassie="totalsGepeooScribe2593" grapyRelicts="coolieSyndics">
        <reavingBhavan>belaudAdempt</reavingBhavan>
      </prebadeTaxman>
      <annuitySunback luthernBhotiya="cover">
        <ravageTailerIsonymy>skirtyVeto</ravageTailerIsonymy>
      </annuitySunback>
      <unagedDiedric acharRacilySimoons="siusiLaking">
        <rumicinRespotArean>whuffleLaft</rumicinRespotArean>
      </unagedDiedric>
      <ungamySootedTohunga dowelsCanonicReposit="teemerKythedCanale">
        <aphodus>eunuchSugann93</aphodus>
      </ungamySootedTohunga>
      <barbelUnpent prausPolyactAldoses="poorly8497" ranklyOlefins="pralineNewburgChace" careful="petits">
        <wassieHoofrot>gpcdFencing</wassieHoofrot>
      </barbelUnpent>
      <relyingOpplete fixity="ilokoAvicideRegina" hungWeentYaw="ephods">
        <rawestSpaadClayman>streite</rawestSpaadClayman>
      </relyingOpplete>
      <rimesArylideMather shipletUttersFerbams="tonerDroller">
        <studiosEmail>997289</studiosEmail>
      </rimesArylideMather>
      <heritorEmmetsBaume saddik="35686">
        <widerGynura>drostdySoodly</widerGynura>
      </heritorEmmetsBaume>
      <askesisPewingMonest>
        <rootleBetear>unsay</rootleBetear>
      </askesisPewingMonest>
      <bemoansTwaddy scapulaGnomons="detuneHamfatWomera" cludder="simal" bagdi="scourer">
        <eagerJotterAscham>crants</eagerJotterAscham>
      </bemoansTwaddy>
      <ramoonArmpit>
        <deboiseGrainyUnpave>obeyersEvolute</deboiseGrainyUnpave>
      </ramoonArmpit>
    </agneauxSedanMishara>
    <unrife>
      <preenerTied>erectNomnemEltrot</preenerTied>
      <romneyaTingid oromoMowlandBood="duelloWicken">
        <bovidWyde>749914</bovidWyde>
      </romneyaTingid>
      <tewlyTenez>
        <aromataHoodleLassock>ecole</aromataHoodleLassock>
      </tewlyTenez>
      <hamada cottae="saltmanLionne">
        <kodroCalibre>goldbug</kodroCalibre>
      </hamada>
      <choraAbbozzo tragion="379">
        <pignusUptableWhereer>85</pignusUptableWhereer>
      </choraAbbozzo>
      <chafersWumbleForche loodAsudden="euasterAbitibiRhabdus8" affaEatersTonguey="piouslyHowletsVang" soviets="dulcidEnolSeginus" crenaRearlySpandle="tiepin">
        <datumStourieElates>pathanBecomes1</datumStourieElates>
      </chafersWumbleForche>
      <vahana cowslip="moroneDimberFadedly" hurlockIsomere="13307321" quinism="salamoScurryAdermin" noosersLinage="begeckPamper544">
        <clypeBezzantScabs>chelateSilures</clypeBezzantScabs>
      </vahana>
      <dyeingEnamdar dingman="tymp1899">
        <boogieBodedChedar>quartic</boogieBodedChedar>
      </dyeingEnamdar>
      <antapexCryptic mislikeLapinsJaycee="32894512">
        <atwist>temper369</atwist>
      </antapexCryptic>
      <aziminSpetch hajjiUredoAvisos="pasangBehaves" seesee="ablock" lobbishBringed="jolesJambart" salmiacWheer="gatHawsesSerener3495">
        <luffingKevels>konyakEvanid</luffingKevels>
      </aziminSpetch>
      <shredAproposDetruss cadesWorrit="insoleBryanJunta53" corkier="rheoPangingBribery" salele="adoresSemens" rodinalGlaucinToi="laich">
        <creasesHagdons>slatesFinchesRocking1</creasesHagdons>
      </shredAproposDetruss>
    </unrife>
    <reblotSkiable>
      <farleyGhatLacing>simeon</farleyGhatLacing>
      <laplandPria binnyLoopers="grypeJacobinFroisse8" skydiveFermentTzar="saberRecsJuncus" milker="hancesLiwanGermany">
        <bonzes>basisTrojansAffect</bonzes>
      </laplandPria>
      <anguleSlurbanMassoy yuponAmuze="mlange" achree="grigsWuntee654" gandul="chethGaistIndico">
        <turfedMedusas>adipsyQueensPhemie</turfedMedusas>
      </anguleSlurbanMassoy>
      <hizzie conjuryEnfarcePownie="aculeaVetoing" blimps="52891328" unfeltVentanaRollix="carreta" airmass="shaders">
        <glaires>ragbagsCakileZobo</glaires>
      </hizzie>
      <pardalMoly aldeaWhauve="misfileBeigyOidium">
        <agonies>sbloodRemix2</agonies>
      </pardalMoly>
      <levying>
        <abfarad>6</abfarad>
      </levying>
      <mogo immuteDope="piliChivy" kismet="revamps" laighRooinek="retells">
        <rifeSpryer>58</rifeSpryer>
      </mogo>
      <purismUlua micheal="bitonalBepunDad">
        <awasteAcraein>outringLotions</awasteAcraein>
      </purismUlua>
      <halbertFurner rummily="boppistInshave9" weeded="jubaHibitos3295">
        <sqrtShtick>irishly8</sqrtShtick>
      </halbertFurner>
      <loggetBeautyCentaur takosisOverway="unsolve" highwayAtomism="bozzeJotnianTummies2" phono="refloatPiecers">
        <snug>ascriptCrimsonUlna</snug>
      </loggetBeautyCentaur>
      <venere blacksThrymsa="900909783" mustifyTaccadaTrouped="668265">
        <cafoyAntiredGwen>loringSveltRaftman7</cafoyAntiredGwen>
      </venere>
      <preopen goyanaChakari="amuckSaul" millfulSlashedAtheism="taluksLongue" keith="scrieveTinlet6931" purreRaps="prosper">
        <dinarMonesiaAtrepsy>lionessAinuTaces9304</dinarMonesiaAtrepsy>
      </preopen>
      <espinoResmell threepsNdoderm="schisms" ismdomHooper="pangaModBreast2">
        <langsatRoughieSaccus>466</langsatRoughieSaccus>
      </espinoResmell>
      <rhumba ojibwa="engildsExample" hopoffMediaryJava="infanteLateenAlacha" daytideInkraSpoofer="2345" bortzesProngs="affixer">
        <kyanolCarbureUndergo>quelchPossie</kyanolCarbureUndergo>
      </rhumba>
      <swalesReefing>
        <twillyCowpenCrissum>14217</twillyCowpenCrissum>
      </swalesReefing>
    </reblotSkiable>
    <drake>
      <aeric>erwiniaPlonks50</aeric>
    </drake>
    <evasiveMeaslySody>
      <portingAppeteShaslik>yowie7</portingAppeteShaslik>
    </evasiveMeaslySody>
    <brazerBehaver goldneyStarken="outfitsBds" corbeilCullet="wroke" brumHoaxingHeired="dotlike76" decemWanrestFlubbed="895018956">
      <takuKenaiSissing>thumped</takuKenaiSissing>
      <unitiveDryfatFinger spatial="35">
        <hangbyPonja>shogged2</hangbyPonja>
      </unitiveDryfatFinger>
      <agonistFashedHadit>
        <kludgedSiegedBlicky>cloopHonourZinked52</kludgedSiegedBlicky>
      </agonistFashedHadit>
      <wattageRummagy laziedRetrodSlipe="salwin" androl="manteau6201" bursesBidersNiblick="2583">
        <phillis>pumicerHaze37</phillis>
      </wattageRummagy>
      <boskyArabia adielRappingUncrude="unpickUphang6732" vaguishBundles="106">
        <menisonArawa>mornLak</menisonArawa>
      </boskyArabia>
      <rejoneoGislaCharkha>
        <silure>brickedReparkSowbane5827</silure>
      </rejoneoGislaCharkha>
      <kinfolk>
        <headpinScrivesSkepsis>zwitterIdgahSomata</headpinScrivesSkepsis>
      </kinfolk>
    </brazerBehaver>
    <enstate stalkoRasedChirata="viatica" skulpNilous="carinal">
      <jeffreyEndoral>refugiaObrize</jeffreyEndoral>
      <charlieBiffedInside redactsPorkerNabu="pirayaGinglmiBill4">
        <leviedEnerveHotpot>9760156</leviedEnerveHotpot>
      </charlieBiffedInside>
      <rhexesCythera>
        <howeverRuddy>gratiaAginGoofier</howeverRuddy>
      </rhexesCythera>
      <shuttle belie="negressAsterinPrakash420" wavablySploresAlmsful="67525531" derogPeso="domus">
        <acquitFifish>beevishBelsire</acquitFifish>
      </shuttle>
      <fluenceDunging jobmanBesmuts="festaCundy">
        <bumboatMadeiraWonders>caraibeKoellia</bumboatMadeiraWonders>
      </fluenceDunging>
      <chiasmiChairer cannie="sailerUpdos" zen="10" chugs="clivusSacring">
        <pedicleDandled>slantFinnack</pedicleDandled>
      </chiasmiChairer>
      <electraShuckScapus>
        <frustFeis>carolHinges</frustFeis>
      </electraShuckScapus>
      <refutePacha>
        <natuComptsXyloses>listera</natuComptsXyloses>
      </refutePacha>
      <crocketCanular surma="tenablyChinelaQuott" apogealHarpers="packerLollyAdoring" ungive="tarn" bryozoaManky="7">
        <haloaCommata>9102</haloaCommata>
      </crocketCanular>
      <batboyMelotePeahen salvyBlainDevide="hokiest" claquesFlairTranche="friseEnrollMaters" inconelBrahmic="7" pupCoxy="coenuri">
        <djins>8976</djins>
      </batboyMelotePeahen>
      <sawback pallion="teepeesSpleeny" indexGoethe="laniary" girders="squabby8" warsaws="muftisDeiformIkan">
        <bedellBister>sordesVamosed</bedellBister>
      </sawback>
      <sassyBusket cothamAfdecho="mehalla" droudHeySubsere="eyeholeWooshes">
        <ramaism>72</ramaism>
      </sassyBusket>
      <slojdOcaAstable malignsChile="dagobas" cadeau="balsasAmobyrFute" chapterLabroid="hatless">
        <scapulaTachyon>tyburnRuckedHatress</scapulaTachyon>
      </slojdOcaAstable>
      <nagsterSwiggedPally foozle="cosenWatsPalli">
        <kalendPhasing>amuseeSphenes</kalendPhasing>
      </nagsterSwiggedPally>
      <bladderAbrosia heired="heroicDistil" augeanRollbar="3653132" kulaiteAnadems="rantize">
        <predrawBaldingAstrain>aerobus</predrawBaldingAstrain>
      </bladderAbrosia>
      <lovierHallingSwaggie supeWurrus="fibbersMislitAushar">
        <assaysAlignedUskara>roans</assaysAlignedUskara>
      </lovierHallingSwaggie>
    </enstate>
    <pincersCurl>
      <cubbish>cypre763</cubbish>
      <keps shiftTroupesFlurn="135">
        <horasAggestAlvin>essart</horasAggestAlvin>
      </keps>
      <paunchy boshesFirth="bolasBriary">
        <ideatedPasteHaft>infeofDidusInvital</ideatedPasteHaft>
      </paunchy>
      <bombastImmis avowry="87918780" honilyRamstam="241902493" bibulus="cudgelKibitka" criollaSinopis="khayal">
        <suddleAccess>grimingAustinVole471</suddleAccess>
      </bombastImmis>
      <repines overbyDocked="zydeco303" branlesMisstopAtuami="cantalaProport" pavanes="aflatusBulgesTartare" dzerenFirming="uproseAlkaneTrismus6">
        <porchLancetNeedsly>debyeBacisMoter1</porchLancetNeedsly>
      </repines>
      <shaffle spinoff="droukan">
        <yashtThynnidZooms>selinaCtimo</yashtThynnidZooms>
      </shaffle>
      <chedar torselVirify="abdomenEartag" tyroneCsi="81" purestDuets="unsulkyOpiatesPlagate">
        <lidar>cunanTeller</lidar>
      </chedar>
      <alluded aziminTarrie="asaleForst">
        <skycapCrores>pietasReinkOctect</skycapCrores>
      </alluded>
      <thunder winterPunkCrowd="macoma29" bilboesTerritsUndined="cerebriCepous327">
        <veleta>doray</veleta>
      </thunder>
    </pincersCurl>
    <cuingPrimar marciteMiboundChimlas="funfestWattle" habet="blockedSorchin" zonuletTerries="stifles962" subherdAcing="pholcidKnows45">
      <hogshipSignersGanoin>cpi</hogshipSignersGanoin>
    </cuingPrimar>
    <spriedCattishHubbubs curpinFermacyKadder="piglySims" husksFrabLaydown="groomerAmouli" rakhalLambdasIonone="89856" pareticUnbled="435" pelesUnrude="hdqrs6551" miseats="articleNiblic6">
      <rantismJerkily>102614</rantismJerkily>
    </spriedCattishHubbubs>
    <nanaimoArms polkaedWagner="vires" wakiupGasogen="hooeysPollamSuction" alban="quadrumWilledOustee">
      <rivets>20352</rivets>
      <recopyWincedJinjili zonularTeucer="4190" tynes="fetesCineastFausant">
        <bashTahina>loammiTumuli</bashTahina>
      </recopyWincedJinjili>
      <bigwigTrigaJarp clarain="52" serapisFoosterCurtly="comoxLumping">
        <uptrackAbraserFlocky>6548</uptrackAbraserFlocky>
      </bigwigTrigaJarp>
      <technic brassesWhettedRameous="86749" diloDhyanaPowdery="maynt" trustee="tylotic" purify="nouveauBattlePileous">
        <otomiUneyed>egestGestio</otomiUneyed>
      </technic>
      <argeersSennasFrills ptpReposit="gemauveVacuousTheriac" elanetTiltedUpla="vatmanHolgate" reivingArtists="espyingRegidorCrusted">
        <grimmerPlonkedCreeler>moisty</grimmerPlonkedCreeler>
      </argeersSennasFrills>
      <alodian>
        <reloansCrickeHagrode>yephedeVelaryBenni</reloansCrickeHagrode>
      </alodian>
      <chasses leeds="unagedWangles">
        <hoagie>6</hoagie>
      </chasses>
      <depthFriss idigbo="737949834" lintersUayeb="scoliaSpeissTiller">
        <tungoAmiablyMatchy>yuechiBde</tungoAmiablyMatchy>
      </depthFriss>
      <mobbers guily="ginseng" racket="avenerCooLoanin">
        <abulicAmakosaRha>scriverExile619</abulicAmakosaRha>
      </mobbers>
      <unboltMonteroTykes cubicle="lefterEcesis">
        <floatedPoalikeKissel>vendeeResweepLeafboy</floatedPoalikeKissel>
      </unboltMonteroTykes>
      <arthaSnugger>
        <breedsRachialHybrids>mimus</breedsRachialHybrids>
      </arthaSnugger>
      <fountCakes loungeTravis="slokingInblownFoxfeet">
        <doebirdEnweave>fungusy</doebirdEnweave>
      </fountCakes>
      <cowbindNotersLouvred mavies="hookupuCruset" extense="sadLowboyDertra" bumblerLocketHauberk="51410690" tychiteTabers="omani">
        <cpoDegrees>weetedDardan</cpoDegrees>
      </cowbindNotersLouvred>
      <guavina umbre="keftianJarring" skyedSmootTaunted="obeliskHuggedVirosis74">
        <malkiteLemmonNatural>956852</malkiteLemmonNatural>
      </guavina>
      <ospore bulgier="brucinZizzles" carletBathmic="outleanCollard" diopsisWive="abidedNuchaeBahadur">
        <mortalsTerserEmboite>carinalRacket44</mortalsTerserEmboite>
      </ospore>
      <hardsWoompHarped quaggy="mintingOarial" flanger="4">
        <rakanQuire>owns</rakanQuire>
      </hardsWoompHarped>
    </nanaimoArms>
    <nogginsScarus>
      <scudderSpieled>fecula</scudderSpieled>
    </nogginsScarus>
  </hethenGawkierBunnell>
  <expiredRapaces />
  <vitamerManisGuaza>
    <caraipeGeal quoteeMenicUptruss="chaguarTwereThrongs899" nabberAdmiRipgut="outtell" soonestPeckier="divulseBagfulKebobs">
      <glidingTieboy>pinotSnickleBespit5499</glidingTieboy>
    </caraipeGeal>
    <chacma barbolaAntlion="listCutworkFeinted" armlockInpushMoppy="dentins">
      <illnessMirageEnatic>gyrinusHauntyCelts</illnessMirageEnatic>
      <tassLoboloGobony coaid="zoogamy" bharAcritol="vervainBeingAwheft99" guppiesDiadrom="aubergeCochairOrsel">
        <balloonPuntoutDihalo>derogPuller3021</balloonPuntoutDihalo>
      </tassLoboloGobony>
      <reifsVirales skelped="1625" ghoulsEjector="coomBroeboeRomps" scaife="blunts" saraad="samshusTarocs">
        <anchaMuscovy>engregeRashLeef</anchaMuscovy>
      </reifsVirales>
      <calecheScritchDivvies bagheliFagotte="almaToadQuattie74">
        <sectsTsiaCoasts>775799</sectsTsiaCoasts>
      </calecheScritchDivvies>
      <unlustDharanaPotions>
        <toonaVirger>skyeItchierWestlin</toonaVirger>
      </unlustDharanaPotions>
      <tiwazCombingPreview>
        <ennuyeWadmol>parableZigzagWint5205</ennuyeWadmol>
      </tiwazCombingPreview>
      <sluicerLawBilio dirtily="laneyDuras" passewa="lateradVolumes9">
        <wettingDomettMegilp>yipBlareBrand</wettingDomettMegilp>
      </sluicerLawBilio>
      <amulaFeinted tilty="tiny" passionBernieGotten="sultone" mooseVervel="minims">
        <nedKohls>sportEyehole</nedKohls>
      </amulaFeinted>
      <reedily>
        <eurousPoetryBarbuts>kickupsMandyi</eurousPoetryBarbuts>
      </reedily>
      <lainIrruptDepth manaOnrush="loomCaburn" abidedUruMintage="574212449" itaiLevade="thered" bindsGlirine="empties">
        <unletThroatsSwanky>ghiblisTotientObit</unletThroatsSwanky>
      </lainIrruptDepth>
      <laityHagridCushion>
        <sirihBondocNesters>9</sirihBondocNesters>
      </laityHagridCushion>
      <riping>
        <oweltyInert>6000556</oweltyInert>
      </riping>
    </chacma>
    <crockoAlbaBacaba>
      <riddamShawny>melangeErgWhewer</riddamShawny>
      <bairnly soralSucksJemmied="738770735" sunwayTapersThiller="forseekMeekerAcross" esurineBiskopPurines="peccaviMurkierHano">
        <striped>736692</striped>
      </bairnly>
      <whoopeeDimpsyBoolya>
        <brigandScrutoZygote>somnial</brigandScrutoZygote>
      </whoopeeDimpsyBoolya>
      <vaseful cludderTemptedTriglot="runnethPlagued" slyishNaughts="washmenWawling">
        <ingreat>1449</ingreat>
      </vaseful>
      <boychik qurtiBeluteMichery="muvuleLoaderAbiding">
        <eucgiaCopularBrules>paepae</eucgiaCopularBrules>
      </boychik>
      <jagless>
        <pictishMilorRestart>oregoniFinagle3</pictishMilorRestart>
      </jagless>
      <choom arsisAureneNookery="bursarsChasmyImbuing">
        <wallon>4</wallon>
      </choom>
      <sectsWaits stanjenJalapStood="wontsConia">
        <ruesomeIowans>14</ruesomeIowans>
      </sectsWaits>
    </crockoAlbaBacaba>
    <bungoCiliolaSoakers moyenPswMaples="98" deboutTamburVerset="4557" scind="illocal" lyases="akmitePamelaGnocchi4164" branchi="xmasesOverawnCommits">
      <belamLemanNoddled>etiam</belamLemanNoddled>
      <dented pisang="5" eoith="mongo">
        <reataGrantiaFustier>clumpst</reataGrantiaFustier>
      </dented>
      <wombierAlonzo nebulyTuskersSherman="abject">
        <shafterCotys>948798351</shafterCotys>
      </wombierAlonzo>
      <afgodGadis chieveBobadilCorpl="38622" piffles="barrasBoaters573" drooledPodura="formicSalesChaffy" alreadyHawses="resinedPager">
        <crinkly>61947</crinkly>
      </afgodGadis>
      <pinealBullose>
        <jawbone>arcidae90</jawbone>
      </pinealBullose>
      <precookPishaugBrickle angka="newelsUtopiasQuizzer" pericuVolentiAquilid="curer" basaliaAttameDestour="ope982" asperge="sieCresses">
        <fdtypeDruxey>bandorCuddy</fdtypeDruxey>
      </precookPishaugBrickle>
      <tavertNiuan>
        <waxingsMashingConvito>sobererBesmellUngag</waxingsMashingConvito>
      </tavertNiuan>
      <muredJerks jinkedKusam="delisk" chrome="merfolkOximes">
        <furzierWapiti>damfoolQuixote</furzierWapiti>
      </muredJerks>
      <allelesRathe hant="rosalia" daylily="296" whereonChud="32142008" across="59541">
        <mioses>orgeats4067</mioses>
      </allelesRathe>
      <acajouBordAssapan pourersDorsalsIdylian="bezoarsGulphTowght" zincify="snoringModocShauri" newborn="epinard" abaloneAkala="primpsEschew">
        <msinkShay>clamber</msinkShay>
      </acajouBordAssapan>
      <incus fugient="tutee" troue="hurlyOrsedueNettier3633" with="sisternCazibiMaker">
        <potteenForhoo>freemanVisored</potteenForhoo>
      </incus>
      <neddy amplectShukria="engross">
        <mameyesPodgeBleeds>chunterRuggownTurfen8</mameyesPodgeBleeds>
      </neddy>
      <pomoEngleimRefix trillerJasioneHordock="mirvs">
        <ankle>nongrey</ankle>
      </pomoEngleimRefix>
    </bungoCiliolaSoakers>
    <futtockTrining>
      <excitesDamsiteCoothay>8777006</excitesDamsiteCoothay>
      <billers>
        <atrypa>bivialCalles</atrypa>
      </billers>
      <apayaoPreyful casaqueTrankerDesex="burnMasher" ensileHollCedre="dilutesFoujdar7" housage="maniocaPharGouaree">
        <dobsonsUnsonMaytide>curtTehseel</dobsonsUnsonMaytide>
      </apayaoPreyful>
      <nitwitsTcawi>
        <neologyFleckedLechers>773691394</neologyFleckedLechers>
      </nitwitsTcawi>
      <sierranCheeros illoyalKabalasRaif="deepsAlightPsalm" trailTraditeRepaper="75011">
        <token>theirnUptrailSpeiss</token>
      </sierranCheeros>
      <tumourTimbernDaised retypesOutvier="stewpotKnarryResmelt">
        <fakeers>suptMisuser</fakeers>
      </tumourTimbernDaised>
      <chinsSubtackDosers foamsBiting="lackey" zillionGleeksSlots="lotasePhizes" hollos="ziramJesper">
        <fatwoodFrecked>scr</fatwoodFrecked>
      </chinsSubtackDosers>
      <robhah simularHattism="billionAgeable" stomper="schlumpOdinicDowncut76" ban="vowerAlipeds" raptorsTineidsUptuck="pottersTrudyNaiskos">
        <eviteFustier>347382</eviteFustier>
      </robhah>
      <vespidKerveRetread wollockRelongSnoke="cabinda" leanlySoldGrith="694676">
        <sparker>headerBlaonerJuttied</sparker>
      </vespidKerveRetread>
      <padleSynnemaMonont>
        <seggyPitmarkEbcdic>minervaPhytoid</seggyPitmarkEbcdic>
      </padleSynnemaMonont>
      <dizaineWeltsVenlin>
        <besighWovenCloots>inwallsHexosanTartan</besighWovenCloots>
      </dizaineWeltsVenlin>
      <acholoeDaggarTastily>
        <chaineJagla>piprine</chaineJagla>
      </acholoeDaggarTastily>
      <blameWaggers orillon="mixing" mulattaLansat="silicicAlkanes">
        <wordlePrigged>71122</wordlePrigged>
      </blameWaggers>
      <wallets echelleAflame="wriveSolutus" icterus="swoonyNahuanHousing754">
        <slidageIwearth>pung</slidageIwearth>
      </wallets>
      <cabbler mailboxRostelWaymate="chattyCounts">
        <orthianTuffetKellock>bumpity</orthianTuffetKellock>
      </cabbler>
    </futtockTrining>
    <domainsPpl>
      <veddaLenoraGlyphs>387</veddaLenoraGlyphs>
      <theticsBablohAdmove mousersPoxyForgift="staab" stoothMemory="4" wommeraHygrinSaved="fancilyCradled">
        <uncoreTarocsDiploid>ooidalBecrustTwofer</uncoreTarocsDiploid>
      </theticsBablohAdmove>
      <volventBakepanCystous tapiroScore="maskmv" curtlaxDamaskTrifly="tankageTambalaHybrids" bhara="4623">
        <linonPilis>goveHurley</linonPilis>
      </volventBakepanCystous>
      <blarneyRifflesHecco>
        <eluder>benemptUroo</eluder>
      </blarneyRifflesHecco>
      <valewe>
        <allayBec>stunter</allayBec>
      </valewe>
      <duras>
        <gestateLoutsBander>bouchee</gestateLoutsBander>
      </duras>
      <acquitsHuffedChose carapo="lounger" dianoiaGracy="balliBrulot" getling="57977507" doghoodFolial="babionPlanuryFirming92">
        <guySlaving>gagingChawl</guySlaving>
      </acquitsHuffedChose>
      <triacidPutchenOctuor abandonMolestsGreyish="wakenerLeopard" nonconUmbeset="tonsileGessoEmbowed" bliteBelongAnywise="hartake" unhopedEngorge="inarmFitchTritest">
        <boarsHealUnloads>476</boarsHealUnloads>
      </triacidPutchenOctuor>
      <gaviaAvensImpune swy="laniusHover8362">
        <weeksSapoRochets>9</weeksSapoRochets>
      </gaviaAvensImpune>
      <cardBeamsSomma invoyCostumeBakes="493039" cogwayAbidal="bonceEstoc" taneKatatUnsews="thwait" dabb="49981500">
        <notableKerve>refaced</notableKerve>
      </cardBeamsSomma>
      <sniggleXeniumForce sitioSambara="79782614">
        <pipa>relandRajasicVermian</pipa>
      </sniggleXeniumForce>
      <afar eelpotLarigot="mistypeRetledSting" testsAgar="kendyRightleHoydens">
        <soled>kirtleRunedTankle</soled>
      </afar>
      <shamoisGranthWattles roofageAlefs="restateMoorage">
        <taffiasLed>stereo</taffiasLed>
      </shamoisGranthWattles>
      <charles>
        <onmarch>halicotSockedTasker</onmarch>
      </charles>
      <sneathWersteMixers sumpt="duppies" narking="larkers" gruelsZythumGoddard="hiation" fordoLoxommaGrecize="2949">
        <tithalUmped>kalpaEtalageYakala</tithalUmped>
      </sneathWersteMixers>
      <travaleMordvinUnilobe inglut="moeck40" hureekSkaithyHoodshy="dolcino" sleekyDoormen="cyanineArgifyProsing">
        <beadman>grippalForerib</beadman>
      </travaleMordvinUnilobe>
    </domainsPpl>
    <berthas>
      <peyotlsArmscyeTurkis>adverb</peyotlsArmscyeTurkis>
    </berthas>
    <inkosi upwent="dawdler" amenismAscella="mbaloloCanari">
      <yamunsBeewiseUnderfo>sradhas</yamunsBeewiseUnderfo>
      <bauchle plod="smaltiCourts" burelPegma="phasisLitchis" lanners="almonBoucan" giglotPigdom="purim">
        <hustles>bohoraTemserRagged</hustles>
      </bauchle>
      <fisnogaDisorbHinds foamed="pimpishGorbCrouse">
        <debtor>juniorVying</debtor>
      </fisnogaDisorbHinds>
      <kebbuck anguineSternal="odylOrioles" fuchi="expo">
        <rwyViajaca>lievest</rwyViajaca>
      </kebbuck>
      <moilsAstrals debugs="2307" bounceSinksUnmeek="prionLinolin" bugalaPinings="irelandWhiney">
        <papistsAbduces>swedru6002</papistsAbduces>
      </moilsAstrals>
      <sarsnet mascled="boilBeadmenRabbish32" duessa="empLeucoma7">
        <duellos>cursedHandingTpd</duellos>
      </sarsnet>
      <bemournAbsurd iredPre="hurdleEnnageUnmix583" coman="pustule" herpOutraze="lowaWereass" mootersManesGhis="33464561">
        <magiricFrwy>belaceLett</magiricFrwy>
      </bemournAbsurd>
      <habble loshMedimnoCongo="pleuronSeenu" drafteeCompot="epacridThinned">
        <carnicUnsnakyJinny>huntedBypathsGunnel39</carnicUnsnakyJinny>
      </habble>
      <natickMalagaAimore amahsFreshen="bouw67" champacDyeableTrehala="6145335" wombier="absumeAurify" ecbaticTunably="dupingShoppyJacate">
        <nandaDowning>assured</nandaDowning>
      </natickMalagaAimore>
      <coaxedBecurse>
        <forrelOncetta>jingletFlawedEveweed</forrelOncetta>
      </coaxedBecurse>
      <replierMillets chnLeukons="breadGlycolsSheerer2" pigmewKulimitJatha="93989510">
        <ticticPedleryEdgily>shrendAsportShebat</ticticPedleryEdgily>
      </replierMillets>
      <labrys remetal="jestsLer746" docken="838995780" haviourCavemanBensel="aoristsPacoletAntiman" rarishAureateOilcan="4">
        <lit>634941565</lit>
      </labrys>
      <iphisFoveal>
        <ton>peewees</ton>
      </iphisFoveal>
      <orcine vesting="gingal" quillPiff="enwwovePandrop1384">
        <morned>kersOlivilePariah</morned>
      </orcine>
      <kerriesEvodia soavesNobatch="riffsQuinyie">
        <hopping>8346</hopping>
      </kerriesEvodia>
      <woodbinEggy bunton="6" byelawsSkellat="stithBoxyIlvaite" hymner="sluicerHindus43" yehUnslingGanoid="byplays">
        <mannet>custodyAbusionOreides</mannet>
      </woodbinEggy>
      <algine bolster="32718333" helply="chassesMuddledFranion" monoMycelesLetting="chitinBruitsHovels" wingyAgendaVerdet="cyprusMody">
        <grossShader>19</grossShader>
      </algine>
      <frontisPowitchEstoc pippinsAfarsHumous="excuserBurnies" molasJura="toyos99">
        <kinasesComberShatter>aedegi</kinasesComberShatter>
      </frontisPowitchEstoc>
    </inkosi>
    <oldness tichelMeshedVer="amexOccludeUnholy">
      <fugitUnvestSheogue>girnSuffariEmporte</fugitUnvestSheogue>
      <limiter vacancy="hyades">
        <djibbahNecksSades>9</djibbahNecksSades>
      </limiter>
      <coscet pampa="woomeraGaveSciaena" myopeDipodeSenates="cleuksRidded" ungainRettorn="cresses">
        <thirled>loopers3294</thirled>
      </coscet>
      <tolaneDel>
        <medickPiloteeAssized>496095</medickPiloteeAssized>
      </tolaneDel>
      <deludesAdvisy apanageFulhamDwines="snort">
        <libget>falcialAldolsMarcs</libget>
      </deludesAdvisy>
      <zoisiteGaupRunny abortin="fixates">
        <ingressOldieBoiled>reamyPremanOvinia</ingressOldieBoiled>
      </zoisiteGaupRunny>
      <blitzedDorbie parisisDensity="dislikeGaudeteUpfling571">
        <anthersPatuTussahs>putchukSalse</anthersPatuTussahs>
      </blitzedDorbie>
      <rumperOutrockBacilli buddah="hegemon" beshadeBremberKnub="nodallyLeadoffBaybush" outdureReaalPalta="julidaeAzlonsHavener" enoughEhretiaGlory="chazzenSiecleOmbres">
        <nailers>kinepoxRantizeYpocras</nailers>
      </rumperOutrockBacilli>
    </oldness>
    <decimeSmookTorta dreggyScannedAcyl="wainageAgeusicAborted" brocksSagamen="hubcap" haltHolmiumRelong="cuittleHurtled" clumped="dream" gibierGodding="podagryTucky" ditcherMuskitsFlisk="waik552" undopedMangeao="spotted">
      <bikramRohilla>siperBesogne144</bikramRohilla>
    </decimeSmookTorta>
    <finnsStintyFroisse opsoniaTretsTensing="836" spiringWithnim="crueltyDevolve" cozeyBerdashBoruca="grekingVamose">
      <zoistNestors>21794957</zoistNestors>
    </finnsStintyFroisse>
    <idlety meak="caretta" jujube="toivelCronetPicrol78" ultimumSacryCensus="44669" mahranFitchesSkillet="6500" leedGapo="860867" captionEnteriaChows="tamarinDisuses">
      <giteElkdom>hooker</giteElkdom>
      <roctaDashnakShade obstetExegeteDayside="kelekTailte1" adduce="ovismDamsons">
        <tympany>balkanCraps</tympany>
      </roctaDashnakShade>
      <paola asientoRefellIsidium="modulaSpongRusot" atticalDrabbleStoled="capaxSuperThuoc9049" halsAnilins="geasterIworth" exmoorBounder="icasmGadwellHissing24">
        <epopticEnoplan>chaitraSamlet</epopticEnoplan>
      </paola>
      <asteerBuffoneLettiga urchins="483921" pierCoffinDiapir="seasickManitu" showman="picquetPannedFatals" resteal="895">
        <mannansDrouth>99099067</mannansDrouth>
      </asteerBuffoneLettiga>
      <veloceTokamakSkipped tajik="curvet" diswoodFikhCadis="readout">
        <faustCargosStiped>mopersDetat</faustCargosStiped>
      </veloceTokamakSkipped>
      <duykerWeldorStiffed epodicTootedUnstops="amusedAlaska" nemesicFluoran="440800" bromine="bacquetStubCoalpit6">
        <shoneen>32110</shoneen>
      </duykerWeldorStiffed>
      <arrCunyie>
        <huddle>rizzer</huddle>
      </arrCunyie>
      <piendPluWyke stupefy="chant6" blader="acadiaLallan36">
        <drazel>serean</drazel>
      </piendPluWyke>
      <swooses sambarsGranes="brujosDeflowAreolet" flocced="sequentGedder">
        <vacuome>advisorLatticeMullein15</vacuome>
      </swooses>
      <restfulPelikeWesley>
        <wahabit>hems1</wahabit>
      </restfulPelikeWesley>
      <muggedVerdure parded="863" abwatts="6" dowyPealikeIncises="95774">
        <wuduBoist>hypnodyWiwi8852</wuduBoist>
      </muggedVerdure>
      <contek>
        <gillnetCuestasHund>intuseAsramaTannaim</gillnetCuestasHund>
      </contek>
      <wolffiaOillikeLibels>
        <gro>wasco</gro>
      </wolffiaOillikeLibels>
      <pods omenta="reboldDacrydGoran" napaeaWatersCadi="claqueBlissomJambo" manetti="posada" bromalCleftsKadmi="9">
        <dona>98703439</dona>
      </pods>
      <fluemen cadetsSerosaSui="8" glozedBisalt="retarHowksTensor" stealer="triplumSmouchManasic">
        <yodleLegitimClifty>jiglikeXenonsCardol231</yodleLegitimClifty>
      </fluemen>
      <august wonkier="vedikaPoppied" dokeVacant="snibelOmersTrisulc" bisquesSpinor="barrettWorts" moatingQuisleOvately="crucialAccrual">
        <suevianWaddentFamular>twiceCoversPawns</suevianWaddentFamular>
      </august>
      <abwabGawainAerose exarchsVivantAtropos="dybbuksAlky" pennaeMilageHalloes="gemmanRabato">
        <lacuneTrevet>hoglikeBeefedScolog408</lacuneTrevet>
      </abwabGawainAerose>
      <toisechZoochemJozy begloze="bestareNepotalOhmage">
        <ignameCatsosAleft>woldyThalli42</ignameCatsosAleft>
      </toisechZoochemJozy>
      <blaoner dargahKatik="swayerSucker" bimaAbsciseOxwort="manred" shares="valleys" aumbry="brat">
        <betaskKansansEme>71404</betaskKansansEme>
      </blaoner>
    </idlety>
    <ignites vicetyRhaKirks="jaalin" daubingBechaseMzungu="5" hiker="byrlawRefeel52" talishiUplakeInfimum="differAladaMeioses4458" ouzosShushed="sestet" bruntHastler="5">
      <arpanetSadhanaRestudy>makoua</arpanetSadhanaRestudy>
    </ignites>
    <speedup>
      <ganjas>timauaPopesAnglish</ganjas>
      <aquadagHurri siloingFreefdFyce="monadCuttiesBlesser" resinol="481625985" gargHearsesEvaders="leakSquireCollyr">
        <wasted>7</wasted>
      </aquadagHurri>
      <bayness saleCalfret="unmitre" cargo="crapy" coley="kumquatBowless">
        <pythiaProlegFudges>36360</pythiaProlegFudges>
      </bayness>
      <sophyAsopTimar eosideCalina="glarilyHybridaKoorg">
        <madweedElegits>lavangaGarringPunkey2</madweedElegits>
      </sophyAsopTimar>
      <aselliNairaPanoche putterGrasp="nutlikeSquaw2625" nubblyTuneupDanaite="jaggar" dingierAucaner="chutistJukeChromes31">
        <mysostsShivers>palponCaraipe</mysostsShivers>
      </aselliNairaPanoche>
      <frayed adipicChoateGnars="169730363" myelinTuskingComing="bedFeetUrogram" linnet="seringa" aromaIvrayRognons="coccous">
        <stogyMecums>hir</stogyMecums>
      </frayed>
      <serifsDianite puneseEmbiraKhaiki="froesSaginaFlytrap" proponeSpetLymnaea="clank9" raul="comal230">
        <adoptsGroose>lusherDonship21</adoptsGroose>
      </serifsDianite>
      <compels garumHyoidsAinus="babuBebeeruGoa" tulsi="sikra" galikTikes="divests26" wendishRegurgeYins="cabman">
        <firth>unlostEpiotic</firth>
      </compels>
    </speedup>
    <barerSalloo>
      <swimmyKanwarCann>skraigh252</swimmyKanwarCann>
      <wrothy soleyn="mudbankWiyat" dedanimCrucialAntiman="magmataUnbung" multAsarum="porkoltEustaceManjeet">
        <timedHoaxee>flafferHairierUnethic9</timedHoaxee>
      </wrothy>
      <looten qto="7479419">
        <pavane>bugdomZoysiasBighted</pavane>
      </looten>
      <brasse carlism="nets" samlet="scalesYazata5224" whaly="canjacAcheniaSodic" geatasKeratol="66091">
        <stibialCharter>couche8</stibialCharter>
      </brasse>
      <estamp arter="taipanJeon" siculiDisgageDynamo="swellPontile" sessedLitherUnhasty="rubian">
        <slarth>1193714</slarth>
      </estamp>
      <swathWofflerPinnule warnel="clitchBarbitaNeftgil" hods="chabuksAminesAverred">
        <tearsYarestGeranin>godown5730</tearsYarestGeranin>
      </swathWofflerPinnule>
      <enteronToxinesFoolify abuttalEileen="dapper82" bloomyBoorishSulcus="mechirDebit">
        <pipiGeon>beguile375</pipiGeon>
      </enteronToxinesFoolify>
      <cathro uphove="cpusCajeputSolonic">
        <nucleliNewingPawnees>curneys857</nucleliNewingPawnees>
      </cathro>
      <pangedKaesCyprina cockshy="67">
        <sula>breaden</sula>
      </pangedKaesCyprina>
      <sauces lexiconLignous="662733381" blypes="pipage" aquilidPeauder="aumJumbuck" shoatLousingThetis="dissaveZithers">
        <agialid>muillaEuclid86</agialid>
      </sauces>
      <knoppySidemen fewsome="291">
        <achiote>bullbatCalc</achiote>
      </knoppySidemen>
      <heptiteRompyEperua>
        <eyrySuent>cibol</eyrySuent>
      </heptiteRompyEperua>
      <gouraTuathPlink>
        <pailful>sillierBobbishUndrab</pailful>
      </gouraTuathPlink>
    </barerSalloo>
    <sextansZygotic>
      <gpdFirmest>arenoseJoonJati</gpdFirmest>
    </sextansZygotic>
    <ketal kelownaCaking="cagui" mahaleb="886277341" whing="fodge66" gatherGaw="anhimaOculliAstound" pietiesVetoingComourn="doyensGermain" awolCookeysWightly="7" purineSankha="teemsFarsangDromond">
      <rearlyDrugget>tarsal29</rearlyDrugget>
    </ketal>
    <unsellSpraintTurkish>
      <hendy>idaliaOogloea</hendy>
    </unsellSpraintTurkish>
    <leeseNepheleLeaflet>
      <zizel>ranseurLettingBoy</zizel>
    </leeseNepheleLeaflet>
    <robbins>
      <judasesSerryBaronga>uncrude</judasesSerryBaronga>
      <cacam marabouGibersSchemer="brie" conga="eluvies" elanBlijverPapuan="mauriceMudrock">
        <wilson>sosoishSeelfulKayaker</wilson>
      </cacam>
      <undelveAuxilSizar swingle="cannaHybridsUpstart6440">
        <bunyahUnmixOuabaio>lagunas</bunyahUnmixOuabaio>
      </undelveAuxilSizar>
      <teazer kirombo="waggelMitogen">
        <fowlerBrazee>15030403</fowlerBrazee>
      </teazer>
      <taliCejaAquerne reutterDucal="pickerFuze" ebrious="uraemia" cleveUaupeTeach="eilaGauming">
        <adonizeBefume>labibia7</adonizeBefume>
      </taliCejaAquerne>
      <matureHeady msink="debiteAlachah1" exsertsRaysVerbals="vichy">
        <hontousDatch>fingerLeeseTootsie</hontousDatch>
      </matureHeady>
      <zingyBiotechYentas>
        <quarrelDisglut>586899655</quarrelDisglut>
      </zingyBiotechYentas>
      <doliPeckingSoupcon dulcin="gonkWhewt3">
        <ilium>87</ilium>
      </doliPeckingSoupcon>
      <smoos>
        <partons>prexAccedes</partons>
      </smoos>
      <jundy hovenPoddishBurkha="crowdDeity63" unleadsEyeableSheuch="729069" bosomy="83" shrutiDonging="iworthCyanite">
        <firebed>habilleDbrnRedneck</firebed>
      </jundy>
      <rusinesCabob coarbErin="saiph" hoseAmputee="vitrageFibber">
        <vertYoghurt>tideripAntipotLidgate</vertYoghurt>
      </rusinesCabob>
      <oographAgaroseLozengy muskish="3216063" lamedhConfine="hogcoteChetiveDerats7893" baddestHuacaPli="affrays" obeying="90">
        <smittenLibrateCheke>sirreeWezen</smittenLibrateCheke>
      </oographAgaroseLozengy>
    </robbins>
    <cabobSamkara>
      <gastSkeel>poteens</gastSkeel>
      <whatPupilReceive>
        <redareTokelauPlotlib>toraja</redareTokelauPlotlib>
      </whatPupilReceive>
    </cabobSamkara>
    <papuan>
      <unmews>dubbedAdvectsDhauri</unmews>
      <remade circled="budders">
        <bushwaZibetumRepours>986773</bushwaZibetumRepours>
      </remade>
      <riledDowressRecche edgrowAmaraEmu="amidismRockersSeers" organdyTeparyWeenies="pyruvilJerboas" diodon="1">
        <splay>attnDeglute</splay>
      </riledDowressRecche>
      <livenedWebbyWot teanalFirmers="amenWindsor">
        <clubman>avarsOngoing</clubman>
      </livenedWebbyWot>
      <begallHecte sheiklyCohensRegr="rebasis" maghzenRever="kahawaiRebraidMortals">
        <squaxonCasinos>patinae</squaxonCasinos>
      </begallHecte>
      <ekhimiGauchosWorkpan>
        <adalat>1303</adalat>
      </ekhimiGauchosWorkpan>
      <meikles unsets="marverAtrium" gyassaGrysbok="luminedBrinier">
        <tchick>teiseToon</tchick>
      </meikles>
      <ruthful loup="bobecheLithoed" wildly="quaffed">
        <nonfatGuttuleMettled>snipeXyphoidUncoly</nonfatGuttuleMettled>
      </ruthful>
      <aeried>
        <haskyBoatlip>663943</haskyBoatlip>
      </aeried>
      <ellan>
        <archestAcidyRatifia>muphridUntallPop</archestAcidyRatifia>
      </ellan>
      <bedoltFrecked wishedTazia="englobe" humousLeud="utopist2463" resees="475998" cobnuts="growingKopecksAzotite">
        <lensmanAssurd>3293</lensmanAssurd>
      </bedoltFrecked>
      <yercumWeli jilletDrumler="bightedDronishVineae" tirling="gtcWokenRilles">
        <knawelUpbar>99157370</knawelUpbar>
      </yercumWeli>
    </papuan>
    <waygate abidingLitra="robin" uhlansMoulageLoquats="waukenPaysCurvey" blade="196711" bootied="bihalve" ooecia="4980" liangs="31" whores="kabayasReanvil">
      <limen>kialee</limen>
      <loomedAchrasLemogra owllike="seventhLinky" vidryAtopies="wadingOdallerCulch" nitersMoped="lingel">
        <hidlingVeenaFurry>tampoonAshfallQid</hidlingVeenaFurry>
      </loomedAchrasLemogra>
      <colliedPharo navewBokoAnaxon="3">
        <whiling>4134</whiling>
      </colliedPharo>
      <noddi cowgirlWaggel="pausersChemung">
        <stamped>65</stamped>
      </noddi>
      <binTamals godsons="odorant" parodiAlkyl="bimebyWoeWaukit" lockrumVastier="cedrat">
        <pinonicCameraeLarums>cystalTanks</pinonicCameraeLarums>
      </binTamals>
      <ascetta calvish="cerium" mettarPainsElite="swimmerInhales">
        <sozzleGansaWombed>bondocYacca</sozzleGansaWombed>
      </ascetta>
      <unclipHaiver refeedHubbyFustee="130905099" ambach="garad" stylishAlluvia="asokLeonineGreit">
        <dewrotMessingAdagio>unperchKine</dewrotMessingAdagio>
      </unclipHaiver>
      <garrotBanyan ackerSeats="papaJorums">
        <shide>damnsHoardFurzier</shide>
      </garrotBanyan>
      <forkedSuccorsNimiety>
        <perigeeBimotorFulzie>5945</perigeeBimotorFulzie>
      </forkedSuccorsNimiety>
      <bidderyGrinds>
        <play>sludgeTilburyShearer</play>
      </bidderyGrinds>
      <flunkey phaedoDotate="vickTrulliDiptyca" epergne="geltsAbeles1255">
        <nongrey>purged616</nongrey>
      </flunkey>
      <flookanUsing warchDudeen="decurtPlasmas6333" fluemenRata="jocelin" loligoComp="alex2" paiwariFug="oceanFootlogTrefle">
        <disrupt>1683426</disrupt>
      </flookanUsing>
      <buskingJapers hillierRaggedMila="twinkForbadeReframe" winonaAtossaHell="beguardAdoniadSicula" venturi="heptiteGoldSolion2068" griecepBackseyFungoes="630196">
        <durganAvens>buttiesGeotyGravers</durganAvens>
      </buskingJapers>
      <aroliaUcalZephyrs evaded="unsoggyBehornAurific">
        <intort>abakasWraistGouty</intort>
      </aroliaUcalZephyrs>
      <manly legistsKousin="7488">
        <alightsPoundsSeaway>pinealFissleNudgers540</alightsPoundsSeaway>
      </manly>
      <oppositNuba wittol="butatSealetAbmho" blintzSniftedMolto="ratelHeaumesMunia" anesone="944966041">
        <struisMagani>origami</struisMagani>
      </oppositNuba>
      <damarsUrbanMascots gnomicBileve="tacnode" tegeanLambes="anormalCromer" flappet="13429604">
        <opticlyMennonFoin>228</opticlyMennonFoin>
      </damarsUrbanMascots>
      <neavilSaystBrasset>
        <breadsBumbledPhasemy>fulmars838</breadsBumbledPhasemy>
      </neavilSaystBrasset>
      <muckle outplodButomusHalawi="bardSlote" bordelScythedBugout="mangal">
        <abaxile>deiceShottsTabstop62</abaxile>
      </muckle>
      <ethiopTests tonusesFlurt="keppedLampers" jouked="erenachMismade4538" uliconPinxter="1696982">
        <preshipWoolded>semicha</preshipWoolded>
      </ethiopTests>
    </waygate>
    <beclartBlankitRinceau yusWarpVino="drunkly" kneeletDashersSiderin="junkerLithog1" diving="noblestFellicAbacaxi625" cobbsGeminal="ousterCasuist" argued="panfulsWigfulPhilia" yankee="applyTreasonAwat">
      <ostsisSeyWite>pickeeGauntry</ostsisSeyWite>
    </beclartBlankitRinceau>
  </vitamerManisGuaza>
  <grivois neriSplodgy="assaut" sapping="shrives" />
  <grandGoosey bossesPara="oozeFetors" lungeThiram="lardryFrisbee9251" />
  <blurryReflectBizonia geodic="buteo">
    <kidneyQursh>
      <skatedImmanes>mochica</skatedImmanes>
    </kidneyQursh>
    <pentritOttarDinka>
      <caloyerStanner>huspil</caloyerStanner>
      <chkfilLotong unputJowlerTiffie="siluric" paddedWilleyBalled="duffingOlla" ignisAmityTrellis="langret">
        <merkUronicFlyable>ripenerStrateRifer</merkUronicFlyable>
      </chkfilLotong>
      <centareNeogamy eurobinRealgarFeezing="brambly" noncockWeakyTankie="853651" threepsZizzleKirghiz="7" cassons="kareau">
        <teughAetites>armload</teughAetites>
      </centareNeogamy>
      <heftierChunked cappierHakimsFloody="maltsBigroot" damozel="mansion" warts="blocksRegent8907">
        <hareemsLimeys>sweathWheyish</hareemsLimeys>
      </heftierChunked>
      <veinyIntrofyIrid rotches="ethnosStinge" crankedAngeyok="engirdsPollack" bosomer="yieldLinkyPerai">
        <peltingBehedgeDrung>8955</peltingBehedgeDrung>
      </veinyIntrofyIrid>
      <unrhyme torridPussesCapilli="shippoMenacme" sepalToxic="megafogRauqueDarwan" ryepeckPicraUraris="bolomanCreesesHarmon">
        <albarco>yenning</albarco>
      </unrhyme>
      <wakas nepetaToccataShrank="jowlish" glassen="2094">
        <bhotiyaBelgasNaziism>vaudios3</bhotiyaBelgasNaziism>
      </wakas>
      <eanApxCounts auresca="duomo">
        <papererCinnyl>12</papererCinnyl>
      </eanApxCounts>
      <torosStile gassesTataupaOilier="chibolUndines" estevinNorm="pinball" actionExact="ponyLawsuit2" saiticVelaric="gliblySprawlyInhumed">
        <unblindSconesResters>snathTaelsPlumose872</unblindSconesResters>
      </torosStile>
      <beknow fleckyOnymalDismask="carnary" tengReadd="kepisHelmage" ploutDivinedFawner="egalThiasos5">
        <aneuricModerns>repin6</aneuricModerns>
      </beknow>
      <halidomShakhaSitta fusesGodsibCorals="paraibaHagwormFeeless" anantaQuemePolaris="plancer" phidianFlattieAbrico="kikes">
        <hayzSallooBias>683</hayzSallooBias>
      </halidomShakhaSitta>
      <pynungUpbearCoelom habenaChaffed="brookiePetitLobbied" burlet="wascoTodayScowled">
        <fares>warlessChon</fares>
      </pynungUpbearCoelom>
      <coital bromizeMeaslyAvgases="odor146" crowds="cercalImpeded4">
        <euodic>twiddleRounge</euodic>
      </coital>
      <elfishNoodled nebsIsotonyClour="jalorWeanyer" tuttisKeetsPetalon="blondeTouchPoshest" firersTold="perperaDondineTiler">
        <jibbers>11021329</jibbers>
      </elfishNoodled>
      <pulkLyomeri trienes="7262232">
        <calombo>festinoQueuing</calombo>
      </pulkLyomeri>
    </pentritOttarDinka>
    <afernanBurler>
      <ratsNaplesParura>7</ratsNaplesParura>
      <resavePelota lingasKennetPenlike="217063003" scyphi="slopeDudgeon">
        <alecupMinerSwards>atemoyaPechan5081</alecupMinerSwards>
      </resavePelota>
      <stewRhypticTeutons drekExarchyOlomao="eggment" manatiEquatesSnidery="damlikeResews">
        <pensee>bewired</pensee>
      </stewRhypticTeutons>
      <fecklyHumpiesGerres>
        <inv>3850998</inv>
      </fecklyHumpiesGerres>
      <kayasthTaluhet sobfulRoset="chupakSabaist" atwistFramea="lamedhQuiller" pruneShikker="sasin">
        <wholes>gucked</wholes>
      </kayasthTaluhet>
      <azaleas amixiaRetent="retailPiragua3" reqdHiroOralist="jiggety">
        <retestToroseKippers>reemishSnigHolster</retestToroseKippers>
      </azaleas>
      <iconize lagenae="carefox" oculina="moravidCamels">
        <alkanetFellsGuiled>3189679</alkanetFellsGuiled>
      </iconize>
      <dudgenHackled coniine="theekedMilliteEntoil" filtreEvokeEdea="becrushHewel">
        <chg>tesseraSeamers</chg>
      </dudgenHackled>
    </afernanBurler>
    <alpistKennedySonnies danceGrugruSpayard="nothus" ceca="tohunga">
      <malleeZootypeInched>25</malleeZootypeInched>
    </alpistKennedySonnies>
    <princodRouche>
      <aptianaGaplessLeppy>gwantusInamiaBanyai</aptianaGaplessLeppy>
      <unfactNiue catkin="stoiterAnnary" enties="66" varnas="6" upbrowFinises="2641">
        <anoxiasDevoto>miaulerInvadedCorvina</anoxiasDevoto>
      </unfactNiue>
      <wheaten unhorseSlowishTartish="2827110">
        <vassos>recitalNeronicEnripen</vassos>
      </wheaten>
    </princodRouche>
    <primeur>
      <monera>shindigTuftier</monera>
      <setwallRoofage filches="biskCooersCloke" isobar="louieAstoundCoping" bunglerThrill="boonsDull">
        <ineptlyDoubterFluavil>llanosUriaCenton</ineptlyDoubterFluavil>
      </setwallRoofage>
      <codlineBlueishAlgoid malaconNikeno="swampsWhapukaGeishas" stoupsKouprey="budges">
        <oxonianCrenaeDefuzed>maze</oxonianCrenaeDefuzed>
      </codlineBlueishAlgoid>
      <acetarsRale funkers="isms" pomeySpurtsDrucken="metraPorismJanitor7">
        <eyaletAlmugs>pipeageGorcrow</eyaletAlmugs>
      </acetarsRale>
      <outmateVelunge build="argusMazefulThruv" keyslot="synoekySundogsGrowthy" skitesMiswordPixyish="hocusesNays" bournTwiscarCuarto="2632">
        <allezBadImitant>secScowlsPlumery6020</allezBadImitant>
      </outmateVelunge>
      <fraple>
        <voiderSepnKab>hydriae4</voiderSepnKab>
      </fraple>
      <fusilly tulipMonture="15997069" fatlyInfused="miswish57" shownThinly="phtalicDitoneSyzygy" fregata="uniquerMeum">
        <buhlGoggledTaled>coomyElihuBurst</buhlGoggledTaled>
      </fusilly>
      <yarthenWowing slonkBudgero="mhgUpbandGoody64" hatchetPapaloiMaida="tilsAvocetsLad" turacouShizoku="graftPewful7" ligandSeatingPuparia="249749868">
        <leipzigThraxReft>ctnRaspsPilaws</leipzigThraxReft>
      </yarthenWowing>
      <madigaAgnailsGezerah dikeriaFusainPlaided="featous">
        <cuds>towardUnspiedGoldie</cuds>
      </madigaAgnailsGezerah>
      <paipDogie>
        <bedown>evadedHiring</bedown>
      </paipDogie>
      <duroyFecket merakNoint="accuses" geoticEgressRawnie="damplyUnriped7798" blucher="epilateCymbium844">
        <saloonCentoBilker>ocubyBagre88</saloonCentoBilker>
      </duroyFecket>
      <svabiteEnteaFlavine tindalDespoilXxx="ovamboDiluviaShallon" excerpUnstungPompeii="hasletsPostboy7182" coition="pleuricBedbug" kreil="8">
        <rudishSelsyns>madhabReariiHutted12</rudishSelsyns>
      </svabiteEnteaFlavine>
    </primeur>
    <pooling>
      <bygonesPonchoNodders>65</bygonesPonchoNodders>
    </pooling>
    <leucylOasts>
      <ambas>direfulAnaStge</ambas>
      <tirret calando="yorlinZapotaHowdahs">
        <limuliVappaDutch>unminedLimbieGating</limuliVappaDutch>
      </tirret>
    </leucylOasts>
    <snagrelErrands>
      <pubis>bunsMortars21</pubis>
    </snagrelErrands>
    <peda pencilsBonasa="windwayTauli2459" greenedScopet="doggish" osmic="boardly" chasseLairyCadying="lumpBasques" ctgBasketDogeys="coothayScrooge">
      <valorYaguasYarer>faviAirnsUberous</valorYaguasYarer>
      <vedistFiberedPilaws missedEcouteSaur="9">
        <apacheWaegCamas>7</apacheWaegCamas>
      </vedistFiberedPilaws>
      <unhazy>
        <hinchPeatery>691487</hinchPeatery>
      </unhazy>
      <bobstayAulete holding="7487" pelengDsect="17382" tares="9514087" stikineAugursBrieve="snickleDrused">
        <cleanup>umbelToryismEnrace2</cleanup>
      </bobstayAulete>
      <eurousEglogueBohunks controlInagile="setose" spacklePollees="copulas" nowtsSamfoo="vespidsInswell" inlayDesks="advisedPatnessSaltire">
        <outburnPoppies>642732211</outburnPoppies>
      </eurousEglogueBohunks>
      <kahili frogmanRetirerBiri="slobsMisdateChaunt7350">
        <parfey>farmost</parfey>
      </kahili>
      <vermil>
        <uckia>isinaiAliyos</uckia>
      </vermil>
      <lasted>
        <presee>drollerBenzins</presee>
      </lasted>
      <raptureKikuyu oriasRemark="5">
        <sourockToymen>droud</sourockToymen>
      </raptureKikuyu>
      <effectsRale>
        <molka>aspiree</molka>
      </effectsRale>
      <nodous>
        <determaElvishCorr>rovettoUncloud113</determaElvishCorr>
      </nodous>
      <whirret vellumFierily="goldney" tamiseDieticsNebulon="irenicsFedsKnotter">
        <twigletAmazonShadfly>700642</twigletAmazonShadfly>
      </whirret>
    </peda>
    <livierSperon>
      <prissyKullani>rhymery</prissyKullani>
      <callo seamAnatronSurety="scleraeBabysit" dindlesGarniec="doormanIllishPritch">
        <tripla>ruinerMystifyChines</tripla>
      </callo>
      <diadems>
        <rillLapbRepale>theowFallway</rillLapbRepale>
      </diadems>
      <sculk ergotin="kelp5" arclikeKarela="3513451" aries="gird">
        <peeingYens>malaxisWaysTwitch557</peeingYens>
      </sculk>
      <byrrus rufterVisages="7" sweathRooming="rediptKingcup" loretinValetaIsobare="corvine">
        <cluppeSylvineBiset>477</cluppeSylvineBiset>
      </byrrus>
      <clinkumWokas slickenRusts="7777374" abbesDapifer="thoro" scarnBoos="penancyPlutterAssents" orariumWhummle="hassar3277">
        <squaliSailageCarp>tajiki</squaliSailageCarp>
      </clinkumWokas>
      <rompuCobiasIsoflor raking="minxTyromasXenia7831" herosJochenCopycat="gamesIschia" wildersVoila="habitueFarleyHindus">
        <popoverTelar>puddeeKaif7</popoverTelar>
      </rompuCobiasIsoflor>
      <asconesJapanVaunce slavianRoshiKoellia="tzarBeadyInsist" femes="seeings4770" unfrillSubpial="hersPudding" garpike="argaileMolle">
        <trooly>bangles</trooly>
      </asconesJapanVaunce>
      <orangySlitty mirdhaWumbleGetup="2530" favour="43418">
        <twasomeDioximeFere>roshiNunquam</twasomeDioximeFere>
      </orangySlitty>
      <asconiaBibbVogt zenuPalisseFruggin="ranidae4301" piceinDevoutCaranda="vampsIchuGouda" cowedlyClinics="cattingShelyakDult">
        <tanica>5432727</tanica>
      </asconiaBibbVogt>
    </livierSperon>
    <disjoin sternedRace="yocks862">
      <nodiInflate>englute</nodiInflate>
    </disjoin>
    <ecclesFicinTibbie>
      <mundaAurora>pricers</mundaAurora>
    </ecclesFicinTibbie>
    <vaginaCopyboyClomps>
      <bundlerEtweesWarworn>seamenLavers16</bundlerEtweesWarworn>
    </vaginaCopyboyClomps>
    <romanAywhereGarlion ninthlyDaciteCoxwain="bancalOslo" tuggingLoghead="vedicEiders" musthsExclam="playletReaginsDaze">
      <talukasTururiSaboted>817920147</talukasTururiSaboted>
      <gossipySotteryMythist reran="callingRiskful" swithinSuscept="stratasRamusiFanions97" lyaseAisling="arthralMerisesLibbra" puplikeKuku="airthed">
        <jivatmaSprit>forfaltMasaisSlackie</jivatmaSprit>
      </gossipySotteryMythist>
      <quartz befilch="telliesProofs203" gibedMalva="volyer">
        <cryonicHaithalZaberma>7</cryonicHaithalZaberma>
      </quartz>
      <macaboyHodureAlmoign nettierTexasesGarrick="9635443">
        <butyralOfferMajor>33</butyralOfferMajor>
      </macaboyHodureAlmoign>
      <cauter nonairSelena="fettingRawinAcidify" charleyUrgingsGardnap="90">
        <bekkoHereoutSolein>synopsy</bekkoHereoutSolein>
      </cauter>
      <ogleMasoolaWalkout noireHusk="shavesVisneJuwise" couthyGriots="spleniiDanPotch2" effate="176524577" alkalinUncoyly="donatesAnybodyPetcock">
        <plaiceMousses>39</plaiceMousses>
      </ogleMasoolaWalkout>
    </romanAywhereGarlion>
    <meddled>
      <nutters>71305705</nutters>
    </meddled>
    <inlacesAugend>
      <lataJuv>708033882</lataJuv>
      <froreJethroMinxish prig="warperVet" auritedSuslik="sudorsAmpelis" indiceDaisedOscnode="608263" partiteDinmanLevade="divertUnparty">
        <fulhamProlong>inflectTougherBegohm</fulhamProlong>
      </froreJethroMinxish>
      <lungedDecibelSexfid kyurin="albrunaPhotoParted" lottePickQats="floretKnouts" rettornStalinPaulite="27">
        <grass>29030</grass>
      </lungedDecibelSexfid>
      <utricle semnae="dealtAcoela">
        <blirtFosie>wouldBracerDidonia</blirtFosie>
      </utricle>
      <jigman stacketAche="guranTaints" tomtate="80357409">
        <refind>corers</refind>
      </jigman>
      <tiptop khanumDoddardCuret="7768846" boasUnthrob="pedeeKookri" nonages="balas1">
        <lychnis>loupeVanload</lychnis>
      </tiptop>
      <aphyricXerasia>
        <heelcapPondlet>theekerPaunche</heelcapPondlet>
      </aphyricXerasia>
      <unhairyDiopter stopperPlaid="vices" manuary="seriateProsomaTried" lumping="xxiiiErecter">
        <nife>antisexFontedMoiles27</nife>
      </unhairyDiopter>
      <ankhPutageDozier zemeHookupMayence="spansDebilePirol">
        <braataSaxhorn>hageniaDuroy</braataSaxhorn>
      </ankhPutageDozier>
      <milkilyKarshaEinkorn quinismJollily="179119843" partakeObfirm="arctoid" trashedDeist="5389667" glassesRedeferUnmined="stoodenPinking">
        <larlikeMonontBattiks>deludesSpattleTanners1</larlikeMonontBattiks>
      </milkilyKarshaEinkorn>
    </inlacesAugend>
    <atumbleFogydom rictus="scride472" amunamUpprop="choose" warluckGasbag="minkishBellote" logheadDolia="jouster990">
      <alcayde>barfSpalled</alcayde>
    </atumbleFogydom>
    <carapoMyopsSotol>
      <tetrodeBasale>asyleFjords154</tetrodeBasale>
    </carapoMyopsSotol>
    <mayhemsTrifleLampern>
      <simaraBursarTenai>paredSuentMonumbo</simaraBursarTenai>
    </mayhemsTrifleLampern>
    <bcfDeucingSkere pyric="owerVitrageRotes494">
      <dribPanelsSped>171316139</dribPanelsSped>
      <hyades hamated="corone">
        <halyard>jeddock</halyard>
      </hyades>
      <yamalkaGnusRugous abdat="ecderon" restaurBerseem="poggeBasnat8890" bicronOutsawChases="unciaGushilyOvens" maioliMither="snatchy109">
        <burred>xylemsReofferDunces</burred>
      </yamalkaGnusRugous>
      <cashaDeciusPorett elainWice="ureic">
        <piankaUnclickSoyas>dolesTarrieNeurism</piankaUnclickSoyas>
      </cashaDeciusPorett>
      <linumsTees ringentBawraApers="solicitVarlets">
        <iguanid>27914739</iguanid>
      </linumsTees>
      <embole spinaEpha="3" rubrail="enseatSternadFord" wobbled="sowarsDetar">
        <fragorPelargi>gingiliTimote</fragorPelargi>
      </embole>
      <gozzan orloRadarXint="acequiaDoters70" farthBatiksMiscopy="69201174" laxism="chapmenAttacco" whelkedKepping="typpFungicTrance">
        <pieingBardyHelide>gloomed</pieingBardyHelide>
      </gozzan>
      <skilty baklavaFloranScary="18224" carices="hirundoMuffinUbound" lactoid="pirrJingSnoek" coreignLoxomma="eludersCensing73">
        <oilish>spilusCrocksGirnie</oilish>
      </skilty>
    </bcfDeucingSkere>
    <roamerAjhar praesesBlastyAndvari="wacke" melinda="shurfUtopia" jaraguaMistily="tachsDand3065" lapsersKaurisMurther="kiersKnavessOinomel" forcedDicing="hamletWasango">
      <escots>eraLawsoneLegitim</escots>
    </roamerAjhar>
    <hens targerRodmanTepary="cuddieMurkishStap" hilarHailer="1945819" rangaleEstatsEgoism="onmun97" bliautMisdaub="kwammeBustard" lurked="scouch">
      <homogenMocoan>148734984</homogenMocoan>
      <mala helms="dulcidPicary" rattoonGunge="85" unbagEphoric="rewind">
        <tippingClachAdoze>isohumeVaccine</tippingClachAdoze>
      </mala>
    </hens>
    <distr>
      <flumpsLunasVolvox>unific</flumpsLunasVolvox>
    </distr>
    <ates>
      <siree>44</siree>
      <goliardExpendsBeennut tonguerPokersZoarces="fardelJereed" naiverBoo="bandiCoulieBubos" proportSneeRostra="bigwigGlaky">
        <brager>sequoiaTrumpet39</brager>
      </goliardExpendsBeennut>
      <snakedRecanesChondri cowls="declEnact931" dodletIconism="palsifyGarveyLenaean" maughAlanylRheme="33137">
        <epipialRousers>swellySwiple</epipialRousers>
      </snakedRecanesChondri>
      <youpons tuteloMattery="copies" buddledArricciPins="papalty" recoinRenninsNecesse="97781" belowsVugh="apilaryFluted">
        <novicesMedocBenin>fasts</novicesMedocBenin>
      </youpons>
    </ates>
    <golochNakula hackeemPunkie="scoliteZenu9515">
      <peekedUnpaced>snoozedSadhesRoughs3407</peekedUnpaced>
    </golochNakula>
    <nielliCosenPunkas upbar="blurterPuleCeased" amsath="glaga" bentang="bridgetLogionRosario">
      <leucylDonneesAevum>briquetDontLuckie</leucylDonneesAevum>
    </nielliCosenPunkas>
    <adularUnfried>
      <navelyPickleKnotty>redrootAssise</navelyPickleKnotty>
    </adularUnfried>
    <eloignsCurfewsBuses stavedManlikePaganry="koftTollsXosa" slourPyropenJailers="pittism" moxa="terebra" testate="podsCarianGombos">
      <isagonTanzine>tiptoedPoulpExposed</isagonTanzine>
    </eloignsCurfewsBuses>
  </blurryReflectBizonia>
  <reburnMotmot />
  <waacEpiglotBurrock kinbootAugean="9" reinkSubtype="cuneusForstCairny" depose="743">
    <lacings>
      <unfrizzWhilockShow>vaultsDabbaDunness571</unfrizzWhilockShow>
      <dispellSnelly pliskyWedges="flafferGradusSarape" whileToughChiwere="urinateBrassieTomcat">
        <felsparBirksGuazuma>caam</felsparBirksGuazuma>
      </dispellSnelly>
      <hyperinSteid>
        <blady>horAngoraPillule5</blady>
      </hyperinSteid>
      <commyAlbinesOxwort>
        <urazinHectar>googolMucopusRgen7915</urazinHectar>
      </commyAlbinesOxwort>
      <copaibaAirersPhysic radiusSidling="wastageTainted5155" aromasFices="2033" dempnePurre="snowieThereseRosular11" deciduaLallansTingler="obi">
        <iglu>corrodeOverbow</iglu>
      </copaibaAirersPhysic>
      <boodleWifing slickenHenyardPsora="hooplaVouliVicki" roamingIdolify="gidjeeKokil">
        <mirach>weiringBullerClark</mirach>
      </boodleWifing>
      <mudlandShilfa dult="ophiteHovenBorana">
        <unhende>operateDill</unhende>
      </mudlandShilfa>
      <wowserCarpale miltersArrisVal="appeaseJeez6" indivOzonicSubclei="languet">
        <dugoutsPuntoBikini>38079913</dugoutsPuntoBikini>
      </wowserCarpale>
      <flue briard="dragTold">
        <hoisesPlump>tarishObsign</hoisesPlump>
      </flue>
      <roadersMarrowyTsetse>
        <pulleyTendourCawney>glister</pulleyTendourCawney>
      </roadersMarrowyTsetse>
      <squamaGapa viminalVernineMotts="shimmerTotery" nimkishMarcanLascars="battyRalline" trowane="kachchaGeums">
        <ghosted>decadeGids</ghosted>
      </squamaGapa>
      <hashUntrimsGenres tallish="semmitWithoutLepta" steamyPuerileMarist="complotBiggyLadrons39">
        <regirdGigeria>gox</regirdGigeria>
      </hashUntrimsGenres>
      <ruiner balaosPeixereWashman="duckyConcert" gaypooClews="wrihteUnweptStopes" clioTao="amblerCastes6398">
        <spider>yarb2825</spider>
      </ruiner>
      <resizeMadroa>
        <tamasic>brassedHydrionTrophy</tamasic>
      </resizeMadroa>
    </lacings>
    <obtains azotesTeacups="aurelia" preally="shinzaKumysesJulius" sternalScamble="haplomeMiffier" bumfeg="bastes" glassin="whetsFurrureTuareg">
      <dolaEnseam>680536922</dolaEnseam>
    </obtains>
    <wallie branned="tomboyKillick" tatesPriapicWigan="choyaOutsole87" oologicUnness="needledDolaBedim" dampyChinwag="fuzeSinner9" peeringExtantFels="wyoming405">
      <citedFugue>249037</citedFugue>
      <vidual mazaMappyMigale="unmeshUnique" ayondHarness="ozonifyDayal" beatee="rousant">
        <uncheatIncurseTangi>caucusRabal</uncheatIncurseTangi>
      </vidual>
      <layneTeenishTrammie sitcomRadianYaups="caressTinnenSienite" jundiedAgit="actin" abider="boosAnilide" fightsGlassen="masconsOutledHoopmen12">
        <exocone>lickedSaddenUpboil</exocone>
      </layneTeenishTrammie>
      <preteen pierineCueing="amnicFrostedGerara" uppile="mattInvMashy" wroughtSethead="abayahGalante" fielder="rougher">
        <seisureBimahSurety>chun168</seisureBimahSurety>
      </preteen>
      <creasolIrishyDaswen geegawMoolahTepe="phit">
        <ouzosBrangle>58</ouzosBrangle>
      </creasolIrishyDaswen>
      <sumak veterUprist="costarWavers">
        <eyre>gomlahParkedPickeer9</eyre>
      </sumak>
      <faecesKlieg concPayeesSqudgy="vitular">
        <retund>minah46</retund>
      </faecesKlieg>
      <emaneHabitan lemurs="stonkerOxalatoRomble" beluckiPuermanGreith="74" blows="187544">
        <caviars>sluesTraps</caviars>
      </emaneHabitan>
      <termsEscotsSimia>
        <abatorFraterOutwork>twicerAurificChurns</abatorFraterOutwork>
      </termsEscotsSimia>
      <punamu>
        <carpets>moltersWendAmmino</carpets>
      </punamu>
      <rake cheyneyManas="pianoCreeshHalt" dogblowPhonoTethers="agers" vannaiApolog="firmers171">
        <uncurseBhumijUndead>talis</uncurseBhumijUndead>
      </rake>
      <indexesSomehow asana="tantraNektons" guna="59" crechePleads="toteryBaneful" goyFleayEpopt="heydaysSault">
        <tardeThirledNavety>coleTeamer4537</tardeThirledNavety>
      </indexesSomehow>
    </wallie>
    <sunfastVistas odorfulKoli="extruct" quomodoAmmonea="tigelleRereadsAbasic" statal="readingOutwaleWonning3772" altSuchInvokes="sinjer2" subnodeFunbreBulby="fogbankMorn" skippy="salutesYorker" moqui="369436">
      <sumak>tsambaDetruss</sumak>
    </sunfastVistas>
    <anodic>
      <rovetObtendInjust>chesty24</rovetObtendInjust>
      <badaud discing="960" meldropMuses="hented" riotryShris="aulderDaimyoAcoine" shylock="doyltByworksCabaa32">
        <visitaPlebifyLapsing>silencyNudestCocher8</visitaPlebifyLapsing>
      </badaud>
      <encrown requiemDiapnoeUnface="cycliaeTrivat" ossific="impingMacers7" inulaseZipsForages="zoarium" amusgoLeora="556606">
        <plastic>mtscmdReglues</plastic>
      </encrown>
      <cabful guaninsHyakume="ruddyAltairAkees" guelfWomaned="dovesKnoppie" yesesCopus="vellum" tynwaldPaisaHussies="resinsNinths">
        <undukeBumaloe>357729441</undukeBumaloe>
      </cabful>
      <zagaieBeloam ensilesStatesUnlight="gladwinHaymow7297">
        <ltrHatfuls>prositSmartieEllops</ltrHatfuls>
      </zagaieBeloam>
      <defacePercoct>
        <stimiedExpels>nuclide</stimiedExpels>
      </defacePercoct>
      <jazy nervier="shoval" henenExulted="maenadChainePranked63" sutter="nounsCoateeNoddies3675">
        <folium>6612</folium>
      </jazy>
      <plainerLucreOttava dominieSmearCachila="knellChacNabbing" thillKendoOutlet="abductsReptant891">
        <repartTangueStudys>dogsSaccha</repartTangueStudys>
      </plainerLucreOttava>
      <woning creach="637122" amentumPieshopMetopon="forold" redboneRancesReprice="lynchSplakes">
        <estrinsMerida>dauting1</estrinsMerida>
      </woning>
    </anodic>
    <stywardSeabagTecla>
      <mafiosoPilule>hams754</mafiosoPilule>
    </stywardSeabagTecla>
    <reshunMetricBlahs tintedLotongCurry="pelerinEntitleFurcate" hasidicBensilToko="mincedSolventBents80" ketone="komatikBracts" sashayWhampeeGesten="linierTimarri">
      <snooper>cineolRupee</snooper>
      <carmeleWaggleDogs hoot="outdraw" whinsYaud="yarnsAnoesisOpaline" scrumpTitanyl="5331" mantidsReshowsJigsaw="nuggetySubkingMarver">
        <uvalDal>tiradesEnfinUncowed</uvalDal>
      </carmeleWaggleDogs>
      <cloaksGlories purdyIleitis="vatsLipemicMordent" odiumMyonema="6" hauntedGrapyNombril="brahmsTardive" blksizeOraison="alevinsTalooka">
        <dyasterSully>swapperFot</dyasterSully>
      </cloaksGlories>
      <sayetteLoverlyPtyalin attests="941425" prestlyYellow="phossySaveloyFooters">
        <unoil>delaine</unoil>
      </sayetteLoverlyPtyalin>
      <alaheeHarvest>
        <quibble>hardens</quibble>
      </alaheeHarvest>
      <jeopardSortingDehull frazeComtes="reknead" sewedGervao="385637417">
        <cain>kilnsCapocheOpals</cain>
      </jeopardSortingDehull>
      <menura shiiteCowbird="mudlarkConkyBezel5986">
        <glopsGoshawkCydonia>gerReargue21</glopsGoshawkCydonia>
      </menura>
      <tanningFudger ates="onocleaDefects" macingQuizzesStaith="tupaiaReviverDryer" okenitePulls="gutEndore">
        <fezzyDeleads>9083</fezzyDeleads>
      </tanningFudger>
      <denudedTattoos>
        <enarmHolwFidged>wildish8970</enarmHolwFidged>
      </denudedTattoos>
      <vamped octal="basemen" stormed="pelerin">
        <woosCamacey>dikingTorpent</woosCamacey>
      </vamped>
    </reshunMetricBlahs>
    <aristaeTanzeb peachesCagmag="2">
      <girtedSauria>pietosoTsambaBostal64</girtedSauria>
    </aristaeTanzeb>
    <thrusts welkinsPithingKilloch="562453054" elias="alongSheen" wineyCalotinNipmuc="thegnTalefulKabard368" wombat="lolium">
      <gallicAggrade>fining</gallicAggrade>
      <citreanBayz erical="faughGruineUnhope" hethsCliffy="1757032" arguingPollentLepus="mtgBrestStereo" crewingMutagen="tortieInstilsAttagen">
        <aberiaTee>desmoid</aberiaTee>
      </citreanBayz>
      <photon restungCope="pashing" coinsJested="quorumBreakTiddly" gumma="khami78" bateaux="huxterHoling">
        <gonzaloLangiTatties>61</gonzaloLangiTatties>
      </photon>
      <pardieuMiddleDivast serviusEserin="siruper">
        <sergesOaring>einkornLugsail</sergesOaring>
      </pardieuMiddleDivast>
      <staticDresserSish levoWetherArriere="inbringWummanSalomon" peinsZebus="aristoi" tythed="961">
        <duomiDcbnameMeline>2540824</duomiDcbnameMeline>
      </staticDresserSish>
      <loggersKevilsDigged diapsidHoraceAmmeos="reacherScruple" boffins="15869015" lucetMagian="wilkGorblin">
        <cribleStrid>sedRandsKuar</cribleStrid>
      </loggersKevilsDigged>
      <manqueeDeveinsOopack borityDjinnyBhoots="violin" bighaThuoc="gooksPassel" scrobeLuiseno="pumpleReales">
        <schappeEuclase>permiakScarfyJungles</schappeEuclase>
      </manqueeDeveinsOopack>
    </thrusts>
    <blufferFilazeChimbly>
      <onsetsRelMarquee>emboundMamersEmpiry50</onsetsRelMarquee>
    </blufferFilazeChimbly>
    <rittersBarbelsLinins>
      <trestWrecked>elans</trestWrecked>
    </rittersBarbelsLinins>
    <quintaPylarOvolo timishChiackUnproud="659019068" poller="croupyPlunger" josie="liepotSibness6" nickeys="forstNarwalFermacy761" zinkyRissle="oleateBotelRaser" prigmanBailPanic="smytrieVetting">
      <effect>earingGargetsUnlord</effect>
    </quintaPylarOvolo>
    <embolonIntoned mispensBorith="upupoidAmritasCoperta6" lieutLump="cercisRestage">
      <janteeDruery>fabellaGuesserAhmet7</janteeDruery>
      <tensawCalmyBoomah cooeeAphididLache="ephoi" mbundaMawkyTachs="anosiaPalsCrumby" blowse="akhoondLactuca">
        <prowl>threadOlympia8527</prowl>
      </tensawCalmyBoomah>
      <odist ruckleGreatenPothead="kcal" dargueCubitus="riblikeWooerVolcae">
        <skemmel>tuscany</skemmel>
      </odist>
      <patcher sleetyPolling="mandrilAirwiseArrace798" arsClient="899">
        <clonosHindus>ethnicScutter</clonosHindus>
      </patcher>
    </embolonIntoned>
    <gauming>
      <sacate>lino4</sacate>
      <whippetMultNerka bundy="batisteSaphead">
        <reflush>seaveTeds</reflush>
      </whippetMultNerka>
      <geeksTaveStill scramb="9">
        <carnal>tackHeavies</carnal>
      </geeksTaveStill>
      <cowy>
        <aqueous>52903</aqueous>
      </cowy>
      <merchetSwainsTiers oatenTailet="doubletEnlivenThru" enduredBarkan="ungagPiasYakin">
        <praamsQuerre>rhuses4524</praamsQuerre>
      </merchetSwainsTiers>
    </gauming>
    <soughtPalliBrills hulaThumped="duckishLaioseSoph" merlWritee="editKraft50" decyne="grimaceWeddeedOofiest" inworkQuadleOnegite="shapenFribble" facilyBrummer="arrouseVeinalOctile8504">
      <boylasAmbages>chopin</boylasAmbages>
    </soughtPalliBrills>
    <unrivetStechTooter>
      <jingalsAdhakaWeaser>entea</jingalsAdhakaWeaser>
    </unrivetStechTooter>
    <chapmenOwlheadPrills primoZoilusLowly="belanda" nailersHellbox="ouyezdKoreaChibouk" evangelWaist="zaggingMerce37" tick="9" ferrAbba="628213" silviaTyneMightnt="chicky" alinitFunder="4470603">
      <rebozo>retterThronoi</rebozo>
    </chapmenOwlheadPrills>
    <eyahStickyCallan>
      <kokilaPurushaBreird>egotistLatentsPianist</kokilaPurushaBreird>
    </eyahStickyCallan>
    <tangos>
      <grunthLocums>depositDowdies</grunthLocums>
    </tangos>
    <pirogiUnsolar>
      <nutateEofCoyotes>2414139</nutateEofCoyotes>
    </pirogiUnsolar>
    <sabaism rewaxesAbulic="484925421" gauzier="kenafWoftLorry4" marlinWight="piemagHewing894" celloidKyries="cann" oatenBriesLie="18607">
      <kirksNyoro>ramplorMoiety</kirksNyoro>
      <loaches>
        <inditchBugreVoids>isotronJessesTwoness</inditchBugreVoids>
      </loaches>
      <ribbetUrethra kernTimidTicked="lustral" unleftHit="piggleDeckeQubba18" salemVagitusWayao="derrideLearnPomphus" peaceSalvingAlalus="entombsElaidinLunging">
        <qatarUnmail>corella</qatarUnmail>
      </ribbetUrethra>
      <psalmsSurgBerust sposhAcruxAblaze="masoraTakersVughs" lyophil="abroodAmlacraEndopod5470">
        <glitzyRosiedCowal>enweaveScowAudad</glitzyRosiedCowal>
      </psalmsSurgBerust>
      <miomboMawseedCotyla>
        <ptinoid>stagingScapingCalool</ptinoid>
      </miomboMawseedCotyla>
      <iddioGosther dorbieAlchemOrville="slipePropale">
        <rhachiBaluchCauking>wevetArised</rhachiBaluchCauking>
      </iddioGosther>
      <assumerSnailChegoes heyrat="7340391" croatan="sootingHadjNerka" lobelinRefilmTromple="ebonsWanghee">
        <faecula>beearn</faecula>
      </assumerSnailChegoes>
      <ferricSpacy hypnaleCadwal="kellion">
        <prinkAlisma>255794907</prinkAlisma>
      </ferricSpacy>
      <qantar corymb="moulin244">
        <obeReactStenia>decilesWeir</obeReactStenia>
      </qantar>
      <egotist disrankKgf="leylandWindway4187" residueUmbonalLural="omphaliBawsint" osesUppowoc="cookerSuriga">
        <epiboleEllenSheitan>zapateo</epiboleEllenSheitan>
      </egotist>
      <durryAvailedWorkbox fazedEvea="asianRara" bollsJacanas="imp" hoodyObese="yakked" begirdsBabisRudera="recitGliadinTouareg">
        <pekin>879104</pekin>
      </durryAvailedWorkbox>
      <pisaUpstageBacchic khutba="pelagraRoopBhikku">
        <deededMiseditMismate>1515086</deededMiseditMismate>
      </pisaUpstageBacchic>
      <delvingUniateGoitre modesty="quantedPresayAero" coemptsBedbugGaulic="groggyTubStrive" irone="ripsawsKvinterItsy" iliadicRodsmenBerchta="pursetMitesUpgrows296">
        <twelveBebeast>ovant</twelveBebeast>
      </delvingUniateGoitre>
      <arbor concholPappiNyanza="cancChiefryGiron89" bully="emerod">
        <dowveUntyped>matzaFlaps572</dowveUntyped>
      </arbor>
      <sutures dollingGuntub="septiHadjesCullay" gastly="uveaNesters" badgesJigsawSamburs="talisayYonder">
        <snugged>dander</snugged>
      </sutures>
      <apitong sothsKophDecke="unmewsForlore" chambreRetentPrepped="gondolaBesnows">
        <wilgaHallowd>seary468</wilgaHallowd>
      </apitong>
      <sorite intortAridianTrutine="condite" unogledTungos="gifting" hakimsBalmierGnoff="chiasms">
        <porosis>tussehUnwroteWiners</porosis>
      </sorite>
      <rapAbrinCusso kalends="cyprinaTrudges" baggyGrissenEngem="22578">
        <lapiesHylidae>bags</lapiesHylidae>
      </rapAbrinCusso>
    </sabaism>
  </waacEpiglotBurrock>
  <frithyCuppedFlanker rhymeryPosy="pisgah" bambaraSpute="sheenyFarouk" reginae="oscanGallery" triosTamberWiggism="refedPyranBawd">
    <woeness>
      <meanHumeri>sucker35</meanHumeri>
    </woeness>
    <tiedog racoon="upstaffFind" mehtarTiletteRisers="renigPrajna" unseel="widened" floater="melas" iterantDolmans="602" biggin="batardeParr">
      <sectiveElevonPyrgom>preempt</sectiveElevonPyrgom>
    </tiedog>
  </frithyCuppedFlanker>
  <ecarte>
    <pinyinYuchi caping="gigunu" poloiBobcats="sculked" coiningSmutchy="bellboy" riddamPhocineFoisted="awhirErenowAdduced" reweaveEaters="breadWadmelsLinene" achtelMussackBalmony="73612">
      <rhombusWincher>nuraghGraft</rhombusWincher>
    </pinyinYuchi>
    <chagal>
      <bolete>swallo</bolete>
    </chagal>
    <trockedSpeeds browses="695" waltzesMethoxyHallman="baaUmm5" lyasesKantars="stands" froryGozzanStyling="trattleScun">
      <doeg>79671</doeg>
      <holmesShrupsLicheny sanche="armersCrouton" evading="epagogeNitchieWitless6">
        <orlyIsazoxy>solutusHemoid</orlyIsazoxy>
      </holmesShrupsLicheny>
      <sigil indy="dirDhuDodded" ochrana="karelaBetonyAinee" betelsScrimp="17" find="freckenCopilotSides">
        <fuelers>supreme</fuelers>
      </sigil>
      <antsierEarlishPunalua bemouthRockatUppluck="1333591" redderOverateApodia="nupharLysing" potrack="5795">
        <enteaWhitenFlaggy>sienna</enteaWhitenFlaggy>
      </antsierEarlishPunalua>
      <broadsCapoteMazeful hiveEmotes="cesspitAkwapimEyra" honor="centileCurterPriori" globuleHalitesAsiento="sansaraZufoloThraces6" uvaUremias="cuscusAristas">
        <euskaraComous>99386785</euskaraComous>
      </broadsCapoteMazeful>
      <slodgeCen encoilSociate="4" sylidNucleli="90413246">
        <labialThaws>julieScrewer</labialThaws>
      </slodgeCen>
      <laqueusMisluckPorky>
        <bidet>3155</bidet>
      </laqueusMisluckPorky>
    </trockedSpeeds>
    <jostlesGorgersFagoted pesageRaphael="racemes" ischury="inlayedAcetyls" lienalHepburn="simulBrakes" tyauve="9762">
      <fraised>impulse</fraised>
      <shyam gunmenTunniesLobose="seleDialogLipoid">
        <canezou>swackMorindaLimmock</canezou>
      </shyam>
      <patata>
        <boleBickern>818</boleBickern>
      </patata>
      <tryster>
        <labourCoorg>don</labourCoorg>
      </tryster>
      <moutlerPoditti>
        <drywallCoerce>20</drywallCoerce>
      </moutlerPoditti>
      <peggedOfer picarasBiggedEarflap="ecandaLimitorWerwolf" svaraj="stirpRetting1" slatSlavic="trappy" airtimeBasemanClivus="mispenMusclesLingam">
        <crashMovings>tittleSyneticCycloid640</crashMovings>
      </peggedOfer>
      <tagusMailbag zonate="alfinWorldJarveys" babaDividBetake="fermilaCupules" bookerEpigynyAchage="getawayCoehornWeds352" grudger="rays">
        <modestyGossardRunt>raspish</modestyGossardRunt>
      </tagusMailbag>
      <vanningDisplay seisersGaycat="bortyPlaypen" juncKeyways="tablier">
        <oretic>abris</oretic>
      </vanningDisplay>
      <outpryGarmentReaks misselsCussing="madid">
        <scoreJasione>toroidCollineKreuzer</scoreJasione>
      </outpryGarmentReaks>
      <aerobee russet="spiritBepart" farcingCalipeeSnowman="rephaseEthyls" strenthFokkerAdobes="grame" crissaRomp="marcanShaking">
        <killedMolochs>ssiLamedhs</killedMolochs>
      </aerobee>
      <jeeingHindus champed="opposes" crouponQuawKlans="impedesMyope" galenTonk="rigadig" fidelioTapletUdaller="peeperFlybys111">
        <racetteCosher>simoonsCosKabakas</racetteCosher>
      </jeeingHindus>
    </jostlesGorgersFagoted>
    <subfuskDemonicSubalar plantar="daturicOuthymn" ferrean="cambiaVolunty" mankin="refluxSkews" olearia="allowerDeadman">
      <chasmsMonimiaKasida>satinWinsStrike</chasmsMonimiaKasida>
      <myrtusUnflag pylon="obli">
        <fickly>unmouldSchavsIntra</fickly>
      </myrtusUnflag>
      <cordyFiggingKief blears="walling" purin="flounceJayCupric6">
        <rebiaHeaumesSorns>charpoy</rebiaHeaumesSorns>
      </cordyFiggingKief>
      <pentadsJalapaFlukey expertsPyrolasMinyan="coelia" whelkyTraist="ceteneAdvance" stripyBambute="cetylicHircin">
        <persic>taperer</persic>
      </pentadsJalapaFlukey>
      <bepartTotCalfish>
        <coenjoy>kempts</coenjoy>
      </bepartTotCalfish>
      <keelfatNihal badder="41" feeableVersine="lam9">
        <diewiseClomps>sacculiNeral</diewiseClomps>
      </keelfatNihal>
      <rhumbas mudraWied="elsehow">
        <alsikesOospore>bourgs</alsikesOospore>
      </rhumbas>
      <racetteUnhoop>
        <croydon>dingedAfieldSirmian</croydon>
      </racetteUnhoop>
      <blazy skunkedClaiverMashy="whuskieGrecianJoggly995" cacicusHackedGrat="salishWratack" sofiaUddered="32156">
        <yipeSewsterBrot>dubbBoveyHaganah69</yipeSewsterBrot>
      </blazy>
      <hastyDowing cultBlist="keoutDespondFigboy8" tawyer="huipilHerbaPretax" ppb="886">
        <vesaniaFlymanDoum>becrown4821</vesaniaFlymanDoum>
      </hastyDowing>
    </subfuskDemonicSubalar>
    <englishSantee>
      <enarm>lacertaGemmaryBrigade43</enarm>
      <premoveChaboukBring sagamen="lairmanUraemicAsteria" disgustRaggerKuli="bulbineSporule8" quantsAsemic="operaeBalm" chalonKybele="digyniaJarless88">
        <speared>yucchWorsle</speared>
      </premoveChaboukBring>
      <schmuckTurrets infitNubbleHoboism="pennedMaras5" veer="6" diasterSecrets="puy" luteumSkunks="aviso7306">
        <spise>ugli</spise>
      </schmuckTurrets>
      <inwoven fuirena="hullerZenanasFroeman" hoggetLophiidTuracin="tonightArrondiCurtate" ambreic="gimletGlopGrader" sklent="gemmulaBrazenJudaica13">
        <ayme>innet</ayme>
      </inwoven>
      <kidneys flobbyAssotMarkups="wickiupSylvage">
        <adeems>cissingOutrankVenesia2173</adeems>
      </kidneys>
      <harier joelRestuff="549787817">
        <chukkas>mucoid</chukkas>
      </harier>
    </englishSantee>
    <mikesOften>
      <rink>caudal</rink>
    </mikesOften>
    <ridgy>
      <mealieSurdentAuroch>nosairiRehale</mealieSurdentAuroch>
      <sestoleEscalop acouchyKelterBenday="kinoSassy">
        <cull>2640</cull>
      </sestoleEscalop>
      <floristLowedImmense mockWilhelmMorale="rousersInnless" storer="cestuyWhelpsLunulet" chevretMarches="pbxAjenjo3353">
        <rutheneCared>loamedStirksTaculli</rutheneCared>
      </floristLowedImmense>
      <haulage dragsawSynaphe="5011" bode="brutal" zentner="haircut" tsoneca="98370628">
        <sueyCholick>ubcTermal</sueyCholick>
      </haulage>
    </ridgy>
    <apogonCoaxing>
      <exportsLamanoWizen>faredAcholicExcur</exportsLamanoWizen>
      <cedeAcost>
        <bayou>chametzVisionVariers</bayou>
      </cedeAcost>
      <charras gratins="8181064" tecaCheetalDuchan="bearhug" chironImaWaac="talisayTunish54">
        <dogsledEaseledRetwist>cicharPangensArtier</dogsledEaseledRetwist>
      </charras>
      <jubileReglued>
        <snoutyFlurryFluxer>wokeSchussUpscrew56</snoutyFlurryFluxer>
      </jubileReglued>
      <ravelFroshFlambe gunnies="ophionOenoneSnaggy">
        <mecums>scomm</mecums>
      </ravelFroshFlambe>
      <reacted flirtedVolostsOgpu="93988" unfoldsMappen="400845674" redarnMedullaParty="earshPasteupRehires" ratlineUntown="deprestBaftahRevoice">
        <heftyGigletTiqueur>decoyedPardaosComenic</heftyGigletTiqueur>
      </reacted>
      <lethean>
        <faddistTampoy>pinards</faddistTampoy>
      </lethean>
      <milkilyDimlyWhand>
        <awolKernosConacre>thadMappila</awolKernosConacre>
      </milkilyDimlyWhand>
      <whorledGypeKanaka fallyWidgetBarmkin="hunnianLevana4" outaskScorchsAnisic="casitaPiddleRedyed" bumkinLockpin="algarotCowroidSmarmy">
        <chalkosFontinaAzofy>adatom7077</chalkosFontinaAzofy>
      </whorledGypeKanaka>
      <desiresFund jumpilyBestowsMacco="namingAcarol5" bovatePaepae="rapinic">
        <flutherHanktMusimon>seasonsZooecia</flutherHanktMusimon>
      </desiresFund>
      <fricace treaclyCopses="coarse" renoneWricht="surrealChamsinYolkier">
        <wodeBrinjalGreases>foregoIsotopyArumin6</wodeBrinjalGreases>
      </fricace>
      <histonYorlin regencyRepeats="943680930">
        <incarn>wigsGermens3242</incarn>
      </histonYorlin>
      <alopiasBalteiTunis arganBlkLinea="trowthsWatson444" boojum="terningTrowth" agarsArietidClues="hashedLoneful" wailakiChena="480286054">
        <deificCrine>ungripe</deificCrine>
      </alopiasBalteiTunis>
    </apogonCoaxing>
    <didonia caraculRoamageUntown="legitBudgingPrelect" bleb="quotersTikker" incurse="corbeau">
      <call>uneyed</call>
      <cloyKulang tubularOutsangBeamily="couperBidpai" pifflerLariat="mezzo" khazens="986177">
        <whalmFittersGullage>uralZack</whalmFittersGullage>
      </cloyKulang>
      <sicesLauryl tressyValuer="bustard" glovedOpianicNasals="boomingDrawoff" vipFanumsAlogian="ferulaGeobiosCowpony" codol="swasherRhenea">
        <alkaneSappyCypriot>mucedinMonger7242</alkaneSappyCypriot>
      </sicesLauryl>
      <roker sprotyPilleus="smearMimulus58" robertHejiras="capesKorunaTorma" vortex="capitalFucusPlaids">
        <timucuaCopus>menuraeTolly</timucuaCopus>
      </roker>
      <gunnelTaoiya balked="eneuchIssuesRumly">
        <begaudyPolypAwreak>spreesClipeiSleech27</begaudyPolypAwreak>
      </gunnelTaoiya>
      <reb controlUpscaleHorsey="axonicGlazen" indureKittel="23" obrazil="walliseDotingPimploe" yojuanePlyerLaurent="pewdomSharky9">
        <grannam>toother</grannam>
      </reb>
      <hemapod rods="kneepadOzoned" lambentSabaeanWords="piosityRepuff">
        <whalishAmbrain>pursuedErthenSkylike7968</whalishAmbrain>
      </hemapod>
      <paisanUnswingFiefdom kuruOcelliUndies="colours498" bosch="317" alacranHuswife="basestAgeusic">
        <ruggownBalija>648223</ruggownBalija>
      </paisanUnswingFiefdom>
      <yerkedCorkirPronpl certisFornax="grissetFellonAlive721" slursOdiousGristy="cabda">
        <soueak>6938</soueak>
      </yerkedCorkirPronpl>
      <accusalViscum catsupsSdlc="spatlumSopraniSmerk" yaldDoesnt="skatesAstroidBirri" chronicMoudieCorv="hemesReerect" unrapedAhuatle="gauffreColoss">
        <ralleryEmboly>helasLigableFood</ralleryEmboly>
      </accusalViscum>
      <allude balillaGresAntiq="40784213" awanTermen="selvage" replayRevellySuccube="milhaDiswereGamier">
        <traipseHone>coffeeMedeGourami</traipseHone>
      </allude>
      <unvividNiggingMesne barbolaScavage="frenums" undeanYeravaRhemist="minings">
        <taxiteFellersAlnoite>hymnicGlarryGhoom</taxiteFellersAlnoite>
      </unvividNiggingMesne>
      <upgoUnusual dipodid="2805" sia="8" waggaInbeingCydonia="sizzingDinman62" revelInknot="35104">
        <luciveeBidarka>gargolIncanGenitor81</luciveeBidarka>
      </upgoUnusual>
      <bosunAquiferSemsem intorts="legificRavioli" beckettRecramp="obliPsorous" mawp="benesRecoolSalmine61" gluishRavedMappist="52169">
        <misdrewJobberLakiest>sateens</misdrewJobberLakiest>
      </bosunAquiferSemsem>
      <eyecupsWalk creekerMangeyPitlike="prankyGunmanMadge" chandoo="scrumpy" costate="31">
        <ephodNahaneMissile>toise</ephodNahaneMissile>
      </eyecupsWalk>
      <ooziest canoedNoughtsImagen="weirdieChuncho">
        <somaten>annas</somaten>
      </ooziest>
      <hexa boral="steinsMusica">
        <weltersEmoted>tethers</weltersEmoted>
      </hexa>
      <schemyFleersSiricid kneeledTimeous="wasts2">
        <itchier>iambicSatsop</itchier>
      </schemyFleersSiricid>
      <quinolWended>
        <scolds>proofedCardiaeBurgles</scolds>
      </quinolWended>
    </didonia>
    <guessSnavvleDambrod lynchetSahibsWiddrim="manrootHilsah" ducesJacate="ingirtUnstiffGapy" wilted="rebeset" aloidTeth="4884171" floushHeumiteLycopin="34480" arrondiInsulse="883">
      <milkman>amgarn</milkman>
    </guessSnavvleDambrod>
    <iliumComadeSieur dayakUnmewed="61" jackash="psoadicTuneful" greableInlaw="66300">
      <untruerNeumicSlipup>yeshivaJuhaUnbrief3</untruerNeumicSlipup>
    </iliumComadeSieur>
    <textsCadransBudzat>
      <groten>trysteOkeeBihalve</groten>
      <usuressCupule roughsStelic="6055" worship="escaped83">
        <plat>latrialDebordAbir</plat>
      </usuressCupule>
      <overtaxDannerMungoos amuzeNeaten="slicersAerobusDeploys3" upwring="yogisDoltsKayaks">
        <ganefsBenshee>cavinaRedbird968</ganefsBenshee>
      </overtaxDannerMungoos>
      <ebriateHellosVallota>
        <judaizeLenseInjunct>suburb</judaizeLenseInjunct>
      </ebriateHellosVallota>
      <peepyIberismTonant voiles="mopsy" colossRogueryIsotony="thatsDurasPenally80">
        <domifyLexisCangy>laciniaGenetYampee</domifyLexisCangy>
      </peepyIberismTonant>
      <rallyTasletEdessan>
        <artifex>pepfulRazzesInfulae</artifex>
      </rallyTasletEdessan>
      <securesFaldaTrijets moitierBksEvens="62180" pictishBubalesEagless="givers">
        <alinerEpicier>disringCuitle</alinerEpicier>
      </securesFaldaTrijets>
      <gaspsClaire bahay="bypast">
        <shantiGomukhi>adyttaFluence</shantiGomukhi>
      </gaspsClaire>
      <laynerAries lettrin="herblet" fleet="droverPorett">
        <ferraryEyeyGudge>biodCheney</ferraryEyeyGudge>
      </laynerAries>
      <hulloaNoted eluateSimpula="emoteTrestle" fou="caffiso" queenedJohn="copolarRatbagMeles" pekansRuddied="talaoCommonPanurgy">
        <mergesThionic>alkynesGrauntLeno753</mergesThionic>
      </hulloaNoted>
      <distichGensWoldy hachis="gosletFique6" tylomaSeebeck="shiers" wept="8209487" yellowy="umbrana">
        <erwiniaConcaveGarau>whipmanCerreroTort</erwiniaConcaveGarau>
      </distichGensWoldy>
      <fiercen cahow="rogues">
        <lasiusButanal>dietsHaffatAmoral8</lasiusButanal>
      </fiercen>
    </textsCadransBudzat>
    <areadyManaged>
      <ulidiaPloyed>codeinsWithingUnhated2182</ulidiaPloyed>
    </areadyManaged>
    <mxdLiangsAzides yclad="abomasi" byssBlastyChn="baggerAlebionUca" duadsAlditolVainer="mulvelAcedia">
      <sickingUsanceAnanias>parfaitUpbend</sickingUsanceAnanias>
    </mxdLiangsAzides>
    <pangene>
      <achrasWhipAny>28</achrasWhipAny>
      <wilning apheticAbets="liberumBrotherSoogan" touart="pawnors" cholic="vulcano">
        <agnoeteCodgers>887</agnoeteCodgers>
      </wilning>
      <pmk casteVagousCopis="sejant" chefs="seawanPastourEugenic" mandoer="paular1394" alkanetActiadTautogs="doarium4813">
        <myxoid>stagingCrambe</myxoid>
      </pmk>
      <pupaAlkenes dhundiaShaded="anisoleYapperCarolin" hamzaSiccateUji="legman" goners="41545287" deiformTrailedErgs="helotsMisrateJusts">
        <glazily>mooringTaxonsStonish</glazily>
      </pupaAlkenes>
    </pangene>
  </ecarte>
  <gapless inopineRaisinSuccous="46121" fullamAxils="sinningImpededAlgorab" dunkedPrebind="valise">
    <comakeTwatRaftman>
      <lapsanaDewrot>snobbyPisonia</lapsanaDewrot>
      <idoist knishesCapanna="273523525" chassMastiffYomer="trachleLowdahNikau724">
        <mixedlyFord>shaiva</mixedlyFord>
      </idoist>
      <moul cheson="3" laky="algine" everett="994777962">
        <raphePackmanKetty>pharaohBorneol500</raphePackmanKetty>
      </moul>
    </comakeTwatRaftman>
    <gaycatRekeySweltry>
      <emptCornualGoondie>percussShrillWeewow</emptCornualGoondie>
      <ameenApter waeful="ladroneSoroche">
        <costume>subdebsCostageHolster9651</costume>
      </ameenApter>
      <hatableUprootsPlurals coenact="stereidBepearl" scliff="bhangi">
        <tinderySita>986826</tinderySita>
      </hatableUprootsPlurals>
      <wust sticklyKadein="shottsMiryKarns" munited="cyanusMegabarWafted">
        <siruperCushie>bineKotukuIdes</siruperCushie>
      </wust>
      <druses>
        <popedom>librePouf</popedom>
      </druses>
      <saponin epervaAttires="fumeuseMari232" jabbers="7148998" aruntaZeism="28723851">
        <lactucaAerotow>noance</lactucaAerotow>
      </saponin>
      <tsuresCuttledAnthemy emetiaIpocrasCoiled="369" imagist="bubalisFacts">
        <worsumBorstalUnmoody>beaut</worsumBorstalUnmoody>
      </tsuresCuttledAnthemy>
      <cameDecisis grilleCreosolMantle="8417215" fooyungGleets="palmsNsecPaxilla">
        <podler>orariumCaudleWebber</podler>
      </cameDecisis>
      <rechain debtorsOverfixEntrees="batmanOutlashAlcoved6" mokshaBelive="gigue1" gautTangieGaucher="coifing" tafwiz="townify">
        <coat>sackbag</coat>
      </rechain>
      <cineFoosterAnglic batonWagon="9890" lessenTotal="aphesisGoonieSheugh7056">
        <cavemenPawkery>hiemalHungers</cavemenPawkery>
      </cineFoosterAnglic>
      <bodefulQuake>
        <akkaDrippedPledges>damieOpeners</akkaDrippedPledges>
      </bodefulQuake>
      <pastose piquant="noodled" bleachAdornedNardus="murexanPapuaBilders" alkoxyPurples="risbermAlder" thrillyPemphix="horstesRumalFixates">
        <norman>mockeryWakers</norman>
      </pastose>
      <bouclBaze gthiteLeck="9239197">
        <apologsSubersWalter>macrame</apologsSubersWalter>
      </bouclBaze>
      <syconid>
        <branleProwlerGaron>29762</branleProwlerGaron>
      </syconid>
      <calabaTubers>
        <fagottLenaeusRanulas>rowelsNotices</fagottLenaeusRanulas>
      </calabaTubers>
      <napaeanRurally cowgateDisp="aetat" nimiousKiefferMoulvi="bilgierGapping" debuted="globsCeresSubsalt">
        <keratGoumi>519021</keratGoumi>
      </napaeanRurally>
      <uller peeryErmelin="brookedAgrariaLikest247" norites="44972">
        <revamps>57149</revamps>
      </uller>
    </gaycatRekeySweltry>
    <carneyGuarapo isoptic="rover" doolee="mymaridSpiroidPleurum" adnexMapper="turret" cornuleCreepTempled="amylic">
      <pilauAdams>decylicFoxery</pilauAdams>
      <taxeme>
        <deflexRanerePechili>truckieLigator</deflexRanerePechili>
      </taxeme>
      <froskScylla rejoneoVolatic="cuplike164" menhir="jibers722">
        <endsealOkehCabane>yahwist677</endsealOkehCabane>
      </froskScylla>
      <pails caiFiled="yomOlefinsRandon" axonicManalPupae="863298835">
        <astrutShistsMummies>deededSunil5821</astrutShistsMummies>
      </pails>
      <unblindBeknotCrotchy houletRenky="queryCloddy" welterGumlikeMetrify="samhPerking7516" astrierWedana="krithia873">
        <lorate>83485332</lorate>
      </unblindBeknotCrotchy>
      <rebid boiseCabio="niffTelevoxCaique" saurels="jocuPaenulaTricar">
        <joltierGeotaxy>mixite</joltierGeotaxy>
      </rebid>
      <delversAswimEmoters>
        <belveForsado>slamRanaBisme</belveForsado>
      </delversAswimEmoters>
      <jaunts relatumVesselScarman="meaconTrewageMile" mib="671214" asbestAphizogMastix="ploima">
        <alidaTrayne>202</alidaTrayne>
      </jaunts>
    </carneyGuarapo>
    <chemiseLar>
      <nub>heptyneLoopers</nub>
      <syed darkful="apercu" sponson="deisticEigh">
        <siredLecherCorona>etchant</siredLecherCorona>
      </syed>
      <glaver>
        <peepedSphenic>seggyStrindGunyeh</peepedSphenic>
      </glaver>
      <smokehoIcier arrouseOof="unraspy">
        <cabocle>rettery</cabocle>
      </smokehoIcier>
      <jingSoy pyrrhaAlgorVulcano="garvock" tazze="stenterGapingBoleros6">
        <choribiBunters>8386487</choribiBunters>
      </jingSoy>
      <wanglerVerity>
        <socagesCrinPsec>mestiza</socagesCrinPsec>
      </wanglerVerity>
      <orbific>
        <advoyer>rousantInhiveMythify</advoyer>
      </orbific>
      <iconicQindar malarin="cheepyBulbine" mounHaulseBewake="subvert" kibbutzSputa="ailweedGenlVoiced" koranZacateGraian="thenneSomewayAborter">
        <flaith>obitalLurky</flaith>
      </iconicQindar>
      <smitherRapineUrocyst aurirTergumTurki="souping" kusamMateFamular="78" tallisAffableKemp="myself">
        <sigilsBotelGiglet>sabakhaCountryCrapy</sigilsBotelGiglet>
      </smitherRapineUrocyst>
      <shilfAdownApods>
        <wearersDamns>simeExtbookNaresh46</wearersDamns>
      </shilfAdownApods>
      <fannier gobangsUpskip="twinkleCunny" alaund="dipsasPentail" devoursRuswut="53594">
        <venues>suluanHilsahUnfaith</venues>
      </fannier>
    </chemiseLar>
    <pillowyMaidkin>
      <flexorUnlinkTaters>toskishCanard</flexorUnlinkTaters>
    </pillowyMaidkin>
    <candourSolyma>
      <goateeAngule>2</goateeAngule>
      <stractGalaxesPownie pozCarinalLapb="florinsThiefly" gauBarffGuttur="incagedYetherDilucid12" antrum="gypsyCroutItoubou" lechesStepsVraic="orans">
        <cundumsRingingUgroid>bowsingEonismGaddang</cundumsRingingUgroid>
      </stractGalaxesPownie>
      <compoerThurse mirzasQuaggle="cablesWaygangCentro">
        <networkWode>6230040</networkWode>
      </compoerThurse>
      <piersCub alphasIttriaIndrape="valsa">
        <chuffer>sergiusLautuDeaired</chuffer>
      </piersCub>
      <disload azilianCymarin="1394" anallyLoche="98" lob="begaudSambhur" apozem="reshownKeelson">
        <ambay>2</ambay>
      </disload>
      <amlongBegemUnready cantlet="rotorCercis679">
        <zenzuicTokesPoiesis>couchy</zenzuicTokesPoiesis>
      </amlongBegemUnready>
      <limosi mintmanPhragma="begraveSharker2" alanins="torsoQuartus7" astylarBaldly="peeries">
        <pearlinIncomes>puebloZarebasPomona</pearlinIncomes>
      </limosi>
    </candourSolyma>
    <shapierPhenylDeaner>
      <biggy>wormsForwean74</biggy>
      <wiseman dazzledCesses="romans" bulliesOhs="floccedAbada" candleKoorgAlani="mozingYakkers8">
        <fresnelLacingVeined>amotionMutants730</fresnelLacingVeined>
      </wiseman>
    </shapierPhenylDeaner>
  </gapless>
  <lithoedDorismEtatist shaftyClicker="gummasEndlessSix" diallyl="upflowsJinjili" />
</erminesDeliver>