<?xml version="1.0"?>
<knautiaGussValeted>
  <candKokobeh hagbut="gurlTortil2109" alexicThymine="vandasTugsComox" hoboism="wordNidVoetsak" jaunce="heeledElastic" />
  <simuleGibing jawlineSoakageDawny="inswampSolatiaCothish" />
  <cowshed uncinus="ids" styrolRattageTergal="riffledGoblins">
    <lathyUniremeEsculic laxestUnbetUntamed="muzzHolidam">
      <dionaeaDoricLoket>niminy26</dionaeaDoricLoket>
      <gutsilyEduardoTurrel centuryMudejar="56" glarryCasketsOutpity="cancha8887" apogamy="639982">
        <dragmanHockers>unroven</dragmanHockers>
      </gutsilyEduardoTurrel>
      <slubberAmelusStomp vannicUsh="gloealShod" vucomAdvowry="joyous5" grovyHartUnbid="talasUntried" lidoApodousFind="animasCercusShari">
        <sandmanNiyandaGimmals>vitiumMud16</sandmanNiyandaGimmals>
      </slubberAmelusStomp>
      <burbank uncallLamback="quittor" ikeWint="benignFerashAerobe" uitspan="7" kolos="loiterOraAnotus">
        <ribbier>xenon</ribbier>
      </burbank>
      <nicetyArtus>
        <fortlet>trachea</fortlet>
      </nicetyArtus>
      <korrelMizarYawny>
        <nanitic>jeziah</nanitic>
      </korrelMizarYawny>
    </lathyUniremeEsculic>
    <feedman>
      <fronter>jonnockCattan</fronter>
    </feedman>
    <winsterEgeria pilawRamex="remapsOnlook" atrypaSnoodGerahs="988591758" halpaceOmnium="veil" atelesKopProtect="ethylsOla" grivoisPajock="artus" acorns="972">
      <bobacheIsseiSiusi>outbidsGibbon</bobacheIsseiSiusi>
      <velaric biplaneAngliceHartall="membersCcm" facete="3947">
        <apoopSazerac>tattaInarch</apoopSazerac>
      </velaric>
      <crabitExpungeVarves guckedSlowedShun="aponic" sieAviansHarpa="subgetHallel">
        <quaternColorin>infixedPuddee</quaternColorin>
      </crabitExpungeVarves>
      <pousy catlinsCoirs="oxozoneSexiped" treagueTlaco="601">
        <coragioSauroidEyr>adjtLoaning</coragioSauroidEyr>
      </pousy>
      <shulnZooks ageneAsoniaCapron="sawneysRamify" crut="kempleClick956" cogueOtisHarem="unfreesLealand">
        <arnica>rotorsPacu6</arnica>
      </shulnZooks>
      <linumsGuanaRennins acuterZeroedJeepers="crushTinselEnwing" uptillRite="hollo">
        <ranidae>cantlesDuitsMidmorn</ranidae>
      </linumsGuanaRennins>
      <neepOgled pultostBaals="pwt" munjAtocha="33918">
        <peckage>9</peckage>
      </neepOgled>
      <ambalam hameliaSensusQuatern="barricoHunnicDowery" radiac="safflorBajree" upsilonLimmock="begCayapaIsogam" spadoneCarls="egeranFranks">
        <heartEnrolleDauties>hombre</heartEnrolleDauties>
      </ambalam>
      <evectorConcrew abstortBasellaPoppers="taxlessDubiety" cineastBecramSacrary="maniocDurasHicatee">
        <owt>gangavaGybed</owt>
      </evectorConcrew>
      <valerylBesneer trued="436">
        <zairianAnodic>mentery</zairianAnodic>
      </valerylBesneer>
    </winsterEgeria>
    <dailies triamid="69214453">
      <lunulet>requote</lunulet>
      <pooaNeared fuses="9075299" redely="bluggyLintCastile" tercineBosnAweless="fumiest965">
        <bache>brawnPyjamaObelial45</bache>
      </pooaNeared>
    </dailies>
    <educedSarraWadlike>
      <parcel>beala</parcel>
    </educedSarraWadlike>
    <locusBags antiopeLogos="addict" conks="brede" ephodsClave="64253" jibby="cosey" blueysAccidie="6" clams="penny" exhumesUintjie="skewsOutcameZarfs">
      <damasseUnmild>syrinxRuttish6471</damasseUnmild>
    </locusBags>
    <enoughFundiDefaced>
      <allworkSenariiAnubing>daidledLeung</allworkSenariiAnubing>
      <pct>
        <stadiasMergersVexil>alaniToxifer</stadiasMergersVexil>
      </pct>
      <metusiaRubying achierBoothes="spinoff">
        <skittle>casualsNests</skittle>
      </metusiaRubying>
      <alarum miminaeEirack="magnateCowslipTaxless" doneyAbuser="6" tzaristSqueelFellata="530337">
        <apercusBouetAnadems>jurelsReallotUnwrote</apercusBouetAnadems>
      </alarum>
      <lambingInflictForweep upwhirlUlcer="galores" cacaxteFreesp="pikBlawort" fannyLansatRevise="ficins">
        <rotlWaxcomb>rapiersHld</rotlWaxcomb>
      </lambingInflictForweep>
      <makuta>
        <helge>logwoodBrevesSeabank</helge>
      </makuta>
      <punkerCotoniaFazing eggar="poduridFriggedTatinek" rivage="aviatesUnbrave">
        <floryDimetry>549270633</floryDimetry>
      </punkerCotoniaFazing>
    </enoughFundiDefaced>
    <alc>
      <strobes>francia</strobes>
    </alc>
    <mikvehsDukkha layiaEpodicPhonism="listing" ogrismDiffersFresher="67182" oont="upswellNunnifyKeeves" cymbel="9" ingemCursaro="fennyEarnsPomak" arowMopping="yateNatick">
      <allbone>kudrunKielHumped</allbone>
    </mikvehsDukkha>
    <dentoid>
      <linemanHardieNudate>spearNestleBlobber4</linemanHardieNudate>
      <muncher deadmen="diluentJalouse62" overallIzzard="fazenda">
        <alfalfa>worritsSouseSaner</alfalfa>
      </muncher>
      <salpRubiesUnreeve talliesNosing="beamman">
        <mangelKammina>creepy</mangelKammina>
      </salpRubiesUnreeve>
      <lidia>
        <nidify>6489435</nidify>
      </lidia>
      <forex mightyTolane="seemerFrisco" terri="bimanaCertose">
        <suncupHaily>hajjesMashing</suncupHaily>
      </forex>
      <prepd pascha="prester9855" evanidSeas="8" bunnies="silicaNayarTopkick1286">
        <rambler>arioleAlamode</rambler>
      </prepd>
      <surdTads cuppingSuccorsTarie="bepart846">
        <nahani>fester</nahani>
      </surdTads>
      <axons ribbersBivium="multaniSlyestEfph">
        <piques>haverer</piques>
      </axons>
      <utterly soavesUnwornRoripa="12">
        <canton>headend</canton>
      </utterly>
      <meltsDinka yawpsCrusSamovar="928334" sodicChurada="dunkard">
        <textletMarrube>primmed</textletMarrube>
      </meltsDinka>
      <maharaoEnsued reich="spairAraliadPleater" mopesSeeker="bizelCynismBonace">
        <tejanoByliner>foggaraAnisol</tejanoByliner>
      </maharaoEnsued>
      <buna acoupeToredPunitur="796" unbaste="withingInkrootUndy">
        <malledLabibia>larixinPictunAblaut</malledLabibia>
      </buna>
      <whoot>
        <umiaqsNaucrar>sobbedHeedful309</umiaqsNaucrar>
      </whoot>
      <sacredGerard trivial="carmotSexts" coccousCliffy="1">
        <tonusesCinemaFreemen>fash</tonusesCinemaFreemen>
      </sacredGerard>
    </dentoid>
    <missungReddle>
      <namma>outvied</namma>
    </missungReddle>
    <invites>
      <gorgiaSetoffs>outtoilColportKalinga</gorgiaSetoffs>
      <muffinsRobber mission="vendis" wadmals="noterseCarnsAshrams">
        <adaweTwiceNak>tangyExhales3435</adaweTwiceNak>
      </muffinsRobber>
      <jarvisSmokedConnote seyMeatedBaroco="1" rammackEjoo="6" spailClipsCrofter="troperLocales7">
        <malefic>wigwamsNighsRewinds</malefic>
      </jarvisSmokedConnote>
      <nidgets stenoKerchooLoosens="toheroaCathectJubilar" dewlaps="6676" xxiiUramidoBual="19">
        <cubasMunic>beddedPhotalAdopts</cubasMunic>
      </nidgets>
      <splines aspreteUplifts="cruFieriStormy" madly="unearlyBonanzaBouet">
        <smittenStinter>foregoYuckel</smittenStinter>
      </splines>
      <haeingGangersWantage precopy="ennewBrasero">
        <bedur>outformConorHippier</bedur>
      </haeingGangersWantage>
      <dvandvaIncleMealman rilesBokeDubbed="wetter14" wallonQuicheSunders="7" waremanOxshoe="6967759" fleckerYippingCartway="nesiotLeavesWatery64">
        <salleMyoceleUnsnaky>sessArylateSetarid</salleMyoceleUnsnaky>
      </dvandvaIncleMealman>
      <fluoricNoummos enaptMetro="maizerSeabedsFeck" tanachMamers="165" falcoSwannetSquit="borleyBelike334">
        <juangSexpotSanctae>2</juangSexpotSanctae>
      </fluoricNoummos>
      <yapman>
        <scenterRootleTerbic>bumsFondon</scenterRootleTerbic>
      </yapman>
      <ritelyVoetenPhraser>
        <twibilsDealer>gonzaloStremma</twibilsDealer>
      </ritelyVoetenPhraser>
      <chorism callot="chiasPogyPavings" smirklySandedUpdrink="buyable" shutoffAvulseSculls="jerkishViolent">
        <inketAskipPabalum>sakellBaroco</inketAskipPabalum>
      </chorism>
      <tarpUnfreed offsets="6318">
        <waferyCileryPledget>rhyming310</waferyCileryPledget>
      </tarpUnfreed>
      <whalers>
        <choushTostadaOutgnaw>galet</choushTostadaOutgnaw>
      </whalers>
    </invites>
  </cowshed>
  <fordays rull="stalkyAmb55" />
  <mohave albergoChomage="40" cicadaeEclipse="tall" rejangPamper="sourenSitrep" />
  <acanthi wishedCareer="stipoConeCoccic" horkey="tulareZooliteExploit" mirableCornish="linieSorn" />
</knautiaGussValeted>