<?xml version="1.0"?>
<paiuteTridentKbps>
  <predayEnarmeNerts zuffoloUnyoked="capuanStaticeOceanus" wotteth="partageNutated" cyaniteHonoursAshen="61830">
    <loveryClucksSwazi>
      <slouchCaustic>firersDudism</slouchCaustic>
      <uigurUnkink baulksAblush="1" ivyweedMoghulDiatom="944">
        <danaide>wreakedHaemins</danaide>
      </uigurUnkink>
      <osella intsvSwimbel="sibiricMero" fallers="flabrum" coysQuos="enceint1">
        <laponUtility>246667951</laponUtility>
      </osella>
      <diatomDatsw athymyFanFunge="rackwayAdder7952" unsteck="acetinProcneTng">
        <evadne>polyactSirmark</evadne>
      </diatomDatsw>
    </loveryClucksSwazi>
    <bangled slattedUntrimLacert="unciteGedacktSmoggy" nickeryRecroon="oligist" musilyCanedMyogen="warBrutage2" itylusTerrit="luianAppaleTrepak2" lecheFluentDanced="rebutsHatters" teaboyLamnoid="antsyGropes93">
      <lumenVittlesRibibe>scoldsRichesGen9</lumenVittlesRibibe>
    </bangled>
    <speired giardia="6423" glossemBurke="braversLollops">
      <noreastEgghotDigram>cautioManagedPoy</noreastEgghotDigram>
      <griceMorella>
        <redialWhisketEton>disease</redialWhisketEton>
      </griceMorella>
      <tktGilver mutchHarrSturte="451" sapwood="berakedSvcCopse92" whaps="bota3" sleetDungeonAtactic="mullahsPolyeneSwashy">
        <dumbaCastlesDevance>wackes2240</dumbaCastlesDevance>
      </tktGilver>
      <orby maniniNashSwive="solved" moarianMeach="bosksMommies" eosinKingdomZoolith="317266459">
        <cawsCataianCephas>ataghanBensail4</cawsCataianCephas>
      </orby>
      <find yanBanuyo="recitalCroupSandlot">
        <mitiestEgboKoan>27976</mitiestEgboKoan>
      </find>
      <mapauDrearly bilgierMeetenInconnu="gildingCareneHoon" sneersSheened="skartShebarRummery1" cinchaClassy="cubans" sylvinsRackingLiszt="8608">
        <curyOses>stoolsPoseuse7</curyOses>
      </mapauDrearly>
      <jazzing hyracesSalvor="4587888" agriaLotic="48603" ziaratRamhood="69113">
        <badiner>cingula97</badiner>
      </jazzing>
      <lucentYeas bespete="huelessJinx">
        <mahar>crapaudPoiExalted301</mahar>
      </lucentYeas>
      <bokharaSpoilt fissate="hatefulAssaryTeleuto" couridaZoolite="nacrousFoalingBegrim">
        <restful>ctnMemsQuintus</restful>
      </bokharaSpoilt>
      <skelfCatkinSalacot festuca="jerkilyPuluInseam" horahs="abusee" mintmanDyelineSisham="doodlerPhillisGrowze">
        <chomperShagsAvoke>climataWelters129</chomperShagsAvoke>
      </skelfCatkinSalacot>
    </speired>
    <abolishArchersBeeware wheelsWreaks="cricTipcat" lowmanBahnung="15178" baggaraCalotinAlepot="pennonsEuphroeBetrust">
      <fallersSlopsBluster>dangGaffedAtolls</fallersSlopsBluster>
      <insightProwed>
        <tousing>shoed</tousing>
      </insightProwed>
      <welders boggledOutgaveLamback="448667931" gingivaUntenty="unfried9091" states="latrine">
        <umiacMetered>middy</umiacMetered>
      </welders>
      <peltateSordinoGives charlie="mouzahKovilSering" recoupsSlabbedCottar="drawersOverplyUncomic" dassyArgineSonnies="metate" vadeCuplikeAmie="lessestKiltiesCarling">
        <serean>64184</serean>
      </peltateSordinoGives>
      <oriencyBaboenDousers countryBirlersKekuna="bussWipers">
        <kiltLisbon>petuneLabis</kiltLisbon>
      </oriencyBaboenDousers>
      <coutilPupatesAzulite tracts="76683" leonStrange="98802649" bocageCrabletDomic="723912981" duellerGiltsRuddock="2056636">
        <shyersKyat>phacops2411</shyersKyat>
      </coutilPupatesAzulite>
      <hardwayMulse dataryMecateSparry="5161665" meithFlashlyBravade="541384" paviorGingras="boguedTollonKylo">
        <lomataTripartDelimed>503097864</lomataTripartDelimed>
      </hardwayMulse>
      <jhool>
        <phylonHypopusEco>tiptoed</phylonHypopusEco>
      </jhool>
      <pent sturtsMoabiteNobody="itoubou" hafganJeelBarks="tufting204" stuffedBurgout="bleoNotions" sorceryPalsied="hassar">
        <turnout>bypaths</turnout>
      </pent>
    </abolishArchersBeeware>
    <souperCharetDobbins>
      <greing>tineine89</greing>
    </souperCharetDobbins>
    <eighCabahoUnqueen collectTopmast="housySorghum" primingMildfulOverawn="ovula" univ="eonismCowages" bastersCalypso="templedBooklet" bombayThingalEnwheel="71996533">
      <hyaloidHowadji>vilest</hyaloidHowadji>
    </eighCabahoUnqueen>
    <goshawkGousty>
      <hami>7797</hami>
    </goshawkGousty>
    <rumpad frateLarick="sunfishPicoted" tavellCornea="twiersVerdetCamize" abiosesApproveStacy="readaptMerger" scourge="atomsUdicSalpa">
      <shamoisTrendFur>fullamsScalopsBibless</shamoisTrendFur>
    </rumpad>
    <tindalMinicar>
      <oatfowlGrexUberous>vitisLakinTuliac</oatfowlGrexUberous>
    </tindalMinicar>
    <dummiesKeith barde="ansu" cutty="juncousNaziism" unwrapStadiasBebops="bradPotus" turbitSalonsPashes="flatletTussiveParisia" scunderRefly="hoofedMakale" cecally="aspectMoringa">
      <dhan>claimerPaniWidows</dhan>
    </dummiesKeith>
    <haver>
      <pelecanBuckleUnpin>oxboyLes</pelecanBuckleUnpin>
    </haver>
    <movedCastlet akimboJubhahs="floroonAbrusAnyone">
      <retheChlamys>hansaHajEtapes</retheChlamys>
    </movedCastlet>
    <spicingPandy>
      <ocracyAconineJumps>iwurche9813</ocracyAconineJumps>
      <pulasMadison vinylDekaresChurns="masser43" brainerFulfill="montanaFliestHemina">
        <reviler>sabirPipTeucer</reviler>
      </pulasMadison>
      <klucker>
        <somalAmablePomelo>heyduck</somalAmablePomelo>
      </klucker>
      <pyknicsBammingFob moliereSurgesMule="masticCrinalRisker">
        <redaub>13455</redaub>
      </pyknicsBammingFob>
      <tweedleDougMarcato>
        <abitibiDrawout>vaisyaPatesi</abitibiDrawout>
      </tweedleDougMarcato>
      <oogonePingedPareil dukumaInjuryUnboggy="gomboUnhoodsAlgores" grayflyPitmirk="tressed">
        <rumshop>grinter</rumshop>
      </oogonePingedPareil>
      <labrusDeutzia scumberAlannah="evodiaJamdani" lintern="smiler" nobody="preagedJoist">
        <bogled>816</bogled>
      </labrusDeutzia>
      <hagropeRebecs>
        <tackedAndricSection>woads</tackedAndricSection>
      </hagropeRebecs>
      <noteletRammier alchimy="79" zooeciaRennerRondel="creplyClosterEscarps9277" begluc="paviesCukes">
        <precony>bibcockNuadu</precony>
      </noteletRammier>
      <itacistTaweryQuenite lippie="redroveCuddenCotty" reffing="caroliSayersGlaiket355" chowkBonniveSpine="tektos" curieStativeBeltie="bumeliaTaxineCamus605">
        <terminoIntrunk>elohist8752</terminoIntrunk>
      </itacistTaweryQuenite>
      <ramaSultana>
        <staumer>microsKababPediad</staumer>
      </ramaSultana>
      <locoing lehayimSesti="forkmen" titlistBubonic="9" torvid="yeelin97" bonersConduceToastee="trigaHomaged86">
        <toniestNyalasDynasty>nuclide87</toniestNyalasDynasty>
      </locoing>
    </spicingPandy>
    <locarno>
      <urdsFinagleSoroban>regmaChewierJarbot5</urdsFinagleSoroban>
      <unhoardAwdHods medicosPlumula="brunch" partnerBenshiPares="panted" bosquet="766245">
        <chinaGair>situsesTamises</chinaGair>
      </unhoardAwdHods>
      <gleanedSimiadMayduke lamdan="sultoneAmble">
        <korariBalebosMingle>gowkit</korariBalebosMingle>
      </gleanedSimiadMayduke>
      <dhurrie>
        <prolegsAddable>slaumKaputPreborn</prolegsAddable>
      </dhurrie>
      <hymnsGuidonFlax baniUnidleWitling="cobsCommit">
        <wingmenSludgeUmbrere>3371</wingmenSludgeUmbrere>
      </hymnsGuidonFlax>
      <manic certieEnclasp="roleoCoquita">
        <sheriat>2776</sheriat>
      </manic>
      <sourdMopy>
        <knitsSauger>bailee</knitsSauger>
      </sourdMopy>
    </locarno>
    <kung>
      <glairLadyismBurgled>99623248</glairLadyismBurgled>
    </kung>
    <livianKolsun dawdledOrgandyPriced="arter" poseusePurinsVoicers="292546314" whorishRowings="twigsCressonDodman4423" furnitAlbugo="whizgig" nooks="jeererDisdub">
      <tyning>dentLhb</tyning>
    </livianKolsun>
    <tremex>
      <brassPateraAhimsa>369</brassPateraAhimsa>
      <kwanSkidpanServian hazle="abushAssisaTitle82">
        <teazledPisoteLodowic>40</teazledPisoteLodowic>
      </kwanSkidpanServian>
      <blayAdverseBito hearsed="woodmenPacts" motelWinner="4457239">
        <unzipsMatthew>spinousWerfMimir</unzipsMatthew>
      </blayAdverseBito>
      <tilery rivBriseCund="9" frisbeeGambiae="pourieWhigged45">
        <mussierSievingUnnobly>ebriatePhotoBrasset</mussierSievingUnnobly>
      </tilery>
      <schuss octetsOutruns="ulmin1" pulsedScubas="toxityPhizog" turgidCandidsKabonga="oliverPelioma">
        <shabbed>64418</shabbed>
      </schuss>
      <aboralTitanoBanlieu candide="grabberKinoos">
        <venula>tincted</venula>
      </aboralTitanoBanlieu>
      <gripheTympana peak="wrackChazans" crop="pomatumDribberJosiah" signBlowessBamboo="dissiteRegale">
        <cakeboxRunsy>ribozo</cakeboxRunsy>
      </gripheTympana>
    </tremex>
    <cymuleArtemonUnwwove carroms="regrade" fogmanWhityProjets="statuteCowish" aleph="ericaTyranny">
      <bengLowestIndoor>sediliaWacken981</bengLowestIndoor>
    </cymuleArtemonUnwwove>
    <loutherWheezer vigil="masuCopses" bunningSedanJibbs="astelic">
      <reringFocused>779831685</reringFocused>
      <missortTypifyCymols hearthsUpwellsTetel="tearers4">
        <fagalesWoneganIla>71260743</fagalesWoneganIla>
      </missortTypifyCymols>
      <ingraveBusto pairial="tawsing" bch="550966274" lomentReaderAlaria="3">
        <waffedFears>sha</waffedFears>
      </ingraveBusto>
      <pentiteRereadChapin veiEvasionTriaxon="hureek54" lookingTenuis="gyeStinks" ghatti="bettongBumbard">
        <nicker>pomposoKakkak</nicker>
      </pentiteRereadChapin>
      <evected tamaraoTskedRigueur="trollerWarpsPoppied" lakishLallanSellie="5" cuyasElengeTrigged="fangle" auklet="crispin6">
        <pampreSkycapsTarots>banatHooky</pampreSkycapsTarots>
      </evected>
      <ventralCerotin>
        <kubankaJerib>heartyPausing</kubankaJerib>
      </ventralCerotin>
      <brujos nonacid="unsaidPloatGibbing" prepgAesir="flaringUnfeted876" smurryCarpersOvergot="hoovey575">
        <webwornBookIdleful>tamerBegoniaKompeni</webwornBookIdleful>
      </brujos>
      <scouredConsol pombe="henrysQuerken" mackins="nosebagSlocker">
        <claviTetrole>lassesArpentIonised</claviTetrole>
      </scouredConsol>
    </loutherWheezer>
    <optima>
      <reloseStrop>46</reloseStrop>
      <escharaDiptychRheums titmalOieMarmots="mapsFlamensFinance" tittersCrambos="justlyLunch979" abode="finewWadsets" sellyGravelyUneaved="stoving">
        <passoEisellTarin>bhikku</passoEisellTarin>
      </escharaDiptychRheums>
      <mykiss aquadagSabianMorulas="jemadarScalp" humoredWaiverBrosse="38127">
        <behindsEctases>dorseComarcaGurged</behindsEctases>
      </mykiss>
      <mullidSitupsChunner bestay="pamentCholeeNothing" muumuusAtbashAscelli="23" korsMasooka="kinasesComousAvadana" asaronBidensHalloo="yautia">
        <deboistTussisFerrels>8103</deboistTussisFerrels>
      </mullidSitupsChunner>
      <reelersAbaser unfewUnited="tigtag" gummataCougnar="diluvySoritic479" rayGomeisa="lalang" tlr="billonWeerCroaky">
        <sturochWibble>scamellGurgletLentoid</sturochWibble>
      </reelersAbaser>
      <ariosos waiversBabaiBonzery="glacisBarnyCockly" tungateExtends="cholaJunkmenBade">
        <wearersKempas>pulseGoracco</wearersKempas>
      </ariosos>
      <overgotBrassic aulaeVespinaThyrsus="straka" sowableBudges="seralAvocateBuckled" cueAlipedGurle="slimlyOutviedMolle" biodRel="rubleMoonetSwiften48">
        <highmanVigasIloko>amba</highmanVigasIloko>
      </overgotBrassic>
      <oratoryJoutes sisham="nouselPetfulUntough81" dioptra="amable" odious="whenas">
        <rioters>humpier</rioters>
      </oratoryJoutes>
      <guldSensistVille swishesWrinkleCovey="bownHatesWhoosy" cankersRammersGriffon="honeysKnurlin" sharply="sanhitaAlarms">
        <fugioAmbari>pulijanTangent</fugioAmbari>
      </guldSensistVille>
      <turps marplotBalboasFurans="1732" gersumKomatik="crisic" riskily="2" prese="3525">
        <cobiron>67</cobiron>
      </turps>
      <simuler>
        <moldsMurids>4286899</moldsMurids>
      </simuler>
      <zoogenePatmosWaeg clava="velellaTyphons" printChuckerMoonet="dodoLassoRubia" jibingKeys="fonding22">
        <impietySagbutsSemmel>hebenonSmokier</impietySagbutsSemmel>
      </zoogenePatmosWaeg>
      <eldinRespelt>
        <flangeCesiousDrumler>oenone</flangeCesiousDrumler>
      </eldinRespelt>
      <ratches aphidJauking="cooner" begay="plectraUnknowRuiner">
        <atoxic>5789</atoxic>
      </ratches>
      <dreamSafrols slynessOppugnsDori="promoRoolDrives" swowHatchelAngakok="weebleSpinelGyves" duplexs="cauliteWarnt">
        <harbAilltPoxes>foraged</harbAilltPoxes>
      </dreamSafrols>
      <hymnalsAptest>
        <thristHeronSoppy>jacobus</thristHeronSoppy>
      </hymnalsAptest>
      <goupLawrie unrulePeorianMuckers="pinchedBoldenWhop" furzyDidntDuskly="ausubosHyping9">
        <illFarse>dabbingKappAriser</illFarse>
      </goupLawrie>
      <marvin mandsHaymow="versinNiton33" oriencyAtaiyal="grownJuwise">
        <pinworm>embryosEnstoolRedient</pinworm>
      </marvin>
      <trug picrylCotham="rappedKapas" daymareMawsie="mewerComaticDotted" drossesCorbelsBeewise="cotulaFeower">
        <pointesPentyneRowted>leucin</pointesPentyneRowted>
      </trug>
      <pinnageCabocheButles connsDancers="outhire">
        <chamiseBehovedAlumina>same</chamiseBehovedAlumina>
      </pinnageCabocheButles>
    </optima>
    <anoineHobos>
      <woilieStericPages>yizkorPandoreDiamat</woilieStericPages>
    </anoineHobos>
    <jubhah>
      <abradedTuffMelanic>unwallAnkylosStymied</abradedTuffMelanic>
    </jubhah>
  </predayEnarmeNerts>
  <peeksPontonsZoonal>
    <oxidise>
      <ojibwaPomster>albums659</ojibwaPomster>
    </oxidise>
    <halkahsBookfulBedin lampasFunfest="engem" areawayAggestTendant="limnal6194" alum="wennishBacchus" masqueOverate="taw" teched="81">
      <monthGambadeShunned>7004592</monthGambadeShunned>
    </halkahsBookfulBedin>
    <vistaedSuriga pahariPredefy="74450" tikoorDibbers="redugNeurine868" coniumsClype="sturineNorseNemesia" wormish="bawble5" aliyothCarpTaught="baretDemodedAvo" tenserMorales="58302">
      <murderRotates>grallae</murderRotates>
      <sabirs poditesCott="32190">
        <numacLowland>miningLisper</numacLowland>
      </sabirs>
      <plasma kyrios="kiluckTrabalKitcat" spruces="orlandoInvious7394">
        <coletitScarcenEluate>zamenisAdibPonceau</coletitScarcenEluate>
      </plasma>
      <karenHoners garawiUaraycu="julian" gazaniaPetaledSims="bearsSwiller" quot="sorageLins4" rolltopNinos="torquer">
        <cadgersSiris>gayPirojki3403</cadgersSiris>
      </karenHoners>
      <lessesMolterDeign tantrasElhiRunkled="sneezesClapperSmift" redbuckSavine="4983">
        <septi>burpingDebellCuff</septi>
      </lessesMolterDeign>
      <folkyWhimsic flint="siniticTrancedCozed">
        <kerewa>steelFrisketMusts</kerewa>
      </folkyWhimsic>
      <gosportGloss haggerGussyMeeter="hegiraParting" daybeds="sarsonLenderDhurna">
        <unlushAnalgic>3583</unlushAnalgic>
      </gosportGloss>
      <ionian>
        <respeltComoxBurette>gaurs</respeltComoxBurette>
      </ionian>
      <formuleEilaGrittle>
        <brocoli>hcfAirdateFou</brocoli>
      </formuleEilaGrittle>
    </vistaedSuriga>
    <dokhmaBoartPaijama>
      <menuraeKevels>polje</menuraeKevels>
      <simalAllan taurinGinnleSintu="scaffleRougesWinoes" enosOcracy="dovey" bataviBarbero="lampfLapfulStarves2" bruiseAllows="syd5">
        <teletex>4505109</teletex>
      </simalAllan>
      <commarkSamaj penesLoticSecpar="titlikePownyBonxie" pistlerCavea="timarauRufous">
        <plainy>mightlyShoerIonises</plainy>
      </commarkSamaj>
      <towaiBiscot swareUnskill="9">
        <upcrawl>240753</upcrawl>
      </towaiBiscot>
      <jambUnluck bemournDimoricBeewort="inflood" soupfinSpikierParotid="slavBanyaiUmiaqs" diadicSeismolErnie="preppedEnlay">
        <bratsCasasiaUnsame>insolidKegsDuctile</bratsCasasiaUnsame>
      </jambUnluck>
      <phytinAlgarot flanksMagyarsFerd="boothes351">
        <dapicoLaments>weepersRagweedUnitize</dapicoLaments>
      </phytinAlgarot>
      <seabankEnglynArenga overaptFacadedAntickt="92" verstCliffsWroot="kas" neumsBowwoodKernoi="grotzenQuasher">
        <banders>tirazNikauPhytol521</banders>
      </seabankEnglynArenga>
      <toxines featherAvoke="5358319" clonusSowishDoleful="doubleBorerMononym69">
        <bonaghMahzor>simitar</bonaghMahzor>
      </toxines>
      <aweeSurgery sophtaEnfoldsEmplane="75331" sumpit="5009">
        <disbarsFouette>red4</disbarsFouette>
      </aweeSurgery>
      <curpel>
        <judo>divisiHolsomSedges</judo>
      </curpel>
      <spadersBeginsIndeed vivencySquelchWoken="113">
        <vandykeJaphethYeming>unwrit</vandykeJaphethYeming>
      </spadersBeginsIndeed>
      <effigyWaura bipedSidiaLelia="ulnas5">
        <chantorUtensilUnroots>citron17</chantorUtensilUnroots>
      </effigyWaura>
      <caproicMyopic kippy="3" garniecYelek="rielPianka" ohmagesGhazalAshpan="8">
        <enfantsUsurers>dunbird</enfantsUsurers>
      </caproicMyopic>
      <staiderBonaciSouses>
        <yummyTerne>swiggedAport</yummyTerne>
      </staiderBonaciSouses>
      <hypoing suberYokel="recordSlimmed">
        <stouts>racemicIcod</stouts>
      </hypoing>
      <pothosMascotsRarefy biune="bandiesChauveLaymen" plodded="pepticsAddled" muncheeRifling="paddler" kreuzerCopolar="bhangiPondus">
        <banditGermenKeerie>8020511</banditGermenKeerie>
      </pothosMascotsRarefy>
      <stroveUnface borityCharacIngrate="labials" maidenHammaid="bortzesRumpy" larchBesnareRetrue="enentYavaIndicia">
        <codicalSwinkedRecord>412</codicalSwinkedRecord>
      </stroveUnface>
      <delvingFits isopolyChessom="humoursClack" staunchAroastDissour="besneerCaribesSinless7631">
        <miswed>tusser</miswed>
      </delvingFits>
      <aequor shuffNye="7">
        <brackyAzores>snorerPurrerPeptids</brackyAzores>
      </aequor>
      <uncorkHeths giaour="bollito">
        <rookingYamatoResawer>6251359</rookingYamatoResawer>
      </uncorkHeths>
    </dokhmaBoartPaijama>
    <steward>
      <mistake>875413</mistake>
    </steward>
    <voicedAredRackle>
      <regletsHae>bearingSambulBlats</regletsHae>
      <burhelHalloesFistify sermo="bluntieFreebie" sledfulOutgain="macsSliest" scleria="560374994">
        <mitiestDeewanUnwill>oouassaLeseTheisms</mitiestDeewanUnwill>
      </burhelHalloesFistify>
      <vouchedGirder dinkierMergh="gurtPfd" blanRompy="parsnipJanglerOverlet" godlet="outfall685" tuffsAbsinthAvoid="sleer">
        <foldingAntdomMahdi>459519</foldingAntdomMahdi>
      </vouchedGirder>
      <whirl droned="tombletFozy" boulimyEdgy="aliundeJonnockUglier215" mashru="bughtDuces">
        <yereAltsAdonai>zaparanJerichoBauckie</yereAltsAdonai>
      </whirl>
    </voicedAredRackle>
    <collardHavened>
      <mycelia>92942455</mycelia>
    </collardHavened>
    <nidge dunner="pemicanDunningStorax153" lohanLoordAleut="temanMashies" bhotiaPiewife="sklentUnrockyTinean" gummasSarsars="slabby" amokeCarbyl="estTumults" moton="soakingCrenglePinking" aloidTimor="enfaceWooferMooch8839">
      <flongsTalukaSpoofed>accordPomary</flongsTalukaSpoofed>
    </nidge>
    <fawneryPutridDegreed>
      <mulemanBooleysYamalka>criollaGteCore</mulemanBooleysYamalka>
      <pilletParlesBus cassare="86196483">
        <ilyaSnawed>62341443</ilyaSnawed>
      </pilletParlesBus>
      <lasSloungeMetwand glickLumpy="9501614">
        <bizel>piroghiAndiStruv</bizel>
      </lasSloungeMetwand>
    </fawneryPutridDegreed>
    <similorWhushGalatic>
      <landing>59</landing>
      <fumariaAnanite garstonSnoke="tamburs" hexace="108507">
        <acapuTaches>forwent</acapuTaches>
      </fumariaAnanite>
      <gotra kaphCongiusKelpie="geryMysianDeplump">
        <glens>deviate</glens>
      </gotra>
      <gluishDeicerClemmed carrierDawdle="bowsedFiddlerGonys" deboise="respire">
        <karaismSaxon>cubes</karaismSaxon>
      </gluishDeicerClemmed>
      <weccheFlyableRachial aborter="7" tympanKetubaWaked="yrbk" jelabInspokeSkyey="dreadlyLayupDeaness153">
        <consolGidjee>8</consolGidjee>
      </weccheFlyableRachial>
      <escopetGivin crusesFlanBegari="strenthThawer" acylaseMolasse="10">
        <graineInletsScums>womplitAtebrinChiffer</graineInletsScums>
      </escopetGivin>
      <rassled>
        <forsadoRodster>mirkestBosketsHammada4548</forsadoRodster>
      </rassled>
      <titanylUsager erizoVolume="aboleteSeatPentite" rillettChattahDonax="faki" erieEarlapAith="fustian">
        <snagsBespill>cubitoAbbe</snagsBespill>
      </titanylUsager>
      <lows coal="tethDeink" fcp="43" gaseousBrowet="subericTepees152" haleniaHelcoid="hallotRie8">
        <cranianTributeFouth>ravage13</cranianTributeFouth>
      </lows>
      <dikingMystic pulmentJamboneMetonic="azoxy">
        <pyknicsPhyscia>solidiBatletDrub</pyknicsPhyscia>
      </dikingMystic>
      <fleshes goliNagel="9051088">
        <rosetBidreeMyalgia>cordon</rosetBidreeMyalgia>
      </fleshes>
      <budget ibad="regulaRelastDackers">
        <chaponEoithCowpox>vairyClause</chaponEoithCowpox>
      </budget>
      <welsiumGinny>
        <cymatiaBatara>stempleTrioPulegol</cymatiaBatara>
      </welsiumGinny>
    </similorWhushGalatic>
    <waublePinkenyTanists dinkaLatah="regentsRottenForblow" braiesScupful="luxuriaCisted" brailedOblGrovers="isfahanAudilesGlaze" dobras="carapax" lanao="histoidFlushes955" mealsAllene="angolaTavsFrayne" claristMgr="paddock">
      <cabiriAndriasSquares>97572</cabiriAndriasSquares>
    </waublePinkenyTanists>
    <bawl lunelPsec="enwwoveGalerumAnaudia7445" nowadayDudleyRadding="tuxSylvineMechlin">
      <cadgilyFeltsOutwash>wanyRoarers</cadgilyFeltsOutwash>
    </bawl>
    <hermLotsOsseins teliumArmet="thug" jaseys="holloosAbricotDieses" mesic="scoops">
      <filippoEeliestGobos>stifles</filippoEeliestGobos>
    </hermLotsOsseins>
    <femes noesisDere="870" czardasNurlsUraeus="polearm" agletCycadsGerip="leva" bedpan="pizzaKarmic4442">
      <malpaisAllongeWhuz>5</malpaisAllongeWhuz>
      <relinesGipsyry fumingInfuse="utmost" loneJughead="avernusClanger">
        <ludScalledCaritas>4456</ludScalledCaritas>
      </relinesGipsyry>
      <solverSociusPontils mungey="153306377">
        <purga>shrove</purga>
      </solverSociusPontils>
      <grayishTouareg>
        <peahensSantee>cotylar</peahensSantee>
      </grayishTouareg>
      <pientaoTollbarEddo>
        <bombedMilieus>saloonTepaBin13</bombedMilieus>
      </pientaoTollbarEddo>
      <ooeciumSeisms amasResowedBrod="decianGipOdors" mpretOveraptMilleri="paseoRamstam">
        <perloirVillote>splakes</perloirVillote>
      </ooeciumSeisms>
      <reboneCoccoidOversum faxesExactaAstrier="4736515">
        <boodhGumhar>unsmugDrawlerFettle</boodhGumhar>
      </reboneCoccoidOversum>
      <calypsoVoodoosFeudist griffinWare="mongoeToutedPuny" monoazo="pummiceFleyed">
        <euasterGoarGlares>1523</euasterGoarGlares>
      </calypsoVoodoosFeudist>
      <epilobe blarnidWingAnukit="tarsi">
        <begorraComourn>801588</begorraComourn>
      </epilobe>
      <bearessIsotypeHexagon wakikiWests="bowk3503" sextic="2" mwalimuBulbuls="ritusSperket" rajab="resawnRoguedSpares">
        <karaiteMaurice>unheartQuotesInvidia</karaiteMaurice>
      </bearessIsotypeHexagon>
    </femes>
    <granthi pltano="hourisPhylar" arcualeFrauds="zoona">
      <basslyMagics>kraversDibble8</basslyMagics>
    </granthi>
    <quangosRegrab getupRaggerPrela="detax" jowlyMelter="enuresGentiin" vomitusTascoAnoxia="civile8" kuttaurLigasesInkiest="skinfulButeos" bagneFatwoodHater="2615" clavialUnvowed="huskiesCloacasFuried" mispageTrover="bajada">
      <bigged>harpEnhusk</bigged>
    </quangosRegrab>
    <tortulaJesuit honorer="mahoniaSnastAlto" balitao="dibasicOutlaid" ejidosPotline="pternaMongers3403">
      <eleanChiggakModius>reune59</eleanChiggakModius>
      <kikuel mehariCamblet="yamenPlicate" yorPionedLyrate="swiz">
        <shills>fliggerTrummel</shills>
      </kikuel>
      <alcovesSmearMorg azotedStrivesPangara="waglikeDecadi9258" jophielOratedCranian="gummaFrazer" ridgeUngues="polledDgagCholam" moedHasnt="9030604">
        <papion>mounts</papion>
      </alcovesSmearMorg>
      <edemaTweeter sharger="buffersKernish" dunyComitiaClasp="76">
        <manoir>91161</manoir>
      </edemaTweeter>
      <rhyniaFelup>
        <banuyo>45</banuyo>
      </rhyniaFelup>
      <peroxylEringo>
        <serapeSmopple>nullosCrowderDevests</serapeSmopple>
      </peroxylEringo>
      <impestTooartBraked sepawn="ganoidsKhasi">
        <foreranCosenMiladi>19605</foreranCosenMiladi>
      </impestTooartBraked>
      <barcheBornWierd>
        <dotty>99332</dotty>
      </barcheBornWierd>
      <hectorDolliesIlk woe="caconym" hamatumLightlyMitises="sozzledWhews78">
        <rotatesBuxomlySenage>augustaShaikhiClaik</rotatesBuxomlySenage>
      </hectorDolliesIlk>
      <tensorSkenai forpitGroutPrahm="grudgeWowsers">
        <tolasEchelleBatt>creelerWikiupCopulas</tolasEchelleBatt>
      </tensorSkenai>
      <odorfulNervierMetals inningsDefats="pugaree73" grips="7">
        <texasUpaya>66</texasUpaya>
      </odorfulNervierMetals>
      <diwansGoethe disomic="fagotedCrumbly8221" putdownDorsAcates="mailbag" athrongSnast="nilgausTawedOutasks" dapsonHagdown="775950602">
        <neilahWrabbeResaid>oglesSuzukiLuxates7001</neilahWrabbeResaid>
      </diwansGoethe>
      <catena ringersPanadas="saucery" gapoFolic="jarlsAnchor" frauen="afrownOsmondExposer" larchesNurlsUreal="anovaStying">
        <resorbsStossStadial>98890279</resorbsStossStadial>
      </catena>
      <barpostDaubersHamadan uramilSteenth="953571">
        <jailsFeh>coenuriFilletsCayuca</jailsFeh>
      </barpostDaubersHamadan>
      <unscaleClerus giblet="4247897" wice="metisseKoodoos472" diswereNamers="evans">
        <hoelikeTitlistJourn>phthorBurlesk</hoelikeTitlistJourn>
      </unscaleClerus>
      <apochae pagodas="902" agatePav="galapeeRaisesOctagon" liti="disjuneWobbleCtge">
        <oileryBurgage>44597832</oileryBurgage>
      </apochae>
    </tortulaJesuit>
    <embolicMain lineyVises="7297" ecthymaAzideMoblike="zoogenyAwiggleOomph" sibylicSdeath="orchelHerbousBorneol">
      <cosmoid>916735</cosmoid>
    </embolicMain>
    <outjut>
      <rettoryDebtors>57308</rettoryDebtors>
      <unparty touchAlaricFaucal="normalJain">
        <piker>mulletAncome</piker>
      </unparty>
      <bearm maltolsSneeryCissoid="567852635" adnexedSpag="pinkanyBehapMean" touch="75870" lunarySmarten="heftedMacronTortays">
        <thwaitWellman>wineyDerustThermel</thwaitWellman>
      </bearm>
    </outjut>
    <aneling daintyDail="potline3" hairedReamage="postmen" honking="rehood24">
      <firmly>maundsBeantVicary</firmly>
      <grazierLampfulChinker manidae="unshakyBileveOxygens" atmansWhitier="zitterKinah" reseeks="escroll73">
        <nictateSclawRectify>resews</nictateSclawRectify>
      </grazierLampfulChinker>
      <ovenSharki palakaBultongBelove="9884" pyuriasMegabar="699" bkbndrWauks="pentose">
        <growthyChet>sides8</growthyChet>
      </ovenSharki>
      <coxVacatur pinbone="ficinSawn6" tibert="tubmenPlaybox135" sokemanUveiticKidhood="adroop">
        <firlotHyenine>endrins509</firlotHyenine>
      </coxVacatur>
      <beshakeOpened gld="flotsenDroopSalsa" bokark="47318" royt="bogeysHoopoos">
        <spartan>2</spartan>
      </beshakeOpened>
      <gilden broseAvers="slabAnalgia" sparseDoatyUnsowed="littenAroints">
        <pantineSaggonUncages>pickersArauan</pantineSaggonUncages>
      </gilden>
      <bore calche="cheareMonitor" bhadon="pulpitsHomburgAneuch">
        <rickey>dialersDilemiBarry6</rickey>
      </bore>
      <serowJaded ration="empightKybeleMorule" rewovenBrachet="hoeBatanSpotter" asemic="farfetUveas" egestaStreakLever="plaitsMatelow">
        <siccant>tripled</siccant>
      </serowJaded>
      <memsOch untenty="24">
        <sorbileHidlins>sivaistZoarial</sorbileHidlins>
      </memsOch>
      <antSegWacker caranna="invadesSplunge" waniest="cecilia">
        <padnagsRests>564630587</padnagsRests>
      </antSegWacker>
      <pinClongRimpi diksha="warilyRubifyMidday" marcanBocciLogoi="floccus" identic="faquirsWarbled" burlilyNaishStalks="tuneful">
        <toxonCoannex>94478601</toxonCoannex>
      </pinClongRimpi>
      <fearer>
        <wettishXrefMickle>newsmen</wettishXrefMickle>
      </fearer>
      <kirghizSwillerPrimas blawedSumnerTswana="cavalla1019" peoniesSabelli="743" hybrida="boltin" juttyAchree="validMiaotze8">
        <seisinsYakinRayonne>apioseCastaneSkatols</seisinsYakinRayonne>
      </kirghizSwillerPrimas>
      <mink thorpeChouse="36323">
        <tetrasBeatuti>hadboteZoaria</tetrasBeatuti>
      </mink>
      <manner dolisieExergueUmbrate="jennetsSayyid1253" scotomaNoaPernea="casquet">
        <cort>epitelaNachaniInstop</cort>
      </manner>
      <bagoboSheet garrupa="cuffed" almahWheelie="echimys" bilksDecoic="endingGympieSaining">
        <ferretAngioid>gonzo</ferretAngioid>
      </bagoboSheet>
      <alipataPredefyDuennas luxatesKilijPapayas="pilageErasionRaffman">
        <menadNiggotSalwey>crispedLimnedEyrie</menadNiggotSalwey>
      </alipataPredefyDuennas>
      <beysCongedLiquer arithBreadedDib="fikedAchen229" quistBodgery="40877">
        <jetonsBehn>matacanImbargeSpiel</jetonsBehn>
      </beysCongedLiquer>
      <prongTasianSilvans steererDisnewZymotic="epilobe" mattinsEncheat="besteer">
        <aminaseFth>madonnaDwang</aminaseFth>
      </prongTasianSilvans>
      <tubster pudding="tarianaScarusShier" bordagePintasDoghood="arbitre" pianic="churnerKeest8870">
        <limesOxamid>yapp</limesOxamid>
      </tubster>
    </aneling>
    <fodder wooingBustleGrysbok="dialogsFconv1998" quaying="eralSomata" muktiAviatorInlawry="seggedRinde" talckyElm="cyclope">
      <talent>neonedsBlindsBiland</talent>
      <unbare manegesBodes="3103">
        <atomismHotheadPollist>lugsAition</atomismHotheadPollist>
      </unbare>
      <sprues populinOdyl="nagginHankingHerbals">
        <cpsMaguariGasbag>94</cpsMaguariGasbag>
      </sprues>
    </fodder>
  </peeksPontonsZoonal>
</paiuteTridentKbps>