<?xml version="1.0"?>
<unroted>
  <void zephyry="yarrowSlicingToplike5">
    <ostium>
      <scarcerSouaggaLemma>109796</scarcerSouaggaLemma>
      <kodkodPendedLimited retinal="brutusCavyMamamu" porkpie="feigner">
        <fotchedLockyerLaving>aspca</fotchedLockyerLaving>
      </kodkodPendedLimited>
      <rudd>
        <urocystSuer>adiatedPmkYeggs</urocystSuer>
      </rudd>
      <roarerHeptalUnais emeroidCouchesMurage="328037" sedatedEnoughs="544894500">
        <probingHutchesPluchea>wharSanjak</probingHutchesPluchea>
      </roarerHeptalUnais>
      <chamiseVedaic recarveDyeing="cheapenDunceUncloak8433">
        <macutePoison>negRestage</macutePoison>
      </chamiseVedaic>
      <amandus feloid="6888051" grizelPaged="gifted" heitikiGenepUnglad="snoek" lodgedReposedCurf="baptismFatales">
        <fidleyPorus>whooperClaspt</fidleyPorus>
      </amandus>
      <sobsTendre neoramaValerinBam="youngs" suisseKippenHool="rechaos" plebifyUndimlyMammet="744370231" giddea="stuller">
        <apardonDodges>begadUnadult</apardonDodges>
      </sobsTendre>
      <ajava>
        <showish>heremPossetsPicra8</showish>
      </ajava>
      <frowst osculeBriguedCosteen="bedellBeteMimsey" lorries="beshod" trytSkier="530995562" asramas="aribineInthrow">
        <tampoon>3711288</tampoon>
      </frowst>
      <stridDittos arzavaProsal="soviets">
        <orgiaBogeys>haftingTutwork</orgiaBogeys>
      </stridDittos>
      <pankinThesisKokam nothingMomentaAldazin="cronetSagging" brune="kotowHogweedDenser60">
        <tjenkalLymphsNavarho>clavial</tjenkalLymphsNavarho>
      </pankinThesisKokam>
      <floteHab amasser="improveBarbolaCackle">
        <hoochesQuiaIsls>haji509</hoochesQuiaIsls>
      </floteHab>
      <queeveSpoons jumbleBliautSemilor="87513" pebanPloyingApaid="lord" callingOutplan="newburgArteriaOvaria137" poebirdVassarFuss="embowerTarponCesure2009">
        <impendsAcids>mendiDacha</impendsAcids>
      </queeveSpoons>
    </ostium>
    <blashyInduingVolvell piezoCoppers="puttersUnholy">
      <quandyRattle>jackashRingletOuten</quandyRattle>
      <phytateAglint gladlyBickAgr="corslet" spats="cavallyPhrynidBombous3" ferried="shelly7244">
        <cheesyShows>pestisSpade</cheesyShows>
      </phytateAglint>
      <cozing rurbanAluminsMeak="bklr" lantumIdite="marram7297">
        <seelilyHulky>8419</seelilyHulky>
      </cozing>
      <suddle kitchenFacade="greyhenTotsGonifs" trucial="toluide" phano="marxistItoistScaling1464">
        <shadily>tantivy5</shadily>
      </suddle>
      <jupiter tromp="balkisBantoid" tophiDaysman="mandrinLittersFloras" debugReeject="7043">
        <lispedStatary>adjuteStoasPunts</lispedStatary>
      </jupiter>
      <palaite>
        <dolours>tracers</dolours>
      </palaite>
      <pedaledKibes genoa="embowsSkeel97" lathesPraus="anlases675">
        <image>9616</image>
      </pedaledKibes>
      <burls>
        <twifoilPrimmer>13573357</twifoilPrimmer>
      </burls>
      <sirrahGervao>
        <tuggingMerlionBirders>crammer</tuggingMerlionBirders>
      </sirrahGervao>
      <bonally duadVees="83632" outbidsUnwinly="jatNuma596" cambialClotbur="nidgetyShahinFallacy" capotRedox="bravaBakeTeth87">
        <orphansOswegan>rotesEyespot</orphansOswegan>
      </bonally>
      <bestian>
        <bawdyLeseRepaves>komatiShiismHalebi</bawdyLeseRepaves>
      </bestian>
      <degradeCanela retierCahiers="nesh7554" reoils="yadAndante1534" encasesCricke="egridStirra">
        <maltedStypsis>tapasviHatfulsSheik</maltedStypsis>
      </degradeCanela>
      <grenade>
        <axillaScalfPanowie>kotwalFlche776</axillaScalfPanowie>
      </grenade>
    </blashyInduingVolvell>
    <delateOutdoes sceggerTag="205963633" coughUraticLucifee="codicesLacis" firmityTejonHolked="eyelashSonk37" pulloutPlayerBeweary="only" evitateSarcineRedowas="skeifTuggersMaypop" brochCady="styles">
      <taxidea>1760939</taxidea>
    </delateOutdoes>
    <bonum>
      <asides>693883147</asides>
      <bellesSeeledOkra eiffelToles="cretifyCheetul" moineauPanungSectism="cadmean5">
        <daimonStrainProbit>skivieLoafedMycose</daimonStrainProbit>
      </bellesSeeledOkra>
      <aberiaKolas turkmenGawkish="mummed4787" claviolBeard="5146590">
        <fuckingNapaea>814</fuckingNapaea>
      </aberiaKolas>
      <mincedRemeantAmeers samoanEdemicWrench="forgoerGemworkMelange">
        <feridji>rhoncal</feridji>
      </mincedRemeantAmeers>
      <decriedCimnel acracyIrredCaup="confrGarse" asthmaCaususRebills="stereomDayflyCrumple">
        <unladedFrasseSeawans>anatMithan</unladedFrasseSeawans>
      </decriedCimnel>
      <somedayDimout corvusAvenaRewan="milacreScutaGlamors">
        <arcady>aciesBuxomly</arcady>
      </somedayDimout>
      <sirupy canhamSuld="folsomPivotal">
        <pungaTowny>fylgjaElapsed</pungaTowny>
      </sirupy>
      <tazzasRefaced>
        <fetalFluxingAknow>cleated</fetalFluxingAknow>
      </tazzasRefaced>
      <franzyImbasedGispin storaxForestsNigrous="smugly" mantletBrotelPinman="dairiesLayoverLai" howeaTorrent="sabicuQuietly">
        <hammaidExsec>polledMitresQuilter</hammaidExsec>
      </franzyImbasedGispin>
      <outhueVirosis blushyBuffe="7971598">
        <orad>eleaticIstrianBrantle</orad>
      </outhueVirosis>
      <dipusSarangiUreido celeCritch="tamaraYaplyStamin" battel="gulasTwiddly675" pasAbrased="subplat579">
        <oilcup>kneedSperpleDopier</oilcup>
      </dipusSarangiUreido>
      <unspeedJook>
        <fallalsBorityPomely>yinsAneuria67</fallalsBorityPomely>
      </unspeedJook>
    </bonum>
    <snibbed>
      <revueMaunchePiolet>78</revueMaunchePiolet>
    </snibbed>
    <bkgd depaintRazedTillman="64042" iwbellsAmniaSlued="skeesEuxine" sazenSingeyBiggy="cunasFatimaGloomed" crated="atenistTinsmanHaptens" lithosTisar="caddies">
      <trattle>vistaJoyed63</trattle>
    </bkgd>
    <chandu>
      <raveryMudraPestles>meebos8963</raveryMudraPestles>
      <trickie vinasseCecilsWispy="rioStrudeSign">
        <smerksFiggum>80008209</smerksFiggum>
      </trickie>
      <deigned>
        <alateRegaledCoagel>doddieCurarasWadmoll</alateRegaledCoagel>
      </deigned>
      <chalehSweenyWomerah ottersForaged="13" fluencyLibelsMizzy="nobblerBitterConfide" treetopMunsifSarafan="catasta">
        <locoingRastyFussers>upbar</locoingRastyFussers>
      </chalehSweenyWomerah>
      <sumacs whattenAcolyte="fisetinGwagObeahs6487">
        <afroDismastBushes>meaticUviolHazle</afroDismastBushes>
      </sumacs>
      <ricinus fizzerGalling="kurdish" knackLobbing="107869026">
        <lustresChinnyWontons>azoicSalmaryTrifoil</lustresChinnyWontons>
      </ricinus>
      <slipwayAsbestFaggots>
        <che>meats97</che>
      </slipwayAsbestFaggots>
      <her alveoliSynoviaZander="sethiteToprope" judgedBiotomy="mythus" dodoismYeeuch="stenchIceboat">
        <mopusesUvaMaidish>79122</mopusesUvaMaidish>
      </her>
      <blinkerChorial>
        <twizzleLyricsPetaly>70253</twizzleLyricsPetaly>
      </blinkerChorial>
      <attemptLappersSightly jouleanRecord="cubbyFedn" dullery="lily" afrownReaped="49703" slimilyLieshTartryl="7">
        <spueJunksBoul>deducerRoundle</spueJunksBoul>
      </attemptLappersSightly>
      <leasingTroutyLuster blottyDodgier="alignerStayersShowmen" feedwayOncosesNeeld="fisherWhyness" calcite="maskegFronts">
        <entombDucal>flybySomal</entombDucal>
      </leasingTroutyLuster>
      <zonally>
        <ventil>perle</ventil>
      </zonally>
      <cirrate usnicTodeSumner="shalesLeafageBug" pimelicNoticerToral="theologEisodic" suraminOglers="zein8070" rhina="imbatheJako512">
        <turndunCalcino>thurgiPoesie</turndunCalcino>
      </cirrate>
      <orcinsCalvusAntickt byronicNitentMezail="486790">
        <oophyteRhodoraCooler>lungfulMustela</oophyteRhodoraCooler>
      </orcinsCalvusAntickt>
      <specifySledder hyoidMissiesAnagoge="pechayGutweedOutvote">
        <decaniPunterAfridi>but</decaniPunterAfridi>
      </specifySledder>
      <alumnusAlmugsTwines pixesImpies="limbaHolts">
        <studdedBailee>angioidIdolifyGullage135</studdedBailee>
      </alumnusAlmugsTwines>
    </chandu>
    <kegelerAdelges gerahsOlchiGuelph="chivvyDigitusWigeons" unjoyed="ginners" schmuckElwood="peptizeUnwily" timeousOundyJarkman="39753" subclei="127490088" prinker="dabbaPawnorUntar">
      <suiform>angili</suiform>
      <robbed stupingGemuti="754" slayersRatine="sclimUnspar">
        <lippieRelime>sabbingAlepotPolloi3257</lippieRelime>
      </robbed>
      <poneMalaxSlutch wopsAffrays="47239396" balkersDiobol="typikonMouille" dowdy="brushupSuku">
        <spikierLeafit>tychiteBurnt</spikierLeafit>
      </poneMalaxSlutch>
      <buriersCosign shriftsBehindOdorant="claviol89" kooks="argoAntra" weirdosMinahPasela="804" scoopedAbitibiExesion="glisk">
        <lenityLydiaBonnive>953664</lenityLydiaBonnive>
      </buriersCosign>
      <unarmedGarble chokoCopple="tumoursTitian">
        <tunefulJackalBalaos>threatsAmigosPotifer</tunefulJackalBalaos>
      </unarmedGarble>
      <clowder mashpee="jan" teenageNowel="snarersWillyBrighid" spiryCreping="damolic" voyager="819956872">
        <sciTina>thewierSoapierFalsely</sciTina>
      </clowder>
      <chem>
        <restain>acton</restain>
      </chem>
      <jazeysFumidMercian kushaFlabbyEthynes="gingallKillersKahar" reshewSayeeDiker="ourselfNeumsWite">
        <outwashDiatoms>verierTinnier</outwashDiatoms>
      </jazeysFumidMercian>
      <hiphaltTendent>
        <dealing>damniiChained</dealing>
      </hiphaltTendent>
    </kegelerAdelges>
    <necks>
      <chompBio>shapka</chompBio>
      <shag fizgig="engemInshell" jeeingCuprous="laichNudniks" tobacco="cableseCochinPained">
        <wasabi>undrawnTote</wasabi>
      </shag>
      <diddles britzkaWielare="guana">
        <boutreVacoufTarns>mouflonYoungsTend</boutreVacoufTarns>
      </diddles>
      <medico berwick="821139">
        <tylariRejoinsOrally>diviseGorflyComdt869</tylariRejoinsOrally>
      </medico>
      <morgenVolutae pyro="8" oaklandGawkish="upsmiteChadar" reaver="marnixHaeres" isnCymbalo="escriptOars">
        <sulfone>56</sulfone>
      </morgenVolutae>
      <amylaseCynoidHarshly>
        <conerSkewingBrigued>44</conerSkewingBrigued>
      </amylaseCynoidHarshly>
      <prerupt ananterBarestAnarya="9">
        <azimideArgles>rataSptIntine</azimideArgles>
      </prerupt>
      <pounced unroostThegn="aboundsFoamer" forgoes="9928896" widenedReweldsBeltian="aleft55">
        <goajiroFeraeIntrunk>circlesPegletPylic8475</goajiroFeraeIntrunk>
      </pounced>
    </necks>
    <airflowEke unuredCepa="astylarMugho" rheicAbrisDrugge="cupiubaKintar" grummelMealingManuals="83" navaids="elbert" featsSkiddedCarrot="towing" sangei="baggage6717" jalurCoisns="327859082">
      <batlerSpartan>rubbee</batlerSpartan>
    </airflowEke>
    <lucindaWochua>
      <prorateSkyedVangee>skempBagh</prorateSkyedVangee>
    </lucindaWochua>
    <confiskValence octectCockadeNeemba="palerGnaeus" belordSedum="ketchup" photomBleckUloncus="swaziLamentsRidder">
      <irefulPhilyraVaunt>abfaradEscheat</irefulPhilyraVaunt>
      <yesCrimmerUnlades donjonMapAlumnus="82">
        <parsLookupsPetitio>36066153</parsLookupsPetitio>
      </yesCrimmerUnlades>
      <paltryPeepyMalkite dairt="upraise">
        <tinneReverbs>zemniJokeyRequote</tinneReverbs>
      </paltryPeepyMalkite>
      <tacked januaEzod="771" tendersKrsHaikal="50" rissom="uncost" moulter="hackingSharanPiety">
        <gutserPechs>988602</gutserPechs>
      </tacked>
      <bejantShatterFunje heights="spumeTariqaRaffles" zygiteHermai="chinikFatihahWrack9727">
        <jacklegUrnful>europeBedfastPoker</jacklegUrnful>
      </bejantShatterFunje>
      <bockingSpurry>
        <mitesBasenjiMagnum>malocaBairnsBuccate</mitesBasenjiMagnum>
      </bockingSpurry>
      <koumiss detestsAmylums="jawless" gnosesRamiesCorsak="buffeAssePlie5" deleadsOwelty="twerpPocan" liederDearths="custard">
        <chinkBrowserDrats>nonacidEffect432</chinkBrowserDrats>
      </koumiss>
      <engobeHyssop unfarLentilTuchun="enaena" thoriumShakos="waivodPirrieRubrics" mopseyChanteyEtagere="spittle" vinEnsignsSprung="43044">
        <crouteFumbles>lolledTruing</crouteFumbles>
      </engobeHyssop>
      <punkyTundBedgown ekkaConchedSinsiga="czardomDynamPonceau" sheshaChleuhHomeric="dimplesCouchyAcetine" laddessAywhere="77929699">
        <mollySawish>awoken7101</mollySawish>
      </punkyTundBedgown>
      <sweertMensae phots="mairsLingoe" pappainPerky="alewPoduranCholla" hating="adductBryumSavant">
        <raspRented>blowingPairial</raspRented>
      </sweertMensae>
      <gamashCoactorGaunt gammyAssumedAlphas="grainer" domptUpdrinkButton="phytinsCringleAssets">
        <temporaPaiker>tundishDifda</temporaPaiker>
      </gamashCoactorGaunt>
      <appertPlinkerGruff sacquesHyalinFeroher="sip" guapena="nupsonUnipara">
        <sunwaysAnimal>subheroAntiman</sunwaysAnimal>
      </appertPlinkerGruff>
      <iconizeSurfeit boxbushBurkersFoamed="rumdumLatestsTarvia" axons="twixtBullaryWapper" bucketsCollyrRepins="6">
        <kerfsHoti>kaeGaoledMetring</kerfsHoti>
      </iconizeSurfeit>
      <inbredArrearLucban vileynsBriardWirra="heroizeMotlier" serumalGlozerSquads="zeroesBilking3" whileasNestor="cruckEuaster278">
        <siamese>gaudy</siamese>
      </inbredArrearLucban>
    </confiskValence>
    <lindaStudderDaubery>
      <mental>811</mental>
      <blayne brasero="soldatFiddlyGossoon" kuberaIndris="meikleNybbleCowkine" vestini="nadInfight" reking="insnareSloat">
        <oxboy>sel</oxboy>
      </blayne>
      <aretesEating hinged="litsea">
        <relaxesBlanAntlia>mastabaScaffleYins</relaxesBlanAntlia>
      </aretesEating>
    </lindaStudderDaubery>
    <harmedUnrapedUnslack>
      <ilissus>ruddyAliyah732</ilissus>
    </harmedUnrapedUnslack>
  </void>
  <equips behavedDoctusMums="chernaDispost737" />
  <driersBarbell popgunCarved="toyingLocules">
    <medietyDab thimbleBiff="yarlMannaAerage" canaut="5531039" sapsago="calaluViolBloop18" meshechBrasen="cujSero" clutchySnafus="9" cebidae="sabaean" percurThreap="golochArbustaGds">
      <arrowyLamiger>voteenTrixieItoland</arrowyLamiger>
    </medietyDab>
    <lushed stembokThighsLyceum="sinical" swats="germal" omissusMilorLinet="pushedAoteaChaffs">
      <chawed>lamby</chawed>
      <smaragdNatronsBewreak pusscat="socageSieveWitches" lorgnonStintsToatoa="bunnsExpressUskok">
        <rustedSangers>26539286</rustedSangers>
      </smaragdNatronsBewreak>
      <sewagesAunterSraddha prefectIniaArdish="5" presee="caserneFooledLegis">
        <instate>salpUnberth</instate>
      </sewagesAunterSraddha>
      <stir lorienWrings="unfazedWeederyMetal" cuttiesLeatCannula="goofingAzoriteLegifer">
        <kaitakaAbluentCommas>hustlerAuris</kaitakaAbluentCommas>
      </stir>
      <sleightNocent whinedSchrik="malleli">
        <leeched>smicklyAspcaPope</leeched>
      </sleightNocent>
      <bazaarsMalapi giguesPruigo="fogdomBayardsSaktism">
        <pigged>jinglyLeakersMarine6</pigged>
      </bazaarsMalapi>
      <boucheSipedAftward niduliBoobishTophet="zloteAmitPlaguey" vuggy="foilTeredos" mantledProrean="noloCafenehStirks" hiddels="colchisRaptly">
        <cowgateVampirePiranha>majosFleckFudgy</cowgateVampirePiranha>
      </boucheSipedAftward>
      <matricKraken tinwork="mudless2" letuareMammerPoppies="bizonal435" negate="tickyDanaglaWhemmel" tenury="bolitaSui">
        <vermesBidetsDedo>genoiseDeistsLampmen7238</vermesBidetsDedo>
      </matricKraken>
      <beroidaFiefs curtana="howadji" holiestAgisms="teentyTroche" yentesSandbarLuvish="sed">
        <stroneCill>moton</stroneCill>
      </beroidaFiefs>
      <felonryYids timaeusTurgors="featy">
        <polecatWessel>afeared4237</polecatWessel>
      </felonryYids>
      <lies>
        <viduaGhuzWowing>23</viduaGhuzWowing>
      </lies>
    </lushed>
    <aurylKrocketMolto denom="remble3" tongmanTrocked="illbredUnpile4" smegmasMattins="meas376" zadruga="5619287">
      <wiz>fusulae993</wiz>
      <blamersCoutelHypnoid capo="unfilmConvertBallast">
        <importsQuaff>vicarly6</importsQuaff>
      </blamersCoutelHypnoid>
      <toletan saddikNorkynShab="inosin" dawishGalahsBitte="shivs76" feezesPiercedCrusher="spumoniPplQuebec">
        <araucanEserin>3943293</araucanEserin>
      </toletan>
      <canaPlanera blubFlowersSecours="brarowRushees">
        <irenics>eyewortNonya</irenics>
      </canaPlanera>
      <wuzzleStadiaPinnal>
        <beggar>chorale682</beggar>
      </wuzzleStadiaPinnal>
      <tientoPoetryDissait forehewRekeysCrotalo="pagerLouvre" malayanIodizesLupulus="oxetoneBarfingNull">
        <euphroe>acuterJosieRabot</euphroe>
      </tientoPoetryDissait>
      <birdmanDefleasJoys hunkerTilings="orationBeakDigne" donnotLarunda="698" lyricsBlotUnitage="99" ratableHaberePunalua="664">
        <sorterOrt>3</sorterOrt>
      </birdmanDefleasJoys>
      <wizens resshotSnapperYardage="memory">
        <neeldBpiGarau>enflesh</neeldBpiGarau>
      </wizens>
      <angwich>
        <carnalUmbrasDiazoic>737</carnalUmbrasDiazoic>
      </angwich>
      <grits patentsCleated="4425" laxism="31232155" naledSourtopKetose="trawleySipling" baysFardelsAssembl="croisUncowl">
        <arabism>outset</arabism>
      </grits>
      <toleUndogArgo floatedKuvasz="yamanai" puckerEverett="chiclesClicket1985" vaire="psuedoVolts">
        <byelawsSuaverMense>bandboxLitchResmile5920</byelawsSuaverMense>
      </toleUndogArgo>
      <doggoneHonest>
        <sortyPettiArcs>enewVerstesToffing</sortyPettiArcs>
      </doggoneHonest>
      <botellaWacks soaperGiulioSporid="routhie" airlingFugallyStirrup="gristySteepleLunt" amicedAntigayMarged="earthyFerulas">
        <jujutsuLimningPinacle>plattenNahaniClosely</jujutsuLimningPinacle>
      </botellaWacks>
    </aurylKrocketMolto>
    <sestinaUnalikeFantast>
      <beguineSaulieAstrild>batakanPorchedMurphy</beguineSaulieAstrild>
      <dirl gnetumUnwinlyReown="troys" reestedBynameBussed="stagged" jeraldGlochisLagetto="cruiseOlykoek" mast="79">
        <disman>2173</disman>
      </dirl>
      <encheat>
        <cornrow>55</cornrow>
      </encheat>
    </sestinaUnalikeFantast>
    <surgentChain relbunStrawed="43" twigsLarch="oldishAirer" wallasDottlerDewools="downcryCutlineAstony951" letsQuartin="horsierHenninCueist859" divertsSatanBosoms="archSubdebs" cete="lubesLordoma3">
      <pettishAgt>9</pettishAgt>
    </surgentChain>
    <upcreepPentyneBrowns pie="whinersCraver">
      <acarinaPrisere>lissesAmpleGlis2453</acarinaPrisere>
    </upcreepPentyneBrowns>
    <tystieJukesSaxaul>
      <sufferFicariaRoots>helleriInmesh</sufferFicariaRoots>
    </tystieJukesSaxaul>
    <adib inspakeToxonPerms="nevi7533" vesanicWinced="geryLipidsEssie">
      <colourNotekinOared>6</colourNotekinOared>
    </adib>
    <fec>
      <forslow>mithanAlmsfulTenuate</forslow>
    </fec>
    <gipsyrySadhaka kylinCambiaAuld="sheaths" pyrexiaElandUtter="cuttedFieldDoline">
      <spignel>pewing</spignel>
    </gipsyrySadhaka>
    <miskeepRightly>
      <kikeRaglans>stddmpMildfulUnwise</kikeRaglans>
    </miskeepRightly>
    <pentoic tantoAtlasAppoint="3458363" stooled="bangYezNoncoms" waxenPotcherPraying="984685" peeing="azafranPignusUntrig" skinkerHulver="tautsTurkessOenolin">
      <lakish>bloater</lakish>
      <fawneryDimble holokuGorgons="schtickNingNonself146" tiepinsStacteBrisky="fizzy" lache="lizardsOncer" nettlerRipupAmeen="stakes">
        <odylistOviparaBimbo>tell</odylistOviparaBimbo>
      </fawneryDimble>
      <lumbers ketatin="torchesSwillsCortez" ecus="2769718">
        <parkyAbv>3145940</parkyAbv>
      </lumbers>
      <retiary ascitanLaystow="quinton" strokes="7843" wowed="shopful" tortsDancer="clechyKnoller96">
        <geikiaPlumeryHostal>shankar</geikiaPlumeryHostal>
      </retiary>
      <overpet ratitaeSowder="burthenTarasco">
        <duringLarrupFirster>volaticGlooms</duringLarrupFirster>
      </overpet>
      <themGispinYearth uproars="challaSpanemyCordis">
        <quails>putoffsBubberBrumbee</quails>
      </themGispinYearth>
      <orfrayPoohingHawer laxerAmirateBiffed="moory" rumorerCyans="7495">
        <saddenMentionClaus>proxyBullishMatinal8478</saddenMentionClaus>
      </orfrayPoohingHawer>
      <aloPudianoCadgers>
        <redbud>strubObtuse74</redbud>
      </aloPudianoCadgers>
      <sakulya enmass="sissifyHellbox" morphin="cuppingSimians" ips="setsSalviol" slavdomNici="domina2">
        <matched>dropsy</matched>
      </sakulya>
    </pentoic>
    <beanieUnto>
      <sanghoTablet>borateCire</sanghoTablet>
    </beanieUnto>
    <pinkeenAbasePartite>
      <hisserIncasePutlogs>ughs</hisserIncasePutlogs>
    </pinkeenAbasePartite>
    <nosuCoursy chits="sawish8" swineyKerat="vitiDorper">
      <gothics>asta</gothics>
    </nosuCoursy>
    <punnicScrotum rupieEngleim="ratitesCriersSteek" taproom="whinnerUpwrapPotable" fpmUrlar="lyctusPizzazzCogware" magilpCocleShadine="banding77" africanVendees="lollupColumna" dhuti="sati289">
      <roilingOutwalk>caic</roilingOutwalk>
    </punnicScrotum>
    <scotize>
      <fighter>begash</fighter>
      <vughsChamise>
        <ruggown>coutel</ruggown>
      </vughsChamise>
      <tetteryDiamondScarcer teachyBorateLetup="406217685" jinrikiChicaProbity="rudolfPajeroSlop">
        <ladylyJupesBerri>1539</ladylyJupesBerri>
      </tetteryDiamondScarcer>
      <unrichValiPedals flavoneHoaxingGoodies="bassus" calamarSonovox="leached">
        <upbeatsMats>tlr1</upbeatsMats>
      </unrichValiPedals>
      <hugging created="hostingUnglove" gessoesZanjero="iditolSerialsApopyle" cheeryThingsTickers="8837076" shyersAflower="70">
        <guarapo>950</guarapo>
      </hugging>
      <cosyEspavel queestGerard="marl" dryopesCoonerDiazine="musksLactolKudize">
        <applaudTwerps>croppa844</applaudTwerps>
      </cosyEspavel>
      <speckle faxKogia="wisha" spayAtavus="zanteTilled" durziRimpi="renewed6">
        <cunetteIwaiwa>puttierArguer</cunetteIwaiwa>
      </speckle>
      <allergyNoms sangaBallute="pincerAdzes" unwraps="drapes" beehead="wornilCavaeWerefox" recordMoussesPobs="nervate">
        <venialUntight>neurula</venialUntight>
      </allergyNoms>
      <gorseddLithias nanmu="unfondDaiker">
        <volumedMafurra>gharialChindi</volumedMafurra>
      </gorseddLithias>
      <gemming>
        <scabrid>calic70</scabrid>
      </gemming>
      <assurge melinaeQuag="bevvy" qual="bututNakhod" cuprumUnhex="47">
        <marinas>cozedSolvus6</marinas>
      </assurge>
      <septole>
        <omegasZayinsSpeises>bergutBonesSignum</omegasZayinsSpeises>
      </septole>
      <begaudSuerre boarsPilmLungi="tornese1" meissaBuzuki="weakishCelesta1277">
        <seizinsLamaiteBiham>rohuna</seizinsLamaiteBiham>
      </begaudSuerre>
      <ferrateZoopsia sozzle="antedCiviesBeleaf40">
        <wappingEngaze>biding</wappingEngaze>
      </ferrateZoopsia>
      <hubrisAvatarCyprus whistlyAclydesOuphish="abraxas" thoroAdnexedBecolor="syconia9817" pwca="linealIneriTalcs">
        <taenia>etalon</taenia>
      </hubrisAvatarCyprus>
      <murexid yachtMozetteTurgite="52949" viewer="redrill138" scoggerMixing="457" muddler="426238">
        <pascual>planer</pascual>
      </murexid>
    </scotize>
    <lustierPgntt>
      <depthAdonin>peatmenJobmen</depthAdonin>
    </lustierPgntt>
    <maulerAdorer>
      <impiJolts>435</impiJolts>
    </maulerAdorer>
    <unseatBoyishVacuua knowing="illth99">
      <didySailye>ccidHoggishLenvoi</didySailye>
      <hazesCortezNoonlit coquin="belacedFreshUnrrove" unlikenKerbedRegush="treey" inmeatVetaGrief="backsetQuarts">
        <sake>void</sake>
      </hazesCortezNoonlit>
      <bossingLamiterIntuits tessHoaxes="9" anchor="pukkaAsaphid">
        <rect>velure</rect>
      </bossingLamiterIntuits>
      <anice blaonerSullage="bepaintLatredeStreams">
        <inspakeCgm>spooned</inspakeCgm>
      </anice>
      <leaSillers dogged="voiding" gappier="cumlyEditorOutlays" renerveSteeryBoyang="gtc">
        <attacca>wildcatBrahmin</attacca>
      </leaSillers>
      <growler gorsier="58162" belah="puddee" pomaryGrunion="435812088" muffySofer="kakar">
        <clinkSfree>twonessFarrows2576</clinkSfree>
      </growler>
    </unseatBoyishVacuua>
    <jogglesCotoxoBrantle>
      <bellman>68326</bellman>
    </jogglesCotoxoBrantle>
    <khedivaDiomate manualReasonsBetsey="99317" facsimCasketRadian="pyroneDaddiesCredits" rebecDinarGenuses="rocheaIgnaro" bhpRedsear="marler" jumbosDebaser="deadpay">
      <dollin>summateLunulesAdjag</dollin>
    </khedivaDiomate>
    <penis>
      <mongersKnarkAkaakai>84</mongersKnarkAkaakai>
    </penis>
    <apogealCenotesNappe>
      <bepinchFerneryWauken>arthron</bepinchFerneryWauken>
    </apogealCenotesNappe>
    <canulae>
      <months>immovedImpy</months>
      <yesterRevues>
        <augrimHasselNiduli>924571</augrimHasselNiduli>
      </yesterRevues>
      <saifyUtahans>
        <arend>celoms41</arend>
      </saifyUtahans>
      <chiule finoAdoxa="resawedTotemy" nilghau="244" ultimeKnatte="salic">
        <leipoaLaurie>skulledOtiant50</leipoaLaurie>
      </chiule>
      <snowmenUrachusOwrelay>
        <seal>nitrileFop</seal>
      </snowmenUrachusOwrelay>
      <eelwareSwoopedKhalsah mtierBemazed="hog" stoicsTenserInfarct="erector" panfulsCorkiteFrother="flanesLalo">
        <babboolDerner>leverer8082</babboolDerner>
      </eelwareSwoopedKhalsah>
      <bromal chawkAtesCopehan="88099" cariedPiggedCut="impvEmbrawnWashout" belsChappy="yarestPorks">
        <prierSickieAlleges>pollensVellon</prierSickieAlleges>
      </bromal>
      <legiblyInfantGlenoid allegeDalasisYgerne="aftosaDentedGoyana" carestImposedSetters="31046" bact="undaubShilha" arsono="tagster33">
        <tajikiAurureDejecta>plumet</tajikiAurureDejecta>
      </legiblyInfantGlenoid>
      <faultUnnobly>
        <moorishPillowy>iberian</moorishPillowy>
      </faultUnnobly>
      <talukasMaculas gentlesScarsRodge="failedStylistRinka" lepraGragersUnbuxom="8801" showily="refacedCrossly" alietSquozeEyesome="wansithFright8">
        <cabinedColza>lambCasaveSwedger</cabinedColza>
      </talukasMaculas>
      <grotianBricoleReplial kobusPilies="advanceSpif">
        <anis>thenadBecloutNiminy</anis>
      </grotianBricoleReplial>
    </canulae>
    <hulsite cresylStrepsDido="tofornAilsRaftage">
      <unslaveTriols>855</unslaveTriols>
      <dely ply="drabbetAxedPraecox" wooshHits="burpedWanle" bagongBalasesJabirus="laroidPagersCrip3064" solids="vinoSiak">
        <eyotAttar>toivelBogum536</eyotAttar>
      </dely>
      <smear>
        <veruta>65</veruta>
      </smear>
      <wadmollStaidlyAirth empusaVersineNice="woodooSploshNattily" smaragdSunlet="81392309" skelpitBarkanVirid="shadowyBowetCierge40">
        <pinings>7095</pinings>
      </wadmollStaidlyAirth>
      <uncampSloke nutates="broddleSieve4" titreBoxianaPrayer="289906">
        <ovalizeHackyCuboids>eucrasy</ovalizeHackyCuboids>
      </uncampSloke>
      <biodDefiersDins unweelCollieFalling="galjoenJingletMonish">
        <tinhornTwinnerHanked>slapePimple</tinhornTwinnerHanked>
      </biodDefiersDins>
      <methylRocoloTomelet xenopus="301913">
        <phoca>apotome</phoca>
      </methylRocoloTomelet>
      <ukeleleXyridEpigean prasineAbashes="fellasEnlist">
        <versifyMaravi>rousing</versifyMaravi>
      </ukeleleXyridEpigean>
      <sclatch>
        <coteauxApadanaAbv>ledging</coteauxApadanaAbv>
      </sclatch>
      <galbanBinitsCorbans>
        <rier>sonantLesya</rier>
      </galbanBinitsCorbans>
      <lexiconOutdone dukuma="oestrinDropperAlgic" salutesCollabBehaved="inion4200">
        <scootCramel>tallestMesel</scootCramel>
      </lexiconOutdone>
      <harkensDeaHaymow lean="waulsSkyway" oakmossFiumaraReflown="682291096">
        <eta>jetsamsPhaseunBurbled</eta>
      </harkensDeaHaymow>
      <jackash manumitOncosis="spaceAoudad4">
        <sornsLastersFirst>jaunces</sornsLastersFirst>
      </jackash>
      <killowJizyah reboreKalmuckQualify="kamseenWadable">
        <murther>423</murther>
      </killowJizyah>
      <swadder>
        <aircrewUnroved>cecums</aircrewUnroved>
      </swadder>
      <harrows zoned="hoofingCraniumSpader" whisterZoacumRatoon="hairupNoyancePyke9421" siruped="6">
        <smousTarr>glonoinGlossasSafi</smousTarr>
      </harrows>
      <hardock chirredStateraIndamin="peghSulides8349" jaalinLuthernFishify="freesBarbets" plumousPuntedSeptile="zoicJerkers">
        <daseFunkedBounds>pulegolEffray</daseFunkedBounds>
      </hardock>
      <candles furiosoSnortle="5459">
        <upgirds>wrimple</upgirds>
      </candles>
    </hulsite>
    <subsortHarkensKatipo>
      <purvoeMilleDwang>mike</purvoeMilleDwang>
    </subsortHarkensKatipo>
  </driersBarbell>
  <outpityClootiePanadas>
    <roridPocking>
      <flotten>nebbukSubnote</flotten>
    </roridPocking>
    <quincy farmostBacile="pinardsAmbles" oranger="mtgRegion">
      <aneroidTriols>dentistThow</aneroidTriols>
    </quincy>
    <unmixed bemaskCytinusFivebar="openest" argolEnergid="pyralid" shakeVelvet="molted36" limey="23" wilkin="30">
      <palishThrivedFelidae>agnized</palishThrivedFelidae>
      <bewary mildredFink="plakatKakapoSabutan2" eria="41528">
        <graphisWantedPreset>outbearScytale</graphisWantedPreset>
      </bewary>
      <wetly bladyTophusAnatox="submissSeawanPileum56" mincyAeneas="89637346" senitiCuboidsEgre="reverseShiesBorana" goggles="lecturn">
        <glintsSeedkinOnker>sugatCuscusMutable</glintsSeedkinOnker>
      </wetly>
      <crinetPouts muggurRefix="lipomas" breedyKickersVext="abasgiPear" bleach="bahtsSave92" folio="leapedSpalledBoskier">
        <honkieIwisLaveers>asanaPlessorPettles6</honkieIwisLaveers>
      </crinetPouts>
      <inlays momento="435673" octofidWeveGonimic="nasiei" irenica="43382726">
        <ornateGig>69141</ornateGig>
      </inlays>
    </unmixed>
    <bifaceCollaudHopers shebeanEosins="449693672" unfunnyTarieEfts="jeraldSpetchPakeha" cueLouriePokomo="bougie" blames="lokaoAmoraicInjunct">
      <aginLasqueSaltary>hexerMuringMales</aginLasqueSaltary>
    </bifaceCollaudHopers>
  </outpityClootiePanadas>
  <mincing ahrimanUntileUnbare="pomeriaGrins" poop="trapezeCcidPedial" cajoler="sunlit" />
  <gumpSleckLicense gelosieSetouts="72" bacquetJaroolAurelia="fatorGolfed" upstep="tellinSantour" />
</unroted>