<?xml version="1.0"?>
<tempsTacso>
  <leporisArsines aleuticFay="51688" unbudCand="sutraTakaoPukhtun" magnumSabikMarezzo="caroled" />
  <lips tiererMack="unstuffFowells">
    <spawler shaffle="rerouteDewwormLind" serranaUnvitalIdolish="twiToiseTogas2064" meriah="8159863" shagbagCascolSaint="midwardMassy">
      <specs>7152</specs>
      <nazismKedged altilikPariesPomel="shasterNeozaOrdeals765">
        <ensand>cladusYergaShanny</ensand>
      </nazismKedged>
      <golfer addible="luiginoDartosShovel2139" applAbbozzo="solfge949" angerlyPaussid="94">
        <espavelRialto>lizaOctaryEkron</espavelRialto>
      </golfer>
      <butcher elleckAroids="snoozesTildesDiavolo">
        <breathsAlmsful>endlessAdulce</breathsAlmsful>
      </butcher>
      <isoptic mutagen="munnionPagineSwamped" feebleCottae="agesPossie" burgTarMilieus="prasesWapitiTabu">
        <cheir>progsHonkingDecreer</cheir>
      </isoptic>
      <kahau helleryEsurineUrva="allaysCorvinaCetin41" unsourMatatua="andevoIctericFeedbox">
        <chobdarAbbeysReplace>serumsMaharConnote</chobdarAbbeysReplace>
      </kahau>
      <dipode retinal="victimsPlot">
        <orbitarSoaringTrotol>pupasDefame</orbitarSoaringTrotol>
      </dipode>
      <corerBlabberSnool flimmerWinbrowBoomdas="zolaismHobbledWrager" penariaHallels="cootCafoyShopful2">
        <pallallSieging>panoply</pallallSieging>
      </corerBlabberSnool>
      <hoopoosMeubles subtillWelt="inanity" chackle="barking">
        <streWoof>impalesEnabled48</streWoof>
      </hoopoosMeubles>
      <bursaryAlcoves jaggy="16200" membral="redbudsOolithMeeks" dhunchi="zazens" charmedBlebEndited="cizePescodPotshaw406">
        <avoirAcinus>fawnAltezza</avoirAcinus>
      </bursaryAlcoves>
      <wallsVivre dampHorstesIvyweed="fifed">
        <orpinBashfulAho>bassonActineUnhelm</orpinBashfulAho>
      </wallsVivre>
    </spawler>
  </lips>
  <meioses unwiveLemming="sercialThierryTiraz" sirees="mufti" renga="whooplaCageotSteaks" betRimer="ajax">
    <marinesHoit>
      <sounderGnome>huffingRaptors</sounderGnome>
    </marinesHoit>
    <wilderHitchBeaut auletic="facultyRumbles">
      <salpidsWristedDewlaps>lebanBelahRacily2</salpidsWristedDewlaps>
      <elitist>
        <skaldBonuses>67984462</skaldBonuses>
      </elitist>
      <bruting calvedWarhead="lenesPhellumUntrain" printedVexil="codeinAasSobole3673" seqwl="gilten" craye="tastersCityful">
        <arkoseShuckerRhapis>531461</arkoseShuckerRhapis>
      </bruting>
    </wilderHitchBeaut>
    <bursati bedampBraces="37" toetoe="shekelMaculasFulup">
      <upcome>caddowNavvies9503</upcome>
    </bursati>
    <seebeck simeKannadaMethane="cloche" acate="andingCathinZyzzyva">
      <equant>gowd</equant>
      <skipperCaiquesPhenic briguerPotteenGeegaws="alecupOniHardset32" epibolyJokers="myelins" fezzedPoemWarmish="unepicDiapnoeDianil">
        <tickenResownBaklawa>ruddsSquirtyLetting</tickenResownBaklawa>
      </skipperCaiquesPhenic>
      <wringBedewSuch>
        <cranFoutraTsadis>ospreysForestyTagsore</cranFoutraTsadis>
      </wringBedewSuch>
      <indin>
        <troueSextary>uncopeIkaryRooting</troueSextary>
      </indin>
      <steedEnlInbeing tapisesSmore="90691" enosCarsonGroovy="dicliny">
        <ludian>stannicCraw</ludian>
      </steedEnlInbeing>
      <padnag>
        <barbs>16409</barbs>
      </padnag>
    </seebeck>
    <prawnRhubarb>
      <bidder>bucko611</bidder>
      <grooperGeodist dextrerZulinde="croneCaserns" sapbushSerape="yokySamp" assemblHonoreeCheke="famulli">
        <halsKneecapDeaner>stacte</halsKneecapDeaner>
      </grooperGeodist>
      <obeyingGranatEnfirm>
        <seric>twittyOunces7</seric>
      </obeyingGranatEnfirm>
      <vendeanRoke miskeepJager="notches" syftnSarraf="koleaUnfix" subdues="kabuli">
        <alonzoDerveHoddin>acridyl</alonzoDerveHoddin>
      </vendeanRoke>
      <privilySulksHovers chunter="towrope67" drubbly="antoniaStichicBuggers">
        <nosegay>8717951</nosegay>
      </privilySulksHovers>
      <thatchIdeata inoglia="zoftigUndeepAides9941" carrels="phenol78">
        <rengue>skylook</rengue>
      </thatchIdeata>
      <dicyclySlushesPatgia repl="teemfulPiscineLovably" dustbinPansit="sickoutButtalsShaitan" maghzen="7171" sparks="3">
        <ruchbahEightsChaired>dronersPounced</ruchbahEightsChaired>
      </dicyclySlushesPatgia>
      <nadirClimberSubcell curniesTreacle="rhumbaPrimmed" poiluAitionMaidish="rereeveMelodicZaddick" groatsMusrol="adaptorTartly7119" gaysPretoldOpticly="concursSiphacRaphias">
        <fatwaOrlops>phobicParsonyAdiated</fatwaOrlops>
      </nadirClimberSubcell>
      <masdeu bushletTamburErnesse="loudensCabane" tubsPaw="daymen393">
        <tritestStumorWeather>tongOrthite</tritestStumorWeather>
      </masdeu>
    </prawnRhubarb>
    <lapwingTapeteOozier hoblike="1006">
      <magnums>shrikesMarathiMcf</magnums>
    </lapwingTapeteOozier>
    <hisselDottedMadonna>
      <vacuityVolt>93028</vacuityVolt>
    </hisselDottedMadonna>
    <uppoiseFlotAttest>
      <amoretCuffinLoess>655</amoretCuffinLoess>
    </uppoiseFlotAttest>
    <acylsSqualiSolace>
      <isiacalQuotChimin>dunite</isiacalQuotChimin>
    </acylsSqualiSolace>
    <arioseAdvisor>
      <clep>3135462</clep>
      <ambientSuingUpgird>
        <pourieClintyVessel>barcooPork</pourieClintyVessel>
      </ambientSuingUpgird>
      <gazedStudeVoyance bitis="paleaeHomishDilemma" swasherProcereValidly="amableSuttas" cainianVarves="pitayaLambish" troozUnvital="eryopidAtaxias">
        <gynics>overcoy</gynics>
      </gazedStudeVoyance>
      <turbineCelebre preciseLaundry="908" dixit="lucanSharped">
        <hoopla>fudgerPother</hoopla>
      </turbineCelebre>
      <covetCardin>
        <jungledOoscopy>stadiumBoreusGagaku</jungledOoscopy>
      </covetCardin>
      <tanselIdaic>
        <lentenNosean>almagraShrikes</lentenNosean>
      </tanselIdaic>
      <tucknerKalpa whorlNosyZanella="butenesMutate" samaniTennisyGalliot="triviaBausond" visaBowtellMolman="startsyMilordsGeraty">
        <dandledLipomas>poliosUnjointFetise</dandledLipomas>
      </tucknerKalpa>
      <benameeLacings amhar="pokeoutCraddySpoused">
        <querentRecleanPassewa>moileyWidgetScarpe7490</querentRecleanPassewa>
      </benameeLacings>
      <cadUsageSewar>
        <prangsNashuaCause>cristy338</prangsNashuaCause>
      </cadUsageSewar>
      <faselsJalops est="manjak" relinerBuba="kondoApp">
        <loonsPrancedBooly>mazerAla</loonsPrancedBooly>
      </faselsJalops>
      <cheerlyAuchletBelleek prudist="cabinet" seenuSeatangFaddy="marinesCabal" globy="bigmittGainset" folky="setousDevoice">
        <rough>rikshasIcarian25</rough>
      </cheerlyAuchletBelleek>
      <cuittleSyphonClonal lassuLevis="wammus" dienerThirl="praosSundarSwami" rehairMagyarsYeni="barwingLinguaeRead">
        <reheteCorverMaga>mutuateGeratic</reheteCorverMaga>
      </cuittleSyphonClonal>
      <acruxTrackerKapeika hosemanMutts="crowbarDyakishCarpium">
        <falsen>hollowAflush</falsen>
      </acruxTrackerKapeika>
      <caftanLogger fewsome="angekokGets" partesSemilorSillock="90" midwest="musing1" pylorusAlludedPigmeat="20">
        <diluteeKetuCliv>sus</diluteeKetuCliv>
      </caftanLogger>
      <cofinal steponyDreint="fraplerNist" mizens="ionised48">
        <shrillsDefrostWillow>unwitsBaruria</shrillsDefrostWillow>
      </cofinal>
      <cheraSuffice antaraSlangyFallacy="groutyRepayStacket">
        <baftSploitBeggary>plaguerAisles</baftSploitBeggary>
      </cheraSuffice>
      <bemadamSensateBugeye scawd="poxingLastre" kummel="2658" remipedJudgeUnyokes="bandhMandapaTest" dwarfsFideleLurking="roseryRevet">
        <anguloaAssiegeVaster>orcaSampDicotyl</anguloaAssiegeVaster>
      </bemadamSensateBugeye>
      <dissuitTomkinColp equipEmprise="sife" unboldByline="tuguriaMautsAggies">
        <stash>pitworkFroggy</stash>
      </dissuitTomkinColp>
    </arioseAdvisor>
    <dozed>
      <tithing>birksAmolePasillo</tithing>
    </dozed>
    <lascars scragsSmartedCircle="cagyCicalaEvadne6864" tearcatStifles="loftsUnslate" gamblesDalIeee="filla" gossard="8223" chauvinOpencutAnounou="boskyKeywordVistal" zebrineVictrixPuntist="78355">
      <uploadsPinal>secesh</uploadsPinal>
    </lascars>
    <geer soybeanDownier="viniestKlinoBacchus" calsDietingAcerbas="douckerOddball" slatySkyrinDelvers="storkenRemit" solanosLobfig="131049471" fumbled="bienniaTincHuashi7" unfolds="gersum" engleimRuelyHacklog="warped">
      <tushery>99585</tushery>
    </geer>
    <flokite opelu="assertGuanays" wortDeseedShairds="cirsiumSiluric" kamaresPolaron="goombay" decken="lindsayChieve">
      <apxNabalMugger>medimno4</apxNabalMugger>
    </flokite>
    <acholiaOppleteFossae>
      <chinolLectualColony>polesawRaughtySikara</chinolLectualColony>
      <balersFaweSlopers emfDatism="phacoidInoculaFrontes" rerobKakatoe="7618" blipUnstyIcbm="tamoneaHabilleRecpt">
        <ocarina>phasma</ocarina>
      </balersFaweSlopers>
      <palloneKennellDogmata>
        <gauchoAssuage>truckerCrewmanGlade</gauchoAssuage>
      </palloneKennellDogmata>
      <outecho clayishMorosis="burrhelWaning">
        <welshryWaylessWould>fulmar720</welshryWaylessWould>
      </outecho>
      <unlealPirootJoeys torgot="swiddenBegraceAlburn" burezFlaite="sooganKippeenPuruha345">
        <crowtoe>helewouQuitu</crowtoe>
      </unlealPirootJoeys>
      <jarlsMerlesConteke untying="488497" dsnamesUnnerve="hissGiversVirelay" tabourByroads="groanedSiccityGasogen7725">
        <humphsCoaeval>pookawn3362</humphsCoaeval>
      </jarlsMerlesConteke>
      <ticunanGiguesAwfu determGranamMawseed="flowMalines2580">
        <kamiPrivier>oskar</kamiPrivier>
      </ticunanGiguesAwfu>
    </acholiaOppleteFossae>
    <savingsBeroe>
      <prep>4</prep>
      <frisca>
        <baldCadyMormyr>tulchinAilsyteKoel</baldCadyMormyr>
      </frisca>
      <amidid lemurLysingPank="318746882" rout="overcow3693" neteLogiumToddle="coonsBulgy" snivelApriori="895266084">
        <yirredPremate>jumfruMowhay</yirredPremate>
      </amidid>
      <reloseAptian sighfulTrigEpikia="cagierProcneTarp" venererGunther="657692" inbornWaffly="5" manisOhmage="cadaver">
        <cogidaGrabbedPledger>feruledSneakyBawneen</cogidaGrabbedPledger>
      </reloseAptian>
      <kex frette="929" seisure="velarRadeau">
        <radlyMungos>stopway7517</radlyMungos>
      </kex>
      <sejunctTexacoMariner quetsch="indinEnwombs" trollsGlaives="peize" flanesLocules="catchJawans">
        <buxine>diapsid</buxine>
      </sejunctTexacoMariner>
      <wanrulyPapaya camenaeViminalDecor="texas" scholae="unguesChocoBeancod" thongyPoised="eppesFennecs" maugerShilled="chounce">
        <escrodMadroneAmpoule>collabFirmaShaktis</escrodMadroneAmpoule>
      </wanrulyPapaya>
      <wedgyNomeus ademptTunyLingot="825021854" khanumNongame="591456" tarzanIdotheaDouras="titmanMandrinPiotine">
        <plagaeBakalaiDiseur>tanagerRepage</plagaeBakalaiDiseur>
      </wedgyNomeus>
      <mamboZuddaParcook ablatedBatters="niflingBossageNesters" befistSunkenKisser="rippledCarbarnAttests" tssCornada="torvityMasonicCund" unfoldsPenis="7375046">
        <skirredScotsWiglets>enlayLongyi9</skirredScotsWiglets>
      </mamboZuddaParcook>
      <kodaguCsch>
        <ipmDunkled>gambistBaraunaObitual</ipmDunkled>
      </kodaguCsch>
      <eryopid>
        <rimfire>2889</rimfire>
      </eryopid>
      <sporont joycean="barmote" haeresKarval="isolomaDashelGasogen581" gautTrommelFurdle="flailedHoliaBrayed" unrestsMinie="banalPreacid24">
        <godetStreakMara>cancels</godetStreakMara>
      </sporont>
      <clang eralUpdress="rebiteLaver">
        <radiacInarmedMandate>muguetMastingBebrush</radiacInarmedMandate>
      </clang>
      <outsung thermicCestuyThriven="creanceUnstripFrog" prawned="clerumBacile" raisinSluedChytrid="9329" magsmanKnitchJarveys="airtimeUnrein39">
        <alwise>3608</alwise>
      </outsung>
      <perfins laigh="70574689">
        <journal>marimbaAbroach91</journal>
      </perfins>
    </savingsBeroe>
    <bahoEgmaCawnie>
      <takao>troot9103</takao>
    </bahoEgmaCawnie>
    <uncork>
      <bubalis>396351</bubalis>
      <aoudadMaxis filet="bandorHocusRisible" claretsPolerWashday="maslinAnodize">
        <avahi>wongshy</avahi>
      </aoudadMaxis>
      <imprasa deponeOrganic="baru" ingreveOlympic="98786784" twaltSpice="surds">
        <skidwayClamp>morfrey181</skidwayClamp>
      </imprasa>
      <amicedRipplet bahaism="copihueBrim" byeman="mongolsKrasBardes">
        <fervent>borylScarier</fervent>
      </amicedRipplet>
      <gibliCentury boarder="schavsMphBelove8680" ansarBestorm="guardoIpr" inlessOkuariHighboy="punchesPonja">
        <joukAtrypa>lungi</joukAtrypa>
      </gibliCentury>
      <outpayDerning>
        <raglansUppedBotchka>burntly80</raglansUppedBotchka>
      </outpayDerning>
      <banPodal outbanCuter="diableRotoProneur" gyresUnfleadSpuries="legmen">
        <neotoma>ectypeQuizzedHoggers909</neotoma>
      </banPodal>
      <topsideInutile>
        <untiedReredos>curvedTonifyHubcap</untiedReredos>
      </topsideInutile>
      <crees grandadDidymiaEncyst="chacateSkeins" hellcatYappers="rippit409" jupard="cognizeZeidaeSchemy" luggiesAlbionBifer="promptGeason">
        <servite>yawroot</servite>
      </crees>
      <lambish terselySoh="malic" panacheElle="cockler81" derveUnreaveYus="stearin" pruners="48062833">
        <trombeThrobCoupons>vigourCibory</trombeThrobCoupons>
      </lambish>
      <propaneTubbing euclaseSware="syllabeRootiUmber">
        <niters>enlargeTuxedosShmoes</niters>
      </propaneTubbing>
      <lungan nonskedCookery="abienceWold" curite="62" mamsell="bootherBetise" togaedGros="793360204">
        <rewwore>taxatorAids</rewwore>
      </lungan>
      <bilgeAretTumbles urielSmervyTact="9520110" timaniJeff="trisulQuilesPeglike" hokanRaspis="gobioOliveToted" chymicsTrickCraylet="6">
        <platersAcaridaPignus>obliqueSeemingDecoct</platersAcaridaPignus>
      </bilgeAretTumbles>
      <leased deuceSpicers="ened" liane="sharker" kokilaPeep="cosmati" bopJorramCartes="clawkerPoufed">
        <basellaTeliaCoffers>whoaCrowdKioway</basellaTeliaCoffers>
      </leased>
      <prewire zaps="234998622" urasesUnttrodLatirus="besmutTenneInvidia">
        <poesiePerlaWattis>bedunchExulate</poesiePerlaWattis>
      </prewire>
      <serimpi haunterGusherCambio="anyLabanElijah129" unvalid="glycol137" resat="vaurien">
        <testule>bowseryToweryPiaroan5</testule>
      </serimpi>
      <toledos fiancedWambled="steeve">
        <matzoonStarredBoterol>holloedViage2</matzoonStarredBoterol>
      </toledos>
      <complotYclepedHuzzahs bridesSwotterStands="simpleOssalExecs" bokoReharmTeguria="sidledUnaflow" eveEvilest="icefishBugfishVenero">
        <foggers>prawnerStackup7</foggers>
      </complotYclepedHuzzahs>
      <poemet petherEmperor="eulimaDryfistZanana" waveoffTariana="variersManto303" impubicWahabiDefunct="backageKellionAzured" aweeTumasha="6">
        <wafter>turkiAchuete4063</wafter>
      </poemet>
    </uncork>
    <sapota>
      <scalopsSadwareBullace>635415190</scalopsSadwareBullace>
      <cassiaGodlikeConche forbad="eosin" lowbredFluent="upupoidSilkedRhizoid611" axionGyvingGironde="pavanneTaxibusIllites" quoinAvidyaSubarch="pluteanPascolaBeehive520">
        <geldedFolios>subdialMilkier</geldedFolios>
      </cassiaGodlikeConche>
      <outjazzSubsaltGaults>
        <kistsModiMixible>drusedTropyl756</kistsModiMixible>
      </outjazzSubsaltGaults>
      <enquere herbary="hopakTought1">
        <durbar>shakudoMacacaAtria</durbar>
      </enquere>
      <rappe cattleCheveysSlimpsy="jacobic" rompers="siskinsFortify2">
        <draymanLideReeve>youwardCranniaSpacial</draymanLideReeve>
      </rappe>
      <horsifySanghs aoristsGimbletThirdly="pahiBeelbow75" dressesTinealBoatly="soursCopsyGens2790">
        <platingAldaminDarkeys>okehsArgalas</platingAldaminDarkeys>
      </horsifySanghs>
      <fairwayUnreel winging="camansiDaraptiAga" visier="bertrumRhine" currackMelodicPailful="319176867">
        <trinaryCajoler>foxbane</trinaryCajoler>
      </fairwayUnreel>
    </sapota>
    <vestingIndef regiven="76" punk="cowkine9718" wapper="324493810" swarth="27415" ranged="slinkMordieu" inertsCattierPos="craver14">
      <layingGobbleDar>barbersLivethRadek</layingGobbleDar>
    </vestingIndef>
    <yajnaTattier macchiaTalinumChoir="exxonTacanaTokened" refresh="9738860" lacmoidAureateStalder="arte" ulnaeUnowingChutney="6" nichevoVedro="philTbsAmbles">
      <thiggedCuboid>vidameGhettosPresidy8020</thiggedCuboid>
      <vulgarUnbench torgot="gorgerMizraimNichevo" brickHabu="graddanFarcerOdax">
        <beetlerTedious>sisIndigoAristo</beetlerTedious>
      </vulgarUnbench>
      <defiersUnlevel workmanUnlawTicky="ashlerPhialeEnnew">
        <brushedHrznTirasse>tampangAcoinMicrohm26</brushedHrznTirasse>
      </defiersUnlevel>
    </yajnaTattier>
  </meioses>
  <inphaseJarret>
    <foisonsIgneousEimeria>
      <iberism>tribune</iberism>
    </foisonsIgneousEimeria>
    <capsBusks beenKauryPomaded="scabidLimasVigias" gaucyShirpit="snoreGallachViduate" groundTiedog="ronnelReperk" sainRuntier="leader" tofter="bozaEmporiaLinden" opercle="rapinicAcaridsDifform">
      <colugos>4031</colugos>
    </capsBusks>
    <tenia>
      <boffsUnwish>reran</boffsUnwish>
      <freirSaginaTergal errancyTholeOwes="amtracCapper" movedCarneyBombing="401411770" denyingBellumTraces="ralsLoafs">
        <silas>pilleryNaker</silas>
      </freirSaginaTergal>
      <fanonButeneWyn druggyBad="addend" subnessRavenedJarinas="sidiaNiue">
        <navetBoyishSnuff>tody</navetBoyishSnuff>
      </fanonButeneWyn>
      <unpeelHotpotVoguey>
        <gynecol>ivin</gynecol>
      </unpeelHotpotVoguey>
      <nasardArtePsychos>
        <asilid>porellaAbuses</asilid>
      </nasardArtePsychos>
      <lockrum>
        <riataAlecFlabs>iglu</riataAlecFlabs>
      </lockrum>
      <indultoDidna mashonaHoutouHamals="gynicsOsmunda83" beggarsBogeyChouka="torpidsSheafs" dent="corpsy">
        <refugeeOmens>unadaptWhirr95</refugeeOmens>
      </indultoDidna>
      <quiz unripMackle="vicunasBatadGuajira">
        <pappiesWoadwax>globoidGumpTints2738</pappiesWoadwax>
      </quiz>
      <urnfulSplodgyAdar cleomeAfric="dandy6" smilers="615970" aliya="methoneJounce2651">
        <humiteResumed>hagrope</humiteResumed>
      </urnfulSplodgyAdar>
      <icbm>
        <oxbows>excreta7839</oxbows>
      </icbm>
      <tissu>
        <immured>9</immured>
      </tissu>
      <octanItd>
        <bedman>inarmedMufasalBowable</bedman>
      </octanItd>
    </tenia>
    <lockian>
      <chegre>aroar</chegre>
    </lockian>
    <taffetaTurkleSewing>
      <teguas>clopNeweltyMansion</teguas>
      <bushVolcanDehorns kahiliKhairCarls="14645067" fogyismSauces="frothed" cowpeaBittorAxes="jammingHankieCupula">
        <fidibusKaikaraDingily>asramas</fidibusKaikaraDingily>
      </bushVolcanDehorns>
      <drunklyTortaysPaprica taheen="7890" mousers="vanessaOxhousePuler" manorsEnisleDiazine="payloadTakeoff">
        <sizal>corries168</sizal>
      </drunklyTortaysPaprica>
      <savoyedMottyPassir philtreDyadics="lophuraReties">
        <convexHombrePiloted>12033</convexHombrePiloted>
      </savoyedMottyPassir>
      <leafingLesgh blameMousingBryndza="enochicFeastly" emulsElapineVarmint="chrysalAbattu" jagheerKajeput="smeeTobe">
        <toastyClass>blosmy</toastyClass>
      </leafingLesgh>
      <knaidelTiercel anakes="7143" shagbagPinuelaCivilly="tarps" fedsCordia="stylers">
        <apio>pinaxFlus5</apio>
      </knaidelTiercel>
      <unmutedNeedles sassiesConsyPitmirk="purry" truancyHeehawThester="boddaghRenailKeels">
        <gussiesRheumic>rinkiteScrumsEmeute</gussiesRheumic>
      </unmutedNeedles>
      <gameneProv cansos="capoPhonerPaga" wreathCommits="vepsPanties319">
        <ignMadame>sablePalooka36</ignMadame>
      </gameneProv>
      <unificFagoterWonky>
        <polaric>leiMakopa</polaric>
      </unificFagoterWonky>
      <brrBygoing dagosRatters="aflameDonnedCalef2213" cinderyVaurienBaidar="scamler" lickersDemulce="laveerSoaked">
        <retimedQueriedDefat>348127868</retimedQueriedDefat>
      </brrBygoing>
      <jungledExtremeNapery challahSloes="terror8" sendle="kraversBravoedEvomit" upcarryChilver="fubbyStanSpoon" coumaStromed="winepot84">
        <speersMerope>frankly</speersMerope>
      </jungledExtremeNapery>
      <coalaSubsereTilley cirrateWuspCramble="fool">
        <sambouk>tastedUveiticBaboos</sambouk>
      </coalaSubsereTilley>
      <teetyParols irelessSovkhos="boidaeMagots" misrulyStelarWealth="harpa122">
        <pilleryJisms>strigaeSunsmit</pilleryJisms>
      </teetyParols>
      <osteomaDugwayAttorn smilySympus="cullaysTanistsAnnatto">
        <naiviteColetit>wauraDonorTroughs</naiviteColetit>
      </osteomaDugwayAttorn>
      <hughocAudubonSalamis durumPois="cloopCirroseLatino" beden="7452" cabahoThomasaShofars="humbuzzCameras" reentryFigbird="818401">
        <bhunderLigatedDykes>dossalTawgi</bhunderLigatedDykes>
      </hughocAudubonSalamis>
      <miseAgitSider yippiesUpdriesCadew="glaived" preacid="cottise" meloe="acequia">
        <rockman>desylPlumousIffier</rockman>
      </miseAgitSider>
      <spasms corageTelia="sackbutCairenePeliom">
        <dinderFunk>galleonNewness</dinderFunk>
      </spasms>
      <hayride cejaLappishFussing="revile" surely="slippy" issuersScramsSaxten="cheder">
        <aghast>152</aghast>
      </hayride>
    </taffetaTurkleSewing>
    <sponginAtipZimocca orphrey="lasherCuirassAfoot" enfortBrollSinaic="flyawayHutiaLifeful" gripheSoftiesArbitry="forgettQiviutStickup" moneron="7751932" popjoyDaijo="impregnJupiterBullety" kaneCronusSpurt="menukiSinusal">
      <zieger>spaed895</zieger>
      <mocoa bealingVermixLaissez="88361502" boppist="potassBroadly" zorils="mussier">
        <fligged>opensAbstort</fligged>
      </mocoa>
      <glover wormian="pikas">
        <bedarkDoudleChurred>turret</bedarkDoudleChurred>
      </glover>
      <martingJixie joualsDomedMilked="areolarTenioMislin" contosSorose="santimsTersest">
        <notal>495</notal>
      </martingJixie>
      <fisting troolie="bedogGradualSphacel" penisKodroLehayim="scoping">
        <visorAullay>happedBlade41</visorAullay>
      </fisting>
      <ousted sak="opus735" nunsSalsVirtual="limeys">
        <arose>80</arose>
      </ousted>
      <dailyQindars ruffingHairofProfert="1" elengeMech="chupak61" diapaseAscones="mandsSqrt18" culebra="893066276">
        <nylonGuidons>59010171</nylonGuidons>
      </dailyQindars>
    </sponginAtipZimocca>
    <bariDipodicGranose>
      <otiantLashornWoman>9</otiantLashornWoman>
    </bariDipodicGranose>
    <disgustTanager clapeScads="affluxMushierMainly" noggenPlouter="qualify">
      <fifteenAxiform>gunnenDorbug32</fifteenAxiform>
    </disgustTanager>
    <stingeCasbahDrawly>
      <ushererTemps>dugwayBudless</ushererTemps>
      <choristLurch heddlerEjooApyrene="defoil7166" hapliteTeesSindhi="quendaRetems6">
        <encomiaForma>preedKahar</encomiaForma>
      </choristLurch>
      <begay>
        <sickenFistingUnlegal>papelonTaxemicCrotchy7</sickenFistingUnlegal>
      </begay>
      <garotteInducer diosminSoonlyKnawels="5">
        <shakti>glaga</shakti>
      </garotteInducer>
      <resewedBudgetsTokelau osmundHatting="lingaPalliesTrop65" shindigClutchJuha="24356">
        <azteca>quayedSailyeBasoid</azteca>
      </resewedBudgetsTokelau>
      <snawingMatchy illogic="erwinia">
        <viduaDuctule>jurymenCrackedMurdrum</viduaDuctule>
      </snawingMatchy>
      <sherds guranTeckLunn="soirPropels" blister="dimoricYolked" engazeNixing="93941710" kolobusBrasher="350458">
        <torothFactfulAcoela>unputSpewedBanuyo9506</torothFactfulAcoela>
      </sherds>
      <gipons dialupDonutRadion="sandboy">
        <slopy>tortileOrlopsCaromel</slopy>
      </gipons>
      <coofSwidden donatorPunishThrave="289896938">
        <upwith>badmen</upwith>
      </coofSwidden>
    </stingeCasbahDrawly>
    <fuzing firemenWisp="90" paauwBemix="lutrin" acronalSoud="agnizesChilina" ouenite="fogoCouloir">
      <gauntryBoilAniline>gownsHybridJawbone</gauntryBoilAniline>
      <pleiad intends="harborArrays" restuffWinesChimbe="5898" toroth="fortakeRicracsAphodal" adrueCuracoa="malineAlloys774">
        <mitu>rosinRleFloreal808</mitu>
      </pleiad>
      <coenure>
        <adding>chorded</adding>
      </coenure>
      <runwaysBaleys unused="virledMout6344" rudista="byelaw">
        <unbank>brawlysScaups85</unbank>
      </runwaysBaleys>
      <bordJuicedBajury awhirLimbic="caryl">
        <gudame>fargoodAgape</gudame>
      </bordJuicedBajury>
      <geikia>
        <mundil>wintersBussed</mundil>
      </geikia>
      <graeaeRelishNoreast gloriesAvocado="azimechAdvImbeds" rikshasQuantaFopping="hamitalIndiana" durenolMoyiteRimiest="pleaterQuinic">
        <deployCroppaCure>853809</deployCroppaCure>
      </graeaeRelishNoreast>
      <pobedy luggingBeshow="burtSamh" isonymyBoraniEstoil="tjenkal7">
        <bumkinsBestrowFatbird>spinoutLimidae</bumkinsBestrowFatbird>
      </pobedy>
      <mellowsPegbox delist="janua" inoma="lumbangRaob" wilroneBanigDaybook="manned">
        <alepot>showd</alepot>
      </mellowsPegbox>
      <oenolicThropeBusses sillilyPendantPalmier="tetricBalebosCytol">
        <menthanCalibre>731</menthanCalibre>
      </oenolicThropeBusses>
      <nektonsFooster asidenUnked="561" pommel="oedema">
        <flowageEnheartUlto>921630105</flowageEnheartUlto>
      </nektonsFooster>
    </fuzing>
    <vriddhi cymenesBizoniaRincon="legatee" posableDelvedCrare="jovaShamalShasta" aphagia="xylinaAlvanAttend" brayeHulsite="345461">
      <tewelFunic>sessaPilferyAtomize</tewelFunic>
    </vriddhi>
    <peepedNachAlehoof seceded="palmier" worldlyAnsaePortal="psocids8" caupoCorms="540030971" variLacmusWeneth="charelyAtli" enwrapsTetrdraKaross="creasy" grousyGoniale="boll26">
      <masonerKibeSartors>bogomil</masonerKibeSartors>
    </peepedNachAlehoof>
    <klephtsTineolaFlamier nautic="seemlyLige" renoveClawersRodham="deunamDislimbFools4483" moet="suluanCarnac8" spignetLeversCaveae="buffierCuphead">
      <frenneNoemiExiled>kleigHello</frenneNoemiExiled>
      <stance schepelAurigo="obeyers">
        <roseletInglesaLithog>liftman</roseletInglesaLithog>
      </stance>
      <rewelds>
        <guebre>turndunChromo</guebre>
      </rewelds>
      <fotchEmbrown quiriteRoueAnimous="westlaw" nexalSump="brumbeeUplinksMesites1434" boffosHafnylCepter="154255252" sterlet="cohos">
        <anywhenTittersAlloo>laccaic</anywhenTittersAlloo>
      </fotchEmbrown>
      <circuit gunnersGrouf="lushaiGleesUnused356" isletedIradePsig="canis59">
        <tavsPapyr>imperyAinsell</tavsPapyr>
      </circuit>
      <fishfulHure lasingImpish="blowoffDama" cheers="pavid5">
        <jainistElkuma>approofCellingPaying89</jainistElkuma>
      </fishfulHure>
      <reheardVulgarsSaggars gravidaOxozonePolyol="infixAnchusaCeroma">
        <slewthComida>shackerDaniel</slewthComida>
      </reheardVulgarsSaggars>
    </klephtsTineolaFlamier>
  </inphaseJarret>
  <tregohmAnseres llaretaRitardsSaracen="darnix187" lamel="poignetApiaryArrays" dicersSnooveKukri="90408362">
    <cardiumOrdealsWakanda>
      <nicobar>4</nicobar>
    </cardiumOrdealsWakanda>
  </tregohmAnseres>
  <chestyGorrelHacek sour="clannedAdoninSlushes" anacardCushawsViscose="guidingUnciae58">
    <bestadColletJundy proselyLunata="75" drammeBulla="buxus" termersChubEnwove="pestlesAmmu">
      <mondaysTories>14535</mondaysTories>
      <nonlifeCrayon gentVeinule="gebangaPicquetRotulus">
        <hallooInureComdr>carisaAseptic</hallooInureComdr>
      </nonlifeCrayon>
      <gestesSnooked tin="2" distrPelado="sproseAccoy" raggerWarking="hicksFavoursSorbin" cotoros="carfour">
        <pirayaTowns>pommelNucula</pirayaTowns>
      </gestesSnooked>
    </bestadColletJundy>
    <disardUpslip>
      <satdQuader>thixleLethyArmpit6667</satdQuader>
    </disardUpslip>
    <blubber brooky="unpapal53" skegKeffelSprawly="55105" darac="carve727" bludge="negusesThoftMeaner" orlTen="3589" whelpTallows="valuedAmidGlens" broadsManna="quinolFalbeloHubby">
      <nervure>simioidWarredMordieu</nervure>
    </blubber>
    <dunny>
      <lick>booedGonitisFumant</lick>
      <ametriaDiluter mockingHappensChahars="unnear">
        <nanmuUnhotKeyset>amigos</nanmuUnhotKeyset>
      </ametriaDiluter>
      <miltosWeightsFolder andianFigaryBodword="gombayOomancyHarast" outfawnBordureOperons="pistol" cubismFritz="rosinedPhajusOwls" shinier="recipes">
        <caulesMaki>etoile</caulesMaki>
      </miltosWeightsFolder>
      <grievedLucrine>
        <ivray>videndaCorriveHeathy</ivray>
      </grievedLucrine>
    </dunny>
  </chestyGorrelHacek>
  <boodyNosier nelsonAbave="famularJoachimClerus" kerrilBayokGrommet="gattenRfree964" fulupSpirems="16840690" maziestMedlarsCheroot="comusCaitifBabelic" />
  <wergilSaharan deplaceTakable="theoricItalics">
    <astuteBaling>
      <rugousBeadsRappers>flamers</rugousBeadsRappers>
      <cocash kiwi="month7" unroughLangoon="bemat" grossoTeucriLoungy="qindarWauk">
        <coehornTopsNuculid>marchetBinghi640</coehornTopsNuculid>
      </cocash>
      <grippleRokyWields moiraMesally="huffleOrientJinx">
        <aeacus>astrolPorture530</aeacus>
      </grippleRokyWields>
      <nestTerbicSofkee mammaeAwaitsLadykin="damnii4969">
        <copular>9</copular>
      </nestTerbicSofkee>
      <lotosSenesce menthyl="toddickMansEllick1704" waughtsRodsmen="mildewy" mnevisFlogger="pardeeAkoasm" bambinoPatters="eaglingBarque1453">
        <meanderBulbar>creat</meanderBulbar>
      </lotosSenesce>
      <tubAgnean>
        <unbeastSutile>jointedLogout</unbeastSutile>
      </tubAgnean>
      <emotingGutlike milordsGoelism="fuchsin" spreeuwApsid="adrift" tupeloBosks="cringeAcacine" consolGundiWoodsy="69">
        <sawmillPare>boffDeux</sawmillPare>
      </emotingGutlike>
      <pightel>
        <lungyisFuggierTaft>fossorsJadedly</lungyisFuggierTaft>
      </pightel>
      <wordleTirling>
        <turnorNabbukChurns>tottieMecatiCronie</turnorNabbukChurns>
      </wordleTirling>
      <heraudSechNomap jiboaPerulaPlatode="florian" mormaorScarrer="unitiveOvertip" livedLemming="paulianAvenge354" meliorMaliki="146557">
        <barratMeaw>nachaniAlcade</barratMeaw>
      </heraudSechNomap>
      <ululantSugaryAnthine bakingPoliteiUnwoven="biron">
        <reslate>birdieApostem</reslate>
      </ululantSugaryAnthine>
      <inflowsJundiesPrecure>
        <seabankFeued>belikedLowers</seabankFeued>
      </inflowsJundiesPrecure>
      <pedesisCrawGraplin>
        <lofter>40084</lofter>
      </pedesisCrawGraplin>
      <nightsAugiteFullam jukeDarersJadedly="corsosLimes" seismicAgogicsDipylon="1354802" bedman="potheadRootierGerate">
        <beadingBabels>344654</beadingBabels>
      </nightsAugiteFullam>
      <osellaSulfo>
        <decimeHelms>fatals</decimeHelms>
      </osellaSulfo>
      <croceus excipleDoteLocusts="454838950" reetle="seinesWilliCodamin" cabbage="mobable">
        <creeksGrunPalm>athogenEelingEsprit</creeksGrunPalm>
      </croceus>
      <saic locnApoideaBahur="4" donutMoilingWakhi="hellingAtonies" kashaCreantBalsas="crunchReplanMardi">
        <upbeatsHouting>divers</upbeatsHouting>
      </saic>
    </astuteBaling>
    <fipple>
      <siegingMaids>955862679</siegingMaids>
      <zutugilEvoke molingCesium="serpensHepcat">
        <caneDulcitySweert>knotSawed</caneDulcitySweert>
      </zutugilEvoke>
      <ismaili cherryBasingAmban="unwallBhutsFatsia" seraphs="tufty">
        <rambo>436699</rambo>
      </ismaili>
    </fipple>
    <semouleChoirGracile piosity="grippeSifting46" rankledCatodon="nobody3186" prostoaCoaidBears="samalFencedSyed">
      <pamTrouv>oakum</pamTrouv>
    </semouleChoirGracile>
    <aal miniums="inflexLardoon">
      <tristNotateCover>bluePtgWigan</tristNotateCover>
    </aal>
    <avesta>
      <velluteFourthAngrier>loftierBesaintFrizer</velluteFourthAngrier>
      <maddleCreatin bason="vocule" tropinsWhizzleScyphoi="pythicHettieSirree" podicalMarling="yulanPltano">
        <flybyLimer>610</flybyLimer>
      </maddleCreatin>
      <mogoTalcingBewitch imphees="5">
        <typeyForexHowel>pavenCabbagy</typeyForexHowel>
      </mogoTalcingBewitch>
      <veruledProctor whynessStrollsBales="gaistMerge" baguetsGanglia="bensheeLoachLeeks">
        <mohabat>fleecerPolygam</mohabat>
      </veruledProctor>
      <kleshaKeppedDizen sucks="thramGlyphsMisedit22">
        <agarDoddieMaugre>bister</agarDoddieMaugre>
      </kleshaKeppedDizen>
      <solvateGirrock couxiaUseableWidegap="hydrolRipping">
        <creaksEnemyCarnary>betsoDoomed3</creaksEnemyCarnary>
      </solvateGirrock>
      <pallionRejailSmurr cierzosHareldFallers="spalder" unseatBongedTomtit="wakandaBrujas">
        <intoedRipupWraxle>scoriac</intoedRipupWraxle>
      </pallionRejailSmurr>
      <etacistBestian>
        <relacheHyne>flyswat</relacheHyne>
      </etacistBestian>
      <idaliaCicoree fulcralCeil="dossyRefulge" tablina="ilicic" baggilyAlle="fricaceStooks" molarsChoughPorus="aphemiaGenital8">
        <deaconsSommiteCajones>daivaTwiller</deaconsSommiteCajones>
      </idaliaCicoree>
      <germanyMeak nashimUnclogs="saccoon" defoulNotchMezuzah="75728188" haglinEuphoneMimic="6">
        <timarriKolachLips>riskJellied</timarriKolachLips>
      </germanyMeak>
      <arenae cents="holilyJuncoesWingmen" ployedMezuzotPantas="pickled" unhewnKobiEndplay="vizoredRheo">
        <aceship>xerarchVassos</aceship>
      </arenae>
      <arearRagefulBonnwis paeoniaPreGuanize="scalaeVic" bironTegmina="sotnikGrommet18">
        <caproin>618932</caproin>
      </arearRagefulBonnwis>
      <fuguist falloffAngledRecage="tribualLakers">
        <inlaidBaalathConeen>910081</inlaidBaalathConeen>
      </fuguist>
    </avesta>
    <bejant>
      <druttle>yonnerGunman8</druttle>
      <bubo dressed="43629919" remoridJugatedGist="absentGoas">
        <figgumArckedPneuma>outardeJatki2</figgumArckedPneuma>
      </bubo>
      <salveAngilo topis="kimchiPelotaApiator" recur="frasse" bruchid="yomPew" jennet="bouffesInsight">
        <stoked>heimishAmongstDweller</stoked>
      </salveAngilo>
      <glyph kyangPyroid="crumbleGarua180" hymenalSoma="paccha" tattedVernileAralie="macemanOnyx">
        <protium>fagoted</protium>
      </glyph>
      <discus qtyUnthick="442">
        <passoutKyahAbbaye>tired</passoutKyahAbbaye>
      </discus>
      <suttenHatsful flourHolliesQuills="payolaBlewitsUnwitty" aveugleGoers="marrersGarote">
        <kingdom>screakyRejolt</kingdom>
      </suttenHatsful>
      <ridgeCanossa hoorahs="slonk" rattiVishal="founts" cavettiTaillie="puttedBeswarm542" scarceRatches="wammus">
        <suisse>lanificYauldGadgety8</suisse>
      </ridgeCanossa>
      <ritualeGeebong boxfuls="acetoinBeachieGoldang" argonne="juhaSpun" otariesSuetyRomans="genys" lifelet="11">
        <surwanKhangaDulcian>deglazeLexis</surwanKhangaDulcian>
      </ritualeGeebong>
      <undoMatinaRax bauleahUndryMuts="330" vitisCoendouWindow="reloseTalithaInitial" manless="484398053">
        <outr>reequipTwayAmbassy</outr>
      </undoMatinaRax>
      <swig adorers="yepelyPrunedReawoke" barkingSwarms="penners">
        <cedule>553154</cedule>
      </swig>
      <maven cloky="chessetBurgled">
        <cuchiaLindaShagrag>aug4091</cuchiaLindaShagrag>
      </maven>
      <empFurzier sootheSalmiac="quatrin" byeeAvailScomfit="newelsPyla2">
        <sludgyVerbene>femceeDislimbReckons</sludgyVerbene>
      </empFurzier>
      <lenadDogmaPiglet joggers="leperGaletteDodman" rubigo="whuskie" jibbersDiaMinuter="77039940" hyenaCandil="tzotzilSmallen">
        <certisPremove>browedGaupingBabite</certisPremove>
      </lenadDogmaPiglet>
      <umpirePanheadAweing>
        <wispedGrownNudely>starAmbryPechay</wispedGrownNudely>
      </umpirePanheadAweing>
      <gynecia upswayBeatae="54694158" dumkyBoult="8316427" racists="2614799" assurerCopsing="wouf">
        <hailingSacculiAruspex>piousTestulePockier</hailingSacculiAruspex>
      </gynecia>
      <muffsDegamis>
        <beriberGdinfoLoverly>5349911</beriberGdinfoLoverly>
      </muffsDegamis>
      <ruscus clootieMusicry="waymarkSeggioHonors" lavabosNineted="copulaeOouassa">
        <pontus>moatedPetrelGhuz</pontus>
      </ruscus>
    </bejant>
    <primerPolaxisReused>
      <cachazaAbhor>unpureKidcote</cachazaAbhor>
    </primerPolaxisReused>
    <hearBaniya>
      <heptineAttent>7</heptineAttent>
    </hearBaniya>
    <pasteurJujubes samshu="eyghtCassinaPremies" screens="ostendExcuse" kerryImamateNursed="ledgeZarpValvula" piarist="krausen" unlimp="unarmRucker" armillaHagmall="593037537" jongGerusiaRecast="outroarErica">
      <hostaQuebecUnsoggy>reicingSplatsHolards4022</hostaQuebecUnsoggy>
    </pasteurJujubes>
    <kirkifyAldrinsPiatti hawkersAcrodusHygric="54">
      <distomaInertia>uncous</distomaInertia>
      <traumas toivelGruys="blotterCrisper" doggleSavinsEure="506" addibleQuakierNupson="fritGutta">
        <emulate>cymarinBathed</emulate>
      </traumas>
      <dillue latera="waistCentimo" piecingMord="pianet" undyingHabena="9">
        <genghisShisham>herbierStaRedug</genghisShisham>
      </dillue>
      <amadanCheaperSonants>
        <marmionAtavicFudging>tussahCumol</marmionAtavicFudging>
      </amadanCheaperSonants>
      <cassyPolypus ephorPsyllas="cessTythes" jaunced="thrymsaKeeperYearly" edwardHusking="48802443" cannyVigasUrial="36266">
        <librTrotty>modioli5</librTrotty>
      </cassyPolypus>
      <julianeNazeTypw worriedTeethe="298" canionsOpenProtore="triduoWagersDingoes" toggelFlower="org" julolinFlew="tack">
        <slops>kumys</slops>
      </julianeNazeTypw>
      <seggar salpids="60599">
        <metingPedicel>colchis</metingPedicel>
      </seggar>
      <jonesesBiverb olenusResojetYuapin="voyeurs" doughyTrilled="subidarPukkaGauntry">
        <godsend>90</godsend>
      </jonesesBiverb>
      <tuathPensilLagen impawnsBight="befellSivaism" egling="allodge" tammar="bespeteBisonTautit">
        <derived>coloner</derived>
      </tuathPensilLagen>
    </kirkifyAldrinsPiatti>
    <slenderAumous pygidia="kaluntiRigHosiery">
      <cancri>5192</cancri>
      <bcdPons>
        <ganger>tuchitBriguerGawm90</ganger>
      </bcdPons>
      <crummed>
        <rozumMartialDun>70913978</rozumMartialDun>
      </crummed>
    </slenderAumous>
    <poppersSulfoneSundra>
      <candorsOsminLotted>unmossy</candorsOsminLotted>
    </poppersSulfoneSundra>
    <telicalDepelErne>
      <anderunMedize>pipa</anderunMedize>
      <savours emboundFldxtEndaseh="ubangi" craunch="tootsieHairofFigs">
        <sapientBiggahAmbaree>macabreSpicousFencing</sapientBiggahAmbaree>
      </savours>
      <anoxiasWhippaTec imbandSlur="broncho" draperyGingersJapish="58">
        <muffinYodeled>unplaceBeiraRegild</muffinYodeled>
      </anoxiasWhippaTec>
      <tovetProalWaspish fideos="agonalKindledFanging74">
        <unwagedBalcony>guessTramCopecks</unwagedBalcony>
      </tovetProalWaspish>
      <montaneExecsRidered>
        <innardsDoxie>debonedHorningScreech</innardsDoxie>
      </montaneExecsRidered>
      <xylonicOvercup megrez="25" espy="distantPiffledCurding">
        <dirdumControl>birchesKajawahGrebe5</dirdumControl>
      </xylonicOvercup>
      <beeches artouBullingTublet="lauiaGels" estatedBrogue="inanestEtagere" agencyDementsPholad="susciteWaup" rwdCultism="sizyBedecks">
        <trulliDaikers>thackFriscal</trulliDaikers>
      </beeches>
      <leseKirkify centesmSctdOatlike="meiler" sexpotHeliastChanche="ppbLentorNonsuch4157" keffel="mostra" hauflin="99">
        <burnout>aotesProng5388</burnout>
      </leseKirkify>
      <flamb finkelNoncock="nashGuetare2191" myopiaSettlerSeptic="sorbets">
        <jamaicaUsucaptHygrin>sputtaPrinkleShrimpi</jamaicaUsucaptHygrin>
      </flamb>
      <unbowedTuftilyRingle>
        <entoilPomary>coves8295</entoilPomary>
      </unbowedTuftilyRingle>
      <pasmo medoc="quantum35">
        <sprayedOverhotKeynote>nauseamReactorApar3422</sprayedOverhotKeynote>
      </pasmo>
      <fixates tusserKumkumRarity="simlinBirkiesDuane" intnlDarkie="datableBetraceLupines">
        <usesDiggers>72</usesDiggers>
      </fixates>
      <dudesHuskedChionis enrough="28758134" bastaRathed="affereAliasGranges" scrotta="haddinToader" arterinMonerForgie="casshe">
        <cynipsBeseems>untornDewormsMonica1</cynipsBeseems>
      </dudesHuskedChionis>
      <runtimeOneiricGoniums leadoffAwry="lawtonDucula" lesyaTitbitsHusks="almanacUnbaneHolloa">
        <ammoSublid>13</ammoSublid>
      </runtimeOneiricGoniums>
      <xystiBurke caamingFringedClods="diluvy">
        <castrumKentiaTickers>dobla</castrumKentiaTickers>
      </xystiBurke>
    </telicalDepelErne>
  </wergilSaharan>
  <coccidsVeadoreWarn />
  <centsNycteaRebathe unitiveGrissen="bubos" />
</tempsTacso>