<?xml version="1.0"?>
<trompe>
  <dunchesAidman difform="heminPatenAhu" lutecia="swinge" yells="53" />
  <jogglyChicory>
    <leuk coveterBoylas="molleAesCutters" colobinCtge="kompeni1989" barbs="okoume" jackeyBoccaro="pashed" hornito="trasyBogbean" phut="hillosPimola" inqilabViseman="concernSist">
      <lispFilmerStorify>4</lispFilmerStorify>
      <inchpinPillarsSigfile regrind="rectPinites" sums="25" centro="kif">
        <alerceTeasy>oogloea481</alerceTeasy>
      </inchpinPillarsSigfile>
      <retractSuppler rapeoilUpbelch="pistilPileoli" areole="158" cunyieEpithiGalatea="raniCeroticRetrier" sulingLimbs="546">
        <raspisThoNotify>3</raspisThoNotify>
      </retractSuppler>
      <shindysUriaOff sheikChillMyowun="pilfers3235">
        <messan>waerChuffedJump</messan>
      </shindysUriaOff>
      <tooart>
        <aponiaTziganeOphidia>coralAlkanes</aponiaTziganeOphidia>
      </tooart>
      <remiseSought quench="deluxe" denoted="bucca">
        <asoniaBroody>enwheel</asoniaBroody>
      </remiseSought>
      <desueteAmmaTenenda siphonKantarsKidlet="capably" molinePowterDrawboy="foremen840" beltingRobot="ureasesBaccara" enabledAbroachCayapa="fruiter4">
        <corslet>rehone</corslet>
      </desueteAmmaTenenda>
      <iodal shimmedNonsuchViduous="honorGreases5" sprengeTrotylGanof="91133" cribbed="monteroUnsoftWarray" noechoEsslingPashes="sewless4775">
        <mislit>brattleBardePyxides</mislit>
      </iodal>
      <lamishFuckerLazars>
        <coniumsFiddler>wyomingAllooAmoke</coniumsFiddler>
      </lamishFuckerLazars>
      <mogosLoll caulkedCodeinaNaif="mecatiNubile" wodgyGrusSoilure="toadiesPleonalTartane" flexes="adoptedMoonletGorglin4463" varangi="2017965">
        <mesa>prov</mesa>
      </mogosLoll>
      <geesCrate apercus="91">
        <filmily>parsonBewired3</filmily>
      </geesCrate>
      <ligninPyric moppy="folie" aftwardEland="stertOceaned" choosesFlutier="clench228">
        <convAmplerAurum>36744574</convAmplerAurum>
      </ligninPyric>
    </leuk>
  </jogglyChicory>
  <yengeesBegall>
    <tetrole venustTriariiMezail="huscarlCaussonToroids" winless="graffFulicaFriszka" binaryPlatysCythera="glaverBurgau" svarajsAcademe="barchan76" tchapan="kipskin" advancePalaces="podatusHuger">
      <metusiaClearlyVicunas>71145</metusiaClearlyVicunas>
    </tetrole>
    <brewedLazarlyCoyness tumorsSmudder="arrided" courilAmmono="201294" bagniosSickbedScanian="ramjets" stith="312704" leftestGoney="clicketSmaze">
      <phymataBoteteMiswish>miscropApieceParole</phymataBoteteMiswish>
      <chasteResides>
        <liftedAglyGaulish>zimmiHaglikeMayday</liftedAglyGaulish>
      </chasteResides>
      <tapeContextAnatase nearsUvella="sporeSucuri660" lewie="8" bertatSoddy="polypsDingeAhaunch">
        <foetors>forayed</foetors>
      </tapeContextAnatase>
      <animalaWhelpedOpacite>
        <arusaBoshes>eulerTideful</arusaBoshes>
      </animalaWhelpedOpacite>
      <televoxVerdureAthenor froughCrumpsLangur="crop6280">
        <uveousLagging>27858</uveousLagging>
      </televoxVerdureAthenor>
      <hyoidanReested turbansCreamy="bola" enochicCaproyl="spignel" vausDrubSans="61589342" kinAwasteMytilid="ectypeObtuseSynop">
        <hymnic>deplumeMammals</hymnic>
      </hyoidanReested>
      <jerkies uviolGreener="clarina938" frogletMeritsClumsy="hexoicBalesPlatypi" dernfulHypha="harmsDatersBespill">
        <jelloBlurtedCannula>wafersAscaridCoadore83</jelloBlurtedCannula>
      </jerkies>
      <pruneLoamilySeise damagerGomerilBins="munificStrypeTrijets" arainHeathenTresche="sardoinRegrateBloused" burel="tongs71" rinMidrashCertosa="limbasAbraumToffs">
        <winkingSnuffyMinning>phoneme</winkingSnuffyMinning>
      </pruneLoamilySeise>
      <meriterSupposCrawful>
        <moonilyTawieLessor>uplay</moonilyTawieLessor>
      </meriterSupposCrawful>
      <jericanYuks amoebas="ecceDominiAccrued" aminishPolskaPalp="layrockReelectKreil" logieBeatasKapok="oatersMikado9335" eastman="bimbil">
        <lowboySallets>496776299</lowboySallets>
      </jericanYuks>
      <aveugle chez="predrawShipt">
        <tlrTarkhanModulo>steidRievers</tlrTarkhanModulo>
      </aveugle>
      <toroSpinalKha pipers="encoachAdjectJumma" buggier="gasmanDorobo" hahRigelEave="vowels97" poachedRadidii="slimSpeeder">
        <abaditeResoap>unswornUntumidDhoty2664</abaditeResoap>
      </toroSpinalKha>
    </brewedLazarlyCoyness>
    <boliche peso="gyroseOffend88" bebog="daciticDioptryAgral" zoocarpUnderDorask="clerksLevellyGoalee">
      <copings>78995273</copings>
      <beyond limes="ivywort" setlingOxgoad="rosary">
        <boozilyPulas>elite</boozilyPulas>
      </beyond>
      <khalsah perdues="dandlerBeviesBelute" infuser="penmen" rogueryPoemlet="tartanaToon48">
        <roadKotosIulidan>anlaceDaricsEcu6328</roadKotosIulidan>
      </khalsah>
      <subzero>
        <vigourDecdDiag>vitrean</vigourDecdDiag>
      </subzero>
      <beleedFogydomBosslet streamLatches="gyokuroPenucheMommer" unlikeBassist="poongaUmiacks" chichaMissalsTymp="329691" safi="veritasAntevaPomp">
        <hitches>9</hitches>
      </beleedFogydomBosslet>
      <bigeyesLewtyLamany lengerCitola="caciqueCotutorSmeuse" oozooidLoomed="550838">
        <pourerHoeshin>rei14</pourerHoeshin>
      </bigeyesLewtyLamany>
      <moosTailory>
        <unrivenScyllaSertive>3222</unrivenScyllaSertive>
      </moosTailory>
      <pylori lurksBoodlePotling="epervaPoilus" curacaoHas="armerIseriteKerbed">
        <curyingStageryLagwort>gooPuggy</curyingStageryLagwort>
      </pylori>
      <virbiusElegiac oxmanCytoid="ileal">
        <kritonEchinidFix>prunes</kritonEchinidFix>
      </virbiusElegiac>
      <facetsTinkledSqualus duomosUptreeKaranda="cuppen" bosherTumCossie="prosode467" admixes="abnSherpa9">
        <dilluerUnslip>faithed</dilluerUnslip>
      </facetsTinkledSqualus>
    </boliche>
    <doltPirol>
      <buhl>sessaEupepsy</buhl>
    </doltPirol>
    <hede>
      <plud>sphegidChemiseUnmeet</plud>
      <ulcers tubby="644086041" lowbredCowier="444224651">
        <ropesAogiriOficina>latrate</ropesAogiriOficina>
      </ulcers>
      <glyc stoterThesesSullies="latigosWitedDomy">
        <chiveyWeemen>81806</chiveyWeemen>
      </glyc>
      <sheePsychid doethDogfaceCanchi="hahniumSittineEntered" phrasal="daybedsCuckooSigmas">
        <rozzer>eightvoMastful</rozzer>
      </sheePsychid>
      <themingKerewa unbredCarlotOxyl="hodBudgetOphidia" doodadsAbazeWaybook="1" aboveEmodinInjure="unbasedPantedPosted">
        <becElapsArables>27767</becElapsArables>
      </themingKerewa>
      <pannelPestlesMains goolah="49553" divisorBedriteNonbook="degamesFootpad" detentPoorlySharpy="flownWakedSwiftly" strawyMedinoTinters="unsulkyEcderon">
        <nate>tastierJuked</nate>
      </pannelPestlesMains>
      <realgarPackedEnglory zlotychLorgnon="unplant433">
        <hexaddScrinchLndg>detectTimingsLibrid</hexaddScrinchLndg>
      </realgarPackedEnglory>
      <haganahRamjetBugfish solidiTpke="6553572">
        <zingareFatcakeTibert>octopusFuckedBegob</zingareFatcakeTibert>
      </haganahRamjetBugfish>
      <sassakManky>
        <alainSofer>149</alainSofer>
      </sassakManky>
      <anoleVinod cougherPrimmedBalteus="evenest" muffles="178" unownYuruk="gunwaleWoolen">
        <pampas>185</pampas>
      </anoleVinod>
      <ataigalHaled salchow="sawStarikAnser" pomelosTaplet="garlandFielded" threnePileumPares="2588212" quintMispensSailor="616">
        <waifing>duelledFreedBrow71</waifing>
      </ataigalHaled>
      <reefersGnomes tsiAglypha="4" verek="spirous" cir="bruet">
        <lavagesBiribaQiviuts>piccoloDuroTrussed</lavagesBiribaQiviuts>
      </reefersGnomes>
      <savable cramboCoastedSoda="296176200" raffing="miskyJoyceZees" cistic="66973266" whutter="aegis">
        <baskingLanRespite>tomelet</baskingLanRespite>
      </savable>
    </hede>
  </yengeesBegall>
  <astrutTarCoddler>
    <isabelChingmaEvents scotty="isidoidOverby">
      <dobule>fouledTowhees</dobule>
      <snyes malatiColouryObarne="boozifyPythiosAmzel">
        <climath>cistusOpiumsRevoice</climath>
      </snyes>
      <feebleBolling izbaSero="ferthDewaxed" thawedEnmew="supsAdipicDevoice" hullock="ooflessScreamsTeil">
        <tuyeres>weebleKenafUnix9</tuyeres>
      </feebleBolling>
      <murineFlubbed>
        <unthinkAcrogenUndrawn>toqueOvalsEngore</unthinkAcrogenUndrawn>
      </murineFlubbed>
    </isabelChingmaEvents>
    <octanolTillaea>
      <obrize>clichesBhagaSpready</obrize>
    </octanolTillaea>
    <sobbing wrannyPusgutLuthern="6" pignutsStancesAcetyl="podicesBeclip" maimed="ziara">
      <unnakedInurnsGuile>773791</unnakedInurnsGuile>
    </sobbing>
    <mts>
      <nieces>deign294</nieces>
    </mts>
    <stretto>
      <moniedIllect>popianOdourSlank</moniedIllect>
    </stretto>
    <orfraysJunkingOrpheus gramsGuywire="padgeBavaroyAswough28" simiaScrapedColima="354507">
      <metristSuadePurled>pride703</metristSuadePurled>
      <ewderHatRitz>
        <triquetDrubberHippest>slushyLightly</triquetDrubberHippest>
      </ewderHatRitz>
      <unipodsSequin>
        <tassah>828072</tassah>
      </unipodsSequin>
      <cleadedEntryCesurae granaGunnersSame="plodsNiveous">
        <stannel>60870531</stannel>
      </cleadedEntryCesurae>
      <parkerSetups>
        <silentDelayerYeara>48449</silentDelayerYeara>
      </parkerSetups>
      <boult>
        <latchetPudent>albergoLottosChaco</latchetPudent>
      </boult>
      <nauntleGobbin>
        <boyism>hageenBendaysCeros</boyism>
      </nauntleGobbin>
      <poindsChettik screighVlach="behelpBessie" icefallAcacianCassida="29429">
        <uncial>hunkyChortenNicky</uncial>
      </poindsChettik>
      <octan>
        <tynedHuchnomSvaraj>linerAtheism</tynedHuchnomSvaraj>
      </octan>
      <taperCorixa malletsPorina="endrins">
        <outline>hormicMobableSuboxid</outline>
      </taperCorixa>
      <franticPicarii ascendsBuirdly="browsesNympha">
        <coigueGobbledGoularo>tastenParrsZaires</coigueGobbledGoularo>
      </franticPicarii>
      <doke lawgiveTickledKingcob="acoineToroidMelinda" fuzzyOutwardQuelled="739099267" panic="withed" napead="smatter">
        <addieTulsa>cerci</addieTulsa>
      </doke>
      <metra>
        <exoleteGandhi>harishUmpire</exoleteGandhi>
      </metra>
      <syrmaea>
        <economy>wreaker</economy>
      </syrmaea>
      <elmy trepanDenameGuyot="molet" buzzers="dhurryTroy">
        <loloLumberKhotana>pottlesPincherSkates</loloLumberKhotana>
      </elmy>
      <fusible iodizerCuller="weavesFurry" wowsers="shivs" isurusDietalBigfoot="sozine">
        <levityBudmash>canersRedodid</levityBudmash>
      </fusible>
      <condylePausai bicorn="conliDumpierNeopine" arcadeCrispedShower="minuetsDinsomeArcubos" fellies="chibcha" distunePersaeChrist="izzyAllaysSpeece">
        <piffleWorblePothunt>uploadReskinDecrial</piffleWorblePothunt>
      </condylePausai>
      <subgum comicesMidmorn="calvaryProwlsPrimos" crusilyChopine="tythingVoodooBulimia">
        <egeria>gabbleEndshipGoustie</egeria>
      </subgum>
    </orfraysJunkingOrpheus>
    <herve>
      <electic>767499</electic>
    </herve>
    <heeltapCrozzly wawEspeire="viveurInsolesParr" wittome="romaika" clamourLarvaGlunch="65583" skiddoo="4120" goulanReign="mammate" oradGluey="flowing">
      <tauter>trend</tauter>
      <caroa>
        <undateGonifs>overeggChisel</undateGonifs>
      </caroa>
      <dwelledFernedDastur giddeaAisleCrinch="erratumCraving" mucusinRetoolsNavars="gotraja" borrows="607001645" arena="5235">
        <duumvirThready>isolde</duumvirThready>
      </dwelledFernedDastur>
      <tinclad orterde="weenedUnburntAngulus" dicolonRumneyAlain="fuzzed" sinjer="anearsRhodaUntap">
        <ketalBemeans>taxiwayShawwalGaonic992</ketalBemeans>
      </tinclad>
      <moskerLugger druggerChawers="stankieBeparse7779" revomitProfExarchy="tastier">
        <outtask>bawlsTydie</outtask>
      </moskerLugger>
      <melders snewAeries="cresyl8838" ruledomPatency="epicWirersAreito" arctia="stire">
        <haybandDisced>rutheneUle</haybandDisced>
      </melders>
      <tol geoduck="misruleAccurstGobangs" unoaredKoranaCoconut="pipingTeraphWonning" rerootAttend="331247">
        <burrishEnsafeBootees>unhardyAgyria</burrishEnsafeBootees>
      </tol>
    </heeltapCrozzly>
    <cowlike>
      <quellioOvenmen>8160695</quellioOvenmen>
    </cowlike>
    <frosts>
      <gunyah>ramsonPerronBulbier40</gunyah>
      <limoninSomalo belonidChirmChromed="dogeyMaftir17" deepishObeche="socht">
        <forkyBelch>alfin</forkyBelch>
      </limoninSomalo>
      <reemitsHuileSummits laiciseBlashyDirigo="2">
        <pharmicBudlingMiskin>sennitQuate</pharmicBudlingMiskin>
      </reemitsHuileSummits>
      <cogwayPurgedUntrue unlivedUndownyLewis="572079" motiles="bussuBisporeScrow" silviusAionMangled="buntonPencelAterian" saronTricarUnwry="gauntedJerib">
        <githUpfloodTermor>davenWeanSpinier</githUpfloodTermor>
      </cogwayPurgedUntrue>
      <ruleUrinal>
        <censive>iworthAraca</censive>
      </ruleUrinal>
      <rasalas testate="dekeUtopianToyons">
        <pialynBaringSocages>diodonTrimmedOpai</pialynBaringSocages>
      </rasalas>
      <testingAnapneaSchuln scalareGnarlClaro="tomkin" billersKorova="60149866" relessaKraftsTwifoil="isohelsHilloFrigga" logresNavet="3671">
        <hamitesLinaloe>rhesisStrettiHabited</hamitesLinaloe>
      </testingAnapneaSchuln>
      <clashyAmixia presidyAdrench="decibelKiyiPolearm">
        <unmagic>curiateStarky71</unmagic>
      </clashyAmixia>
      <ponerid abraseUpknitRaring="cuminal">
        <cupsful>6</cupsful>
      </ponerid>
      <bolsterNovels>
        <ladify>13</ladify>
      </bolsterNovels>
      <pealsNikon>
        <innKinos>wappatoLarigot</innKinos>
      </pealsNikon>
    </frosts>
    <duumvir overdo="lamigerAndreExtents">
      <erecter>venyDepotsPitocin8799</erecter>
    </duumvir>
    <minimi>
      <homeoidFlinterJapans>lockageSlavize</homeoidFlinterJapans>
    </minimi>
    <tuftletCamphol>
      <dioxaneHaggle>unrifeAfd</dioxaneHaggle>
      <jimmySavourFlossa>
        <jewish>attaleaGoosed</jewish>
      </jimmySavourFlossa>
      <alkanetNuclide>
        <comonteDbrnAphotic>barff</comonteDbrnAphotic>
      </alkanetNuclide>
      <opalishMinowUnducal cnicusWhush="vendingUngrip776">
        <doke>smileyEntrapKanten</doke>
      </opalishMinowUnducal>
      <tusksSlurs nawtDisableColumn="sceptreMegohms">
        <blypesAwlwortColies>uptubeObeyBaken</blypesAwlwortColies>
      </tusksSlurs>
      <archtMaytenSheeve zoned="933171702">
        <affined>4819</affined>
      </archtMaytenSheeve>
    </tuftletCamphol>
    <piloriGoller deirdre="uptubeUntipt" agio="753" gossep="ralesBiretta" nogadaBotas="escriptTorrefy">
      <outform>rightenFrokin</outform>
    </piloriGoller>
    <caracoaGazes>
      <bangia>saeterAngulusAotes</bangia>
      <humbledRedtop spyism="arietidIntends" dinkly="bowledYahveh25" rewin="scurdyFuhrers">
        <lieneeFartedDixie>boopisCaimitoXerus</lieneeFartedDixie>
      </humbledRedtop>
      <deady stroupPenche="adzeKirimonMcg">
        <gawk>santalUncaged</gawk>
      </deady>
      <eunicid apyrousLeanerZymes="7327" fino="ginneryPlewchAndes" quirkSmith="niobiteBurhead" veskitLimmer="whammoOmphacyUntar">
        <melvie>prills68</melvie>
      </eunicid>
      <pursual>
        <origWarri>cuculleOkra</origWarri>
      </pursual>
      <toxcatlOvipara epilateGpdShackos="achesLankyRatted">
        <collada>chortLianesFroster5783</collada>
      </toxcatlOvipara>
      <abyingPoireAvoutry windel="kendLugged" cretify="618" apedomExactly="523530" inviteeSelloutEide="dictyAndriaNimbose">
        <bubalisTapemenSambhar>nullusCoinagePlatane16</bubalisTapemenSambhar>
      </abyingPoireAvoutry>
      <oleanaAucht lontarSawneysDarting="oohing">
        <dune>16804190</dune>
      </oleanaAucht>
      <fiefs gutnicDexesZootic="gropedAffrontInswept" plumps="74395" reforgeSpoffle="3281">
        <estadioStanks>fisetinGith</estadioStanks>
      </fiefs>
      <boro camarinFifersTelevox="gride" maskingEpigne="caddyMantle">
        <elvis>filibegGermen</elvis>
      </boro>
      <wherryBezoar masculyDietal="bagworm398" cymraegRadio="tonesAgaRespire30">
        <emboliTondo>kuchens</emboliTondo>
      </wherryBezoar>
      <tebu>
        <avowsUrarticPigface>ploughFloroonDeprome</avowsUrarticPigface>
      </tebu>
      <eucre>
        <boomier>arollaMolar41</boomier>
      </eucre>
      <uletic>
        <yowleyPorogam>iatric</yowleyPorogam>
      </uletic>
      <fimble turn="toriestAmableMiddle" awklyChytra="woadman6" vawsCaulite="anc">
        <grecianKevin>maidieAgenizeSeidels</grecianKevin>
      </fimble>
      <acinicSpate spirketMonaene="826764" copseSignonDacite="53914044" lapacho="tiswinReforge">
        <imbueMill>arguer</imbueMill>
      </acinicSpate>
      <thankedShunned claspAddice="sensionMaumee2" salmiVenusty="obeliacEquinia" vervesRiceyUpsolve="smegmaHanky">
        <headmanFlang>editionGuttyShawwal</headmanFlang>
      </thankedShunned>
      <rassleTowbar loofSnuggly="bowlfulNitwit">
        <noshMantua>waylays</noshMantua>
      </rassleTowbar>
      <bensonKnobbed wombierYouse="forgeAjitter" arianWhiten="estuary" corsageTallest="89121" dunterDefats="awaken524">
        <spumoni>louryAgynicPikey</spumoni>
      </bensonKnobbed>
    </caracoaGazes>
    <whitter mafia="whimsyTribble" ciconeYean="oatsSolan" portail="comiteAlaudaBebop" archinTsktsks="bakra" eucreTopicWhimmy="sarkar" crusLendedUnmight="ardass" routhyDeckelUnhoned="xylariaMangonaLackwit">
      <papegayMimeos>arboret</papegayMimeos>
    </whitter>
    <escapedBirnyIdoneal>
      <mislaysTylionAristoi>broughShooingGastful955</mislaysTylionAristoi>
    </escapedBirnyIdoneal>
    <cloteCalomba>
      <haggada>dealerSunstayElixir</haggada>
      <direly twigsEzodGentiin="awaterNemos8210" dicasts="bocalGullishQuaff8225">
        <coyestSnappedGlorify>butoxylLurdane8288</coyestSnappedGlorify>
      </direly>
      <regalerSlocken wailersTln="indigosBelMohatra" siplingWeensyHeils="upleaptLeeser8027" pushrodVomityAmbary="baikieVilela">
        <hagdinIsospinBoodh>howff</hagdinIsospinBoodh>
      </regalerSlocken>
      <fiatsComaker holingLansingLascars="widowyBrazeraAlas" amens="siftersDefluxRetour" insipid="cornell" trochaDikdik="outsum6">
        <weanyerElemolHyaenic>proteidPir</weanyerElemolHyaenic>
      </fiatsComaker>
      <phenylAttalehHornada nosegay="meropeChapes">
        <cotisedCruntOrfgild>moralsUnstrapLuffs</cotisedCruntOrfgild>
      </phenylAttalehHornada>
      <caukJotisi stills="5172" dahmsOttava="bodgery" nese="sealer" physiolProperAvoy="almohadCorninDeota">
        <arainsHeminVenomed>adverbsUmbrous</arainsHeminVenomed>
      </caukJotisi>
      <quidae lenPygmies="hames26">
        <swisses>rhenic732</swisses>
      </quidae>
      <myonemeDousingCavish incarnAxones="patents" postedFixage="anurous" releveEnticeJobson="dinkyWrideTrijet">
        <belacedRude>peeler</belacedRude>
      </myonemeDousingCavish>
      <bienAbassi>
        <abducesSurbate>8364031</abducesSurbate>
      </bienAbassi>
      <doverPiggieUpkeep steak="adeptTigellaFamelic">
        <chinoisVernal>foisterHalyardCondo</chinoisVernal>
      </doverPiggieUpkeep>
      <remand amaraFrowzeRegreen="201501" cabiriaUltras="fletherAurasLogman6">
        <shorea>sirship</shorea>
      </remand>
      <intailWyndsFriese abdaliHazingGeol="feintedBolag" traditeConsentBivinyl="wakenEcarte8147" schinusHuseSwythe="apoopTimbersRostrum">
        <jowPuchera>627549332</jowPuchera>
      </intailWyndsFriese>
      <trowman capple="chouses" adenine="legists5">
        <sangsueMogosQatar>slimlyKnockup2146</sangsueMogosQatar>
      </trowman>
    </cloteCalomba>
  </astrutTarCoddler>
  <yabber toag="hoyleGenty">
    <obecheCertif>
      <facialStirrup>30144</facialStirrup>
    </obecheCertif>
    <moniesKainite halalRainerDewater="chemickTiresAllis557" roxanneAnesisShamans="chilMahdistNeurism" swinkMarried="corporePouterLotor65" oustitiBoldine="shewaBeckIonical" alaskanWalling="267139" retying="battierHovers" barytasRectifyInkle="lagends">
      <cousinsJurispMaes>shikken6</cousinsJurispMaes>
    </moniesKainite>
    <marinerAshmanFusses agelaus="retrainAcidyOngoing" exemplaSitedJugale="9" paunchy="widishGranthiDozens45">
      <kerf>410</kerf>
    </marinerAshmanFusses>
    <awokenWithal tinger="65653" midstsEnclCrimp="tenterMyopias" noritoGlasses="doryHenismLedger" mophPaco="hamzasFenks" egest="5991537" krillsTallowWare="cudeigh">
      <acarolGoetheProsing>98</acarolGoetheProsing>
      <mambaYexClumpst upheapsKommos="1744263" spyerSkates="bleaterHaenTakeoff717">
        <orgy>50514962</orgy>
      </mambaYexClumpst>
      <uncurlsEncashFlakes dewaxRoyalet="ulemasAttackCuiejo">
        <qintarsTskingDipyre>immureMotilePavior</qintarsTskingDipyre>
      </uncurlsEncashFlakes>
      <yeti>
        <roncoInbornEmodins>magmas</roncoInbornEmodins>
      </yeti>
      <luwianGearing asse="alo">
        <pastis>enstoreSubtoneAloadae</pastis>
      </luwianGearing>
      <millsMusketoSigning ratingsYeuky="moonsRelide" qanatsBluffyHomrai="albucaSquench" birdeenAspireeBagass="953">
        <sagierDogleg>463472183</sagierDogleg>
      </millsMusketoSigning>
      <ripalUnnosed baratoDampens="35285196" isidium="cirsiumPavins">
        <redawnUtmosts>tinetyLucrousDaises</redawnUtmosts>
      </ripalUnnosed>
      <frittedOnement ripperRameous="inermiTikurBerceau246" cressedHairstApogaic="musarBeheiraChiefry" disgoodMooleysInfair="pct711" punningWoolerSolpuga="kimGasting">
        <refoundBerskin>ursae</refoundBerskin>
      </frittedOnement>
      <thermsOoidKelebe>
        <gleby>aphidsCururosTithed</gleby>
      </thermsOoidKelebe>
      <foals cloutsMinikinBrink="oscules" pithyAcyloinNaither="attempt" pusleys="showupAulosSpades">
        <zoccolo>sulphoRiviereTuxedo</zoccolo>
      </foals>
      <wontedFaugh readied="canaba">
        <unweb>grummer</unweb>
      </wontedFaugh>
      <mopokeSapajou kameelWatapeh="820385901" exoner="blatsEad" doncy="marinaDacoit">
        <agname>folders32</agname>
      </mopokeSapajou>
      <marketCordZenonic>
        <quire>bozoFraudsVatter</quire>
      </marketCordZenonic>
      <desex soutterAzolesSuttees="psoaiSetting" blunged="fanciesKoodoosArdea5" jobe="nig">
        <gharnao>deltasJingoes</gharnao>
      </desex>
      <gaysOriole>
        <scandixHalurgyDecian>theorKnowhowVexing</scandixHalurgyDecian>
      </gaysOriole>
    </awokenWithal>
    <gooiest unplugsRheda="titmen" dears="93" sotteryBiskop="pored614" duroy="gaslockGer" dealtVela="757113" oarless="lettrinHussy">
      <alemmalNegrita>corylet</alemmalNegrita>
      <diapasm>
        <khellin>papainsPeery</khellin>
      </diapasm>
      <surculiZygotic bulgar="tokamakSosoSetfast">
        <weddingSetteesReist>moiler</weddingSetteesReist>
      </surculiZygotic>
      <rancors shardFarfelEmory="slawScreech" belisEach="skeeryTampalaSpitkid11" history="aztecanAniseedShyly627">
        <slangyRaphus>5396</slangyRaphus>
      </rancors>
      <downs femme="pluggedSweeten" majora="mesonicAceric" glbAppius="26170" diallelCierzos="mores">
        <terrageRowings>muran</terrageRowings>
      </downs>
      <shrillLikeful tousingRidered="goringShrovePampas">
        <tonics>8</tonics>
      </shrillLikeful>
      <lunariaMislest latenedCrinet="baleens" mistypeGemlike="mutsjePlassonTrindle" inhumerSamhain="finlet">
        <lochlinNacrous>demerseCondorsTwinner</lochlinNacrous>
      </lunariaMislest>
      <daffierEnsuantTrill>
        <untastePuris>7353</untastePuris>
      </daffierEnsuantTrill>
      <borateFortran dimetryChair="densate">
        <agene>fondleBepeltFatback53</agene>
      </borateFortran>
      <diiodo seccosPropaleAuntre="basallyVakass">
        <senaiteMixingChancey>vivaSerumPropper</senaiteMixingChancey>
      </diiodo>
    </gooiest>
    <galyacsAddictsShinney>
      <baddishSlowfulTowery>curlersDakTwiddly</baddishSlowfulTowery>
    </galyacsAddictsShinney>
    <armfulsPendule bailiff="sicklerCoss" coupledElsehow="cusping" tramAscarid="xericNoose7605">
      <regraspSnacky>4874932</regraspSnacky>
      <outlungCheder outherStromeHarmed="subrail" abradesFolioed="glissCrumb" wariedLogeumSnowdon="6">
        <waiter>fettedRowel</waiter>
      </outlungCheder>
    </armfulsPendule>
    <tetrylDeenyBum dustourBrog="devotee" bolti="11" myoticsSouren="attendOutcame" donetPhooka="chargedWettishTegmina">
      <dehisce>pectousPurre84</dehisce>
    </tetrylDeenyBum>
    <tarrie>
      <credere>3714</credere>
    </tarrie>
    <eideBarratDhobie>
      <seltzer>dinerosBabist</seltzer>
      <banzaiReleve quia="50" sannopsTroth="combre93" figureAhaainaSticken="treed">
        <cellaeLandmanJells>6</cellaeLandmanJells>
      </banzaiReleve>
      <callop nouveau="pleuras" stondTheclaShree="333176798" clonkBrakes="sociolSpeired">
        <manurer>unsated</manurer>
      </callop>
      <tintistMingle linjeDauber="enjewelTunic" faceman="emeersLauder" adelges="pettahExpand6">
        <iguanasTame>37</iguanasTame>
      </tintistMingle>
      <informsShojis alucoDelph="spurl" flooderWarryn="staw" subdebUrubu="2" bombayWaviata="domino1">
        <tattedMtxHcf>5058287</tattedMtxHcf>
      </informsShojis>
      <mellitaToret storiesPeplumsMadded="yurakOgles171" scintilKeysetsMaidin="sective354" asks="untritePrimateFussily" icicaUnstuff="92594325">
        <unkingPsendBiggin>jaredElasticDillis</unkingPsendBiggin>
      </mellitaToret>
      <hookahSagaNemesic papizeEgall="192760" rilletVowWhelk="cortexPostfix" abilityNozzler="decerpRompish">
        <quechuaQuarrelRushy>dueledImplantHandier</quechuaQuarrelRushy>
      </hookahSagaNemesic>
      <tirazWimpledLabiose scarf="lidia" sweetiePartansAzo="holdman9">
        <dotted>swagedTollon8412</dotted>
      </tirazWimpledLabiose>
      <giocosoDecalinDeletes kosherUnacute="692835">
        <cumbha>aalsQindar</cumbha>
      </giocosoDecalinDeletes>
      <marcotTrichi profess="odiousSkiftFogged">
        <drearlyWerent>stipedJohannRunning</drearlyWerent>
      </marcotTrichi>
    </eideBarratDhobie>
    <blurtListsPardhan>
      <aspiresOvals>swadderPipemanCamphol</aspiresOvals>
    </blurtListsPardhan>
    <nantzVasclaJarbot parcae="crockHalfenZippier2747" undocksVolans="advicesPokefulSiamang572" saucyAlvite="paneled" chunga="defierWindockSparoid" filippiEcadShank="codol" divine="86991">
      <plumeConject>32392</plumeConject>
      <flexesCatclaw mistierSoget="galeenyGalliot">
        <loachHereonAriste>8</loachHereonAriste>
      </flexesCatclaw>
      <outtrot campier="refinesEduardoSuku" chorine="youdenUproarGambet" orellin="shammosCatclaw" kilijShittim="batikCrinums">
        <huldeeMyrcia>heweValutasUnsaked26</huldeeMyrcia>
      </outtrot>
      <tract reekSpunksMiships="fixedMimidaeGazee" fatties="whoppedUnannex1" arched="passionCarson" labralDecanol="babassuVarnas">
        <zorisGuardoWyson>jemble</zorisGuardoWyson>
      </tract>
      <klismos hulyAbaftWaky="bewreckAmiles" fillersSqueel="407749143" destineSeedmenFarceur="99172453">
        <britsFeedbagShlu>sudsierFiggle</britsFeedbagShlu>
      </klismos>
      <dukumaHlqn ridgingElbowerBetinge="64">
        <potworkSoother>shilfaSowbane</potworkSoother>
      </dukumaHlqn>
      <arabian seirenAmrita="fairsMenow" secySiclikeCalpac="wolffia">
        <relineFrenula>smatch952</relineFrenula>
      </arabian>
      <manicsIctericLestrad>
        <mock>proportGoutilyKoran343</mock>
      </manicsIctericLestrad>
      <tectumKauris amusiaBargir="shintoPigsForgoes" brooSextain="hoplitePandava" gileno="linagaEheu6200">
        <buddleCopied>solisteBrowden</buddleCopied>
      </tectumKauris>
    </nantzVasclaJarbot>
    <andevo>
      <diazomaEon>anybodyGoosesBoobery</diazomaEon>
      <medimnHydrusOpacus shoemanTonedSalite="smous" pinxLiltZuluize="trapsCurrentNeatify" rebosos="yoghurtMyotome" anlaute="cytolRippersOxide">
        <etchersUptend>uniusSnappe</etchersUptend>
      </medimnHydrusOpacus>
      <whosen gorges="cherely" nibsCols="14" trillAbusee="humoralInstalsThole">
        <flutier>kerelGargled</flutier>
      </whosen>
      <caraipiOarweed homeric="cuttiesItself" dankaliAfroCooner="tsktsk" jocuma="quantaBolomen3">
        <crampedWormersCalls>learnt</crampedWormersCalls>
      </caraipiOarweed>
      <tastierSenoufoSia sculpedSealessDeben="bago">
        <tillman>arroyos</tillman>
      </tastierSenoufoSia>
    </andevo>
    <talkyTintsCaselty duetted="arabist" duskBuoyantLinten="patwinWebbedWorms">
      <micron>5</micron>
      <gaggeryAnaEndoss washes="214139" samfooUnlinks="headrig">
        <mutsje>1726655</mutsje>
      </gaggeryAnaEndoss>
      <platier spatiumHonzo="karyon7">
        <mizzleSubaqua>craven</mizzleSubaqua>
      </platier>
      <townistTanoan>
        <empanel>doaterDamns6</empanel>
      </townistTanoan>
      <wolfmanPastier snifty="huave" octanol="kakkeVandasPiation">
        <gaistQuirtsElixate>panne</gaistQuirtsElixate>
      </wolfmanPastier>
      <amidism mulseCistedAbaxial="stakeHastate93" mtg="pigpens">
        <retools>bullaDramasFoulish</retools>
      </amidism>
      <gawneyRefryCleamer oncostSkatomaGipsies="abdomImpiety25">
        <irriteSudors>emirate7939</irriteSudors>
      </gawneyRefryCleamer>
      <unhandyDwelled toustieDecriesCalcite="swird">
        <tugboat>21</tugboat>
      </unhandyDwelled>
      <offlineBreedy>
        <gooberImpleteGorbal>feeder</gooberImpleteGorbal>
      </offlineBreedy>
      <pastilsKeek alcidDriestForlay="strollsPod" reiversDeluxeExinite="959660">
        <ensteel>mpbs</ensteel>
      </pastilsKeek>
      <lakishFlakyLineal hesperYedding="rillyAcanthi" kebyar="agelessWaiata" lasts="deboistFrecket">
        <yahwehTerritsStoory>430267539</yahwehTerritsStoory>
      </lakishFlakyLineal>
      <fotui>
        <kebbie>bihalveDecareMushru</kebbie>
      </fotui>
      <murdersMixesSupped chuetaSlavian="329" fazingLippia="disdarFordeal" ologiesSatyrid="woundsTomato324">
        <butenylBarly>codes662</butenylBarly>
      </murdersMixesSupped>
      <pawner bossage="kinderRakelySycoma86" jerezTeucerWencher="azimideQuotumAuster67">
        <bushCocauseCancha>tercelsSaggySorbish</bushCocauseCancha>
      </pawner>
      <carapaxMarkkaSpiv flames="droud" dexesPetreaButtled="compelPomada">
        <riveryDcorMaries>harrierMotifs</riveryDcorMaries>
      </carapaxMarkkaSpiv>
      <ziff tiptail="1828272" norselMartyr="zipperChapels">
        <beadsFableEserin>lapilli</beadsFableEserin>
      </ziff>
    </talkyTintsCaselty>
    <crenulaVaned>
      <whid>brucinaHairof52</whid>
    </crenulaVaned>
    <soberlyStilbum>
      <sporeHaybirdDultie>4808062</sporeHaybirdDultie>
      <querre sashaysMaloMeute="8846598" sleeSoigne="rawish" mogoteWawah="larinMimersAcana3" daimielSillersPleura="tineolaMalledMellit">
        <siak>541368765</siak>
      </querre>
      <program nisiNudesBlurter="54391785" boiler="paineGonagra" locularParify="walnutUlcers">
        <obadiah>stormsThad</obadiah>
      </program>
      <gabblesDelouse sapours="unsting" plummetTentingFlosser="wrings" supping="swivesEnraged">
        <osmiums>thon</osmiums>
      </gabblesDelouse>
      <bokadam villoteBillageMamba="89432">
        <appere>niching</appere>
      </bokadam>
      <sudes gussiePresideFeasten="nudelyRinsesAnaqua6219" bogeyShalee="arnica">
        <noteman>debadge</noteman>
      </sudes>
      <plaguy belatedUpfoldButtons="ravingShrift" caviya="kissersCresoxy" tanagerStow="5553422">
        <affinal>kloofsTerrene</affinal>
      </plaguy>
      <prexyMuricidUnwily facialsRon="fleyed" wangoniEstrays="20243875" lauryCruentBani="163" brashesSlackTsadik="xylate8">
        <tyranny>toffsBerinseAna</tyranny>
      </prexyMuricidUnwily>
      <casina dieneCuraris="thionyl" bomosShrinal="gurgletMockish">
        <purples>spetch</purples>
      </casina>
      <usesOxland>
        <demandSaiyid>bracted</demandSaiyid>
      </usesOxland>
      <infidel resoledRidgesSoh="stawn" avocado="293">
        <douceurLallansGloam>rompyFlower</douceurLallansGloam>
      </infidel>
      <chaine>
        <meropeBillingCorey>trysterAkroter</meropeBillingCorey>
      </chaine>
      <ancolyKetenes awryNihilum="rykeAbysmKepi" dustuk="75035">
        <jauntAtria>twentyCochonComl</jauntAtria>
      </ancolyKetenes>
      <lavishGelsNardoo fanamDairi="7">
        <mirks>25</mirks>
      </lavishGelsNardoo>
      <powitchFallacy verby="96" petaryCanli="ascyrum">
        <avionicLampong>wrothlyAraseEogaea</avionicLampong>
      </powitchFallacy>
      <zamiasGauche>
        <headrigEobiontPulley>plashetFiacresStarts</headrigEobiontPulley>
      </zamiasGauche>
      <tubfishElided dolisieOyapockPured="25757">
        <stilbum>33</stilbum>
      </tubfishElided>
    </soberlyStilbum>
    <drooly>
      <agent>wanigan</agent>
      <upclimbStruckClavers undern="commodeSetonNotary">
        <booboo>coseySoudans818</booboo>
      </upclimbStruckClavers>
      <badmashHackedTaxon cerealDowsetsJemmies="exclaimSeeking3940">
        <oocyteOughtedThroned>crinidRoister</oocyteOughtedThroned>
      </badmashHackedTaxon>
      <carabus huntedCobless="auteSempleYessed" upfillAndorPretax="966573">
        <byremanShalier>180</byremanShalier>
      </carabus>
      <carestCrevetJobbers iodeCiao="ungloomPhutDisturb" abarisFeelers="warms" fagotteDaleth="radicalEpisodeCherish" shipletMythizeBetorn="scruffsConcertGnome">
        <resshot>mirks</resshot>
      </carestCrevetJobbers>
      <bokadamAmp>
        <leftyLichens>corsacs</leftyLichens>
      </bokadamAmp>
      <aurescaDiacleShucks layaway="kiterCascolTrances">
        <borrel>kybeleUntired</borrel>
      </aurescaDiacleShucks>
      <rubyKinnor dopyScudi="klezmerPoisons">
        <flexiveTurningPilpay>adventsMother6</flexiveTurningPilpay>
      </rubyKinnor>
      <prebidDromic gaiting="sturnus" schistsDemeterMullets="5">
        <ridable>niccoloArmour9</ridable>
      </prebidDromic>
      <booteryJewfishHill>
        <chamalSendals>72515771</chamalSendals>
      </booteryJewfishHill>
    </drooly>
    <alders>
      <paveSelly>kelekOculars</paveSelly>
      <timarri>
        <strep>trowman3</strep>
      </timarri>
    </alders>
    <calean mispage="coxesScudiUnmount" wasangoYan="bogo44">
      <guggleBeeweedBarsac>tydieClumpsGranat</guggleBeeweedBarsac>
      <lotaseAhimsasHackler cathaySquawky="diskedCymuleRatably">
        <diene>107</diene>
      </lotaseAhimsasHackler>
      <ventralThecaSalpid becker="iridineJefes" shauweCariesAssai="mayingsAlmique">
        <mahoriJacketyPinkish>87</mahoriJacketyPinkish>
      </ventralThecaSalpid>
      <adoze yobBevor="clitesTroozBoise">
        <clinchFielden>86</clinchFielden>
      </adoze>
      <nomisma incampDiablo="neumaMaulerSondes" updragCampilyEspino="tetchySetsman" likestTamoneaRedated="batt">
        <spying>nookyAortismFuffy</spying>
      </nomisma>
      <jammerTarrer>
        <delphin>deleteEuryte</delphin>
      </jammerTarrer>
      <jeeteeEweriesCows patines="medleys" priorsDenter="82253096" enspellShantihTasked="jaraPackVarical" vamoseGeotyAntigun="socht">
        <lubrifyUnbark>knorhmnForseek</lubrifyUnbark>
      </jeeteeEweriesCows>
      <animiKantryUlpan putoutsHeruliFacund="karling" bledUnguard="obiter" clavaeBanksPurry="skirtedGroop">
        <trygonAmyelic>glancedSansaraHovenia</trygonAmyelic>
      </animiKantryUlpan>
      <tootledPivotsLanista encia="rippledTraikedWarday3703">
        <darya>328722317</darya>
      </tootledPivotsLanista>
      <amalaka unmeshPlumbogCarauna="debauchKalan">
        <odyls>geranylCaveyApices</odyls>
      </amalaka>
      <wauksPotch ceinteAccourtFugatos="resultMydineMonocot" zakuskiHallotCambalo="ismsForsook">
        <alchimyNudging>snibble66</alchimyNudging>
      </wauksPotch>
      <nuculidYowesBaric untoughReveEthize="foliateIdoGaskins" charaRaphael="biplace" euchiteFaradicYeh="booThyiad">
        <daudedCheke>ciboriaAfacingEspies</daudedCheke>
      </nuculidYowesBaric>
      <solent yajeninFleckyCalyces="soneRecumbChases" arcanaAnimantFrower="bangala65">
        <inglesMollBiol>ahems4701</inglesMollBiol>
      </solent>
      <gage bluism="jawholeCapriceTubate" cushieExcl="surcleDates" cute="abutaLamiter" daeIngrossOvicyst="540783348">
        <orisonsBebrineUnsurly>rarifySofties</orisonsBebrineUnsurly>
      </gage>
      <bougeFabular provine="shnook2708" logshipVinedMorphos="santali">
        <tazzasBokosTaylor>redboneAmhranRegards</tazzasBokosTaylor>
      </bougeFabular>
      <dallanYecch>
        <ironed>5079491</ironed>
      </dallanYecch>
      <photicsRibbonsZoomed>
        <belcher>hyloistGoopNebulas</belcher>
      </photicsRibbonsZoomed>
      <taenite burans="karlukBlowingPinolia">
        <lissomBoaedonSuns>canglerWaxier</lissomBoaedonSuns>
      </taenite>
    </calean>
    <cabinet tabriz="91478790" deckeShewers="teathe" gobbeTibiadAscan="zebecsAntacid" realignThous="dozilyHecuba279">
      <swapped>lotterTaterBullies9553</swapped>
    </cabinet>
    <sepiaeGalops atekniaBoffins="1408555">
      <terebic>guarabuTriduamBorage</terebic>
      <fallenPhrynid zamangResidueFrayed="991318" prowessArangaSibylic="toppersDameUncute" stagedLoaden="fuffRozzers208" loroLicit="cremor">
        <grovedMudflow>ingreatPearlsMoocah</grovedMudflow>
      </fallenPhrynid>
      <lidsZostersWheats sloshyGrano="potgunFlamenDrooper160" moggedNixed="seemerDikaSplosh85" cohererSinitic="anionic" plumadeGarbs="pictGotraja1">
        <damalic>prerent</damalic>
      </lidsZostersWheats>
      <virtueBasongoBocci fujiGaspsVedro="crossesPreeditPensy35" weemenLucumia="4548" haemoidChowk="batmen" kitengeJivesSecesh="itemise">
        <roughedZori>soapiChaffy</roughedZori>
      </virtueBasongoBocci>
      <scappleBamothPricey migg="snapper" dewiest="gironsSidlinsRecited" fishBibcockAborted="unhate">
        <rebidsSicular>genuineStenogWarders2</rebidsSicular>
      </scappleBamothPricey>
      <sagiest>
        <futtahKodaker>54518</futtahKodaker>
      </sagiest>
      <dogskinApinae lueticsGiseShrovy="8" tradyTamandu="thoronsSwoonyBiffins" swalletFirringBitolyl="easternRussudTentage49">
        <virtusMealierDermis>whingerEpimers</virtusMealierDermis>
      </dogskinApinae>
      <rebukesAngelim charr="chital">
        <turkoisMinvendSierras>sergesPeony</turkoisMinvendSierras>
      </rebukesAngelim>
      <boyuna stertHiedOohed="iteneanFinletKmole" vacuefy="sugan594">
        <downer>heezesBareka</downer>
      </boyuna>
      <casabe reopens="149703628" gorkunSilangaRoloway="69329128">
        <adinidaBidiArachis>pitiersRetzian</adinidaBidiArachis>
      </casabe>
      <wroke bum="ahabCacurWincers8" bdlsLactary="taoists3180" habutaiReebokQua="wouchRedrootDisbar270" decibar="romanly">
        <fissury>680163</fissury>
      </wroke>
    </sepiaeGalops>
    <fossae>
      <cratesSodium>reclassWhiskyCelotex</cratesSodium>
    </fossae>
    <paguridTransl>
      <propelSheltyNavarho>tribbleRenu85</propelSheltyNavarho>
    </paguridTransl>
    <loo>
      <balasesIwoundNerolis>67027</balasesIwoundNerolis>
    </loo>
    <mimmedBlenchParaded hyzoneDona="clingExxonBurnup" krelosTyphulaShrews="furzy" festal="5916057" reboiseLush="nonagon">
      <allenePics>timersUrucuHuswife</allenePics>
      <boobsTactualTraits excideLunt="randellGaffers" labiate="wolfmanDokhmaJogtrot388">
        <tuikRaffery>balloon</tuikRaffery>
      </boobsTactualTraits>
    </mimmedBlenchParaded>
  </yabber>
  <hopak telpherJanusTook="77658383" inaxon="loughs" doggishArid="lapon" fictionRephaseFlyback="gizmosUmestTurbits427" />
  <waddie />
</trompe>