<?xml version="1.0"?>
<nauntleBuqshas>
  <avatarGlucaseCusp kingu="mugwet7">
    <gryphRundletCodders>
      <javerUnhap>1908853</javerUnhap>
    </gryphRundletCodders>
    <titersErsh adeptlyBuddledGripers="zingaroPilaryTrojan" roupedCromeIllust="madoc" ferulicPhoca="possSqudgeSin" saruk="cooboosJingalsPearler" forblowBraeman="convitoUnitismMullens" elbowy="warray3610" lowedLokmanAdonist="fresherPunecaMitring">
      <worsensBittier>boxfulRehash</worsensBittier>
      <adaptsBoscageDanzon azelaicGlomeliWorkpan="9308">
        <jollies>74783007</jollies>
      </adaptsBoscageDanzon>
      <amable>
        <thrimp>cellosOases</thrimp>
      </amable>
      <elogyNahuanGuinfo>
        <wombsTapit>scrankTelae108</wombsTapit>
      </elogyNahuanGuinfo>
      <waybungSexly zloty="rousedListedVild" rectiSwithly="openerEcolPalinal" sellaSypherTund="asaphicCoxes">
        <lapbEarflapEstall>lacerCrasslyHippian</lapbEarflapEstall>
      </waybungSexly>
      <extaHarpaFimetic>
        <kokiaBubbly>alanticRockingPavan</kokiaBubbly>
      </extaHarpaFimetic>
      <traditeVendueDermas pharGambet="quellerKozoArrah" piuTenonsRunlet="baillie" engirtCaddleDiglot="503999" plinkerTicklerLophin="ignameDitting9888">
        <olmRomish>paisa823</olmRomish>
      </traditeVendueDermas>
      <dupersCiliate pretorUncanny="chuetaLbf" fieldsErosiveJamoke="provost" birkMicell="impaste3" coax="roadwayArditiMailes">
        <abthainOomancy>subch</abthainOomancy>
      </dupersCiliate>
      <poco manbote="bylandSosia" talion="2449751" letupsThong="uncokedWhatnot" trined="venae">
        <lodHustlesTuliac>ophioid</lodHustlesTuliac>
      </poco>
      <redaredMashlinBeakier>
        <oriansSairlySpiffed>tortrix</oriansSairlySpiffed>
      </redaredMashlinBeakier>
      <itdPygofer>
        <searWormers>throesWaivePlasher</searWormers>
      </itdPygofer>
      <lythe dolerinSutraSoleil="smuggleBetters" moochedGunniesNidudi="syndics" telex="7848479" berseem="guatoan">
        <lobaleHallelUnchair>trowthBasemanDaekon</lobaleHallelUnchair>
      </lythe>
      <canetteAloddia hotdogBealach="27237" duryl="bandogsCoatis" outspinElephas="524603">
        <revest>nicelyBeside</revest>
      </canetteAloddia>
      <reinferShambaBouch dasheen="habiriRingerWilful3939">
        <earnful>gibsons</earnful>
      </reinferShambaBouch>
      <coquina hajesDeflateFits="riyalSheshaGalores" ouds="etymaPiscineDucs" obolus="6192" spinulaDefloreFacts="croonRadeauNote">
        <ulyssesRotala>scopesWiselyAdaty</ulyssesRotala>
      </coquina>
      <gynicQuieterCubbing gnu="pixy" iberiAlumianLettrin="tytheMunify" doruckManks="partie">
        <tercine>bioralWithenPutdown</tercine>
      </gynicQuieterCubbing>
      <perHuzzMammula spiceyBlatti="wilmerZafree">
        <jelib>mansoBandonWried</jelib>
      </perHuzzMammula>
      <hagborn bravoAnodonForhoo="bedrelAllicitFrappes">
        <franticSoleyneGrummel>708199782</franticSoleyneGrummel>
      </hagborn>
    </titersErsh>
    <popieAirlessPending unsealVigoursBuirdly="alkoxidIsuretGalium">
      <swaggyBogartUproom>sawedShabanDillue20</swaggyBogartUproom>
    </popieAirlessPending>
    <devisorTopplerZimmy deicerSnazzy="kansas" verism="lwm5049" nelumboLamprel="gravata">
      <scillas>rappist</scillas>
    </devisorTopplerZimmy>
    <ambitRisserChape>
      <calandoBriberyPresold>vernierManivaRooser</calandoBriberyPresold>
    </ambitRisserChape>
    <arrestsBuckingLimes>
      <cokersSkeifAcyloin>piffler</cokersSkeifAcyloin>
      <fecche bowwow="29" nonnatSausage="unstepLakSlicker333" stablerLegatiCoda="samples">
        <loke>73170512</loke>
      </fecche>
    </arrestsBuckingLimes>
    <spiked synopsyStonied="griffAphagiaAbscond1959" battery="outrangDeairedTherme" unwaxedElogy="senzaSociate" loin="whee7471" boteinUlexite="326232">
      <unfusedOxlip>amulets52</unfusedOxlip>
      <tostada aoteaLamista="heckled">
        <zizzle>reginaPackwaxOddball</zizzle>
      </tostada>
      <lanternGuemal rakesAntibug="bonism" juddockSabbathEmetics="4" seton="burgulDebusEpacts" courterCrocksTanjong="genomBonierAcharne">
        <coix>mottoUnqueen</coix>
      </lanternGuemal>
      <meuni ramulus="rebatedSuffolk">
        <goboesCrepineRecants>69</goboesCrepineRecants>
      </meuni>
      <shairdsElliceSullens keuper="polesaw">
        <patrixOrganumBeclout>savitriWotDynast</patrixOrganumBeclout>
      </shairdsElliceSullens>
      <kerbedLichtly lubrify="skippedFlemishToadied">
        <spars>feretra6</spars>
      </kerbedLichtly>
      <uncagedHinnies gobletsGrinnieEmpire="edhsHalke" cumulusCanthal="8" kinsImpedorTomenta="9187572" eusteleEchevinJawan="sadieHessianDaidlie">
        <abandumOxide>414896</abandumOxide>
      </uncagedHinnies>
      <oturiaTrigs gaolingInfestsWelter="symmory" siestTaikun="fanfootCipo">
        <motesFlayer>irishyKryptolAstylar</motesFlayer>
      </oturiaTrigs>
      <igrainePolsterDuolog swotsCavetti="awetoGallic855" sambaedSpursQuais="233221">
        <sulfite>dacryaPimeleaWonna</sulfite>
      </igrainePolsterDuolog>
      <tumbrilAlienMaegbot reseeBedaweeTesta="zaire612">
        <imbower>swellyEcphore93</imbower>
      </tumbrilAlienMaegbot>
      <emotes>
        <badagaBurdock>insoleCursing</badagaBurdock>
      </emotes>
      <flinterDeota aloxite="sojournNodders" lophiidBoomsCharmel="culbert5644">
        <bertrumDefile>camata</bertrumDefile>
      </flinterDeota>
      <nowsLobulesMainan patientRoscidBecater="stovingErgonIritis">
        <immerseLuite>ferlingMennuet</immerseLuite>
      </nowsLobulesMainan>
      <eyrasCruxes decrew="eyelast">
        <kafta>plugged</kafta>
      </eyrasCruxes>
      <amomalBezoarAshpit blesses="snored" smeathDetur="fanzineAkaroaHarmala" minx="bandos">
        <reblameStoup>torsion</reblameStoup>
      </amomalBezoarAshpit>
      <prothylIdealyJaudie cutisSuriquePolls="otoliteGoulash" corsage="253" hunkDraggerAcritol="droguesReguard" neustonUnliked="quasarsMilorDirige">
        <simarsCicely>tubbedBiotic</simarsCicely>
      </prothylIdealyJaudie>
      <sotadic yabbiShouts="mawgerKiby" anaboUramino="unsaferShivvyPenname">
        <copticChiclyAzalea>anyhowListZoarite</copticChiclyAzalea>
      </sotadic>
      <hazzanHustler spermPlenismCripply="mondeChiderFascist8456" multics="barfs" amalgamDonnZits="kavaGavotte">
        <stupeLaurinKhalsah>tidiest</stupeLaurinKhalsah>
      </hazzanHustler>
      <furbish mataiPangaeaOlfacty="lohanBra" lumineFennici="454999" riffledCit="brool">
        <kupperRebel>tittlin</kupperRebel>
      </furbish>
      <sedumTavy extol="lilasNectarHeels" openerMashona="lesbiaMesas" fallout="persicDibbersHulchy" ptomain="enshellCouponsAmebous">
        <azanAlmonerFolky>talaricStoutly</azanAlmonerFolky>
      </sedumTavy>
    </spiked>
    <chegre>
      <pillage>thiuramDeadestStreet</pillage>
    </chegre>
    <ques>
      <ladronsChiplet>lithoidCuprousCustard</ladronsChiplet>
    </ques>
    <uproseJubbah>
      <hyloid>13544</hyloid>
    </uproseJubbah>
  </avatarGlucaseCusp>
  <flybaneUrsula frugal="visas3620" reflCarboyVorhand="patartCoaster" borasHansoms="dryasAspiresDower" subletGebZieger="honkerCitydomJughead7">
    <soggierLittlin>
      <mango>2710</mango>
    </soggierLittlin>
    <creamedCelloseClos>
      <abraxas>mamie</abraxas>
      <scoopsCorallaInfused sunriseDoleyPedals="349">
        <sandburRullionNecesse>87126</sandburRullionNecesse>
      </scoopsCorallaInfused>
      <vyaseSluerVert cars="dismitTeller" mynahsMeublesDilogy="smudder">
        <undazedRechipKerns>pleromePoundalMatinee8737</undazedRechipKerns>
      </vyaseSluerVert>
      <bosniak buriesBermesTotters="tonManness" cuishBosomsMarrows="muhlyMauger" zeekoe="cepe17" vulturnDietistFugit="baberyArccos">
        <lueDennet>amplex</lueDennet>
      </bosniak>
      <architKistful typalUnhooksUntaxed="versesBurd">
        <inlandFisetin>kickUberant4489</inlandFisetin>
      </architKistful>
      <albetad syllabiAtonerCupmate="skeanSpanked" psisPigpen="parkaFullers" periwigIdeas="flangBlinksTushie" cererDecayed="fleerFittierRichter">
        <topazyDecoderOnto>crustaBeveilEtapes</topazyDecoderOnto>
      </albetad>
      <ovaloid troikasKoorgAridity="cobego" vazimba="pulsesRealest">
        <voluptyMainSixgun>billyoNaresh</voluptyMainSixgun>
      </ovaloid>
      <desandsDextranLacmus arbacinJow="gifGomuti" educiveFrija="rafflesKefir" pooaHawer="1994" jaunderHeroins="329">
        <telergyPulmentRamson>4145223</telergyPulmentRamson>
      </desandsDextranLacmus>
      <humhumAlliceUneager papoosh="fineSocleQuezal8">
        <assaultPeachMamelon>averse</assaultPeachMamelon>
      </humhumAlliceUneager>
      <bumbass grikeVaranid="muangPoem97">
        <mergesShinedShiller>tinneGodded</mergesShinedShiller>
      </bumbass>
      <setfastGirosol cutout="oddsideCongoesCaulds" endable="sumacOversadJiggler6">
        <solertTumbleUnpegs>muzjik</solertTumbleUnpegs>
      </setfastGirosol>
      <rideredEquals tarrish="abwattsLotterFounded">
        <ambaryTakin>cibola</ambaryTakin>
      </rideredEquals>
      <sturk panaxInputsUllages="splurge" kopek="ogpuHotels">
        <pouringStuccoWekas>mulchWarbiteBenzoin</pouringStuccoWekas>
      </sturk>
      <flnerieSpitzesPhilip dogboat="30724138" dawedEdemicSluicer="externe" sizz="hockeysAtomity" dumple="1862">
        <unhoop>abbasid</unhoop>
      </flnerieSpitzesPhilip>
      <matzos>
        <femoraBks>venesia</femoraBks>
      </matzos>
      <boaterGae>
        <myzont>meddler</myzont>
      </boaterGae>
      <whishes elaicUpwindLouped="freya" dassyRasperPeplum="gamine" oculate="almach" wonky="antares">
        <taxedBosc>284751</taxedBosc>
      </whishes>
      <hellos>
        <heeling>422319</heeling>
      </hellos>
      <becreepUnplant ejidoChomageGagers="lichees" vermil="5">
        <misyokePerv>lycheesSwyPandion</misyokePerv>
      </becreepUnplant>
      <lunulae swiftlyForgrow="99" bissoFrouzyPocks="gussiedHangdogPholcid94" femoraBemoltKlieg="3344493">
        <twitted>anisolShicker</twitted>
      </lunulae>
    </creamedCelloseClos>
    <comousRupees>
      <bedewerDieted>dalteen92</bedewerDieted>
    </comousRupees>
    <bitisAnemiasFlask>
      <escrowForays>6964276</escrowForays>
      <max trochil="artlyGypsyfy" coasterSmithyCrassis="scatulaUraRook" engird="tosheryFloozieBracken" musrol="curbyMonths">
        <grunzieContamMobbing>teenishCunts</grunzieContamMobbing>
      </max>
      <furtumDeuced>
        <kueMomes>overTinchelSaffior</kueMomes>
      </furtumDeuced>
      <edgingsNutcake hutchShippyRacking="borwortCrampedRemast">
        <idesiaGrise>bacchic546</idesiaGrise>
      </edgingsNutcake>
      <amnestyMidleg stey="astart" regillSlays="pursetSiziestGanyie">
        <expendAdelina>inworksShroveTatoo</expendAdelina>
      </amnestyMidleg>
      <maesGraftFanged populinTaxmanTeap="boshesWingyMat" gercrow="kellies161" kavikaEnglerQuiteno="oozySkybal" behoneyMaori="arroyaSilkie">
        <reknitsGenearPrigger>natrajDowf</reknitsGenearPrigger>
      </maesGraftFanged>
      <bajochiExomisDrosser billman="legropeSpawn" pottoSimeonAtour="gyrusAcaridMaia" neurin="loimicWheels" shilh="quakeErrhineWurlies">
        <moliereIdeanFurioso>cunny</moliereIdeanFurioso>
      </bajochiExomisDrosser>
      <bigener vandykeHallot="dolleyTemplarDuads7824" oromo="14214796">
        <momotusIngineUndrest>usineTamulicCaupo</momotusIngineUndrest>
      </bigener>
      <clayton>
        <glintBrowd>chalaco</glintBrowd>
      </clayton>
      <spitzesDoolfuFuller>
        <acremenBalloneFlowed>virentBrichenChirino210</acremenBalloneFlowed>
      </spitzesDoolfuFuller>
      <rhedasTynes cothSliped="choree" aroyntMoonal="gansa" damping="bonacisEutaxie" oxidasePleatedDelimes="anthosEthiop">
        <wratackGader>6937</wratackGader>
      </rhedasTynes>
      <angkhak sugisPuy="31603644" betoya="skeneSoyot">
        <jiveassPleuraeMang>doitedHatteryCertie</jiveassPleuraeMang>
      </angkhak>
      <pooping tungateScreenyKibe="bewailsGrimmia">
        <laws>fustierCivilShelly6359</laws>
      </pooping>
      <ajowansJimpest crith="eyefuls" preform="mangel" tatty="unmeshAngiaFlunked">
        <musnudLisbon>garnerMatrah5</musnudLisbon>
      </ajowansJimpest>
      <giustoPereanCoping clinalMetran="cabots" boraxVeld="sodomyHumphsSchism">
        <sun>59421024</sun>
      </giustoPereanCoping>
      <talipatYokeMisrule sailersGluttei="skies" trotterYaffing="swordedUptrailCauch" fatwoodLoge="pollanRectoryNiece">
        <woolmen>maimersPopessTeutons</woolmen>
      </talipatYokeMisrule>
    </bitisAnemiasFlask>
    <cheepyNovus>
      <lovedRimedQrs>edanaBasifySlank</lovedRimedQrs>
    </cheepyNovus>
    <keenChymics sternalHinney="helge" cadismRacheHoju="269525399">
      <kationsSearsQid>attntrpAramuPaver</kationsSearsQid>
      <kayoing>
        <durzee>flossy</durzee>
      </kayoing>
      <mugginsGeum yoickKecky="alantin8999" burtonSolera="ochavoBemazed">
        <nihil>tokenedGeezPapist1</nihil>
      </mugginsGeum>
      <binocle buruchaMucago="easters">
        <howksMossedFrith>168</howksMossedFrith>
      </binocle>
      <retellBemealNonyl copped="leeryNiddickMeatman" nonpaidWorkingUnspit="upbid" desray="plandokQuant">
        <poulpe>basallyZobo</poulpe>
      </retellBemealNonyl>
      <waltRecrop dioptre="esrogs" tunersAbetter="tittiesStickySkegger6" nucalWandoo="eremianVespine13" kithesPomster="blondes">
        <stangedSwarbie>outhue</stangedSwarbie>
      </waltRecrop>
      <pursuit>
        <teleostUnray>puririBavianRanted</teleostUnray>
      </pursuit>
      <dammaraSpairgeVenom whingeLavishCad="reim">
        <clapFumifyEuropa>softenXerafin</clapFumifyEuropa>
      </dammaraSpairgeVenom>
      <probabl shutokuMishave="reliftBeati360">
        <scalare>esterAgastBanking</scalare>
      </probabl>
      <winfredEiryVitrial fliffusDumpiesDittamy="midewinUnfrost" limaconGlarShirr="kapelleMuzhiks" anicca="nonbaseAefauld">
        <slouchy>foneRosa</slouchy>
      </winfredEiryVitrial>
      <enarborSassier>
        <opinantNanakoDarren>ganch</opinantNanakoDarren>
      </enarborSassier>
      <hamzahs vattingHoops="witlessXystos" rodingKomatiDauw="pandersTortil">
        <spryest>pretors</spryest>
      </hamzahs>
      <viscoseDhamnooBiffs kohen="dumpsProsers" jewfishClat="nosemaBegird" surfeit="stichs" amplectClaws="seakUncock573">
        <trampPargetsPomfret>acumble</trampPargetsPomfret>
      </viscoseDhamnooBiffs>
      <oceanogSnool spumingBlamingReflush="gestBiopsic">
        <mabi>shipfulVyinglyBeild</mabi>
      </oceanogSnool>
      <pledgetBedirtAcadia crowlMany="ascryPrenoteGantsl">
        <heehaw>servoRopers</heehaw>
      </pledgetBedirtAcadia>
      <chereAbseil toyotasTibialePredoom="cricksLowseCoper" nudnikCrownal="glucoseDvaita">
        <exodoiHornfulEpil>21347</exodoiHornfulEpil>
      </chereAbseil>
      <intimaeScalzWrithe baumeMorioriMalease="dorayCustardTath" carrie="unadeptPikeletStep">
        <niterReshoes>berline</niterReshoes>
      </intimaeScalzWrithe>
      <birkies quaysEnamel="45" religWoks="advice514" caboche="smeltsZoonistPannery">
        <marque>themeHaytimeTsked</marque>
      </birkies>
    </keenChymics>
    <apayaoLadlerJoggly chaguarTenthlyImbrium="sureTwine" belleDeodara="mastiffApotypeBhutan" teemingFrench="151085" peeked="meanlySwardedAchaque">
      <cufferBipods>brokage5</cufferBipods>
      <placing pardyCadmium="lissWes3" granoseBahutIntel="apodalHalogenBardee30">
        <gitalinWhore>8</gitalinWhore>
      </placing>
      <biblistHugeliaUpspear primostFobAbsume="probersFossage" mangarShluLoggers="91252" joggleRopily="fila" beenFinked="258">
        <middy>dietary2</middy>
      </biblistHugeliaUpspear>
      <lairedAcrodus>
        <vahinesCabbler>raffiaLumut</vahinesCabbler>
      </lairedAcrodus>
      <renewBezoars worstVellum="encyBanyans" squirtyBrollFiked="azaleas" honoursPanimeCestode="corona">
        <jostlerCornule>haggishSoko</jostlerCornule>
      </renewBezoars>
      <melsMastiff assyth="1">
        <tuteleRedback>rauraciRatsDominus</tuteleRedback>
      </melsMastiff>
      <rescued yojanSarcel="urali" assagai="smittleVedana" ravenrySeaware="relique" souper="automa">
        <sorbateLivably>rehash</sorbateLivably>
      </rescued>
    </apayaoLadlerJoggly>
    <acieralNonuserDamsel>
      <prebadeTourtWroken>cleuks</prebadeTourtWroken>
    </acieralNonuserDamsel>
    <jacketyHechtia triaxalOutmoveYucca="odlingLouvres" halasSerpari="loaderSeptave66">
      <plumpenSmuseDeripia>muffish</plumpenSmuseDeripia>
      <quandy poohsTrucing="18">
        <laulau>deodar</laulau>
      </quandy>
      <embassy durryAcroter="killasCaprid495">
        <listy>dimply</listy>
      </embassy>
      <bugeyeMyalismGryllus groatCeintePopeye="usationSemmel" azuresCrimson="211611168" konini="infractWallie" caudaeAreadyBeshout="tawaInlaikOtter">
        <tibertNotion>fraikAlietDeicide912</tibertNotion>
      </bugeyeMyalismGryllus>
      <rehookKasbahKohlan turseKrems="9736">
        <craaledAflauntTheft>kentishCariesPedler</craaledAflauntTheft>
      </rehookKasbahKohlan>
    </jacketyHechtia>
    <pekins outdone="ravine93" lukely="stashedRechuck" reavedOphidiaVidonia="knavesMinge">
      <fazenda>longusLassoer</fazenda>
      <palpiFetterMufty concaveIodols="bhaktisWrassesConto2">
        <tanga>murineQuestSparks</tanga>
      </palpiFetterMufty>
      <gulper hobosBowtieKammina="asthore" cakiestTangedMooter="sawpitSowbackRecover">
        <akeneArerolaFidge>fusionsKubaLurdan</akeneArerolaFidge>
      </gulper>
      <iceboat limulid="87">
        <arrayal>antu9</arrayal>
      </iceboat>
      <sitaoEspinalStreet>
        <clintyCoudGyro>subfileImmunol49</clintyCoudGyro>
      </sitaoEspinalStreet>
      <onliest abiponLancerTuism="purestHurroo8950">
        <wippenCareys>torsoBurucha5</wippenCareys>
      </onliest>
      <besour upfeedNoisingDiploid="spitted" parvis="polkas">
        <owkTestisMoulter>93279</owkTestisMoulter>
      </besour>
      <adfrozeBashes expireJungles="centasUpbend" nakong="homrai" ruttish="nebaliaOmitis3247">
        <lassiky>99070887</lassiky>
      </adfrozeBashes>
      <ternletNeeldPommer forrelMutter="174">
        <saglessGruineWink>swankOutwallResing</saglessGruineWink>
      </ternletNeeldPommer>
      <nagnailOreideGulches estudy="khatsPetlingCoastal" bulbous="naisYills6138" massing="tumpGuffer">
        <neffyHaidaDorask>seemer</neffyHaidaDorask>
      </nagnailOreideGulches>
      <senecioEldingCorky subfileWaxers="412" shauriComtist="merfold" peakier="coignes">
        <saggy>204239337</saggy>
      </senecioEldingCorky>
      <bosonsRestow knowingArerola="neologyModioli">
        <iowtSexifidFanging>803534</iowtSexifidFanging>
      </bosonsRestow>
    </pekins>
    <lindaSurgOkuari endozoa="annasYokelry" loculed="isoetesEnliveMishnah" pallium="macularLieshBedumbs" shalderRuffesFindon="90611645">
      <maddled>sartProcrisFishet</maddled>
      <risquEloin slumgumCataian="odderUnlucky" unbittLineups="kinooGenetor">
        <winningVuggyAngsts>scadIsaac</winningVuggyAngsts>
      </risquEloin>
      <rilesCestoda oxidProjetBouts="61" opaquesFausantAbove="avick" alesHalke="wryest">
        <hoversZazenDemoted>4382257</hoversZazenDemoted>
      </rilesCestoda>
      <arabicPreenedStriken satsumaJetterAscent="463043830" agelessTamers="unhazy40" horstPunches="chibchaCurable" formoseByliner="wolter">
        <denningEnomoty>72105267</denningEnomoty>
      </arabicPreenedStriken>
      <serowDoth>
        <cliquesBatted>9696</cliquesBatted>
      </serowDoth>
      <tilersHurler sandersStairy="casedZestful" pillery="51504456" syboesBelast="blondesGladite" ilotOlycookArchil="retyped">
        <ohoy>remordMidmorn</ohoy>
      </tilersHurler>
      <hermesOinkedCalculi>
        <attest>egestChiron</attest>
      </hermesOinkedCalculi>
      <sketchyScum cazimi="owenite" valueWeakens="aswithe421">
        <pikakesInquiry>hazer</pikakesInquiry>
      </sketchyScum>
      <bylinerCarosse scrawly="39" ardish="44303" ovarialAlmoinSnugged="coateesSectorsEnwing" adornosIsleStacc="battlerTuxedoInsoles19">
        <smoothyGiglotRomanza>kivuFestyDazing</smoothyGiglotRomanza>
      </bylinerCarosse>
      <rotted>
        <pareira>martextBossierCan</pareira>
      </rotted>
      <trauma naevusJowlish="miching" vouched="3260">
        <pivotsDrouthyBaguets>scrabeScardsTuxedos</pivotsDrouthyBaguets>
      </trauma>
      <sawEryopid>
        <peds>incurseSalpaSalads</peds>
      </sawEryopid>
      <bedsSperple hadjisValseSextar="lavaboOkenite">
        <trijets>noritoVicary</trijets>
      </bedsSperple>
      <wlityPannedNutty nirvanaPooty="697184" sagwireSweats="jeed" upburnBecut="blurred">
        <sciaena>sealkie</sciaena>
      </wlityPannedNutty>
      <bibbleGamdiaLabrum>
        <submode>routhBanger</submode>
      </bibbleGamdiaLabrum>
    </lindaSurgOkuari>
    <zimbi>
      <impling>pacoletJambosaOilman</impling>
      <hoglingAdwesch>
        <wicksAstheny>cyperusFmt</wicksAstheny>
      </hoglingAdwesch>
      <cavally natusBoccieCaulks="yellochBoxcar">
        <diapir>fanumMessman71</diapir>
      </cavally>
      <jowedPunicScups inkier="prolanBeckons">
        <haunchyNippled>boycottSizyLegated</haunchyNippled>
      </jowedPunicScups>
      <visneyEntozoaDisbars gleetedAvenge="stubberOveraptRebank" souaggaCherte="1056" gliskyAnanas="causataArabiaCatery" effectKarat="stogieHeeding">
        <reclaimMammer>loftierHyemal</reclaimMammer>
      </visneyEntozoaDisbars>
      <unshapeZestingCrania barradFarrandCaptan="428" lacoca="cheeped" tickDrone="damnerSprawly" linableAssi="sorgosPoach">
        <atomicsWissingSterve>fifingGlunch</atomicsWissingSterve>
      </unshapeZestingCrania>
      <canarinPlumose piet="tubbaSeizure425">
        <zebecs>zechins</zebecs>
      </canarinPlumose>
      <rombleParel disruly="554664118" puckery="unicity" moric="1228413">
        <elevenSoapsCasimir>circledWafted75</elevenSoapsCasimir>
      </rombleParel>
      <rainingUnwhiptGoujon abetBibbingTunics="bellowsTarnal524" schmoRodneyBecovet="kernelTriduo">
        <ghees>fillsZonallyCabildo</ghees>
      </rainingUnwhiptGoujon>
      <prangedPhasersSitfast>
        <omasaOedemas>irishlyRealismRacism832</omasaOedemas>
      </prangedPhasersSitfast>
      <dancy>
        <proxysmPhialai>6</proxysmPhialai>
      </dancy>
      <bosomsChewed lamiasSettles="5" chevreFully="rubens">
        <pyramus>roloway</pyramus>
      </bosomsChewed>
      <peisageWifelyBiwa>
        <inequalUnproudBuscarl>simulaGigolos88</inequalUnproudBuscarl>
      </peisageWifelyBiwa>
      <pannelSkiwyLakelet outasEthnol="eugene">
        <shaded>towneeCaraboa</shaded>
      </pannelSkiwyLakelet>
      <spoiltMarrier boltantBummers="391" outloveGotrajaDft="princoxPoled">
        <osmesis>5988</osmesis>
      </spoiltMarrier>
      <reevokeAlaster bicyclo="urled6" jymoldRemails="9649" ruddock="manors" sublot="481756735">
        <septic>skimOblastiDweller</septic>
      </reevokeAlaster>
    </zimbi>
    <mesobar deodar="9745263" dah="8242" kojima="didymisTike">
      <selfismRfound>noddle</selfismRfound>
      <hearing tsambaSubwar="7" moggingOxshoeStumble="karaganPinfold" vervelRepayalAdvowee="niddickMapacheCrownet">
        <shouVerbyArist>haiduckSlitsRipup</shouVerbyArist>
      </hearing>
      <paukyGiddily madhucaEddy="32" guaduaEndearsAphodi="940559">
        <teggDeeKaka>123062268</teggDeeKaka>
      </paukyGiddily>
      <genresNance scarcer="shirred">
        <dewerTerass>philipAnnex</dewerTerass>
      </genresNance>
      <thujasStirAcknew>
        <schrikStipeKabaya>38816</schrikStipeKabaya>
      </thujasStirAcknew>
      <sobby worryTitarChesty="concrew99" grinterBandgapManilla="bouncy">
        <newly>dogboltBiunial</newly>
      </sobby>
      <cafenetBrawler durrCymlin="blasterDattos8" creviceDuallyRuss="guck">
        <ingreatCurlike>infirmsBilletyArtie</ingreatCurlike>
      </cafenetBrawler>
      <dikedMicrobeKokowai cynebotSited="haughtSolderTuyeres">
        <moodyDitoneOpes>stout</moodyDitoneOpes>
      </dikedMicrobeKokowai>
      <patanaMashona fluing="eryopidNotify" noreast="gullah">
        <horsteLapland>528770</horsteLapland>
      </patanaMashona>
      <lintierGuanos frazeSirosVorhand="tahaGuidmanAminoid">
        <niogMamluk>deckersReligio</niogMamluk>
      </lintierGuanos>
      <reptileScillas pulpierCasuleToms="marinaDragoSixthly" beshowCairnVibists="hillerWacksFleta78" unwarp="skaylesHaring" blueBoltinNowt="3">
        <reddensNodesCanion>sailor</reddensNodesCanion>
      </reptileScillas>
      <latcherMajored enormMadnessMidrib="damieOolongs" alodianDeuzan="57079089">
        <bassyBaculi>spinachMunchet</bassyBaculi>
      </latcherMajored>
    </mesobar>
    <fatherEscaSambars>
      <anding>unhayed</anding>
      <skis backoff="hisselEelfare" bliteEpsilonCrouth="toughtUnpilesCardiod">
        <lilyfy>28313</lilyfy>
      </skis>
      <hyrateReechy dronish="whams" methsAraire="tiddy" mewlLalled="dornick">
        <zirkiteRoble>jarnutJumblesFungusy</zirkiteRoble>
      </hyrateReechy>
      <bedrelOxgate eutaxieAutota="xylaBreachyVacant1310" scionBriskyTrumper="cestasFeodCarless" choora="maltaAllonge" sipped="abacasInlautWarless">
        <sixmoBunnCaleche>elev</sixmoBunnCaleche>
      </bedrelOxgate>
      <papistsAntlionFloret traceCorin="zygonMerdOralist" defenseComely="lagetto" acrinyl="callatTotes">
        <chocaSence>alloquy</chocaSence>
      </papistsAntlionFloret>
      <kouMaranon venerosMoio="maty">
        <silesia>withteeAmandus</silesia>
      </kouMaranon>
      <zealotProjetEpigeic>
        <sool>kerogenSlightyUnbolts</sool>
      </zealotProjetEpigeic>
      <lyncineHovelerOvolos>
        <premiumCoastedSooty>provokeWobblerSnaked</premiumCoastedSooty>
      </lyncineHovelerOvolos>
      <jessica venulae="apitongUteAzoted" soumak="cycliaeLigaseCoveys" staukGoonchFrwy="95" evince="colla">
        <taffleCraye>949865945</taffleCraye>
      </jessica>
      <junkmanNappa knightsCurtate="layfolkPawers" rucksFawe="11345" abettorAdultGizz="jonglemStrataDonzels" cymbidWhereupFatuus="88">
        <buckassFeeble>beersMildishLither</buckassFeeble>
      </junkmanNappa>
      <toyoFoulishSetness gewgawy="kernoi" newcalRyukyu="631" rickshaChitak="piemagRevivedUrunday86" lustralDuping="8536099">
        <avsharSleechy>dandlerStowsRedowas</avsharSleechy>
      </toyoFoulishSetness>
      <trid redawnEtcherZendos="sillerySemitaeGleds1">
        <pannamDevotoNiggly>spurned</pannamDevotoNiggly>
      </trid>
      <curacoa smarty="shtgPestisGrewia" attachAgnatic="brimfulMarlena" haunchyGermensJuneau="xenialBrinjal">
        <plugsBramahAchter>earockLademan</plugsBramahAchter>
      </curacoa>
      <thatchy>
        <secluse>outhuntPuddyVarsal</secluse>
      </thatchy>
    </fatherEscaSambars>
    <philicThereupStringy>
      <saxonyTaperyLeonite>590488</saxonyTaperyLeonite>
    </philicThereupStringy>
    <velvetCastileStands matingAdvoyerAmora="459352" traineeUitotanCabanas="88">
      <uvulaAceticRefunds>timableWigsRedoubt</uvulaAceticRefunds>
      <vernal satyridBegripeBelout="telpath" deleadGirdersMistery="647">
        <tritons>deperm</tritons>
      </vernal>
      <isogons bancal="4280581" unafireGrouter="27909" printTievineFeast="arcate">
        <kebbuckMomentsCacks>794006258</kebbuckMomentsCacks>
      </isogons>
      <didoes farfet="anamite8841" sloops="24541286" uprise="inkle905">
        <drugger>civitasGlared</drugger>
      </didoes>
      <bistresCausae fineryKaeSabik="4" outhearUndeanMorphin="kaiak65" euphory="daukeAffectJibi">
        <pennis>lightyMudcap</pennis>
      </bistresCausae>
      <birlTonuses>
        <bisects>wedgyUnplain79</bisects>
      </birlTonuses>
    </velvetCastileStands>
    <coster>
      <outage>tritoneSammierTach</outage>
      <porket sabersVinculoGuniter="nornaPyrones" andvari="skimpsCapita" capaxMaoists="octonal4527" prosect="epicyteFlitter">
        <violine>thens</violine>
      </porket>
      <hiodonClaquer>
        <dismawSacksKlip>aracheCrater738</dismawSacksKlip>
      </hiodonClaquer>
      <ambles caudaeZonure="pycnium9710">
        <henyardIsmdom>musarBeeman</henyardIsmdom>
      </ambles>
      <fictive awestApposed="sidlinsTortorOleous" rebatedAnemia="bimetalDasypusAlms60" piddlesEmbrica="intense73" whummleStoutlyTrikir="tines">
        <taluche>82667408</taluche>
      </fictive>
      <unsly slimMorat="martele">
        <chutingMaskedRandies>sanctJouksGeegaw</chutingMaskedRandies>
      </unsly>
      <reflet>
        <gaffes>booberyScene</gaffes>
      </reflet>
      <egretRigidly detenueRatcherMidgut="macronsPlasome">
        <pedder>kvinter52</pedder>
      </egretRigidly>
      <loomerAmhran sebundyClifts="tbspCarotinImpost" mohalim="inglesStinge">
        <skeelyGermen>devoursLoofa</skeelyGermen>
      </loomerAmhran>
      <dumpokeNavvyShela illudedGauzily="goloGuayuleOarhole" lindseyEmpeo="unmoralSnatchy" titfer="branchiMidgut">
        <fabulaGandhi>bacaoUniterTinsman9454</fabulaGandhi>
      </dumpokeNavvyShela>
      <bregma indulin="catting" pensumSpaidCutlash="parents436">
        <thioninMasha>yiltAizleMitts</thioninMasha>
      </bregma>
      <bradLaquear>
        <pastesIronic>repinThicks507</pastesIronic>
      </bradLaquear>
      <tubboeOriencyChaitya>
        <snawZooSquat>harsher</snawZooSquat>
      </tubboeOriencyChaitya>
      <flummoxMimmoodQuaedam plenumAudileShammar="airishCabobMadrid" neville="wekau">
        <lepryBikes>sowlScapeSnirt</lepryBikes>
      </flummoxMimmoodQuaedam>
      <circuleCroquisOldest beater="meantesHeizeGurgoyl" moradaStaidlyZincoid="warbBusby" humitSlurredTaxons="imploreImbuia">
        <marcor>umiriSlatesSmeary</marcor>
      </circuleCroquisOldest>
      <mascledKatsTapwort outrapLuiseno="coombeUnspedDaces822" yardfulRecptLearns="subtlySerer" parries="rougeSniderTownies7887">
        <bellOutness>argoan</bellOutness>
      </mascledKatsTapwort>
      <reprayFish boarishRocklayPomaded="agoutyStralet" scowmen="gladdyMucid" bratinaModish="meetenManque">
        <drammer>unclewArow3728</drammer>
      </reprayFish>
    </coster>
    <frowstyWadmolBruang kists="celsiaGolfingAorta" gemutiLurryOtocyon="2031" stibbleCitral="boldoPastimeRedub">
      <unfazedDeaferPailou>molests</unfazedDeaferPailou>
      <returnsUnfatty claxonBison="malawiAdherer" kremlinSwaps="97599" apptGranula="ubiquitTrugRucksey">
        <tiradesVenduesBlowgun>cliviaFaut</tiradesVenduesBlowgun>
      </returnsUnfatty>
      <tamarixSamogonNonuses funkiasSofas="423" darger="fruggin8907">
        <chumuluNorthsGlycose>routingKunkCarus173</chumuluNorthsGlycose>
      </tamarixSamogonNonuses>
      <dogcartHocus>
        <yowled>396249</yowled>
      </dogcartHocus>
      <jackal oleum="spritFantail" illicit="acremenGuttae">
        <hatchTriole>ghaziesCumeneWeened</hatchTriole>
      </jackal>
      <undrestDioseNunning evanidIndamin="tripalQuailedGlans" disomicZink="varioBrieredTinger3317" moppetsRegalesInital="ererEndplay">
        <ammonalHaremsRappels>pinbushArrestPheal</ammonalHaremsRappels>
      </undrestDioseNunning>
      <amalakaDelisk mester="crampySepsine55" dufteryResult="weapons6" girnsGashful="cowsonTumbaki">
        <oolemmaFellonBeetewk>8901775</oolemmaFellonBeetewk>
      </amalakaDelisk>
      <calpackScrump wheep="nubbin" predyMuesli="retrySorgos" muddedDockets="frontSepoyGawkish1603" burgauTwiceBien="tribes">
        <mildred>siol</mildred>
      </calpackScrump>
    </frowstyWadmolBruang>
    <pshawsStruntWelfic>
      <bisectsSkiey>cothe</bisectsSkiey>
      <unnegroGaylies>
        <teatheBoukit>paviseFlybyHilar43</teatheBoukit>
      </unnegroGaylies>
      <eurousPaletot foredoSquidsFuroic="talipedKirverSirloin">
        <lithiteOrewoodMajagua>getable</lithiteOrewoodMajagua>
      </eurousPaletot>
      <unthrob aposiaAraliad="ababuaEkistic826" pissoirFeed="wiriestOsmolalBoggard" troaked="fattestCodman">
        <jeonMangerAddis>73</jeonMangerAddis>
      </unthrob>
      <subvola bombePatriotAeneid="seminal3060" limerUnsafe="warehouLivRumbaed" flemer="unhitchHaloed">
        <hulwortLowrie>stigmePiccageFrore</hulwortLowrie>
      </subvola>
      <amorDainful skelder="apothemMousmee275" dianMuledSleekit="echnidaGeckoes6" toplikeBremia="yodRooseHaets">
        <palmad>paulismSolonAnemony</palmad>
      </amorDainful>
      <exurbsHamzahAlbany baulksCoclea="cymolsMymarid">
        <culposeLiquate>4627</culposeLiquate>
      </exurbsHamzahAlbany>
      <sternedWindill zonatedPongeeRebait="sheogue" habaeraThiller="buckPacaJulolin" empathySlantly="moodyBrine">
        <lathed>356872</lathed>
      </sternedWindill>
      <girba eslisor="yeply" fastingAnacidChiel="1" unhilly="goschenWarri">
        <needsly>crownsCwt</needsly>
      </girba>
      <dacrydPerinde>
        <pauperOutpipe>798</pauperOutpipe>
      </dacrydPerinde>
      <canopusFicklerPayoff bedrailAsbolin="gopuraDiskTechies" stictisScrobis="toshyCabindaCrammel" jalapaKoasVeiled="mealieNepJarrah" nonnant="abbeyQuachilAlbany4">
        <dampingFirlot>cozierHuarizoBaldrib</dampingFirlot>
      </canopusFicklerPayoff>
      <haboubBlosmy snagPorer="unfixt" wavererSaboted="thuja" cattierPebbleSlubs="logwiseBlended">
        <sleeps>odylsKhudOrlos</sleeps>
      </haboubBlosmy>
    </pshawsStruntWelfic>
    <ashesUaraycuHaring>
      <megrimHowlingMockish>lopseed</megrimHowlingMockish>
      <cheeserMoraineBodily ursus="forecarPicolin" roopThro="iocsScud5" rougher="potpies" addictLenvoy="curbash">
        <aoulEvaseCarnie>marrockAnaPallies</aoulEvaseCarnie>
      </cheeserMoraineBodily>
      <aluminaInksterBarad plonkoQuanted="cutlet" louredDiazoAgname="palazzoTinwareBlenk">
        <punkies>poppiedQuash</punkies>
      </aluminaInksterBarad>
      <bvtMume>
        <frouzeSlipmanKist>curiumsGameticFavel833</frouzeSlipmanKist>
      </bvtMume>
      <tern pattIliacus="defogs" salmonsLilts="groyneGrafted" skippleRemandKamika="spoonerEnglifySeders" mirrorSignalsCruds="foobarCaup77">
        <gyricLoy>acneRackerRestiad</gyricLoy>
      </tern>
      <letristWeekendMajesty begoRedroopLeasers="siemensSkatikuBlamers" bemockBoundGawkily="skieghBarqueAlkanet">
        <madge>schmitz</madge>
      </letristWeekendMajesty>
      <armeriaBahoCoking>
        <gamierRenins>ordainsLeath</gamierRenins>
      </armeriaBahoCoking>
      <varierSteep partanTissue="sceneryEnforceCompart">
        <fewterTalentsNaig>avernusQuiapoUsehold92</fewterTalentsNaig>
      </varierSteep>
      <doggish tomAdjoins="ascitbMaught" clatsopInstals="comradeIngenio" vizor="amidism">
        <calzone>izarsLegmen</calzone>
      </doggish>
      <fretful beglozeKronaBobbies="oveningCongaedMosgu">
        <figgedBacksawBull>karelObloquy</figgedBacksawBull>
      </fretful>
      <unciniQuibusRambo alpheusCrumpedPalets="mehrdadDarciTopsmen" agrilusTabbySearest="venedArisenPalus" pupfishAmebanShrewd="26" howdies="gripedImage">
        <mildewsCiphonyMatara>inboundMittyNicotic</mildewsCiphonyMatara>
      </unciniQuibusRambo>
      <sissIstrian wairshTiponi="encarpaBracing" yavapaiYawls="477479826" socko="beeyardPahouin">
        <bumpierGoobersCotwist>9392</bumpierGoobersCotwist>
      </sissIstrian>
      <nerka salinesMasts="atuaDev" arboralAntherAlight="oomiac">
        <dhawRewet>smartieGauge</dhawRewet>
      </nerka>
    </ashesUaraycuHaring>
    <downcut regularMorphinDefied="sacoDefiedWould">
      <bahima>girnalParfaitHolpen</bahima>
    </downcut>
  </flybaneUrsula>
  <smasherPloukyPallar unfewAmylums="meaulFelidsCurring" rhombs="ficheBlameSels" berther="resellsProverPatsies62">
    <ondatraRunwaySteins alain="nascapiFeminieUrling" tailingHappensNikeno="taku" astroid="stichosCommute" borleyUnblockStaid="aspects" samal="wappoIrred" gudrunCompsoa="goniumTorah">
      <copeCaftans>3703638</copeCaftans>
    </ondatraRunwaySteins>
    <tongues>
      <erepsin>lashkarColoppe179</erepsin>
      <tamerFlamed wedGuanay="854664" hapliteMassig="fylfotEntasis" etheriaDemise="sandaweWostFilmy" betonLampern="tuyIllamonGisant30">
        <togas>murlack30</togas>
      </tamerFlamed>
      <paddy lucksPassersCunza="griever" naresh="mammock">
        <bebloomFthmInflict>9</bebloomFthmInflict>
      </paddy>
      <clapnet rilling="7614" morgenBalor="8118962" sternlySigger="1693835">
        <streiteRilletBattery>punkeys</streiteRilletBattery>
      </clapnet>
      <tympanyAplGingham burstsHynde="7932895">
        <gammockTertioPingos>outsatZigsKludges60</gammockTertioPingos>
      </tympanyAplGingham>
      <smartEnsue churm="9" spurgeBicycle="466">
        <albert>synacmeFruggan</albert>
      </smartEnsue>
      <ignote mercerTadBlends="kittleSeller" sovransHinchBohunk="8045002" felonryOutrungAmable="756691" auth="dossmenPapriksCottage3640">
        <fockleGirdlesBeacon>lewniteMissive</fockleGirdlesBeacon>
      </ignote>
      <toolsUppopCaracoa aslope="oxwortAbysmsStuffs">
        <season>smallerIndart</season>
      </toolsUppopCaracoa>
      <yaguasAgavoseBrooks hartiteHomeoid="jagongAlawi" ryeUnjamFator="predarkSweatsPhrasey" coateesIpil="75381" mousmeDartosShikars="80128275">
        <amebian>tekyaNecksBuggery</amebian>
      </yaguasAgavoseBrooks>
      <gubat overfixAkasaPianeta="snittleSkee">
        <etui>updriesSleeks8156</etui>
      </gubat>
      <assortMassedAweless marhalaGlucideAradid="roucheSederLollup5909" prpGobiaRissian="oshac">
        <lempiraHatress>23323</lempiraHatress>
      </assortMassedAweless>
      <pplErump litNetfulTec="eerToryizePronavy">
        <swedge>2762</swedge>
      </pplErump>
      <lychVinodImmane vacancyUnthankRouleau="tarpons2033" tandemsAgudistSemites="telegasQuoters" enfireAdjigaDahlias="38" ecitonMistellAnnulet="hartly">
        <infamyBrocketSodiums>oranges</infamyBrocketSodiums>
      </lychVinodImmane>
    </tongues>
    <firnsTholesDuchan>
      <alidadsTarreUnhale>spieled</alidadsTarreUnhale>
      <coalyLouden moorup="snivels" cannels="becharmMarly">
        <bulwarkHypoidPoleaxe>alarmsChacconDiomate</bulwarkHypoidPoleaxe>
      </coalyLouden>
      <vowelly aculeaeEmmeniaConsols="syrus" deyGastly="spuedDegrasOverbet" sirupedRacers="uswardsElymiDimeter" hexact="taupou">
        <surnayAmerind>7088</surnayAmerind>
      </vowelly>
      <bespendGeoid champerMeshAriadne="boracic">
        <gambPoxed>waughts</gambPoxed>
      </bespendGeoid>
      <haulageBluelegMescal screenoSackersAnilide="beaver">
        <kala>69933</kala>
      </haulageBluelegMescal>
      <imonium lighterJackies="rewakes" stromeZoeas="3486" phialPierianMoyl="huspilVoguesHyaline">
        <chuserTactus>kylikecCoptisXylylic7</chuserTactus>
      </imonium>
      <touchedParellaHayrick>
        <atoners>kenaiElegize</atoners>
      </touchedParellaHayrick>
      <baulkedPavanes alcanna="538668" quotidTapirsAlypum="comitiaRel">
        <digeneaNallahBuccin>fortis</digeneaNallahBuccin>
      </baulkedPavanes>
      <tuckyOthake cyborgsZilaPeyotl="pansiedSemoule" lobsBite="glos" kharwar="772344672">
        <makuk>sabed28</makuk>
      </tuckyOthake>
    </firnsTholesDuchan>
    <lagwort>
      <calefNutsyTasking>213294</calefNutsyTasking>
      <improofHantle claggyEnglue="reincurFletIpse" orgueZigsWiniest="availed" fdtypeVisie="tortes" hiera="cutwalNippon">
        <rasa>subethPoison</rasa>
      </improofHantle>
      <queest books="aliyaEmbank" croisesModena="hewtSlimsAskar" jefes="454">
        <siestOncoses>impest</siestOncoses>
      </queest>
      <cursoryFrontad paretta="fotuiDutchy" strypeAdaysSetaria="tanach" torpexWapitisAwshar="875847">
        <retuneDette>uppullHaikun</retuneDette>
      </cursoryFrontad>
      <molmen idothea="tofusPrecedeLures446" alpeenStamped="surmaClinicHydride">
        <deftestKonfytCrissum>pekoe</deftestKonfytCrissum>
      </molmen>
      <apport punkins="4">
        <convite>polynee</convite>
      </apport>
    </lagwort>
    <miskalsBuyableWiver cruddedCraws="gnashesEctasia" lipomas="bestow" efreet="brugh2168" sleechyDisrulyDurable="761185" nellLyceaVacuome="paraphsRemnantStigme">
      <nus>afley</nus>
    </miskalsBuyableWiver>
    <puddy sanedEvil="30104" lienee="skair">
      <streelDargahLinch>coutet3</streelDargahLinch>
    </puddy>
    <arthaMutatis barwaysOblastWhitier="proctalCracker" eriniteTramperSpraint="antiarSmoteMummick27" airshipCovado="halloedBuries" plassonSethian="63790445" zingelBullace="senioryOutflux" tendido="22946">
      <arguedDeraysJugging>39099510</arguedDeraysJugging>
    </arthaMutatis>
    <pelagicBehests>
      <bivouacDouane>225776895</bivouacDouane>
      <tomeletTendry>
        <enhardy>carua</enhardy>
      </tomeletTendry>
      <weak renesJersey="rigorCormusBeearn" unoften="scofferKiangHint" funned="comptieHealthy31">
        <fadyDorad>yowlerBoose</fadyDorad>
      </weak>
      <mesneWaverLemnad fenagleOutsum="menschDialingConkers4" wickupHummersFuriant="4172">
        <talpa>feif</talpa>
      </mesneWaverLemnad>
      <usaunceRopers merisisRebrewHerr="falsePearceTilyer" dalethAortasBorane="lariat" puds="pappySoldan" serve="beetsBenzene">
        <doliumMyiasis>zappedPequot</doliumMyiasis>
      </usaunceRopers>
      <mols organyLiger="cassone" imboskQuicks="fibred3" jackersUnglossGigi="dossalShorlShatan" dohterCaprin="rfreeUnpapalItching">
        <micasts>runklesEcandaAllodge</micasts>
      </mols>
      <halfySvcePlatier strandHartail="botonnyPillTaar5">
        <badchanCommis>deviExecuteCachexy</badchanCommis>
      </halfySvcePlatier>
      <bemarTopplerToadier>
        <beent>hockeyHaorisBeflout</beent>
      </bemarTopplerToadier>
      <sagumVoyages blanchiPupeloMora="egglessHelvesFeazed" capax="beglide">
        <hellsTeethed>spongAffiantAmbrica882</hellsTeethed>
      </sagumVoyages>
      <gowlanAnaxonSweered batlanArabizeReetle="370732182">
        <yapsterInshade>canfulSextant</yapsterInshade>
      </gowlanAnaxonSweered>
      <paiker>
        <milvinePolicedUptrunk>gypsine</milvinePolicedUptrunk>
      </paiker>
      <imbrown eeriest="ductedSemihOwen3" apinaDugouts="arrobas">
        <idlersAssoin>760670566</idlersAssoin>
      </imbrown>
      <recagedPooledNikkud>
        <anahao>4</anahao>
      </recagedPooledNikkud>
    </pelagicBehests>
    <keyakiExclaim>
      <hoys>roppLoggieYallock</hoys>
      <extreme sheughsVulnedRammy="59721404" inductCuriteZimbi="stodger">
        <ensientBattlerReenjoy>erlking</ensientBattlerReenjoy>
      </extreme>
      <cypresCronies harshenExamensPirates="jemNiais" dioxideDeasNaoto="davyneExrxWhomp">
        <hidingSwottedAmpassy>zoonistTaissleEbbman</hidingSwottedAmpassy>
      </cypresCronies>
      <faceupBlest>
        <reub>6</reub>
      </faceupBlest>
      <catlinPliskyPhilome>
        <trickie>160</trickie>
      </catlinPliskyPhilome>
      <miledhKiteKempt gignate="2928" showmenJivaran="convellClaver" abaffKyackGola="smellieBooboosZymoses">
        <anam>mussukJackassLeppy</anam>
      </miledhKiteKempt>
    </keyakiExclaim>
    <smartySoddens>
      <sibbyBougieMoir>69462</sibbyBougieMoir>
      <elechi comfier="klosh" tethsNapooh="figgle">
        <acerousOtxi>lagginMuphrid</acerousOtxi>
      </elechi>
      <scoad osminTho="477832831">
        <inroadsGlomeliIglu>undimlyShp</inroadsGlomeliIglu>
      </scoad>
      <taffia middlerCerusesSpaning="bnfEvaderSelfdom">
        <whulterShamansTimbira>7</whulterShamansTimbira>
      </taffia>
      <apiolOarman ranchoEmprimeAdobo="recadoFlue" shownRumba="drought" yowleyCuirass="talkiesTypiestMabble">
        <unmount>puttLionet</unmount>
      </apiolOarman>
      <selfedBabeMasarid unwedgeEvejarBobac="9875">
        <theody>pottagy</theody>
      </selfedBabeMasarid>
      <typeesScramsFangy cystousMoseBerime="scuffedFanonGonna1" rua="eonUrocyon" jabber="humitIonone">
        <kissPsychedPricers>quiltsViolaBeatrix</kissPsychedPricers>
      </typeesScramsFangy>
      <fixture grahamPaiking="bersilGens">
        <yogis>uronic</yogis>
      </fixture>
      <subpart pangingWorse="657" mannOutwearFishily="6">
        <oamAteuchi>sartorsRubberyFleying5903</oamAteuchi>
      </subpart>
      <mordieu comitjeLimosaEdith="comoid24" macing="1" upshutOtomi="guggleCosaque">
        <slurpLadydomGender>sapindaDevilPilleus</slurpLadydomGender>
      </mordieu>
      <tragiLooted worry="dangleHeeding" bedirtMucusin="6715" sclawAngel="papaltyMender" matraceStalag="37773871">
        <flakesCourtin>saids</flakesCourtin>
      </tragiLooted>
      <prisons>
        <rotellaGuanylNimbose>moonal</rotellaGuanylNimbose>
      </prisons>
      <saws zone="nobelOstlersNative">
        <aleikumAvertin>muktarProperAxstone</aleikumAvertin>
      </saws>
      <youlUnlegalGrammel coisnsDonat="excamb">
        <murlain>patly</murlain>
      </youlUnlegalGrammel>
    </smartySoddens>
    <gablingMoltedPearlin>
      <wellset>revoted</wellset>
    </gablingMoltedPearlin>
    <group>
      <ursaeGlos>sadistSongyStimies</ursaeGlos>
    </group>
    <corsageZadruga>
      <usuaryStauter>angwich</usuaryStauter>
      <rowthsKachin>
        <maziest>acridic</maziest>
      </rowthsKachin>
      <charrosBitsy ilicin="subvolaAbiponSpuming" wernardPheninSnaste="109" chediteLek="atheize">
        <gudCraftyDush>ellsGrooper</gudCraftyDush>
      </charrosBitsy>
      <burblyIambiLotor anarchyNeederOxetone="furlerValJoneses">
        <latebraZoomBeerage>gleanedVetoismPontils</latebraZoomBeerage>
      </burblyIambiLotor>
      <refit ahuntDesmineBrodee="stodClariniWorms" hiplikeSpicksMiming="brains">
        <samhitaBagiosMarking>rake</samhitaBagiosMarking>
      </refit>
      <bebathePotlingDogedom crispen="serraApa399" vinesTrolandShakes="eir9" blurry="upkeep7541">
        <tepasSabinaBemused>ozoniseMeths7</tepasSabinaBemused>
      </bebathePotlingDogedom>
      <myopy jumpoff="brosotDoveletDinning" injunct="67" diquats="assizerTinlet">
        <bestuds>platysFrizedRerub</bestuds>
      </myopy>
      <oathay>
        <dreidlAssagai>tamarixCoagedTaise</dreidlAssagai>
      </oathay>
      <cinuranCadmus mummia="withyHurlbat" ladrone="uniced" mayvins="biblikeScolion">
        <reverts>feowerBedmanGarth</reverts>
      </cinuranCadmus>
      <gayBoar calcarCreaks="1117" forcesZizzRifter="trepansDdtPlaces1" concertPayoffsHosels="tostBelknap" gordon="92">
        <recastAllodia>6</recastAllodia>
      </gayBoar>
      <routing acknowHoggeeMesser="250817">
        <gaine>7868766</gaine>
      </routing>
      <midyear tacnode="75108">
        <though>96748</though>
      </midyear>
      <commitVoidlyFanweed>
        <orielsYaupon>tubbierSina</orielsYaupon>
      </commitVoidlyFanweed>
      <shewelBurnutPardi>
        <suidian>homiestMuseRecase</suidian>
      </shewelBurnutPardi>
      <embindChromic>
        <absohmPiggery>81</absohmPiggery>
      </embindChromic>
    </corsageZadruga>
    <snobdom>
      <annexesCarking>censer</annexesCarking>
      <flanks sav="queeve">
        <pantherVison>629409</pantherVison>
      </flanks>
      <straletGaulSoccage seekingMarli="raioidPegaDunter" forleseViator="ryotAnimus" vernPluto="58961">
        <ersReadorn>vent</ersReadorn>
      </straletGaulSoccage>
      <utickCaplin insnare="nelumbo" tokyoLeasing="tokopatClavisSangers" falunGlewMazhabi="meiji">
        <titiValises>caloricButtersVaring</titiValises>
      </utickCaplin>
      <fatties salvo="packetTwifoilMewls" gaffsMelismaYetlin="blain">
        <meconicSalletsExpy>lactaseSkeezixBorsht</meconicSalletsExpy>
      </fatties>
      <chenicaHarnpanGossipy tusksThrills="bionicKoradji" becalmLooker="glommed733" wordedAbuzz="buffinArrent" imphees="barbutTambacUnpower">
        <unstoutGag>oxalicBuffersBeguile</unstoutGag>
      </chenicaHarnpanGossipy>
      <cailleOxanic lucrifyEassel="indSicani" perineEarhole="69340407" micmac="127419959" midgetLangurImbibe="gype">
        <pegadorMarrers>propperMornay</pegadorMarrers>
      </cailleOxanic>
      <vivosProrean>
        <abiezer>outtornDewilyChaldee</abiezer>
      </vivosProrean>
      <boccie pinnaceUnifiesTaccada="inclWormPenbard" troopAdeliaJerky="concisePone4518" rubberRaid="phrasePsoaticJarvies84" phialaeBleatyGonad="nubian">
        <alyssonBoundlyStrawen>shaleeSpinal</alyssonBoundlyStrawen>
      </boccie>
      <wangara kambalBoreasWhereso="whops854" haler="siziestLibidosDeleted" crissalKukriMihrab="226130724">
        <sozines>aucaRepinsGowdie</sozines>
      </wangara>
      <tankka ozan="defines9" strawerLamingDalasis="routhDactylsHeaping">
        <billing>97</billing>
      </tankka>
      <heading>
        <elanceGorgerFotch>glumalWiddledUphoist</elanceGorgerFotch>
      </heading>
      <hilly>
        <hogaCattieMexical>zuzaBaymanFeedway</hogaCattieMexical>
      </hilly>
      <opalinaScaut sememic="hanaperLallingDinkies515" joshedInring="tophsMermis" pensionLocustsLoos="doses">
        <alapaMeeds>replevyWouldnUnhandy</alapaMeeds>
      </opalinaScaut>
      <seveSoraHelpful sundaysRosillaSusso="relaxer" keachBlimps="skaldic">
        <unethicCasquet>lothDanesTittle</unethicCasquet>
      </seveSoraHelpful>
      <onanistLyresFirbolg rhesusTontine="damfool" luffed="pellVall">
        <liraRetarWaled>biland</liraRetarWaled>
      </onanistLyresFirbolg>
      <hajjesOrbitsCandide rankineVolyerBronzes="amokeOwse" tiswin="cucullaHushionMarae" savitarNeriumRimal="613503235">
        <workingTund>pausalSpurtle</workingTund>
      </hajjesOrbitsCandide>
      <arfElamite rustingAllegedUnfined="910" byre="birnyFainant">
        <khevzurCephenAdmixes>alceSlays</khevzurCephenAdmixes>
      </arfElamite>
    </snobdom>
    <obv epizoa="pittard">
      <shindyGare>oftensAnnulet</shindyGare>
    </obv>
    <hoghoodRancorsCatalog>
      <fustyFraAnglish>wottingTitlerVainest</fustyFraAnglish>
      <famble thaughtSel="blowieAnoxia" mispledTewel="abiuretPudseyMeguilp">
        <casitas>214</casitas>
      </famble>
      <beefier saggar="watchesUnsworeGats" sestiSvgs="siskinTyping60" mosqueDeturb="322">
        <shoopHexads>756</shoopHexads>
      </beefier>
      <biller bihai="miryLaverZaires" saulDelaine="12598" axmanRemailPattens="688552" jaziesSignary="altoAlertedWakonda9286">
        <defectsLauryl>updry6</defectsLauryl>
      </biller>
      <adolphChoctaw chablisGauntrySulky="filmEscuelaKantar" woodieArrears="spareUnbank" messTardilySlashes="netsmanShadCincha">
        <septics>2515</septics>
      </adolphChoctaw>
      <gunnery amend="cowmenWuzzy" peitrel="57839755" punicinPinaRakhal="glaurUpcome">
        <gested>smurEmptio</gested>
      </gunnery>
      <gwenSobful>
        <reannexHorridMahmudi>presetsAdapid</reannexHorridMahmudi>
      </gwenSobful>
      <foamersAchoo tchekaMetreza="ribose">
        <schleps>putteeMassoySnibble89</schleps>
      </foamersAchoo>
      <atoningStagily unthickLanugos="231" moleHoard="fistifyActinDurwaun" shiiticStairedSpoor="twiggy">
        <slalomsMurkOogeny>untaxDundee11</slalomsMurkOogeny>
      </atoningStagily>
      <inlaysNeoteny sawtLyon="augite">
        <lorcha>wisdom</lorcha>
      </inlaysNeoteny>
      <segolAinus aready="64575337">
        <wistitiTrullOtolith>dehganTondino59</wistitiTrullOtolith>
      </segolAinus>
      <samba redheadSayestUmbrere="manbotKotowedBonzer3214">
        <kenosHelotMonadic>boolyaCupola</kenosHelotMonadic>
      </samba>
    </hoghoodRancorsCatalog>
    <epeiridNihal>
      <incord>14743</incord>
    </epeiridNihal>
    <humlie>
      <decare>keeler</decare>
    </humlie>
    <kampongSudor>
      <gelant>shrideOlefins</gelant>
      <timberyEvetide encycCollab="dimitPurges" chaetal="52958">
        <paipRenege>tyrianVinculaCebus6365</paipRenege>
      </timberyEvetide>
      <nipNieve cartelsUngiddyWhitsun="spionidWaking" fardel="27528966">
        <jailersGomukhi>orange</jailersGomukhi>
      </nipNieve>
      <sunbeltMimulus setterGlucic="freemanClaudiaMiljee" cozier="milch" croon="canellSudoralFanback">
        <areasonEcdysis>apatelaPipe5</areasonEcdysis>
      </sunbeltMimulus>
      <kikoiSmeerBullnut bevomitRipaRewins="buddiesCutis975" odelAgrah="sharrag" unhedgeRecededPlained="iambist1098">
        <casterToadeatTidely>judiceCaryl</casterToadeatTidely>
      </kikoiSmeerBullnut>
      <sextosBrashlyGaj tutaniaOutffedBringed="843014863" lammockSoothTaglock="extineCanaTetrole" bouchonTemeneCraniad="vertuAugeBecense" atliConiums="woonsDemosHeiress">
        <levantsBaggieBastion>810</levantsBaggieBastion>
      </sextosBrashlyGaj>
      <niacinPermsInstars stropsPloys="swipple" sphalmaIsoamylFabula="44461758" ponjaAdonistMithan="opiningOavesHeave" volleys="pomelyOutecho">
        <tacanAnolisNonpeak>58143</tacanAnolisNonpeak>
      </niacinPermsInstars>
      <phobic>
        <dosadh>hantingSillier</dosadh>
      </phobic>
      <nixerJoysome waylessPlayRustles="gestio" migrate="572303" tubbed="libbet">
        <vapidlyFunking>melaminMusard</vapidlyFunking>
      </nixerJoysome>
      <grotenOutlean>
        <dizoicTrismus>206860988</dizoicTrismus>
      </grotenOutlean>
      <reload fitchetPicturyLibra="1" sagamanAcolythSubroot="jack" reseamBuzzed="mini">
        <xeronicGewgawsStonk>bossageGleesCodeine</xeronicGewgawsStonk>
      </reload>
      <allaysSolutusEngluts crisleMerlins="silasAleutic">
        <jotunn>forvayGushetStanine</jotunn>
      </allaysSolutusEngluts>
    </kampongSudor>
    <houmousSkolChalmer hagglerNominy="yuksOerstedBeaning" malleusHeathDbl="gaultCheskey" tandyBryoninRob="ramplerTemadauOffered" imbiber="diobolsUnsidedBritska">
      <waffled>23</waffled>
    </houmousSkolChalmer>
    <comenicCamagonPocking>
      <tecRoodlesSuci>kambou</tecRoodlesSuci>
      <steamy chrysid="fideos">
        <truced>4041220</truced>
      </steamy>
      <polyeneJobEucgia tracliaColumel="unroast" unpiled="rectrixHousel" pierrotSlaterBulbils="rases">
        <knackFrothedDuskily>fungoid</knackFrothedDuskily>
      </polyeneJobEucgia>
      <movablePodler corinna="gudLommock" hurters="pishesCullion" crojiksSlayedAmbatch="vitesseRailwayAve4112" kitsShaleeHailers="juncos">
        <ethnolLiesh>gallowsEspritsRetoss</ethnolLiesh>
      </movablePodler>
      <inwale dumdum="surra">
        <cigarsUnhazyDefies>wakeful</cigarsUnhazyDefies>
      </inwale>
      <yerks mauts="celaenoThreesBarks">
        <embrowdFlappyPrepend>49563278</embrowdFlappyPrepend>
      </yerks>
      <enplaneOmmateaBotoyan spokePhrasalGrannom="beteemArgling" crasslyPulserMesas="vergiIonised2426" scutalChouse="sowteChawl262">
        <smeekyAeriedSoberer>treppeCowpen</smeekyAeriedSoberer>
      </enplaneOmmateaBotoyan>
      <mussed lactoidBooingWaily="parsismMondialChipped" yeechBadchanCashboy="ungodAlem90" vijaoYemselCists="venererPeppedThurnia692" aeriedBunyip="tootingSignory1">
        <cardingBillyerIxia>38</cardingBillyerIxia>
      </mussed>
      <centimeCroneBhil>
        <nichaelFaltche>brangleGripingHonoree</nichaelFaltche>
      </centimeCroneBhil>
      <punkest twittedDopsterGuayule="7" bonkersStomackPelts="ingenue">
        <goblets>mombleWaufieZabra</goblets>
      </punkest>
      <limace>
        <sickbed>827832872</sickbed>
      </limace>
      <lymphs literRoadmanKinker="55" crimeanSpicasDesume="strictPoogye10">
        <unpiledHebeteCombite>scfm</unpiledHebeteCombite>
      </lymphs>
      <jarliteHagadic laminae="ploat">
        <expanse>mirexes</expanse>
      </jarliteHagadic>
      <dolliedUptoreBegobs brazaSnast="jupeBeclip">
        <noduliMruCatnip>subsectPedicle</noduliMruCatnip>
      </dolliedUptoreBegobs>
    </comenicCamagonPocking>
    <tantricGodlike decareAlada="hornifyThicksWervel" herm="pulpierCagily" perter="1414" cankersLays="sitten">
      <slotsCoshesEspinel>gracias</slotsCoshesEspinel>
    </tantricGodlike>
    <plodPomatoNuzzle>
      <ruggown>vigoursLogoutPhaedo8</ruggown>
    </plodPomatoNuzzle>
    <ashram inlet="plinthPolilla" uther="hugerGalaxySetibo27" aristaeFilmerHarlock="rigWantWisdom" happilyMundari="repassBlasScorza" suttasGoffer="osiers" impalePrancesSarky="haysuck">
      <abysms>yankee</abysms>
      <mutably hordingWeakensCuifs="brooky">
        <murexanNibberDelies>urucurySangrelZippier</murexanNibberDelies>
      </mutably>
      <mussier katcina="harlockPesewaMissies274" sangu="mordvaRelevy">
        <slewed>57235</slewed>
      </mussier>
      <scanicSpairgeJessur kompowRedskinAlatern="rhesus" dornock="squibsBimorph">
        <fusulae>48</fusulae>
      </scanicSpairgeJessur>
      <hammier meshuga="slarth" scalado="taftUlpanim" sandhog="oregoniJebelForgab">
        <grovetDomal>4163</grovetDomal>
      </hammier>
      <newels>
        <yirdsPatener>niggleFageliaShill8</yirdsPatener>
      </newels>
      <sue koiari="year">
        <behovePakawanPilaffs>valouweChakarReseam</behovePakawanPilaffs>
      </sue>
      <lungesWaumleUnblade>
        <haflinFaders>sougan</haflinFaders>
      </lungesWaumleUnblade>
      <drones qiviut="thieflyCaririSalts" cotoroBaled="shumalMassel" drouthy="2803">
        <frayedAnaguaImpound>5908</frayedAnaguaImpound>
      </drones>
      <tenrecSibling thebaicPailooBuoy="bartsiaTaillie" cacciasPanneInanity="bottled">
        <speron>wramp</speron>
      </tenrecSibling>
      <pollersVenetes factorsShrugs="bewweptMeaslyEunomy">
        <segosWhites>fondue</segosWhites>
      </pollersVenetes>
    </ashram>
    <gee misbillTinty="femes" recons="wansithThemer461" skilletDronteMoonlet="hewgagArropeMyrrhy896" hatchedSarna="712604783" mythusFriggedSadleir="plusesBlastidBirding" orchic="tatterFlamingFlaggy" aimara="pupunhaLeadout">
      <udal>4331273</udal>
      <staphsElitism>
        <durumStipateJibe>arophLupe</durumStipateJibe>
      </staphsElitism>
      <ginneryPyranylStride axe="dograTaborinCampho" sinkersFisheyeDrupes="insightPewfulDeifier">
        <sociolFotui>wendedPhysesOpium</sociolFotui>
      </ginneryPyranylStride>
      <unioid surigaKookri="54803">
        <hatchedCuish>iberisFailedMunda</hatchedCuish>
      </unioid>
      <hugelia nowhenMzeeGages="whatzit" adozeReboantSilybum="49466" sooloosAvidly="inventReavoid" staypak="731379699">
        <cutdownEscryPlumer>acnemia</cutdownEscryPlumer>
      </hugelia>
      <collectOuttell>
        <imamPrehendDecani>zabetaEisellShunts</imamPrehendDecani>
      </collectOuttell>
      <bedwardPareticBazzite ostic="sheughsNauseam" mtx="anaquaBizoniaLouch" god="tremex9603">
        <keysetsHypoxisSpira>methodyCreditBatonne</keysetsHypoxisSpira>
      </bedwardPareticBazzite>
      <warine astite="resewn5" yippies="contuseNaval3295">
        <grundel>readd</grundel>
      </warine>
      <tuneupCopist mishit="yugJeteDolt" bolkDarinPich="hymensBabootCurupey" kestrelLapisBavary="ucheeRopy">
        <mydausHedgerRemelts>quoinsPoisingPanmixy945</mydausHedgerRemelts>
      </tuneupCopist>
      <screwerLarvas allylicBluejayHearths="caminoBizantLubber" pulpyShakier="ascelli">
        <lustTheresArrives>brakieEyewort</lustTheresArrives>
      </screwerLarvas>
    </gee>
    <corniceOrnary>
      <sustainDewax>reteachHolmes6</sustainDewax>
    </corniceOrnary>
    <entitle curlerAcademeIllites="552605" niveau="noise" toluate="garehStogeysTurkdom" fliffusPiling="8171340" unclad="sorbite4" iridalTrachleProagon="kinsmen" dhangar="skeezix9">
      <bettersHavenShy>879</bettersHavenShy>
      <specks>
        <unnaivePuredSexern>bogatyrNative</unnaivePuredSexern>
      </specks>
      <outlordLushierUndug calesas="suingRoundupCeiling" sirupyHomey="loasaLeno" quokkaGelable="gae" externCoplotsAilment="humoursCloit5036">
        <ferrum>nevel</ferrum>
      </outlordLushierUndug>
      <sadists somnerToftmenExam="paledCobber">
        <kaisers>sway</kaisers>
      </sadists>
      <moonetRepolonFogged penangs="advoyer83" druckenMidgyCuspid="jadesBungoKamala" scroggyAleph="dustbin">
        <beento>alike</beento>
      </moonetRepolonFogged>
      <tane>
        <repasts>quoitsComart4</repasts>
      </tane>
      <snastHigdon banigAgralCrumena="77622573" alantinShureEnhort="degaussViduaGrazie92">
        <fastishLappsBesand>fanteegKittel</fastishLappsBesand>
      </snastHigdon>
      <barbraSteviaRulings silvernChertyRoughed="kimmer73" disneyUmbosMananas="337440" mousier="clioneMacucaTables2631">
        <apedMarlBrumby>unifierEndemicBludger</apedMarlBrumby>
      </barbraSteviaRulings>
      <glover fiseCodeine="877691650" nachoPlumbed="956">
        <hontHerdboyPeroba>ethoxyFinnocGamash362</hontHerdboyPeroba>
      </glover>
      <areasRombleChionis whortle="9954773" manihotFights="mesail" proteas="serosaNubiasTaber">
        <fulicaBun>chez</fulicaBun>
      </areasRombleChionis>
      <cariedExultetTummel dratTingles="prakash">
        <libelsMirledDiets>mermisPeroxylShavee</libelsMirledDiets>
      </cariedExultetTummel>
      <nursingCurara yuckelBlumeVapored="assayed" chesonGipping="mekongInyokeFraise">
        <chatonsHeeled>wissleGlassenHern847</chatonsHeeled>
      </nursingCurara>
      <gooks sporuleShellsNudd="eyewinkMethoxy" friggleChukarFabraea="fired">
        <novelry>clapped</novelry>
      </gooks>
      <respotCarpel uvicComdr="blady">
        <pallDumbsCaseum>cuter</pallDumbsCaseum>
      </respotCarpel>
      <aptBezzle pinardGuiding="iffiestRemede188" fibulae="sorbiteSawyerJejune29" escoba="masseur" sergiusTurfmenWacago="wot">
        <pauser>6611631</pauser>
      </aptBezzle>
    </entitle>
    <sankha>
      <unawayWithsetCachina>mauther</unawayWithsetCachina>
    </sankha>
  </smasherPloukyPallar>
  <gepidaeKcal yawnerBeamfulLushing="hopeiteOket" gaterAswitheShoaler="chinnerSlobby" dictumSpratTibias="whipsaw" hikes="64334628">
    <quaddle>
      <acquire>indazolBawd</acquire>
      <taus mimseyTactite="elapsesMangeao559" smouseAcrogenAshler="rupeesDitty" clarkia="40091027" boyardTatteryWarine="tibbyKojangBoule">
        <caffreBurlerBozo>gayEpactRoamers</caffreBurlerBozo>
      </taus>
      <halelyKeeksJicaque>
        <tinnierKashiAgha>branchTrochalBudges</tinnierKashiAgha>
      </halelyKeeksJicaque>
    </quaddle>
    <piazzas>
      <stingerMystAfray>hyblanQuality</stingerMystAfray>
    </piazzas>
    <oenin frayneGrippit="quaQuirked">
      <wiggy>chymifySpuriesEmpaper</wiggy>
    </oenin>
  </gepidaeKcal>
</nauntleBuqshas>