<?xml version="1.0"?>
<gaskinDwelled>
  <icteric speakXyloylJalopy="ochoneGurrAscii" kinkingDayan="mishitBlankyDecal690" />
  <conked beno="harpist496" braisedYoldenSunlamp="butaneCrissaTree">
    <byssiMixScotia scareyPulledAmazona="quippePitylus" gutlessViragos="2" bonaciBacca="orbyCheviedMalus" exempli="aconiteSnowed739" raleStoical="algiebaUrbicIsegrim">
      <jocularTubbist>kubong</jocularTubbist>
      <belieShirpitHeap perfume="562" senileAileMess="elfdomMeechOlivean">
        <tzaddik>stickyJericho</tzaddik>
      </belieShirpitHeap>
      <tutmanTossesZiczac carsickLoughSkyphos="friableRangaleAgib">
        <serfishBlunts>hangulFie</serfishBlunts>
      </tutmanTossesZiczac>
      <powwowsCallais westingLowsin="quippyCeorlBidry57" taluhetGadge="asaphia" sabby="396">
        <cimaiseJingbai>yuckleMixtion</cimaiseJingbai>
      </powwowsCallais>
      <whisted>
        <moore>659996</moore>
      </whisted>
      <mislledPorotic codMartins="3396" hadst="wrenletBineCusped">
        <snowingAcuityUnfiery>eelbobGlisFogging</snowingAcuityUnfiery>
      </mislledPorotic>
      <traditeTowhee sponton="kyacksIndiesVirtual3" cruces="crucialLewthDibbing5449">
        <seggyYakaBravo>gorsier</seggyYakaBravo>
      </traditeTowhee>
      <irish tilBlawort="chards" frecken="iceworkRestShrilly" mootedCasingsGjetost="tubaGambade">
        <cundite>owenize</cundite>
      </irish>
      <dilos lampretReigns="callets" bitlessSpousy="726537" mavinRelesUnhid="638911504">
        <axinTubed>lysates</axinTubed>
      </dilos>
      <legers raver="847298910" adeemIchorsDaytime="530283">
        <noriGelofer>554654</noriGelofer>
      </legers>
      <cyclerIsletaKell thiefly="890" briskJiffyRefront="murphWabunga" outkeepGerip="maipureTheyd">
        <caves>curfewBemouth3</caves>
      </cyclerIsletaKell>
      <decus everichYawping="hemippeMuncherMurrha" ptisan="8662315">
        <scraps>ellenUpkeeps</scraps>
      </decus>
      <dermsRamrodUnwarn birt="338" germinWilfred="thaness">
        <unfieryToraEryx>sueveInduct2</unfieryToraEryx>
      </dermsRamrodUnwarn>
      <shoeingVasclaSoviet codoCogglyDrownd="useablyPanelsJunonia" tuftletFlaking="bewaredAccloyMensch9" sciniphAbduceCumic="nards">
        <ngaio>bosher</ngaio>
      </shoeingVasclaSoviet>
      <larikinPharmCubera abirMindfulValorem="cowpoke1607" fledgeIodeSmuse="forwardCocusOwners">
        <tibbitOsmicNonylic>7</tibbitOsmicNonylic>
      </larikinPharmCubera>
      <downyManicsIntuse arminePouceConches="hamaldSchizoMeropic">
        <hagbutClosh>putonsBiotronBude</hagbutClosh>
      </downyManicsIntuse>
      <media dasyusVelamen="sadaqatKadsuraSloughy" almahsBaronet="kashgaUngirdsThuan914" rebate="scirrhi" vitriteJaperCalchas="reboreAneurinMouther">
        <wagner>greggle</wagner>
      </media>
      <lambly willes="cunilaWelsh59">
        <scudPinged>biglyTzaamNemesis</scudPinged>
      </lambly>
    </byssiMixScotia>
    <kashgaCrepeyEntire>
      <spletIndigesAnorexy>fritts</spletIndigesAnorexy>
    </kashgaCrepeyEntire>
    <lithoSunkDiomate punnicHerola="reffelt" pronaoiPerite="youngunArcanumCopy" crupBalconMemnon="pontoonHarmony">
      <zibeth>inflictTicJerking</zibeth>
      <syzygyAssentEpirot daikerStowerWiggled="medics">
        <snibbed>ciruelaGauzilyTyphoon</snibbed>
      </syzygyAssentEpirot>
      <actuaryCosteen>
        <sizyTensoDeiced>citersExtgBatis77</sizyTensoDeiced>
      </actuaryCosteen>
      <danizeSlowedGalyaks>
        <carried>dirksLoans</carried>
      </danizeSlowedGalyaks>
      <buroShackoForages dokeSiceScurdy="uralic" deucesPennate="pokeoutFibro6" haplomeMismosh="84410305">
        <mohawkBuxerry>sanghoCordedChaffs</mohawkBuxerry>
      </buroShackoForages>
      <bathtubArapahoCawquaw sumpleMooning="arousesUnvowed" paused="gradus" dumaistPennage="allodyAfacingBrended">
        <jaggarMobileUnsoul>freeKiter</jaggarMobileUnsoul>
      </bathtubArapahoCawquaw>
      <scyphus waicuri="93111219" hammockArricciRelict="3381230" reigner="siphoid" vacanteOldies="pliablyEbonigeAswirl">
        <molestHafiz>nimmedEyesore</molestHafiz>
      </scyphus>
      <pioxeBiogen>
        <rediaDaredValeur>gillied502</rediaDaredValeur>
      </pioxeBiogen>
      <tascal placentMassier="spt" landmilInbent="scums" seinersSoumChinwag="lenaeumSanjeev">
        <tongan>amebanHano</tongan>
      </tascal>
      <harbAzilutPretire sawflomChafe="matokeLunulet">
        <zeus>65</zeus>
      </harbAzilutPretire>
      <vidette apliticScarcer="calvinHill" rigoursUngaudyNonair="nakedlyEloiner" clochesRapture="fascis">
        <befogsFilthMossing>epoxy</befogsFilthMossing>
      </vidette>
    </lithoSunkDiomate>
    <davits fcomp="yirdsCovite" outbredAspernLatian="heisted2" rosiest="915" satientSkibobsGestion="yarkandGrandpaGravy">
      <cafenetAmbosWongsky>26644702</cafenetAmbosWongsky>
      <bonnily>
        <subtileMeddled>534855337</subtileMeddled>
      </bonnily>
      <dunnock avenueSebundyLimpsy="eathlyBourderClass" trill="645" ketubahIdahoanSpruit="dugalKula449">
        <basellaInfeft>fallalCossieCumly852</basellaInfeft>
      </dunnock>
      <wettestTarrockKarn paversShunted="alegar" antrums="tapiocaAliyasTallies2" unjamOutsert="22" breton="aggroupVibriosCotypes866">
        <arnMythismMutuary>fratchy21</arnMythismMutuary>
      </wettestTarrockKarn>
      <krang>
        <maculas>stanIcones</maculas>
      </krang>
      <whapuka ukiyoyeZygous="pannierLituusOpsin2574" latonHognose="730" ingoingPavone="calci" huarizoPlatea="punditaStane">
        <jiggedJobnameEmydea>enfacesGomeBoll</jiggedJobnameEmydea>
      </whapuka>
      <agent toastyPirootGeist="rotator6570" pacchaBilges="manchus" lycosaNoh="scuzAnguineAdoxies">
        <bernoo>deport2689</bernoo>
      </agent>
      <boomingAdawlutCohitre cellingComtismUpcrowd="decart" spitter="thrills" caddoanSavanna="fumishBahurClart">
        <embalms>pinkoUsably</embalms>
      </boomingAdawlutCohitre>
      <lustres enticedChandu="riglingUmloadRadius" marsiTongersUnwooly="tileryNorardSchemes" tourClowRung="jaups" besourSupputeRotalia="shrewedHernial">
        <intubePrytanyCarua>slogger</intubePrytanyCarua>
      </lustres>
      <gum pardedRealter="gepidaeObolet">
        <opalsJalapic>usqueScreakyCoaled8</opalsJalapic>
      </gum>
      <blushyBanksiaDiverse burnersOpuses="706188" bibulusDhutiEggcups="200">
        <tawery>348</tawery>
      </blushyBanksiaDiverse>
      <folds unclot="hamadan">
        <methine>renamedMungoItched</methine>
      </folds>
      <sirkiTurdoidCyp>
        <spender>101484536</spender>
      </sirkiTurdoidCyp>
      <laboresWheneer finestMalisonSkelp="3332" miladyChileDane="ducesNamazSnuff" catnipYapok="vittleCaffeol">
        <lappage>halogenHtel</lappage>
      </laboresWheneer>
      <kelterReftGalium kilergEightvo="creasySensive9369" milden="20" myogramFloat="quiredArtware">
        <rotanevRecountHence>coequalKeepnetCarlot</rotanevRecountHence>
      </kelterReftGalium>
      <absciseLobbingInfame scootedWhitely="89264">
        <noeticsYeasty>1589</noeticsYeasty>
      </absciseLobbingInfame>
      <ambachRoublesYadava hymnistMousmeeSoapsud="risberm" metae="dewlapsOkay">
        <orientsRevete>duckerAlkalisPonton</orientsRevete>
      </ambachRoublesYadava>
      <bonusRandnQibla unilobe="hogen" laserFiscalSwelled="wattman">
        <cigale>riddedDenied</cigale>
      </bonusRandnQibla>
      <eslisor commitsStussDesmine="blitz" camletsAmboinaBehung="tinkers" mandapa="sealing" merlons="tenai">
        <ondatraSuedWorsted>scarfeCurtlax</ondatraSuedWorsted>
      </eslisor>
    </davits>
    <slimsNereid touslyOchryInfimum="sinismGoveSyssita3">
      <ewing>34</ewing>
    </slimsNereid>
    <wincerYaffil>
      <zendos>smokeho</zendos>
      <maidlySwinkerTenrec oarlikeBiomesMorlop="bossaHetTuatara1" crutch="9">
        <diobol>otomianSclere</diobol>
      </maidlySwinkerTenrec>
      <graver haffetsSatangs="35273">
        <chewierWampums>14816425</chewierWampums>
      </graver>
      <ligated exertAmorph="starkle" bliteAppast="disomusGosmore" emily="nadaTopplyHainan" inwardPluckPattu="hired89">
        <midgetKatBurgess>rhet3220</midgetKatBurgess>
      </ligated>
      <rolloutCastles louversBones="ridgingPlumper" morsureTragedyTensaw="loupeSoakers" cuiejoPechtErgotin="soonishCastrumPaprika" aboulic="23">
        <mowe>shacklyDocket</mowe>
      </rolloutCastles>
      <unsternLayoutHarl iranismPointelSkete="remover" jagirSudani="haloesAbuneSecured" gruffy="cruster">
        <sarip>megabarSwapperGeoform29</sarip>
      </unsternLayoutHarl>
      <guiacOckBarrad vicoiteSpringyOdour="rodhamRchauff32">
        <relevyTragion>5</relevyTragion>
      </guiacOckBarrad>
      <bawdricBesplit driptUnnaiveCursors="655980">
        <minyans>duraYapok</minyans>
      </bawdricBesplit>
      <squeald anakes="26" otaryBumped="lakatoiPhonemeMoop">
        <dhenebTheat>5071</dhenebTheat>
      </squeald>
      <sprite patmosSkanceBelap="tollersCoarserUnwordy" scuds="tailsBlastid">
        <circ>tenaiWinnaKnublet</circ>
      </sprite>
      <bedroll boily="shiverAlmoseLourd" washtubGlenoidBorders="cropper">
        <splint>783209903</splint>
      </bedroll>
      <debtfulLaioseLobular buzzsawTankas="figlikeEmersedBullae">
        <coquinaTinkLulav>unruledTabulae</coquinaTinkLulav>
      </debtfulLaioseLobular>
      <henlikeDyingly>
        <baliti>6601072</baliti>
      </henlikeDyingly>
      <haringBoffos sortly="greiges4560">
        <foetidHumboCyanea>jinglyQueenFiber</foetidHumboCyanea>
      </haringBoffos>
      <grando amtracs="riel" vivek="hadjeesHetty" rivetedYokelryLane="panaryCharily" reechoBoterolSutlers="atresicEvetide">
        <crambusLoupen>fracheBegladSpline</crambusLoupen>
      </grando>
      <lugsomeAuryl duppa="leng">
        <teesApiculaFavus>piazzeArvoEjusd</teesApiculaFavus>
      </lugsomeAuryl>
      <mill giantAcad="rowdier6036" etymonBattRetablo="prioryFeuedLiana9" fremdlyTittups="trousseMilfoilPontus" sortalAys="sleetyAlkool">
        <diaMaggy>mimish</diaMaggy>
      </mill>
      <anatiraBoutreMorsel groinsPunterExcamb="sensusPootherExpanse" rondRcdGuardo="outlies" ranks="1" sebumNosilySycite="joggleRicracsLeafer2971">
        <recrampSnipersIlicic>scanianUnperchEnki</recrampSnipersIlicic>
      </anatiraBoutreMorsel>
    </wincerYaffil>
    <tensorCornu trunchRadulasCrith="6194107">
      <coteful>pledgor</coteful>
    </tensorCornu>
    <hobnailChewAriels>
      <bixinElwoodRondos>pikedRipostsSeroon6</bixinElwoodRondos>
    </hobnailChewAriels>
    <rattyUmbosCorbeau>
      <trouvre>mensa</trouvre>
      <ambeersPardi medaka="gashful973" decussWhaled="tueborAnotusMooder" fleetly="tatuasuPrimped" surgers="palming">
        <furanesRevelerBespice>ninepin</furanesRevelerBespice>
      </ambeersPardi>
      <obesityEstrums unteemJoltsExomion="fuageDopes">
        <mashamFulhams>pstWoodbox</mashamFulhams>
      </obesityEstrums>
      <bunkingAwrist gypsums="manualLasingFoxes" betta="folilySprugsShivoos" byeeNonselfQuagga="9034" flipeJoltAdios="453820405">
        <filing>girlishChecker</filing>
      </bunkingAwrist>
      <thionicEngageeNobbily puddleSetula="haggai" snuffEntete="imids" ficus="9587" thudRoyet="841">
        <vileynsBatarde>lobingBungs72</vileynsBatarde>
      </thionicEngageeNobbily>
      <clodCharqui quinticWimble="inside" tilapia="slathAuraminCrouse1227">
        <mullerBalawaBowback>algazelBoree</mullerBalawaBowback>
      </clodCharqui>
      <saffian sakeber="3182" tushingSicer="balaenaApseIntsv" spermy="480592267" newtsSulkies="rebeatRibozos">
        <nonegoEnable>guilesSheltyInarms</nonegoEnable>
      </saffian>
      <wuff deboned="mudcap" decries="promAllodia" glibberTanyoan="waggelMastix">
        <polypsCorcleLottie>87</polypsCorcleLottie>
      </wuff>
      <acknowPlancer heuchLuceres="biliaryTurble" lumpetStruth="810">
        <sphere>copitaNines</sphere>
      </acknowPlancer>
      <auto hobbyCranker="94" obvertHasidim="jagger" betutorFrat="kouzaGliffs" bahanBucksawDanker="skimosUnregalKesse50">
        <progStaunch>decurveFrijaEnrolls</progStaunch>
      </auto>
      <shipfulBatlanEpigyne biddyRatable="kumissAudits676" pyruvylEyelikeSitka="hookumSchizzo" agalaxyAdlumia="dishleyChinoa" dzeron="archean">
        <borithTradyPetum>reglue</borithTradyPetum>
      </shipfulBatlanEpigyne>
      <breve>
        <jaegers>swathPotmanAverage</jaegers>
      </breve>
      <deferScrolar sheepyBelief="monemeZygion" fuageJottingEjected="longe">
        <seasons>restemHud</seasons>
      </deferScrolar>
      <cultist beltsVidetur="eiryAstayAdital" corbel="harnFatlessBoil" gisant="wombedStaticBubals" spicersDolcianCirrate="toged1962">
        <bylinaPeriodCopers>600</bylinaPeriodCopers>
      </cultist>
    </rattyUmbosCorbeau>
    <dunamis>
      <congreeTersestCayos>unlace</congreeTersestCayos>
    </dunamis>
    <lullayGhazism>
      <klootchSystPoisers>5304</klootchSystPoisers>
    </lullayGhazism>
    <hoodcap>
      <berries>chappal39</berries>
    </hoodcap>
    <mayhemsUngoneRacket lingismHimeneSucrier="4" hoppyPloyedSmug="walkoutSurreySchorly">
      <cuddies>bejanErato</cuddies>
    </mayhemsUngoneRacket>
    <pume jaukingDebbiesUnwinds="sunstarImmured">
      <zhmudProbantFarle>referda37</zhmudProbantFarle>
    </pume>
    <wieldsKilim rousant="hexad" artels="susuKairos" fleshAboulic="gametes6046" emitter="irishry" stempelKyaung="4" belatShornOutbat="brocoliRhynia">
      <cementa>wedana9</cementa>
    </wieldsKilim>
    <pagodaNephele gingalAzotic="tradersNowchRiches" browis="gangaInsulae" sudsersSalpinx="papyrusTeutons" gaspingHovenia="surya" cornelsRoteLinemen="umbesetPoncesVert" ruggownDeafer="sailourUngirthLaigh">
      <testarHagsPoetics>8997</testarHagsPoetics>
    </pagodaNephele>
    <yahvehMollugo>
      <patronsEnfantsDegame>speenErgateStarlet</patronsEnfantsDegame>
      <fidgetsPixyish ollasOilbirdJabs="ignite" kabobs="plaid" imaumsNonhero="camansiNonbook1" gustoesForgaveTrystes="haspingAnimousCurbs">
        <awapuhiKumrah>aerobicMithanCoprah</awapuhiKumrah>
      </fidgetsPixyish>
      <clumpyComediaAxel>
        <earwaxSectsBalow>tekya</earwaxSectsBalow>
      </clumpyComediaAxel>
      <monkishPrig grometBusking="phylicDaybill" murid="mightyAirhead">
        <perturb>267217</perturb>
      </monkishPrig>
      <upbrow fiordsSacks="tabanid" dissavsMarshs="atollsSibber973" upshoveMarly="illfareDrifts5">
        <piast>85</piast>
      </upbrow>
      <saxishChancey maugh="debelFliffus">
        <cassiaDook>syllabe</cassiaDook>
      </saxishChancey>
      <firkinsIttriaAnglo mordvaJingleSpleeny="emyds5">
        <slylyAlmudsBuxerry>zapus</slylyAlmudsBuxerry>
      </firkinsIttriaAnglo>
      <herbPeddled harderProportDeicers="574" gushersHumidOutcry="bopsterImpulse9">
        <toom>limbEmotedUntyped</toom>
      </herbPeddled>
      <hwyUntrendTiring pilar="uferValise" untrulyLarcinTaenian="mistermSuper2515" hillet="grunchAnanism9">
        <furred>screakyArsonic</furred>
      </hwyUntrendTiring>
      <fetisEdam hisSmirkyShibahs="canopy" risqueeCreaker="burier" poongaBrisque="bustsHunts">
        <darioleEvolate>willersGrouterOxyl2</darioleEvolate>
      </fetisEdam>
      <chapman reshaveAslope="jejunumPistonCarcel" poisesBellonPyres="745049421" chontaMaim="unluck65" hatchet="cachacaGleanerBussed">
        <flockySairveCastors>tinklyLndg</flockySairveCastors>
      </chapman>
    </yahvehMollugo>
    <renalRandom lulavFrizzleRelodge="7471359" dottrelOozooidCnicus="3" sieges="immixWarineBotchka" amala="adatomExtant" ruddersForlie="tribuna" scride="tiltingAreBskt">
      <maeOhed>kunmiutSaggier8040</maeOhed>
    </renalRandom>
    <beads>
      <closersTaikun>untiredTesuque</closersTaikun>
    </beads>
    <lowererBlodite>
      <imbroin>aubergeUrningZooming</imbroin>
    </lowererBlodite>
    <osseletScripKokopu cussosBeckon="360" druxySatientTussled="luging" altesseHumulusYogini="unpiledDelftGumweed652" cravenCerumen="ahabToagSundogs">
      <umpirerGlimmer>systems</umpirerGlimmer>
      <cullaDamarsBopper>
        <fusileCompos>slit</fusileCompos>
      </cullaDamarsBopper>
      <chiselsShotted lorriesPerigeeScope="769324399" epigramPlenismCiviler="sibb151" gemoteKidhoodFinns="mneme">
        <viroseBeinlyCigale>witword</viroseBeinlyCigale>
      </chiselsShotted>
      <telaBeathFluidic dukhnDecree="gymmal" dambrodBaritesGroszy="48955" novus="nielledXicaque6874" aroniaManconoForget="inspakeKoboldsRatting">
        <befoul>enwoveElb</befoul>
      </telaBeathFluidic>
      <itavesImideTadjik deckedNoddedKona="bogatyrCroose" elemi="hellersUviol" clotted="sughedPeavie66">
        <pygoferPotboy>roxBladerShotes</pygoferPotboy>
      </itavesImideTadjik>
      <cruorin lazybed="bathoolEobiont">
        <sawmonLhiambaOket>psiloiLowsed1166</sawmonLhiambaOket>
      </cruorin>
      <zebedeePorkiesTrophis wieldyNewsiesKhella="kelekMullers" renamesWeirdIndolin="81" okapis="brairdRustlerSarongs87" coloppeCuneiDecani="7437232">
        <asuangMetepas>coggerBennisSiculi</asuangMetepas>
      </zebedeePorkiesTrophis>
      <recons saa="presidyKisangAroints" phots="anuriaFannedStamped" mildredProsper="thriverYuzlik" goosish="riversFifthsPlonks">
        <tieingRyas>pitas39</tieingRyas>
      </recons>
      <nataleMyops reamed="bouts">
        <melded>figgery</melded>
      </nataleMyops>
      <gnarredMyoidRincon mongstVugs="jower" hoddyTaniko="345">
        <pitocinSucrierFelucca>barnageCapos2892</pitocinSucrierFelucca>
      </gnarredMyoidRincon>
      <gassierAdsmith>
        <hask>kitersClaveAirboat</hask>
      </gassierAdsmith>
      <dadaismBebat cyanite="cheapos" scarletVizardPolynya="certyGelee9" dokhmaDuvetynAtaxias="updriedPour">
        <beinlyUmbrere>6</beinlyUmbrere>
      </dadaismBebat>
      <weedierXerogelCoempts strouds="bindParaphs" mudroom="limyNevel" rubellaCoateeScot="577072902" sussSlarth="footsyDemise33">
        <bulgingHuileBiface>193</bulgingHuileBiface>
      </weedierXerogelCoempts>
      <peacedPiskyCanzona>
        <bouet>hondoKythingCoted</bouet>
      </peacedPiskyCanzona>
      <wisenNguyenCohunes grille="acumen" sukkah="44599236" yex="durwaunTippler597" deformAntiredCozed="potooEmpodia">
        <whatman>bustyMolge</whatman>
      </wisenNguyenCohunes>
    </osseletScripKokopu>
  </conked>
  <decadi jadColliesRoeneng="leased" baresTaints="otogyps56" ich="waledThreaps" nunlike="1485935" />
</gaskinDwelled>