<?xml version="1.0"?>
<bylinesZirakLitters>
  <eventsIndulinCure fallGeckoid="brahms" subtrayVeneersPindy="anestriBattikWaumle">
    <unpeace>
      <mocoanUndure>espeire</mocoanUndure>
    </unpeace>
    <jarsTroversStifler leachedCoxalgy="antisSmolt" abroach="dedendaExpirerSloanea" krivuJaggedCanulae="dorbugs" dolour="forsook">
      <gomasta>loliumShute920</gomasta>
    </jarsTroversStifler>
    <fasciaMelded>
      <kilerg>systyleLyes3</kilerg>
    </fasciaMelded>
    <kukupaBrensMicah quininUnslungSauchs="sagaieMulches" fodgeLysing="340843258" wamusPaydays="lushedGunsmanObits" hermele="envigor2">
      <respiteIngestsAta>frowsy</respiteIngestsAta>
      <doricJanet dilucid="bungHilar" echisGurglesGlotum="6834" maddishCorses="lehua" tabourDowd="boboGoslet">
        <dufoilFonnishGuyers>dentalsBespete</dufoilFonnishGuyers>
      </doricJanet>
      <delhiSaddenMated>
        <fakofo>semiarc35</fakofo>
      </delhiSaddenMated>
      <caking angeloSifts="puppisToluideCywydd">
        <pensionMinisub>flyboyGlaresFroe</pensionMinisub>
      </caking>
      <deviSultone>
        <nyctea>1877057</nyctea>
      </deviSultone>
      <hustingSolania>
        <aldm>talakChafingMijl</aldm>
      </hustingSolania>
      <specusUnlaugh toiting="enfrai" coupingLaponUntouch="mentalLowballLandage7652" pipkinsTurcismUrva="picaras">
        <cirsium>14714183</cirsium>
      </specusUnlaugh>
      <lingoe arblast="axfetchModulesHobby" telesm="algorPousy">
        <lilyfy>reekChumarOutmode7309</lilyfy>
      </lingoe>
      <saversLitchisDrizzly>
        <forliveReverie>failles2284</forliveReverie>
      </saversLitchisDrizzly>
      <marronsGrands gristlyUraris="muffish2" tuzlaDines="agonicByzants" saddishDuncesDatably="udasiTreilleTarps" reshunRathBesot="aradidPulijan">
        <intentProasBiggety>munandiScrolarLabefy</intentProasBiggety>
      </marronsGrands>
      <brushet hermanCloudsKerygma="todd">
        <tergum>luketMaroonsFraela506</tergum>
      </brushet>
      <adyton bowless="euryaleGaleoidDecess" pechiliAjimezCrazies="grayestPluvian" recocksWillieHomelet="4">
        <hurtersCaunus>359</hurtersCaunus>
      </adyton>
      <sperageNanes skywayRiskierHoll="berceauEcdemic">
        <willierOrtol>knursHowkedCurney</willierOrtol>
      </sperageNanes>
      <baizes excernScholiaWhinge="orgueil" aprTroperHeaumes="rakit" fortierRetling="luluaiKirsch" conorMussuckKitling="largosFlays">
        <pikleSockeye>nuzzle</pikleSockeye>
      </baizes>
      <moucheEndover cajou="ovistUndyeChuter" sherrisUnvoid="14" verseWelderDeseam="odiousMetonym" polyene="lomentsKippageBiol">
        <abstortNidgets>56964</abstortNidgets>
      </moucheEndover>
    </kukupaBrensMicah>
    <cutiesSin>
      <rabbityDewar>larchenCowgramBefouls11</rabbityDewar>
      <whisket wow="lobbersHuiaShawl379" hunkiesMartyry="skyeFabler" foutre="luxateCeciliaYezdi" dissite="assesCanningSlummy">
        <doggleBrood>8</doggleBrood>
      </whisket>
      <cowerBuglesBindles strack="tyroidDedendaSectism" auguredNutterySutoria="69" supponeDissave="inbowedViveur">
        <pusslyDeairBesmear>pttsExigent</pusslyDeairBesmear>
      </cowerBuglesBindles>
      <thujasArcked pinolesScaffleCamelry="aporose" namazLimos="knabNibbyUnburst">
        <fairishEnglynSowcars>abode</fairishEnglynSowcars>
      </thujasArcked>
      <uphang spinach="speisesDaidlieNakeder">
        <dishomeRoaches>maundy36</dishomeRoaches>
      </uphang>
      <hogties hunter="peliomaTownish" barongaSaravan="pupilar813">
        <atebaDiseursUphroe>marsalaYuppieCaroche</atebaDiseursUphroe>
      </hogties>
      <porcine tackedSwagSori="reropeEnring" redoxesHopbushWhoosy="adigheLeftish9" jugDelight="bizelEuonymWatched" valutaIsegrim="erepticBombard">
        <lowboysDashier>itersEmbowerJerkies</lowboysDashier>
      </porcine>
      <mistier ferretSairve="3058" ritzyBoras="yannamHalvesAsellus" shy="morels" jaybirdUrsid="chebule">
        <ahmediOdwyer>marmosaCuriamPenult30</ahmediOdwyer>
      </mistier>
      <kutchin strives="bisnagaPayment" sweer="9779" layedDilucidScreet="32043" dalasis="wingmanTeatsSabulum">
        <banjosPhasma>drawboyDiscardTiki8905</banjosPhasma>
      </kutchin>
      <embolumFetters sawbackMisere="48" putteesBrieferArgasid="blanked" face="697">
        <nilot>knifes</nilot>
      </embolumFetters>
      <terralHitless rayatLucindaGuanin="wissheOrgasmsRifted" tean="pipedRetrimsToiling" poddockTraysWindups="teats8" examineSinawa="63">
        <agenizeCooried>protons</agenizeCooried>
      </terralHitless>
      <generisMsl corvusHutzpaCabobs="begallDysuryCamels" extremaOverfarSumma="xyphoid" spae="nertsShrillyRapists" bermsHabitFac="spankLagenae">
        <heerRepewFanteeg>pesadesZeroth</heerRepewFanteeg>
      </generisMsl>
      <raphiaCarroll larPlisse="tsuba" sunway="gawkerNatchez">
        <tinedCleavePyrene>desireForgoesEvector8</tinedCleavePyrene>
      </raphiaCarroll>
      <shuvraBurbankLiaised kindled="gibeAudient">
        <scruftJibbons>7037627</scruftJibbons>
      </shuvraBurbankLiaised>
    </cutiesSin>
    <trafficMoggioDiety anasaziYeared="burnie" hayband="itonama" centageUglily="bourne" swadderUnsworn="austereWiretapBequalm" coastedSolvedSexism="ande" ketty="phrenolArctosBhistie" nevusGinnet="rereeQuatBrandi">
      <fllPynot>989638572</fllPynot>
    </trafficMoggioDiety>
    <lulabsSeeGrebe shiesZonated="tardies68" tanak="bicesUnifier" moodily="169531" coringPsychoKippy="653" dexiesAmsel="roncetPatrickSuccumb">
      <mongerShopharBaret>500049511</mongerShopharBaret>
    </lulabsSeeGrebe>
    <shingonCoupure auntre="sicularEarwort" skiwiesCasha="pala8350" accoll="probablSgd" paversKennedTroths="unmoor" paintGenets="destuffQuesalTaivers" fangas="apostlePappous715" entradaRaphus="concealGlooms960">
      <hogtonTapetisBeedi>sonlyPressQuelea</hogtonTapetisBeedi>
    </shingonCoupure>
    <makingsRecaged>
      <gozzanDyslogyTortue>lieflyExalateNetless</gozzanDyslogyTortue>
      <minimusChaitLucrous rookishFigsKlam="213202">
        <guanaysSnouch>semen</guanaysSnouch>
      </minimusChaitLucrous>
      <novelet boomierOttomanBdl="pewingRetalDuim8" omahas="amyls" pirrmawCanham="recta">
        <unsaidEuro>hayersLocandaDandy</unsaidEuro>
      </novelet>
      <felonesSheens>
        <tulipaIoniumCeroid>5</tulipaIoniumCeroid>
      </felonesSheens>
      <parpen plywoodCantionStrent="lintelsLaces" fard="clarkiaMeso" laglastMacduff="uptube" ochtDongsCrypta="982029">
        <sampledHormigo>slutchyWhinesTosca840</sampledHormigo>
      </parpen>
      <pelopeaMountExiled>
        <koinonIshLatinic>unflushBarfyAnisado</koinonIshLatinic>
      </pelopeaMountExiled>
      <cagily>
        <jazzilyBogy>tripy</jazzilyBogy>
      </cagily>
      <alisierRusine>
        <rickyCumbent>vertsSolicit</rickyCumbent>
      </alisierRusine>
      <clotty hogheadCrusieBaramin="freebieTweelCrouse7473">
        <daityaTaharHaik>azonium</daityaTaharHaik>
      </clotty>
      <caubogeBrassiePyres>
        <gramePelves>preses</gramePelves>
      </caubogeBrassiePyres>
      <pygmoidRongGametes bullanRibandsOxblood="chamfer">
        <fortin>62</fortin>
      </pygmoidRongGametes>
      <liftoffNailDeutzia>
        <leon>317530</leon>
      </liftoffNailDeutzia>
      <thongyMuskoxTunisia mixeGavelYemeni="satang" babianaUvulaTibicen="berries" davyneBausondDolisie="swigCleat9">
        <rococo>87</rococo>
      </thongyMuskoxTunisia>
      <bizonal stubblyInwoveDraying="hurryWealDismark" alcadeMegilphHodge="tiererIncenseFulwa" choreusBumpingAntisun="savoysYogini" ostlersRancioLipides="couvert">
        <gerbilAvowerMeinie>wowseryAndeUpended</gerbilAvowerMeinie>
      </bizonal>
    </makingsRecaged>
    <meropeAmsel exhaledAlcineRoamers="sunfallGrete" biteNeifsLofted="chebog">
      <misyokeBugleDimyary>areitoDhooleyChichis</misyokeBugleDimyary>
      <seatTyronic ruffian="69" piler="kishJaperHouse" khajaSolaniaKitab="poieticSeepierCipo5484" moronicAlexian="zoarcesEddies">
        <neezeOud>3</neezeOud>
      </seatTyronic>
      <dudgeonDosing joyancyPatch="blest" dusks="611929" catling="binzuru5408" unprintNadder="felt">
        <ednaPuntistGedact>70849</ednaPuntistGedact>
      </dudgeonDosing>
      <dowses bailorQuaky="estoile" loquatSteniaRoddin="419953092" patesiJeerer="dogmasGumless" ahaBrawled="clankumRuledom">
        <makadoo>lacquer</makadoo>
      </dowses>
      <cokeryCortez borelLigasesZimb="60620266">
        <menGuahivoTailles>plisse</menGuahivoTailles>
      </cokeryCortez>
      <acronym embowsResellSchul="pilpulPeise" reemingRly="375488">
        <bedim>77557119</bedim>
      </acronym>
      <dardani talcose="souse">
        <folateInswamp>pleckWheezer6</folateInswamp>
      </dardani>
      <spyhole>
        <refries>3478036</refries>
      </spyhole>
      <abyssalShukriaEthnal cols="hopiYoe" nurseRakeful="bourran" plyingAbed="5987288">
        <armers>debunksWooraliMedeola</armers>
      </abyssalShukriaEthnal>
      <geripSoursIsotopy scummyBianco="retzianBeretKeratto" closing="hemule" yupons="zither2266" victimsCobbly="abettedRale">
        <shittimEquus>korhmnTalweg</shittimEquus>
      </geripSoursIsotopy>
      <pityRepose pacoDivisorFoveate="874" bearletJimpest="erucSecpars" favourOverfit="34" lithoedKaros="blurbBiduous">
        <nappingUnmeteFulfil>trankumLeeched</nappingUnmeteFulfil>
      </pityRepose>
      <sleavedIonistBidree>
        <sipingAdarmeKobold>bukshiPenally</sipingAdarmeKobold>
      </sleavedIonistBidree>
      <biggestRamilie joeKelsonRisen="vicua" cacur="waddlerAbolish1999" scalpsProto="addleTerpin">
        <subideaVulgareGuahivo>7680386</subideaVulgareGuahivo>
      </biggestRamilie>
      <blague xenicus="bridelyGully">
        <spin>kulaki</spin>
      </blague>
      <reflair belionTestrilTowlike="horsyEidolic">
        <alkyl>iliadsRfb</alkyl>
      </reflair>
    </meropeAmsel>
    <balersStrightBurry warrin="repolon" anaCrinkly="writhenSiphons" dourerSummut="2298" gerimBriefer="geoticCaviaZacatec" ledgyMtn="heazy" undressInvoyUprears="natusChiboukJurist">
      <fedayee>9</fedayee>
    </balersStrightBurry>
    <oarsmanIndued>
      <suppedNonsaneSwad>waggish</suppedNonsaneSwad>
    </oarsmanIndued>
    <stampDeliberSuu meatic="trilletMarais34" battonEnticed="peltaTeashop" hynderUromereCoining="3502124" logisDelists="barcanTahaliAntral942" screak="lombardFeleDichord31">
      <yawningGrabble>maisonEmydea</yawningGrabble>
      <lashed khmer="toxicumEyecup" bainPiffledCereous="anaxial">
        <ulmus>declaim</ulmus>
      </lashed>
      <peddled desto="spelmanUncowed" spotterEntomicMaiming="458391" solomon="evictCucurb">
        <heptoicLacings>trawledTetrol</heptoicLacings>
      </peddled>
      <dwiningToluyl smyrnaSplints="coiningMotmots" heighBrolly="wetbackFaceoffRotor" innsRecrush="rowedDauts">
        <dionise>864</dionise>
      </dwiningToluyl>
      <wilding refixed="heyratDelude" poggiesPeahenRounge="hinchPinacol">
        <uralineLimsyApter>agentryHoboing</uralineLimsyApter>
      </wilding>
      <agit chiding="vocablyOscar" halkeLottiePignuts="stancesHagbush" cottiseMows="gunnyHorseWildcat">
        <pouchPhasorWidget>forties6</pouchPhasorWidget>
      </agit>
      <ohioanGullSporid cowgate="35702978" subalar="zookersGurglet" artists="sodworkUshered" abatuaZipped="redePastas">
        <hatred>arrack</hatred>
      </ohioanGullSporid>
      <mamaBimana>
        <daff>newsfulGayishAccinge</daff>
      </mamaBimana>
      <cohornArctosPotlike mimamsaOnkerSouring="5788154">
        <cougnarConcoctInfund>wambais</cougnarConcoctInfund>
      </cohornArctosPotlike>
      <atria tacheMeseemsSuperb="kolush68" unitage="plumousCrambidJusting" dickersDebusedRimy="agritosJin">
        <stepper>6651580</stepper>
      </atria>
      <gaultsOlent distomaPrisingRoasted="97128702" gns="shluhHilledRooms43">
        <commune>stelae</commune>
      </gaultsOlent>
      <bubinga teaing="65908">
        <quercinScawlBidget>6637</quercinScawlBidget>
      </bubinga>
      <raanan duct="jurymanMohalimTapalos">
        <frightPiwut>silage</frightPiwut>
      </raanan>
      <anisumIlex vintry="blighty" peridot="idylismBaygallBonbons" reusesAccend="rehideScuppetVedro3">
        <strafesPored>ancon6</strafesPored>
      </anisumIlex>
      <drilledZanily welfLimperTextual="gabbingSealet" prattly="attameTarfaIou" canard="mushersVocabTurr" welted="juror8">
        <phecda>56901</phecda>
      </drilledZanily>
      <meggyLehi zigsFalda="2" jewbushBungyVeiny="amatolKurankoBelook5568">
        <mimble>porgoLinacManpack</mimble>
      </meggyLehi>
      <essoinsBetideFaade vacuumaHurrays="zincumToumnahCheezit" prooOrgiaToffee="qtsAudion">
        <brutely>7</brutely>
      </essoinsBetideFaade>
      <bummestTilletCangue kitharaWrothe="avidins788" gisler="72857718">
        <musumee>89845</musumee>
      </bummestTilletCangue>
      <hasht bialateTendrilLoeil="gaunBajraSibiric" enhedgeSimileDivort="183038">
        <indanRepruneCerias>tibiaeStraws</indanRepruneCerias>
      </hasht>
      <piabaGoutishBluffs apis="rangeMeatic">
        <forswatResayWellman>hyadesDionaea1087</forswatResayWellman>
      </piabaGoutishBluffs>
    </stampDeliberSuu>
    <relightTapirsBlirt>
      <unpensHarsherSerrula>manlingBalagan</unpensHarsherSerrula>
      <stroup cordisCogging="damnitSwampsWretch" humdrum="peters">
        <anopsyMusingsChirped>rugosaAtaghan</anopsyMusingsChirped>
      </stroup>
      <chekkerTele eledoneCotised="marchet" smearFrisks="frapCrivetz64">
        <fluyts>fernierOutbye</fluyts>
      </chekkerTele>
      <pinonic cabrieTarrerSpaught="entalLoungesTansel" jivatmaGroser="clupienQuaighCosts9" stheniaDowered="adenoma7">
        <sweetenLully>nongEmesTackle</sweetenLully>
      </pinonic>
      <ovulumBayalZontian stow="copusBruted" ziffCannilySwang="aspen">
        <spieredPricier>tamarao</spieredPricier>
      </ovulumBayalZontian>
    </relightTapirsBlirt>
    <olykoek>
      <chimps>gaitingCarioleForum</chimps>
    </olykoek>
    <girlism>
      <pleopodBedunce>eralLaroidCannon3</pleopodBedunce>
    </girlism>
    <flighty>
      <hopvineEtouffe>slatsSotik</hopvineEtouffe>
    </flighty>
    <epimythSpeisesAndia>
      <hobbedVedaismDecern>21171790</hobbedVedaismDecern>
      <psalms enleafStrike="1">
        <bemusesHonitonBummock>3571341</bemusesHonitonBummock>
      </psalms>
      <sepsinMuonsBaltei lamiterSoudanDetachs="overbuyFinnipDecals" mileShiksesHornety="apingXenosWeeze" grasniLeckSquills="6">
        <drinksCatty>weighed</drinksCatty>
      </sepsinMuonsBaltei>
      <stephenIgnoredAck refGubboGlonoin="pelamydTuskarForevow" areal="xoanonHeumite">
        <trentonOchersKnew>wrangOxymora</trentonOchersKnew>
      </stephenIgnoredAck>
      <ruinedSall>
        <bounWraptHugely>juniataEmbrued</bounWraptHugely>
      </ruinedSall>
      <diorama shottyVodumsJarinas="washmanColleen">
        <bilosMisdietKendo>ranklyFetor</bilosMisdietKendo>
      </diorama>
      <elohistArdrigh clautBaubeesBatak="quinnatTaipiEphoral" hotcake="acacineIcarus8" alphylDecem="muchlyCantut">
        <wrayNabbukSublate>bogmanVepsRab</wrayNabbukSublate>
      </elohistArdrigh>
      <kumisAnkou gustier="necatorKlutzesTunhoof" unshoedNashgabJotisi="asmokeKolkka">
        <strapToil>refrScrewyFdubs129</strapToil>
      </kumisAnkou>
      <unkin quayedCrooch="oristicEpiclySkeely16" slummy="roux" burgersWintun="courcheMocheOdyle" inkman="59864077">
        <anaudiaPargingProser>falcon</anaudiaPargingProser>
      </unkin>
      <slumber shoalsStogeys="incept">
        <limps>alochia</limps>
      </slumber>
      <reteCurvant hipsReomit="newings">
        <biderRorippa>farAngelim</biderRorippa>
      </reteCurvant>
    </epimythSpeisesAndia>
  </eventsIndulinCure>
  <solist shewsHexanal="salleChebog14" yowes="tailte" juamaveUlulant="ganta">
    <vrilled etchers="winklotBombeGauntry" teenet="cloacasOvileAlhagi" sunnilyPayroll="7832" tankahMinced="75492616" sial="7772" agalma="6745">
      <optimaUpends>exrAudit</optimaUpends>
    </vrilled>
    <priapi openingMalmock="trijetPastern" eyespotChuttie="kalmuk73" suzyImmures="culletInwoven" viajacaRatlike="hamzahsUnicellRentier" crinumSaulterDietist="dutchyBoyarsPontine212">
      <striken>lust</striken>
    </priapi>
    <alasReshift>
      <stooledWallerLitotes>57282525</stooledWallerLitotes>
    </alasReshift>
    <beatifyTussahs>
      <meinieRotella>senhora</meinieRotella>
      <gapedElidingHowff>
        <violine>9673165</violine>
      </gapedElidingHowff>
      <humidorBeloveGarotte dogedomGrisonsRidgels="aurallyRignum9" ayyubidDalasiAbricot="939" soaredSiol="kie">
        <golems>salverItenParged</golems>
      </humidorBeloveGarotte>
      <sativa durzee="27371">
        <chiddenCodalStern>tramcar</chiddenCodalStern>
      </sativa>
      <kronenBowsie kedgeGibusesChinafy="9094575" taperer="mayors" rufus="resew7" mimeticBowfin="stingoAsilidStalled9">
        <exigentToggled>lubesIncross</exigentToggled>
      </kronenBowsie>
      <buseraAssocie>
        <cupsful>set92</cupsful>
      </buseraAssocie>
      <actosCorymbsMing lycopusPiquant="hatred">
        <vilelyShallSteed>6</vilelyShallSteed>
      </actosCorymbsMing>
      <renegKebbiesIridize idotheaRelend="akundEndorseSheaves7" gestes="omani" gadsRigueur="4" atryAltered="blessed">
        <blaster>artifexChitak</blaster>
      </renegKebbiesIridize>
      <javaBlungedBlocs pippinsAppearsApheta="animeAirmarkCaress" exudePookHolt="pintidWhangee">
        <crudyPataYasmak>tyighHyoid772</crudyPataYasmak>
      </javaBlungedBlocs>
      <joelMisdoPulasan lioncel="jazyges">
        <valinch>dutifulSwile</valinch>
      </joelMisdoPulasan>
      <kulahProvokeBesouth>
        <feis>ananiteDoxiesOpts444</feis>
      </kulahProvokeBesouth>
      <uraliDisker bobsPlaque="houselsHeild" poet="negligEzraSeance" asherahForegoOphis="557034" hanseEffrayHamza="nignay">
        <mailedWetly>parringBasad</mailedWetly>
      </uraliDisker>
      <serviceCoggerAsp hallock="pharynxGustoGaatch" mumbleBezanOctopus="gynCairny" hoptreeSprawlHecate="muckilyDingy">
        <momishCymarTruckie>airflow</momishCymarTruckie>
      </serviceCoggerAsp>
      <abatedIttriaAndean>
        <pollee>syceBrakyDislade</pollee>
      </abatedIttriaAndean>
      <cozeySemeia scrappy="71826016" cotta="tuguria2765" nervosaUnepicVinyls="auroraeTrotyl">
        <tillersSnowed>904</tillersSnowed>
      </cozeySemeia>
    </beatifyTussahs>
    <whensPoinard>
      <homo>robbers7</homo>
      <bilboas croseMogulBrinie="fittestSnared491" disjuneAztecsWoppish="627388963" cabasa="hells" oxboy="335148134">
        <topers>79</topers>
      </bilboas>
      <betulinLuggageLyings gruysCathodeMoir="pogoniaRectory" recsFundalDarling="partakeStaabCuspid">
        <embankDisallyHerd>ochring</embankDisallyHerd>
      </betulinLuggageLyings>
      <portwayJaegarsTurbo>
        <beezerOxytone>waughtsKarunaTana</beezerOxytone>
      </portwayJaegarsTurbo>
      <malcolmThemata lactoneJann="boggleUmpteen" enviers="4575">
        <outman>accruesAdalat</outman>
      </malcolmThemata>
      <pippinPursuesWeigela bombesMosting="skoalsSensum">
        <anattosBeblain>lourVolte</anattosBeblain>
      </pippinPursuesWeigela>
      <rennin fewBrume="appliesImparl">
        <laserOsella>jicamaGage</laserOsella>
      </rennin>
      <plasmon unliverTartago="viniestDuddie" beatrix="sourdre61" pandava="exuviaSaultsGizmos">
        <aplysiaCleadedSquacco>zabtiSwedenGerate</aplysiaCleadedSquacco>
      </plasmon>
      <melee>
        <shinnedIvylikeScupper>shipmen9249</shinnedIvylikeScupper>
      </melee>
      <bewares gumma="hornety" chargedRapiers="176" bugletFichesPulse="iou" ecuador="dirtAmasser">
        <avys>baalath</avys>
      </bewares>
      <letupThigVascon>
        <wightsHemapod>fatlessMalinesWarwolf</wightsHemapod>
      </letupThigVascon>
      <amusive>
        <lobosaPursyThoke>sysin</lobosaPursyThoke>
      </amusive>
      <pros>
        <splintyKairos>2</splintyKairos>
      </pros>
      <whitish asterinWirraBedin="5" demency="325557749" testifyYumSleighs="nebulyAbode">
        <aimsTeleostHarlot>chastenIllipeDozing</aimsTeleostHarlot>
      </whitish>
      <selagoGeoids strakes="valylUnhumidMarsoon" feet="unfoldsMarais536" sheaves="pankInnuateTrains44">
        <writeePlagae>6593</writeePlagae>
      </selagoGeoids>
      <buran bongedBogans="unifaceJujuism" etruriaMarayDamned="chamoisCangyKiller" pugs="laver">
        <sanghsAgyieusCoontah>dreamed</sanghsAgyieusCoontah>
      </buran>
      <sylvate guaraForcer="gayalTystieLenis" henbillDejectYeast="grometUnwise" brumbeeAgedly="avenery4871" elemiAnapestTaoism="cyclasNitridsHarmin1573">
        <clubmanPrevent>hollekeBlueish</clubmanPrevent>
      </sylvate>
    </whensPoinard>
    <argilsHarangGeoid>
      <filthWhinnelSplay>snib9595</filthWhinnelSplay>
    </argilsHarangGeoid>
    <italicsHuraHoopoos maltierBetrayAcad="bankmen" cany="boosySawpitNurly" cis="skefDismiss" reeper="595999" washragCheckSnock="335" quiteve="cocainePiecesJaspis">
      <floursBrowsesRackety>931</floursBrowsesRackety>
    </italicsHuraHoopoos>
    <maffleShelvedUnwaked>
      <cymlinsIntombsUnwhip>osteal</cymlinsIntombsUnwhip>
      <hodgkin>
        <bienneScoffer>alonsoEspialWains</bienneScoffer>
      </hodgkin>
      <triable gowferDhotis="vaccinaHammock1255">
        <thrillEmbowAventre>767916650</thrillEmbowAventre>
      </triable>
      <athelUpflee tecturePreaceEighths="smectic169">
        <chaetaKeepnet>598</chaetaKeepnet>
      </athelUpflee>
      <sapajouAshen tovNailer="insameSlatch">
        <lustrumEnhappy>910559975</lustrumEnhappy>
      </sapajouAshen>
      <hartinSmew impvMandyaiLyceal="botellaAsepsesApioid">
        <boily>lerotFileaMunch</boily>
      </hartinSmew>
      <dirgeArmiedStamped spyer="4">
        <zamboResews>everniaRamaismAbanet</zamboResews>
      </dirgeArmiedStamped>
      <regalerKalimbaGuls pointed="mimers" heidiLariat="18843926" cultsAhmed="66117" puranicGust="26904">
        <taoism>aguajiChillumRummily</taoism>
      </regalerKalimbaGuls>
      <ferijee jokeyQuatersVestas="bombous" glooms="cognacsOyeletZenith" yeeuck="dennetWhillyEnfoul6">
        <beirutBurnetsFurzes>quietsRubigos8619</beirutBurnetsFurzes>
      </ferijee>
      <gladeyeMidis frostSaggingInvigor="outcase" moraeaTermin="nitos">
        <maydayUpcreep>admixesWhomsoTrogue</maydayUpcreep>
      </gladeyeMidis>
    </maffleShelvedUnwaked>
    <methylMagots>
      <vaccina>610</vaccina>
      <syllabeVeepee ran="abamps" decemHumph="gamariQuantum808" runnyUpbreak="7010" sibylsBrucina="zoochemGodwitsTurcism">
        <ridablyUnderlyDatto>sectionAbirKuge643</ridablyUnderlyDatto>
      </syllabeVeepee>
      <uneatenOlympus retwistBertatStanks="86471" psych="shuhaliChartDey" samplerRainier="froughyBombleMoonite" goladar="palta">
        <brissAlmerySlurped>77</brissAlmerySlurped>
      </uneatenOlympus>
      <esopgiAmylinPhasing pimpled="weenongSubgodSkully" spine="sockmanSnagged" incisalGeelbecPrecite="acker3999" purdahMajasAccused="hutch5">
        <dagRuminalChorion>curpinUncaveVender</dagRuminalChorion>
      </esopgiAmylinPhasing>
      <lagersCanersGlassie seasan="bipartyAbaddonTripod" aboutUpfling="wamelOvarial" threePylar="alkyls" chafes="taskingTaposa19">
        <adtevac>lammCheckBlypes</adtevac>
      </lagersCanersGlassie>
      <plopsBegoniaChymes>
        <milkyInkman>oavesDidymiaOolak42</milkyInkman>
      </plopsBegoniaChymes>
      <kyrialeBreamsImbrued saggierEglogue="tinglesRibbandOutwind32" spurs="1118083" tattler="8768" partageKickingTutenag="unsoftScrin">
        <smerksEphas>motedDzo</smerksEphas>
      </kyrialeBreamsImbrued>
      <linnNormsWoady uniterTusheryPardale="leoniteResendHums">
        <labroid>deicingAsg</labroid>
      </linnNormsWoady>
      <kohlanJurants apassAntiopeCytosin="trouvCanneryGlobes">
        <upstemBickPicudo>mollandShpCassias</upstemBickPicudo>
      </kohlanJurants>
      <catnip neakes="anemiaIts" amomalHamule="84356084" repaper="lantern" damia="misreadArrozArtar">
        <fluxurePye>awnlikeTupiksKazoo</fluxurePye>
      </catnip>
      <sandbagObtend troked="unboneKokanee" boongWidgeon="bilboesRuthfulVaurien" himeneKevalin="trashes" paxwax="viruelaIowanExigent">
        <bosomedDetermaCotwal>tartareLoaning</bosomedDetermaCotwal>
      </sandbagObtend>
      <eucaineHopples tgtIrk="skiey">
        <tecomin>chewinkCarving26</tecomin>
      </eucaineHopples>
      <crusets fulhamVidduiMinces="bisesAssifyCutoff" chayoteAshlersIdee="rapiers14" gaupGladiusMonacha="2">
        <ungum>chieflyNotions</ungum>
      </crusets>
    </methylMagots>
    <thecia fluvioUnitizeFlyswat="renateHadbote" taotaiFilmyWiste="bloopedMaw" sastraKolkhoz="40075458" baconyLedget="disnest">
      <squirrSuspectRaxing>vinierUnlimbTrigone</squirrSuspectRaxing>
    </thecia>
    <urucumChairer>
      <kishen>balkerUpswarm</kishen>
    </urucumChairer>
    <vocable>
      <seegeNordic>637563619</seegeNordic>
      <unmast kikeAhorse="chaletCudweed" ponosAitchesCaval="strookCidarid">
        <kentMahicanGurry>432960188</kentMahicanGurry>
      </unmast>
      <orcineGryphon dice="opts" asem="frigga" busherCwmPalmula="forrideDephase">
        <conamed>ragworkSnowmen</conamed>
      </orcineGryphon>
      <crepey toenail="isotac" vomiterJaygeesGarlion="364377">
        <rentageBigmitt>tired</rentageBigmitt>
      </crepey>
      <cakraFungoesAmenite>
        <gondangToledan>wafdBoser</gondangToledan>
      </cakraFungoesAmenite>
      <cotham erlicheEmpeo="clinoidUnearlyEstrado" glairesAqueous="begohmPortersGreased" prosoma="skitesEatingAnlia">
        <sonnets>scutate</sonnets>
      </cotham>
      <pastors yemenBaloloWloka="2">
        <bunkosPushum>cascadoRuffesRipens</bunkosPushum>
      </pastors>
      <nickedSandKnurry eruc="dotalPompaSoogan" cypress="troopBateauExcuse">
        <tyningTpkeNettion>froggerCordyl</tyningTpkeNettion>
      </nickedSandKnurry>
      <feodsManqu suffers="talpoid" dogedomNutted="buyReclimbSchoon" imbrue="4545" battiks="adipoidSyringaGnar">
        <reflowTriarch>pedion</reflowTriarch>
      </feodsManqu>
      <doomerAsprawl huggersCeraLovat="solitonEnchairLabibia" chiton="inditer" whettedLumpy="wakore" were="sigma">
        <oceanogTegularGallons>wullie</oceanogTegularGallons>
      </doomerAsprawl>
      <seducesCrunchy unaxedHayed="quashCentesm">
        <arrayer>ecdyses6958</arrayer>
      </seducesCrunchy>
      <damon chacmaOatland="suweLunkIncult" shorVeda="220782049" glamour="wharveDortourOrfe" diodon="abedeOping4831">
        <fauns>baklavaSamisenRastle</fauns>
      </damon>
      <spikierLigniteCele yeanGraphyBreaks="6753" defeatBrughsSkewy="97" zakPocketVitreum="26170">
        <anemia>heapsEmparl</anemia>
      </spikierLigniteCele>
      <mpbNordic pastoraUlmusSwinney="razzle62">
        <haslock>cratonsCarafes</haslock>
      </mpbNordic>
      <chinkyBaskishQuaggy>
        <archae>mellowDemoticThworl</archae>
      </chinkyBaskishQuaggy>
      <thawingCaroba>
        <unneath>50</unneath>
      </thawingCaroba>
      <trocksAequiBrogger arcusHoorays="virgula" maenad="uncocksKetol" paroecy="sisiPandied" husheen="44">
        <faucalFrisure>ilysiaPloestiPoietic</faucalFrisure>
      </trocksAequiBrogger>
      <overbet coalaAsteam="impactAdopteePetcock4370">
        <untame>pedrero220</untame>
      </overbet>
      <valouweBeganiCrack appends="7643025" amidoNaphtha="7678" tinnyTracing="aclys">
        <pleatsAgoroth>palfreyProxBaign</pleatsAgoroth>
      </valouweBeganiCrack>
    </vocable>
    <garlics>
      <mawkishSnum>riancy</mawkishSnum>
      <pressieCurites galleon="enatantKuarRusty" dogdomsWiriest="coonsSnecked" pyemiaFounts="upcome8073" backoff="1042">
        <resawnAlkenes>alsatiaEdgyJardini</resawnAlkenes>
      </pressieCurites>
      <nemoralSennas nandinaKormaOmasa="rosinsCuffFusee">
        <deskmanPanesWindles>acoine</deskmanPanesWindles>
      </nemoralSennas>
      <adreno riotistRunouts="payer771">
        <kafaUnfrockBawl>12</kafaUnfrockBawl>
      </adreno>
      <quabKaphSheugh>
        <dielecSundikSpoiler>62588</dielecSundikSpoiler>
      </quabKaphSheugh>
      <fangyAcock sawbuck="651033303" realmsSlopely="garial" rescrubWinceyDowly="thank" toffNarw="9">
        <cero>22117250</cero>
      </fangyAcock>
      <niton>
        <upwhelmBecolorAnon>revests</upwhelmBecolorAnon>
      </niton>
    </garlics>
    <sternEely barkeyRooker="tinnockKremlin" cattabuNotumKharua="radialKompowMyricin" cripUptrain="4046" tosServant="830351">
      <muirApodan>discal</muirApodan>
    </sternEely>
    <gaugeAxiform>
      <throwGushers>dromoi</throwGushers>
      <jasz hanapEnginedBesplit="drakesIsodoseBarbas">
        <codens>302</codens>
      </jasz>
      <harlots canonryCavorts="wadmalsHucklesCaspian" quorumsChapah="charac" voicers="1830774">
        <podogynSchappe>74</podogynSchappe>
      </harlots>
      <specusSoaperyDimmit detenue="gastfulBetear2079" estab="felloesRedfins" downway="changarMenisci">
        <crivetzGrillsSimurgh>76</crivetzGrillsSimurgh>
      </specusSoaperyDimmit>
      <uvanite intimaePhymataBalata="almostFlentes">
        <shagsExempli>miscoin</shagsExempli>
      </uvanite>
      <goloeWresterBetray rancorsNucha="tambourLanny" floccedPinnedSoupcon="reiceSpackKhamti" picador="villus">
        <summandUrmanPeeke>glycid</summandUrmanPeeke>
      </goloeWresterBetray>
      <juloidCornbinCubisms dusts="144899431" reown="7144">
        <perdit>dingusAnnuleBoggled</perdit>
      </juloidCornbinCubisms>
      <tremaSynched kempMetas="loriPeriaptTanquam">
        <snots>gladiteCuticle</snots>
      </tremaSynched>
      <hyaliteAimGingili kenspacGametes="toryfyParmak" corkPooling="sarangi">
        <divertsRebait>1</divertsRebait>
      </hyaliteAimGingili>
      <krithia>
        <degreedTawieCentro>kurmiOutsatTowing</degreedTawieCentro>
      </krithia>
      <phebeFalsify alodiesCuscusBathkol="bedawnDungyValinch" locarnoSolutusCasqued="expound">
        <lessnPrismSmokey>otusCurvousFreity</lessnPrismSmokey>
      </phebeFalsify>
      <stuckVulgareMiggs unplump="seor" moolah="835178" tenonsStromed="91871570" fawny="826">
        <yurakPensils>771</yurakPensils>
      </stuckVulgareMiggs>
      <beginsTelial sorrelsEmbloomCobra="dahsEntersBowling">
        <shadine>oustitiTomboys</shadine>
      </beginsTelial>
      <daggle scrayAngie="synagogInflue" ultion="acouchiHohe">
        <appreveFereMacers>babelsCerilla78</appreveFereMacers>
      </daggle>
    </gaugeAxiform>
    <infoldsSymtab>
      <pommeyGammedUptend>bonnetRenateGawby</pommeyGammedUptend>
      <dig>
        <trillo>sixtes80</trillo>
      </dig>
      <togateMenus balkingBaizaLidar="266063" lappish="helena" giojosoBathsWooable="usantAntler">
        <prawnyDocibleSigneur>7725</prawnyDocibleSigneur>
      </togateMenus>
      <drafter reflewEloperGashed="journo">
        <scrogsSalchowAsocial>nooking</scrogsSalchowAsocial>
      </drafter>
    </infoldsSymtab>
    <laglast>
      <kneepanRaucid>tastenDowilyFilius</kneepanRaucid>
      <airplayHutiaBhil pate="taglock2242">
        <camesJink>452746</camesJink>
      </airplayHutiaBhil>
      <pengos keddahsWeeds="altheaUncededJuliett" ambry="bunchy" mogador="toastySortlyFervid">
        <atterAlcumy>943978701</atterAlcumy>
      </pengos>
      <sundariSquint soothesHumusDisgust="ligydaDesertWheres">
        <gaggers>scannerPercuss</gaggers>
      </sundariSquint>
      <colorinDrubly>
        <muscoid>3</muscoid>
      </colorinDrubly>
      <muniteBallote glimeMatric="sardianDebates" carianGularisAmutter="crotylInuloid88" whippyMuntinGruffy="brawn" instyle="2857134">
        <savineKrsVernal>901</savineKrsVernal>
      </muniteBallote>
      <hackmanGlair butoxy="minvendBouvierChaffer" umiack="endowerUsarHocks" amenta="kuhniaTipsyOsmious">
        <steamie>leafed</steamie>
      </hackmanGlair>
      <biskopAgios zeros="hership" blunged="valorZonesCai6010">
        <arustleMammoseRefusal>breast</arustleMammoseRefusal>
      </biskopAgios>
      <insectaOverbowAbrased>
        <itd>chessetPrimineYatvyag</itd>
      </insectaOverbowAbrased>
      <jilting offedUncoop="demesZither">
        <serger>steeple71</serger>
      </jilting>
      <tankaDenned plumperAvgasSoars="almonSamiti" pituiteMurmur="5924">
        <carlCapered>clementEstamp</carlCapered>
      </tankaDenned>
      <propupa>
        <moleismBeanieSetdown>amyclas</moleismBeanieSetdown>
      </propupa>
      <metusia stripy="tycoon">
        <gizzLitchTiltup>bestuurHindgutCatclaw</gizzLitchTiltup>
      </metusia>
      <lenvoyMaineOwner peresEmpasma="1356" unteemRechaw="tarlike">
        <foilLarges>pinierGadgeWhoever</foilLarges>
      </lenvoyMaineOwner>
      <stoodedVerverSonoric dramme="tightly" banjoYee="machanTosspotCombure" relaxedRhagonAlberca="gigmanBoral" urundayPorose="thetchCambiaGossoon">
        <epoch>tanrecsSternal</epoch>
      </stoodedVerverSonoric>
      <unzoned fernedIcesparEnnia="synagog" cragCreamyDruther="ectypalDeprintNainsel">
        <piaffeInfractPomaces>saanUnshornEthrog</piaffeInfractPomaces>
      </unzoned>
      <baguetsWennish wobsterTaneAffines="airboat" cueballFulls="julien">
        <yapockAzury>dulness</yapockAzury>
      </baguetsWennish>
      <layOxcartsAbience sundae="shabbosAbushLansa" torchesDottelsPeening="coningSocotriFermal">
        <choricKippur>beginsFunders</choricKippur>
      </layOxcartsAbience>
    </laglast>
    <cramped>
      <waderTerser>adurent</waderTerser>
    </cramped>
    <polaricFaltereTawse>
      <chateusXylon>bayamo</chateusXylon>
      <kaiwiImpresa glaresHymnSysin="87391" ericius="amentiaClinkerAspatia" foxfishIntill="catarrhHidalgo756">
        <satrae>hoochesMaybe</satrae>
      </kaiwiImpresa>
      <browzer>
        <inched>toddlerSnafus</inched>
      </browzer>
      <dislikeMorelsClitic swiftie="1096" flemVinerAnodic="cascara" glazyLoosed="14841684" loobilyKinoosZenobia="holmiumProtean">
        <caliban>8344230</caliban>
      </dislikeMorelsClitic>
      <creatArgledMycosin deddyAcier="24255636">
        <figgum>poseyUntiredToisech1101</figgum>
      </creatArgledMycosin>
      <udell ana="childeSeton">
        <nunryWitingCanvass>nisan</nunryWitingCanvass>
      </udell>
    </polaricFaltereTawse>
  </solist>
  <rhodiumAlthorn yieldedPlaters="canevaWalyCalfish" yoginAlmud="cuteyWingmenGlassed" machogo="congest">
    <fondsThemedClosers>
      <neegerCzarismKobolds>synergy</neegerCzarismKobolds>
    </fondsThemedClosers>
    <muriateMowsSloughs>
      <arriereSomaBeaune>reecho</arriereSomaBeaune>
    </muriateMowsSloughs>
    <hexoneTycheComdr>
      <katrinaHyblan>leve</katrinaHyblan>
    </hexoneTycheComdr>
    <bespendPumpageTamas fuci="piperySlush" rauraciRosoliUnwaked="1272">
      <defacerHesther>gyronsBalochPinaces788</defacerHesther>
    </bespendPumpageTamas>
    <pend>
      <seadogUmbrinaHiggler>demodedRaffish626</seadogUmbrinaHiggler>
      <tarterAutosMiauled yaponFumers="tallols" cryptoPranklePanman="6275">
        <addnlVallateShuted>unpowerEnhauntOatland</addnlVallateShuted>
      </tarterAutosMiauled>
      <atoned ppmWitsafe="781067323" svanSheavedAscent="sullYew" unsurlyGaw="discous">
        <plashedNeillia>pipileSadists</plashedNeillia>
      </atoned>
      <whally allod="balow923">
        <daffyTensingFootler>314131766</daffyTensingFootler>
      </whally>
      <blackWhityShaugh dyeableOurn="bleymesCougar" domerTillageFunkers="unpenal">
        <sawn>dabble137</sawn>
      </blackWhityShaugh>
      <agrestAlmugsBespot winstonCreditsTartish="rajpootPresserParode527" benamedWowing="firingsCherParsons" samshuToustInitive="octapla" sciuridArabesk="veloursFaujdar4">
        <boccia>oleo8573</boccia>
      </agrestAlmugsBespot>
      <guahivo>
        <surhaiGammedMuzzily>closersGimbals</surhaiGammedMuzzily>
      </guahivo>
      <nayDisamis>
        <lobtailPinax>pyropeLatredeRente</lobtailPinax>
      </nayDisamis>
      <joviteWadgeEngorge marfire="lininRaiidae" balCotansPiddock="brining" shelley="venialLimpet">
        <cambium>pellard7703</cambium>
      </joviteWadgeEngorge>
      <olivierCoffeesMowburn lovagesAwideBalata="supaiMalm" briniesGyredLorimer="paupBataviBilaan2" tampang="succourAlkoxyl" mite="elytrinPolyene">
        <sikimiXivHaybote>barmier55</sikimiXivHaybote>
      </olivierCoffeesMowburn>
      <bealLaniardAnvil lueScrips="fylgjurPylons" shantisGraysbyQuasky="pipets" gemman="engluePerisTailor">
        <kenyan>trafficCristaBlithe</kenyan>
      </bealLaniardAnvil>
      <storierTomeCaro>
        <hydriaCrewedLarry>488926</hydriaCrewedLarry>
      </storierTomeCaro>
      <matinee twana="94318" insuresFiorite="88" tweeny="culpritSchlump" shtcheeNoy="revoir">
        <rixy>aune</rixy>
      </matinee>
      <bunderDirhamsSofta callowEthylsEthnos="stipedEngarde28" lariidCruorinCurlews="416" dromeJanos="fordoesSome" abating="unoaredTrammedRacists2305">
        <apulian>steeve1</apulian>
      </bunderDirhamsSofta>
      <chymicNeozoicCeases>
        <espaveJinxedDarner>nostrumPistler</espaveJinxedDarner>
      </chymicNeozoicCeases>
      <mahmoudNinnyTeinder farettaZealsCareen="96424658" didestTriagesIllth="77">
        <melitisTanyard>gashyDuctuleSolum</melitisTanyard>
      </mahmoudNinnyTeinder>
      <mand>
        <rubrailStigmaAkerite>niggles</rubrailStigmaAkerite>
      </mand>
      <ahetOllasBroigne aquariaGravityGopher="tane">
        <gatesKhasaCrevet>138</gatesKhasaCrevet>
      </ahetOllasBroigne>
      <abbieUnhid currZizelBigg="73389" santeeLowdown="metiersMaskersSinawa" bricole="adesteIdion830" sulkiesColcineLatooka="spudsShoor">
        <attacusSimular>dermisSlinger</attacusSimular>
      </abbieUnhid>
    </pend>
    <imbarge>
      <blobberRester>phytaseUdi</blobberRester>
      <slipes arrears="richterBromideTiding1218" whambleBeggaryQuasars="orgiastKeats" soueefTaping="stoepMunchy" boomage="dacrya">
        <nunlikePonosMaga>kachina</nunlikePonosMaga>
      </slipes>
      <lakismBecameShivahs hoised="bolasTexan">
        <dudes>almachTouracoExuvium</dudes>
      </lakismBecameShivahs>
      <cavy enragedDustman="dari" roilCig="fugallyOnflowAlbacea18" ragoutAgendasCroppie="karamuSalliesDelft">
        <timbre>811155</timbre>
      </cavy>
      <ploatSemigod diodont="kedgyMuddlerChauna" hamulusUngorgeMestino="yestMarqueePuler4941" garoWanner="660" dcbWingleUngain="87201">
        <waulingGenear>2927743</waulingGenear>
      </ploatSemigod>
      <livianKoolauQuadrat karmasCheeperAgouty="388613" dominesBoardsMahmudi="mahori">
        <nekton>fibber</nekton>
      </livianKoolauQuadrat>
      <mizzle jewyPrudist="carbeneNanking" sarmentPedaledAttest="kelchinRatoonDegras">
        <guard>3034</guard>
      </mizzle>
      <indrawn strettiDebar="suiones">
        <indigosRobingIsmal>patandAbhors</indigosRobingIsmal>
      </indrawn>
      <telegas>
        <arsons>7</arsons>
      </telegas>
      <bepiece copsOrfrays="sand" ominateStuppKwazoku="122764">
        <dodosBradleyArmpad>recarry9093</dodosBradleyArmpad>
      </bepiece>
      <ectadDetergeGawn>
        <hopsageBrasher>hideout715</hopsageBrasher>
      </ectadDetergeGawn>
      <corrupt glops="rboundGuniterGemara1847">
        <reedyBezanteLintol>holpenVespaOrnith</reedyBezanteLintol>
      </corrupt>
      <hacklesCurnock criantDjinniSobber="uplitPrimmedBielby">
        <seelilyChoilCanyons>unctionSenFerns82</seelilyChoilCanyons>
      </hacklesCurnock>
      <rubeletBlooper punty="scarfySoireesCapman" beewareBulksGlazed="28">
        <unsteelWomerahSaggar>6</unsteelWomerahSaggar>
      </rubeletBlooper>
      <thillsParentTriseme clickyNasalsSerolin="12" scryingPawing="potoosFummelHakamim" basketPostel="sottie">
        <biffDuckedSoupled>luggar</biffDuckedSoupled>
      </thillsParentTriseme>
      <survise juddersRavellyNebel="pottagyPleiadApply" sindryBedsitRefit="vulnedWawsChinned" arryEpularyDowl="949395" tykeOrageAstore="marmot">
        <undrapeColleen>violine</undrapeColleen>
      </survise>
      <riotsEvalKilobit colfox="socotriCardiac" usefulMaomaoKwarta="480" tatterThraces="duciAlexinPreemie" mynaMoochesShadowy="matzoErick">
        <huspelOmenedShushes>traysBarfyInswamp4524</huspelOmenedShushes>
      </riotsEvalKilobit>
      <incultSalutedInsects heparinNaitly="hardishAbraumTaroks" busser="99" outsoleExstillMilha="forsadoMatelowVarmint" barcheCriddle="stealthCalcarsTeuchit">
        <areek>amelia699</areek>
      </incultSalutedInsects>
    </imbarge>
    <sipped>
      <diddledPatinasAcridly>peitrelGadean</diddledPatinasAcridly>
    </sipped>
    <vasty ibsenicRefrainBrooms="zoonomyKinky">
      <shammyBalanteArising>gambeDalerBhuts</shammyBalanteArising>
      <moonetDarnix>
        <atrenneFerulic>189399018</atrenneFerulic>
      </moonetDarnix>
      <etudesAppoint badgerSnipishFeigns="thissen" apama="dienes24">
        <rawest>frape</rawest>
      </etudesAppoint>
      <brisqueLoring kraut="shacky605" upayaMopes="unlearnAequian1" carboysBadon="punchedRhizopi">
        <mijl>lepiota</mijl>
      </brisqueLoring>
      <nasialShinney concept="pungey" lothCatawbaVicuda="102283" tiedRaccoon="chasmPurlieuDarksum">
        <copable>3844</copable>
      </nasialShinney>
      <sides>
        <doweralPreconyZirian>graftsGuilerGenecor</doweralPreconyZirian>
      </sides>
      <towhee abbayeCooserRetally="some" dielike="beliesIricizeYirths20" adhibitPillasThrove="grubs">
        <haycock>forcite</haycock>
      </towhee>
      <gonial poditti="dalFishnet" emigreeDroguesLimbu="scurfAttilaMollies85">
        <tampsImpeyan>suratCocause399</tampsImpeyan>
      </gonial>
      <sigloiVipera fulldo="wauling" venallyRepelsAfore="speeledPeract" marmion="tense">
        <stacket>58658</stacket>
      </sigloiVipera>
      <mutic migUnbends="yaps">
        <gammockWannerCantab>branToiling</gammockWannerCantab>
      </mutic>
      <langle unburnKayoed="unawake" guyerThrobNotary="markersGripesGoas" nervuleDeinkColima="statue">
        <doffing>aeolismFuzzily5375</doffing>
      </langle>
      <merrilyAdorantGirt wyethia="jawnTipplesBefavor">
        <collet>corse</collet>
      </merrilyAdorantGirt>
      <homeletDomable heckleThesesSonable="malmag">
        <wyne>vacance448</wyne>
      </homeletDomable>
      <ethics bruchusTyphonsInmate="humToprail" choric="fixionPoppin">
        <unlapJibersSoe>throes</unlapJibersSoe>
      </ethics>
      <issedoi trump="elymi" neifsPodetiaCalden="mungrelLawtonRedoes3553" amuze="fifieRubeletMulched">
        <gameticSubparFlentes>wending</gameticSubparFlentes>
      </issedoi>
      <lagopus>
        <avie>cubesAdz</avie>
      </lagopus>
      <plowing>
        <taprootRiskfulMudar>tietickSipe</taprootRiskfulMudar>
      </plowing>
      <epigoniFibre inbodyTinkled="flangeOyers" lomentsBoodlesLambadi="whishtOatbinFrayne" fratchyLiefly="ulexDecencyEsquire">
        <jabbleIsseisInferno>loglikeCranchMustily892</jabbleIsseisInferno>
      </epigoniFibre>
      <solutioBemixDubbed usationSuturesPalsy="20229602" zamanPimasHeaven="corridoTamil">
        <mornayBrigandGleys>silicle</mornayBrigandGleys>
      </solutioBemixDubbed>
    </vasty>
    <pyresCarfuls hookierZareebaOyez="6" plodder="12" ringsKungLuniest="polarisTwangs" pinnasHorlaFurphy="pallingDiquatsSproil" dotateReacherHotch="jibstay5">
      <fairishOutsole>acharne</fairishOutsole>
    </pyresCarfuls>
    <pvtWaesAvid haster="phonosPanadaDeck" hyalins="bangkok7029" tamalePalls="18465" ropeway="babascoOselleTwiglet" hisisUnshiny="wedelns" setula="piping7894">
      <gazingSlobsAminta>law</gazingSlobsAminta>
      <moonlit>
        <ental>240</ental>
      </moonlit>
      <tendsCypresBeseen bedlikePinholeSer="thrived">
        <overbuy>wrangsNewburgBoyars</overbuy>
      </tendsCypresBeseen>
      <zantTeluguQqv heeltapScorpio="bagneLyraPiffler77">
        <frazzle>offalsMisce268</frazzle>
      </zantTeluguQqv>
      <cramboPhialed swarveChatonsEnsigns="tewing">
        <whoneCaves>elapidsSparoidHuskier</whoneCaves>
      </cramboPhialed>
      <zonedSpealCrudely>
        <plankyUnably>ghoulKurumba</plankyUnably>
      </zonedSpealCrudely>
      <exceedsKodroCigar darbsBryonyScreeno="whilkSharply" unlyric="smyrnaActure" crizzelMistellOverlow="sutraToecapsYodling262" pediwakTriodeChunky="aclinicYokels">
        <naulumSmackeeEngulf>987054401</naulumSmackeeEngulf>
      </exceedsKodroCigar>
      <diorite>
        <kelchynAltererBeldams>cantala</kelchynAltererBeldams>
      </diorite>
      <talitolPearter>
        <rongeurXxii>8421173</rongeurXxii>
      </talitolPearter>
      <tyredThriftsCoax>
        <skhianSaintsTinean>clansRushesBhagat</skhianSaintsTinean>
      </tyredThriftsCoax>
      <vroomAubrite imposes="segni" gyveCrammedJackie="brooded5" euphon="theoryEnformUnaged">
        <aimakMambasFoster>ducking</aimakMambasFoster>
      </vroomAubrite>
      <boghole noseyToolachHalala="7000" boeotic="beslapNevoSpastic" erato="1023354">
        <augetDavyum>383</augetDavyum>
      </boghole>
      <footful ketupa="meshed" stipedArabic="immiesWryneck" scaladeHemsSursize="commos9474">
        <qanatsPoldronGained>gamelyLinsQuorums1</qanatsPoldronGained>
      </footful>
    </pvtWaesAvid>
  </rhodiumAlthorn>
</bylinesZirakLitters>