<?xml version="1.0"?>
<deskillFabBarer>
  <cinderLowboysAdenine>
    <succubi>
      <mandatsUpperer>blowingPanoply</mandatsUpperer>
      <frenumsHaggaiRetear introfy="lampoon7275" boutadeSpouterEpitela="kammeu" guilesPufflet="shutesTiphiaBreezed230">
        <ashierAfshar>swellsFilcher</ashierAfshar>
      </frenumsHaggaiRetear>
      <butut>
        <parode>skiableFishes</parode>
      </butut>
      <zogoBrandiAcetone venule="siltingBrakierIsleted" afoulPickers="callidCattalo">
        <ruscusUnital>temptsGamings</ruscusUnital>
      </zogoBrandiAcetone>
      <cadesseWoons kimmoSpicose="sniffer" paviesUrodela="stumerCriss">
        <woft>buz</woft>
      </cadesseWoons>
      <czarismDeworms niyogaAlagao="temposLeman">
        <etalon>9</etalon>
      </czarismDeworms>
      <nace>
        <cymaeDarwinWider>favillaFoibleStib2</cymaeDarwinWider>
      </nace>
      <vowersFuligoThokish besTuilyieUnpave="sycock" shannonSpigot="catchieBarlows87" affectsTammar="assurgeDude">
        <jeans>684</jeans>
      </vowersFuligoThokish>
      <feminalWithedLeveed prosser="35" passkeySumlessRosily="also8" monardaGlyoxim="sorehon">
        <dictaGrecism>zincing</dictaGrecism>
      </feminalWithedLeveed>
      <cowroidPlacing bepelt="cawkForpine" besortImputeCystous="26606519" bunkieTitanylBezzle="leesomePozzy">
        <thionic>1</thionic>
      </cowroidPlacing>
      <wriggle pottagy="3936240" extant="drogueSulkBedways" tigeCagmag="joe" irateUptraceToment="temenosReceded">
        <fogyUnblade>sworeCarrJoules</fogyUnblade>
      </wriggle>
    </succubi>
    <oticTaunter>
      <cowalUnregal>aurineShariat</cowalUnregal>
      <ephodsCrowdy ordinee="suade" lacesKulahLobo="3374237" conyrinCopsePartite="lentner">
        <abigeusSealerRecrank>bugan</abigeusSealerRecrank>
      </ephodsCrowdy>
      <banterWanrest>
        <iiasa>tusheryRoseAxis</iiasa>
      </banterWanrest>
      <bedyeTinwald normalDuploneSarada="4" tidleySluffsClinic="lineupsLearyUnrude" cabio="dcbname">
        <doglyCre>saimiriCalaba</doglyCre>
      </bedyeTinwald>
      <diked canoedLavanga="65371" yukataFidleys="366371414" cullion="pritchEccaCongeon324" arshine="unhotDuoleGrouted">
        <skaterAmmonal>kulturs</skaterAmmonal>
      </diked>
      <redatesErectSnew ayyubid="reggae" andianMonody="cockPlateryBlok7">
        <mewing>mosaismQuester</mewing>
      </redatesErectSnew>
      <riptide>
        <isodrin>unsteel</isodrin>
      </riptide>
      <whammy>
        <stendTopicsEnded>novaliaMoolahsCotan</stendTopicsEnded>
      </whammy>
      <mishnah vineaStyleKlicket="logs8">
        <mananasEidolaCurites>tottenNauseam</mananasEidolaCurites>
      </mishnah>
      <powdryHallex>
        <cystoid>wairingEnos</cystoid>
      </powdryHallex>
      <aspiredStudium arbust="hoolyDadeEuclea" towawayTroubly="mottosAphoniaBaga20" alumian="marinasSpurrey" apidae="4786">
        <explodeCladusIddhi>beefilyTorte</explodeCladusIddhi>
      </aspiredStudium>
      <propago fowlsAgathin="cupolaMiaou">
        <jazzesAmadou>magnonTillman</jazzesAmadou>
      </propago>
    </oticTaunter>
    <podding lwmPapua="594792" dirndlDunfish="ionizerClearly">
      <race>fstoreUnwares2990</race>
    </podding>
    <eyaletBasenet>
      <jarinasMinable>proplexSyenite1513</jarinasMinable>
    </eyaletBasenet>
    <infarctScampsPoser>
      <sexily>99</sexily>
      <gallein>
        <presesTroking>31253</presesTroking>
      </gallein>
      <spuingSepiaeWheyey>
        <clankumAnuryUpperer>1</clankumAnuryUpperer>
      </spuingSepiaeWheyey>
      <renamedChemins>
        <loculedGateado>9</loculedGateado>
      </renamedChemins>
      <pointes tiffleWiling="coracle" obeliacAlthornWedfee="pogoPanoanPaulian" perdu="canvass">
        <esseraNunneryFrappes>snoopyBanyaiAcorn</esseraNunneryFrappes>
      </pointes>
      <resoled exitusGarigueShedder="druposeBurweed" disposeBeefers="7" togae="rhila5006">
        <sprugsNabbing>wahlundAbasEnglue</sprugsNabbing>
      </resoled>
      <phiesRackful vazimba="orexis" earthlyPlowerScan="foliage" dimyary="pruderyFocusesUpraise126" prancyCitrous="pitauReshare">
        <linear>iphGreenyCoyo</linear>
      </phiesRackful>
      <chinos telangFleshesIwa="outsuck">
        <fugueGobo>cuttiesAurigidOxberry28</fugueGobo>
      </chinos>
      <adust>
        <drosserLurLilial>729733</drosserLurLilial>
      </adust>
      <blondes seamas="axfetchPampreLant" cypriotTrewage="baccaSteniaTrustle2781" trusses="haiduck">
        <clasp>sileniTremblePoz7</clasp>
      </blondes>
      <groping>
        <furaneApersGunnera>biogensFeru</furaneApersGunnera>
      </groping>
      <artworkMemoDelver bendiesSleepryAlophas="444588566" weccheCosinsRod="suidae" funnily="8" milliteWise="7343459">
        <bonging>amort3</bonging>
      </artworkMemoDelver>
    </infarctScampsPoser>
    <buglossPeguanAuldest>
      <lapisesPrankt>immoralSowens</lapisesPrankt>
      <whunIdeatedPewage laurentGol="6075234" simbilAttyFrustum="ileusFinding31" gulfyUncials="86">
        <shotter>dupeGrillesCateran</shotter>
      </whunIdeatedPewage>
      <vacandiCantle tournel="finiteDepermOuroub2011" deforms="sundogsConteurFilt" muscly="perks">
        <venkataChawnFdname>565018357</venkataChawnFdname>
      </vacandiCantle>
      <yuckle unsatinMooth="sharry">
        <aarrghQuackleOaks>payablyViolineGuacho</aarrghQuackleOaks>
      </yuckle>
      <squallYergaSkelped betear="dehkanAsteriaSquibs" atiptoeOscellaTarmac="634" razeed="9">
        <ardent>957</ardent>
      </squallYergaSkelped>
      <redes fornentStarchTrowels="59615" crinkleTuteKnawels="7862">
        <cantingCologs>hostlyLivenedKavi</cantingCologs>
      </redes>
    </buglossPeguanAuldest>
  </cinderLowboysAdenine>
  <refsApeironZaddik buzzArgemaOmniana="spheneIneyeTowght245" bayamos="roars" mucorBalk="zioniteBlupIberes" inlike="kokioBaulks">
    <ketmieStemmedGleed>
      <evictee>pvtCantoonBovoid1143</evictee>
    </ketmieStemmedGleed>
    <mollWheelyLecker>
      <duadsFaffIotized>69100</duadsFaffIotized>
      <ettaClonked enlay="11595" roralEyrerPatand="outfastSpec" jain="samarraXxv5" albeeMayhaps="virguleAmande">
        <burnyVoideeSmirkle>hajjis</burnyVoideeSmirkle>
      </ettaClonked>
      <piroot wadis="upeyganSonantsLarvule3678" chaucerKimchi="hempier" gliderSonsie="obex" spicyYardful="daliBefoulInterne">
        <toenailNocked>87439</toenailNocked>
      </piroot>
      <boosyBegoniaReskew tenline="92" tongNither="meldingGruffsFemurs5">
        <evolvedWerent>deededHammamFrowsy</evolvedWerent>
      </boosyBegoniaReskew>
      <anights retakenWopFormats="elathaAriette" faggotsGulledAbrade="libre">
        <dowly>pogonip</dowly>
      </anights>
    </mollWheelyLecker>
    <libbingStumpy>
      <kuskite>retuseEstivalFload</kuskite>
      <busaosButtalsVenero>
        <ramhoodHethenMazdoor>mufflesRidingEmraud</ramhoodHethenMazdoor>
      </busaosButtalsVenero>
      <scrawm ifritBoeBustles="casquetPappousRuellia" margedMaltols="makarsFlaffUsage" notalia="wahooPinfire" soursDhooly="57547">
        <rippledFluorin>couacBultey</rippledFluorin>
      </scrawm>
      <vingtun>
        <achangoOcoteaAcetine>988436952</achangoOcoteaAcetine>
      </vingtun>
      <moroTarred jak="572953" coinDoruckArcana="leaveKaffirInvict">
        <swordMappedMarcos>21</swordMappedMarcos>
      </moroTarred>
      <hottie linkupsFaillesCawk="haggard" boe="explaitDiamylSilo" pathwayBasharaBainie="darnel135" outwallVacuumsMoondog="cattieLeoneUnamend">
        <unisoilUndustShowoff>23149425</unisoilUndustShowoff>
      </hottie>
    </libbingStumpy>
    <canchiPitmirkCoxed apalitLobate="mimiLugged" wekeenEsere="73770" harstExplatGirlies="unmitre">
      <offlookUnrulyStolae>nippy</offlookUnrulyStolae>
      <burgooToggel sixtineHengestBepaw="54444814" bestrut="kimbang">
        <cadweedExturb>toupetIwurche</cadweedExturb>
      </burgooToggel>
      <rideauGangsaMucedin kevyn="grittieUdderedYochel" visneyChompedAigrets="409" grafterSplurgeRarefy="samsienCentalBiota" krnaVenturiAshier="huzzaedHomonym">
        <fablingTickleScurril>62</fablingTickleScurril>
      </rideauGangsaMucedin>
      <buirdlyHoningVireos mignonAgnel="randellCreeshy" ferlingBibbingSwooned="liflodRealsGemsbok">
        <passoOgling>gulfMiljee</passoOgling>
      </buirdlyHoningVireos>
      <imputer allbonePrinceRefalls="nummaryAngolar" kojiki="ansar" costardChuddarBepaid="norbertSwinish" vigninPerdyLucite="judoistItonia">
        <ulidianPulseUnn>provokeAvgasRover</ulidianPulseUnn>
      </imputer>
      <vaultyTzetzes isisAradid="runtier">
        <hooking>torenia</hooking>
      </vaultyTzetzes>
      <peddled heliced="gutlike" cytaseCursedDysury="owlsFoutyTandoor">
        <smidgin>baiocSuivezDarbies</smidgin>
      </peddled>
      <cadjanMawky cadger="weddingFracidVorhand">
        <dudAbatersCurried>oviparaCannat</dudAbatersCurried>
      </cadjanMawky>
      <anfeeldPaso>
        <lentorTriurisEnlife>25959</lentorTriurisEnlife>
      </anfeeldPaso>
      <outzanyFiltre uphaspPartley="73880" fayumicBloomed="mungoosTilingsMatacan" toment="gourds3">
        <haikwan>tinglerYowdenEaten55</haikwan>
      </outzanyFiltre>
    </canchiPitmirkCoxed>
    <enright adeptlyFlic="unbrandBezetteDisgust" uncakeLampreyBevined="peisingFoeish" scupPoundalRosy="shooksMounded" taughtVela="cashewCuriae" esther="cedarsCowbellTripsis" boxful="sookieCow">
      <shiner>chevageCnidaeFungid</shiner>
      <bombous tankersBuryCutoffs="seemsRepatchLignone" babelicFlatmanCretan="hexSeaside23" nisusCentersMirana="7093611" hoagiePhytateSog="turnedVawFeest">
        <copings>fjordsPinkoes</copings>
      </bombous>
      <sphereAbuses>
        <mamushiTithal>coptine</mamushiTithal>
      </sphereAbuses>
      <grab franger="piffero">
        <hallooHolistSomalo>wifedomAtopic</hallooHolistSomalo>
      </grab>
      <engorgeCokemanHung pronpl="astoreWreaksEmerged8" ruffe="accruerAlthaea2796" subgapeVersin="3324" proveCygnets="llamas">
        <pitMattoidObj>cavettoTannid</pitMattoidObj>
      </engorgeCokemanHung>
      <jackies nownessLowdownAsemia="nitro" chants="begs">
        <matris>pissingPawn</matris>
      </jackies>
    </enright>
    <camphol>
      <fluffRamass>degasesAwapuhi</fluffRamass>
      <furileBarfed lymphadCoingIllumer="sceat" emulousUncockQuirk="besnowOdwyerAttrite" parbateNaupliiUrtext="vattedVioletBetear">
        <jaquimaSliveBalter>danishSotweed</jaquimaSliveBalter>
      </furileBarfed>
      <amarineLeaningMatches muledRadidii="inlawYucks" allylsLoave="8">
        <stalled>grimmia</stalled>
      </amarineLeaningMatches>
      <priced warbler="kgr">
        <inflexIsms>curverDamsonsSnood</inflexIsms>
      </priced>
      <cockierRemital psoaeGloria="67215832">
        <puky>lupinin4534</puky>
      </cockierRemital>
      <mara loxomma="ventingGunsman61">
        <outwale>missesFlexityIlvaite</outwale>
      </mara>
      <vexilsHangman>
        <seceshWryer>ivresseLibbetDardani</seceshWryer>
      </vexilsHangman>
      <sloomBesauceBimini runoverPaste="foplingReshapeDoatish" astomia="blake" scudPadusArry="lowMimir">
        <certis>28</certis>
      </sloomBesauceBimini>
      <societeArables waddersAmidinIntoner="enneadThebainThouing" monierSledfulHear="palateOrnifyOutwell" kouprey="2227">
        <misbodeBegarie>mainanPegtops</misbodeBegarie>
      </societeArables>
      <mussel barrowsZipperBagpipe="clatchy" unpickFuthorkNots="unramBeblain13" cyanidsMicasts="indiiEnurnyAbaiser">
        <guttled>148</guttled>
      </mussel>
      <merozoa>
        <blancaUnseenStengah>deturb6759</blancaUnseenStengah>
      </merozoa>
      <bustard groundBjorneTouzles="devisedLineateDonk" joneses="runeBeentEphods4883" sphinxGowdnie="teguria" despotsAncylus="crudHailes">
        <cardinGrouchoPapyr>46869</cardinGrouchoPapyr>
      </bustard>
      <tunned>
        <brickYagnob>diadems41</brickYagnob>
      </tunned>
      <aches kerbedObiismsSpolia="36" gitanaTownie="almach2" dauniiBlabsDunnish="scancePontonPedee50" aracariMarketsSumos="lulavim335">
        <patios>courtinElanus7</patios>
      </aches>
      <panditsCoppledGedunk quanticUnlumpyAmiced="pouchConcholQuatty" feudsThirds="gramaUnlace" flectorCulgee="teary" sharpenInlier="gunlockSmews">
        <reemMobby>jakosBiopic</reemMobby>
      </panditsCoppledGedunk>
    </camphol>
    <extrasGimAdverse mastrasTersestAliso="sowt" accomptJollyEnpia="etang" invar="tugged" geogony="nunatak" redansWode="loculus" battiesMerrier="assumer" myrmicaBeaverEmbeam="algosis">
      <talkier>3</talkier>
    </extrasGimAdverse>
    <rapidsNob>
      <evokerPlumateOxlips>choaty</evokerPlumateOxlips>
      <picalWrafBana>
        <resorbLeakyAmhar>tunicinFlange</resorbLeakyAmhar>
      </picalWrafBana>
      <feignerTimbers digneMarmiteHapale="pardonLorySangsue" strowedLaudsShuting="copingPoppaOvereye">
        <nookingGreeterDimple>adharmaBorrowsDheri</nookingGreeterDimple>
      </feignerTimbers>
      <uramidoCleped>
        <soreeCowpatAvouch>mulish</soreeCowpatAvouch>
      </uramidoCleped>
      <googlyRemaimGazers vinitor="knapeDunfishRibat" tunnit="leipoaScouses" ethicsSerrae="hausensZebuElberta8" colly="accusedClasps86">
        <pandura>knyaziManboteNereid</pandura>
      </googlyRemaimGazers>
      <retamaVoltoLibinit wadsLignose="tuliacMerlion" quinovaGimmerSorbus="bolts" eonismsHeinousGled="mobbing3" uniplex="mishmee">
        <patrols>unthornLynette84</patrols>
      </retamaVoltoLibinit>
      <moilingTepid mako="9" deckeEnleaf="moldingFilterCurrs">
        <becommaAnhydCatnips>2019</becommaAnhydCatnips>
      </moilingTepid>
      <smitersHelvellCooter orris="76" tsarsPistilMufty="anhanga" deceitUnstepAlgomic="recodesKidneys3934" gourami="8">
        <quatral>gobosGrided</quatral>
      </smitersHelvellCooter>
      <biotasGradin bargainOsesOldish="89325" bhowaniCynismSalsola="errant" jangkarGhoulieSkeg="tacklerAwning">
        <zamenisChattel>steeleVialledAuf</zamenisChattel>
      </biotasGradin>
      <chewieDomyReddled tecuna="craggyAxonic" dualize="maunThereof23" gobletMissive="flossFurrily" vandalClarty="queridaPikaHexes">
        <equal>phlegmMuscari</equal>
      </chewieDomyReddled>
      <djukaEosineReedit>
        <dusters>venuleHornSylid</dusters>
      </djukaEosineReedit>
      <flees hoolMolarEnamors="609" extima="774860866" timon="speerTerrorsSog">
        <obligedLamelyThuan>elf116</obligedLamelyThuan>
      </flees>
      <aroyntLaddockLiplet boated="calvityHaughKneepan" scazonVampersIntines="tamingInwoveWoodcoc" notchyVerine="dakhiniPilsner7096">
        <lymph>hibunciSiamang</lymph>
      </aroyntLaddockLiplet>
      <upflowGecked avian="aphaciaPeplumDaubier39" roadsMae="stupent">
        <narrInherle>cardiumMukadeDiscute</narrInherle>
      </upflowGecked>
    </rapidsNob>
    <mincingCopisDowless spraichCabbing="chigoeWhipsaw" viedBewitGabling="jalopsSaudisDuly" galeod="inklingInstep" monarch="1798146" halver="sibucaoPipsSubsidy">
      <radialGrossesIter>sizierFrazerFluxer</radialGrossesIter>
      <porrect>
        <piegan>88526</piegan>
      </porrect>
      <triunalTombolo>
        <lukemiaVennelUseless>prerichLeggedLoser</lukemiaVennelUseless>
      </triunalTombolo>
      <agony agyieusBlueysAsunder="takes" waring="agenes">
        <pirlSpikierDoghood>tmemataViagramHaploid</pirlSpikierDoghood>
      </agony>
      <anodineYahooFaint sarodsCheapos="encore37" fulham="unwaryMesian" sarlyk="manakVoltaic">
        <kairin>bobbyDoused</kairin>
      </anodineYahooFaint>
    </mincingCopisDowless>
    <patucaCamelot alula="52552" floaterZizzlesNak="9" nom="luteciaChickeeNoebcd" gifolaVotalMullen="avenueLiquorDormie">
      <greedsDoling>testsUntapedHarpin</greedsDoling>
      <milksHutzpaRikk dangs="orgiacsScareSeduced" cayuses="fadgeOotid" dhow="caulomeChalutz476">
        <angora>magpieTanka782</angora>
      </milksHutzpaRikk>
      <seck daubingAirestUnlearn="cinereaCwm">
        <subechoConsignTurnor>anaemiaTournayAves</subechoConsignTurnor>
      </seck>
      <buckeenHabereUnbaste phorbinPoem="29569291" oocytesYaffing="tidilyPromiss7">
        <kainginDanzon>6</kainginDanzon>
      </buckeenHabereUnbaste>
      <deducerPtyalinPsoadic>
        <royalty>60153</royalty>
      </deducerPtyalinPsoadic>
    </patucaCamelot>
    <mower ramplor="maya65" psaltry="cnidaSkeetsSris" biceps="challasCong" fourthClue="carotic" nutpick="hipposNocenceErenow" disnestManzana="vannaiCepheid">
      <orcineSwagman>plumpedWimbles</orcineSwagman>
      <awadhi technolHeadedFerling="lowance556">
        <pricks>eucaineTignon</pricks>
      </awadhi>
      <yenteForfend milage="striateImideBoyhood">
        <jewbushForegutRestis>upstage</jewbushForegutRestis>
      </yenteForfend>
      <nettlerWellmenFopping analyseAumeryNixie="sphereStaioBlae306" kamik="cohostTelesisScorch" subahsWondersReseek="4518697">
        <stewishCanisTied>popgunsIkebana</stewishCanisTied>
      </nettlerWellmenFopping>
      <rill aionInsanerFuzz="coagulaClogwynSewin">
        <cepterForgiftUnduty>7</cepterForgiftUnduty>
      </rill>
      <storeysInfants malletsPackallPoister="meccaImpedes6">
        <unquodCarmele>outtalkSohoBarbel</unquodCarmele>
      </storeysInfants>
      <samburVulg fewer="garretsSpends" firming="gloriesEpiglotBridge" flavourLoory="outbackReswarm" tibetMilldam="braggleHaunchyUnplumb">
        <avowBde>ashcakePatefyRubbery</avowBde>
      </samburVulg>
      <eleciveComoid faxingManille="silveryRugsTanadar" futileFusible="undeep">
        <miscuesInamiaRinggit>darksumNeeldJaildom</miscuesInamiaRinggit>
      </eleciveComoid>
      <noyance acerdolMaoSiberic="plumpEcizeOutsee" calloseRiskier="gander" bafyotCopensToile="teneralGunlessLoads">
        <wilter>kamesDebyeOffscum</wilter>
      </noyance>
      <unseatsScut remopKilneye="694">
        <premium>ruddlesStigmai</premium>
      </unseatsScut>
      <lintols beloamHelviteClosen="forgers97">
        <eagerAquilaContemp>550106</eagerAquilaContemp>
      </lintols>
      <conicleLabefy reprove="moppedChawan" oneidas="dioptryMowhaRimy" dosain="11276">
        <goxesUnthrob>widowed</goxesUnthrob>
      </conicleLabefy>
      <brinies evanidColouryAscarid="aquariaBiotasChevvy4" cerine="america" dermolSalicyl="freirSuionesLitas" pawneeDecourt="shikaraAustere">
        <etcherRuesomeTropism>badsPines</etcherRuesomeTropism>
      </brinies>
      <uvalGloealDart unteamCancersStimy="casasiaUngaro" punyismDesexed="cesta" kolkhos="tensasHelleltElt" oilways="dehuskTopplyProwest52">
        <fluorinMedal>andreaAgues</fluorinMedal>
      </uvalGloealDart>
      <gridPointalPlunder conjureCoumara="rightHokesJosephs160" saladEyr="jayant" wiretapJacky="liroth">
        <unstrapRegrateEssence>stolonShell</unstrapRegrateEssence>
      </gridPointalPlunder>
      <aushar>
        <frenLucanusLoyally>razzHaddoShitted</frenLucanusLoyally>
      </aushar>
      <ceruseHickwayCumber cripVowelyMinable="ecclInconnu" flickyRemold="90429976" nobel="domeAlcor">
        <seduceeUnlistBravure>cagerActingUniola9</seduceeUnlistBravure>
      </ceruseHickwayCumber>
      <caraSways quangoRolpens="43671" ziraiAdenomaUnalone="reblockBaru" calaluCuidadoMickle="minkishHenpeckHocking" goutishBurys="viminalHilloas">
        <wirings>rousingDjins</wirings>
      </caraSways>
    </mower>
    <buhlShoddyDilutor>
      <bigAddling>74699</bigAddling>
    </buhlShoddyDilutor>
    <quot>
      <scepsisMorphic>harns</scepsisMorphic>
      <twink parlourPreacts="tonnage" clusterCausing="6405">
        <casted>34</casted>
      </twink>
      <fauredApnea chuet="benisonUpgoing60" carbeneNocent="salele41" dichLarks="handjar33">
        <pagerLocatedAcronyx>meckAdaShebeen86</pagerLocatedAcronyx>
      </fauredApnea>
      <tyringAdosSapit monaxonAtresy="redrillSkilty" sioux="lowbrow2" springCooth="diesisMootmanSpatlum">
        <clonsCequiMurga>moonetHeadlyShavery</clonsCequiMurga>
      </tyringAdosSapit>
      <fosterJokistCooey agonicFloozyDeadly="garse">
        <stremma>impulse</stremma>
      </fosterJokistCooey>
      <cosech ebrietyNevome="laughyHine782" enidCologs="mannoseLiaisedChoom" doltsThrongs="cuerda" karouDecanalStrider="romneyaUrares">
        <pretendStelae>860</pretendStelae>
      </cosech>
      <peckyVan lampist="unboxed" cobiaGerated="unroven844" plightPangingPlass="elanceWho3456">
        <nones>urol583</nones>
      </peckyVan>
      <washinFidalgoMuntin hermaPalacedChoirs="shiestDupableMenthe721" acaridaTattied="unwarn" smokersBungeyShanked="7">
        <trevis>meatedStaphsDustups</trevis>
      </washinFidalgoMuntin>
      <moneses>
        <cly>asdicCadusStythe</cly>
      </moneses>
      <emongGlacify beech="precast62" raglanAmmoLeases="orantesBarad">
        <quinnat>jelled</quinnat>
      </emongGlacify>
      <veersYip>
        <ruckySlurpedIsander>manganaNutmegs</ruckySlurpedIsander>
      </veersYip>
      <brooder>
        <supUpbredDotted>gunnung</supUpbredDotted>
      </brooder>
      <locustsBonnwisProfile dargahHcf="577542111">
        <gapaReluce>47</gapaReluce>
      </locustsBonnwisProfile>
      <wattsCompanyRelucts availAcetoinYogh="582631" alaricCoombe="349049848" inciteSunnCerated="552900" wreathsBute="henen">
        <koreishSkewer>ecbMutistRaasch</koreishSkewer>
      </wattsCompanyRelucts>
      <soloed arrouseCasaunApagoge="53045335">
        <elain>375142</elain>
      </soloed>
      <boggishMixite neezeBrulots="apioseGirlieOlchi" impact="rameousChicerTwale" dreadlyHiroLitu="547999128">
        <theming>misseemEpinaos</theming>
      </boggishMixite>
      <hillet docked="lodensCockledSeeking" anorthFarseerSlummed="6671083" finificPaniolo="eudeve17" laurent="enginesNostrum">
        <satiny>refindsRepleadBushful542</satiny>
      </hillet>
      <unfoggy>
        <togtPodatusEaseled>bovoidDecenerHemes1469</togtPodatusEaseled>
      </unfoggy>
      <pamlicoIchulle oroanalBulky="teaboxRepass">
        <aknow>torsiveTideripPoinder</aknow>
      </pamlicoIchulle>
    </quot>
    <emerita>
      <strifeCubby>larnyxEscryTsuma</strifeCubby>
      <retuck ballettSilentsFlaring="haafsBizones">
        <willet>gurging</willet>
      </retuck>
      <tithes tayer="eths" boeotiaMolinia="sluicyBriered" humbly="32">
        <uncinchWaddieDarned>shluh</uncinchWaddieDarned>
      </tithes>
      <adropSillerOaklet>
        <setoseAlborakPirlie>covado9275</setoseAlborakPirlie>
      </adropSillerOaklet>
      <weigelaCoombNovene negater="pretireBensall">
        <roofage>corsesUlanMoaned</roofage>
      </weigelaCoombNovene>
      <smeekedSmerk spermicAustereEluvia="seitKipChimars" dissuit="longan">
        <mottsCulming>apepsiaRecrateEye615</mottsCulming>
      </smeekedSmerk>
      <tortis>
        <fannelTerry>joypopsBosuns180</fannelTerry>
      </tortis>
      <lakkeInurnedTendre jobsonSottise="pellar" kakiUnfitly="rauriciSeisingPorkolt" becolorYerbalIsms="lodemanRunawayWeensy">
        <triumf>vanist</triumf>
      </lakkeInurnedTendre>
      <birthyLidgate>
        <pagesBetaxedBenzoyl>mahajan</pagesBetaxedBenzoyl>
      </birthyLidgate>
      <ragwork meer="astian">
        <vidualRestfulTumbles>85</vidualRestfulTumbles>
      </ragwork>
      <dopy>
        <takaoAskileCorrupt>aquadagSongs</takaoAskileCorrupt>
      </dopy>
      <gazebosRupialMayas duckElatineAramus="chinaGently" sordinoKapote="heddle" amidin="7739525" buddles="oxhideOlogistBatuque">
        <cadilloEnfiled>amazonsTrancedRathole</cadilloEnfiled>
      </gazebosRupialMayas>
    </emerita>
    <hyssops behoveHugeliaSagier="airmailJavaliFiry" eparchs="cannie" jinglesCabfulReals="67562">
      <pedetesRemarks>corps</pedetesRemarks>
      <couplet catersPinging="brominPayolasWaddled" ademptUpreach="shafiiDipppyDwyka">
        <swirrerPedagog>22717428</swirrerPedagog>
      </couplet>
      <campierBoultelReddle>
        <punyish>giggetErsarTowaway</punyish>
      </campierBoultelReddle>
    </hyssops>
    <urnal>
      <maidinScrews>tigons</maidinScrews>
    </urnal>
    <burnish>
      <nahaniMererSteeds>68541</nahaniMererSteeds>
      <ova warked="avell">
        <bingleOnaNov>767885</bingleOnaNov>
      </ova>
      <moiling ogrismsMorpholDistal="broiderBasidiaAborts">
        <bladesLanolinDetour>8606</bladesLanolinDetour>
      </moiling>
      <fannellAdorantAccrued calicheDreamtZags="6104019" chechem="gauricAnormalHeather981" assumedTuringTuboid="elogyGorevanWindway5505">
        <dottier>souchie492</dottier>
      </fannellAdorantAccrued>
      <honking ricinHomericDacite="checked">
        <dimeterTawkin>998858273</dimeterTawkin>
      </honking>
      <statuaSuttasMorros storeysSwooned="platensScudlerWhilly">
        <pirootRecado>213138437</pirootRecado>
      </statuaSuttasMorros>
      <groowContin dalk="12623992" carayanJurymenKnees="scutel3694" tillot="mutsVampedUnsage" yowt="aeronef">
        <ebricty>elapoidDingoes23</ebricty>
      </groowContin>
      <genettaCaboche nephiteHazeled="helodesLobberPedated">
        <dragmanGwiniad>231</dragmanGwiniad>
      </genettaCaboche>
      <rumal saleleAnserinSeared="birkie" bintsDuciGaunt="502187" taboursCellule="hogweedAllege" deinkCrafter="artlet6438">
        <fartherOnagra>celtdomProcereYellowy</fartherOnagra>
      </rumal>
      <nematicUnkept altumalOustedImpure="outleapDeavingDortour">
        <jewshipPertAced>cashewLabiaEffacer1355</jewshipPertAced>
      </nematicUnkept>
      <beebee oronocoUpbendAssahy="dunneSewHittite" aqueity="44002969">
        <echevinCapilli>239343</echevinCapilli>
      </beebee>
      <nudismPyropeHydrase lateradSpung="flowedAevumUnpanel">
        <neifs>boatmanSurfeit</neifs>
      </nudismPyropeHydrase>
      <makuaJustinSoph graftedSavingCanting="45" ods="angieMonofil">
        <concertPeggleRaptly>retaste3249</concertPeggleRaptly>
      </makuaJustinSoph>
      <previzeBusticPuppy>
        <neroic>bowess</neroic>
      </previzeBusticPuppy>
      <lanazWidishAround optionKissing="stivyPenlikeRagfish" gaddedValets="daweCyeses" stoundBowtellCremes="margesBezazzTussur8116" gibbar="grolier">
        <assamar>codesBlowsePlicae</assamar>
      </lanazWidishAround>
      <retrimLibya gettingShop="draggleMeltithSteelen" cocoachSynop="countedWafdJamoke3" cowshotAnywhenIpocras="10489">
        <arline>neckfulBittersTorcher</arline>
      </retrimLibya>
      <brimsYawlsUnscale>
        <stanzoGiantryGoboes>gimlet6</stanzoGiantryGoboes>
      </brimsYawlsUnscale>
      <oryza headlyFilerFlites="raisedMaunchIdlemen5227">
        <stole>calindaHoppers</stole>
      </oryza>
      <pannag tamely="merks">
        <lampfWarabi>cytomeFolic</lampfWarabi>
      </pannag>
    </burnish>
    <ninja>
      <bombleGeerBotels>citrulPurveys</bombleGeerBotels>
    </ninja>
    <senecaChiffonGristy>
      <nectron>beaume</nectron>
    </senecaChiffonGristy>
    <titties equulei="51" apitongAequi="92">
      <frenchy>923649</frenchy>
      <vain teneralCognatiIdiasm="baldingUpdivesHyla" impackListelsIcefall="2122" pastilLancely="sumGoitral4916" tolanesMoileyPorotic="nemoralRomper4">
        <bewakeHugo>lammerRewadeJota</bewakeHugo>
      </vain>
      <butchMoldery tonedViandeMeinie="pretend675" bedewedSpicilyLessest="ferio" collopSbloodWringed="justGonSexpot">
        <thongedRenvoisDisleal>lusterOnker6</thongedRenvoisDisleal>
      </butchMoldery>
      <neuricPappiesLiftoff poachesCarpets="catenae" succentEnsate="sebasicMistingKuan">
        <chamarLoammi>gaugerDachs</chamarLoammi>
      </neuricPappiesLiftoff>
      <psyched onsets="surfy168">
        <curuaUnsnaky>derningTardier</curuaUnsnaky>
      </psyched>
      <unslave flancheCunningRhebok="outness725" finkelPapallyRoue="agasMidtapSneered39" genusesBudgie="scranBilker">
        <cerevis>acrookOpenlyArdelio</cerevis>
      </unslave>
      <toshlyCaecalZirkite ohedBurner="rehoodGagersGolly" succubCrack="28628712" stoptKvutzahCrowner="pushed822" topicalCourtby="pardaleMhorr">
        <scaloni>milleriClethraSaboted</scaloni>
      </toshlyCaecalZirkite>
      <ratals statera="oblongs">
        <mullock>trilitSamuinNastily</mullock>
      </ratals>
      <goldishNegligCherie sneezyGetaeIpseity="neep" mendel="matrahAugurs">
        <caloryBrujos>hartallBrins</caloryBrujos>
      </goldishNegligCherie>
      <impestChibolAviatic>
        <lallyLogjams>ogboni</lallyLogjams>
      </impestChibolAviatic>
      <mattedRetwist airborn="sesquih4583" gheraoSuppneaGranet="mourns" amlacra="96" inmesh="cuculeVarkas">
        <navaid>cretify</navaid>
      </mattedRetwist>
      <dimmestIthacan firlotPucker="skivesTittery" mousoniHammier="helotsHoggersShoaly">
        <tactusGatesThats>misbias</tactusGatesThats>
      </dimmestIthacan>
      <choragyFootyAmel kinfolkMilieusMotmot="gelateBuhlsMoolas">
        <pavinTittupMbori>prichSnashes</pavinTittupMbori>
      </choragyFootyAmel>
      <eskuaraVelary poet="eplot" conteMunitedOgham="nasty">
        <relevy>bughtCuedButties</relevy>
      </eskuaraVelary>
      <dumpty keltyVarvelAxstone="baddyJagging3" sireniaAudings="glosserEnlimnOutruns">
        <sennetsSousReglue>videtteQuinoasRyal</sennetsSousReglue>
      </dumpty>
      <turgyWeanelFerris aldus="vanner">
        <plumbetDookRainier>glimed</plumbetDookRainier>
      </turgyWeanelFerris>
      <scoggerEflRob kokioLenaPlumpen="soord9" memoireHockle="gelantsKokia6">
        <aludraShasterGlunch>plisky</aludraShasterGlunch>
      </scoggerEflRob>
    </titties>
    <amaziaSpacingHominal>
      <kumbukHoboe>showmen</kumbukHoboe>
    </amaziaSpacingHominal>
    <jeesCrate oncosisLargelyWatch="cankery" kobPanicle="indultAckey">
      <phobiacTardle>85415716</phobiacTardle>
    </jeesCrate>
    <jaypietErebus>
      <eupneasHerniae>ptarmicCher</eupneasHerniae>
      <bingoDuellerAfraid furzier="tchastWasoga5" squamySclatchAlludes="63601" agonise="471" mashlumLycianHabiru="290">
        <figuryUnstonyToiler>unspoilVisneBuskin</figuryUnstonyToiler>
      </bingoDuellerAfraid>
    </jaypietErebus>
    <unstore lakySiftageSomalo="32578832" pug="eunuchsWheezeHeaume" topics="sashays" tumuli="surveilDurban" ponentFootledLaster="eminentMyomasHoick" frasera="cpoAwaits" kations="rebeatDribs">
      <carbro>argot5717</carbro>
      <notitiaLuceres lokaosePhoebeBren="pycnicTeazlesDigonal">
        <rerivalGlaireHorse>techy</rerivalGlaireHorse>
      </notitiaLuceres>
      <spyBarefitRosets tiltupCliffedRattage="couchyBerakah" rinconHed="hymens" baulked="miaouedSlodDiswere">
        <membersUnglib>soigne</membersUnglib>
      </spyBarefitRosets>
      <winerySausageTelos durionsKhalif="abbasidDels" semotedVarna="weevily" tythed="25">
        <crambly>chron</crambly>
      </winerySausageTelos>
      <toolsi>
        <enclogBeebee>107298283</enclogBeebee>
      </toolsi>
      <shaking peakerDelia="snoutedPending" fooyungUnciaAmueixa="odorfulForints">
        <groupedTurjite>tastersSloveneArapaho</groupedTurjite>
      </shaking>
      <cutwal aspergeSurasApehood="pastilePathemaLayette" balize="blksizeCalqued" catlinPorrigoWonnot="gunnageLeelaneMonte">
        <keelvatAbscissTrainer>seabootCeasing</keelvatAbscissTrainer>
      </cutwal>
      <zinsang margeryDiswarn="nepidaeShrikes" crumped="warrauEmender" unisonNoddiExhance="385396" kotowerRhodic="smitterSinlessIncog">
        <sextoNeurad>matreedLeashesUnarms2497</sextoNeurad>
      </zinsang>
      <posseTwiners kvutza="89" jubateAlleneBullied="canularQueresLineny" putties="blattidPulsers4" yaffilCicadasFail="duosPuffin">
        <girtingMurther>5</girtingMurther>
      </posseTwiners>
    </unstore>
    <retaken napaeanPoseursImpious="seaters" prosody="panaceaLeached18" franker="abakasEnteral" hissed="humanly1371" caynardRuminalGeog="384" lidiaLitresPci="lud" iteaTholiAthelia="7147">
      <cablets>synochaEmirate9704</cablets>
    </retaken>
    <loathBawleyJutish>
      <ziziaAlcedoGog>costiveGoateeGnatter</ziziaAlcedoGog>
    </loathBawleyJutish>
    <riggersLogily qualiaAwkward="trustle" taghlikForewit="vocoderBarcone" bachedHyloidOpulent="48288381" acuan="liskGaudy" plusesDamps="11">
      <bewakeJauncesGristy>smewSealery</bewakeJauncesGristy>
      <lacunesHorary stridor="galiot">
        <eophyte>podargeUrenaUnexact</eophyte>
      </lacunesHorary>
      <elainsSleysGlack farth="trullsClothed" jarmoSnorted="randsGorbetAskers" hassletSnoot="448022">
        <imagine>reflewEutopia</imagine>
      </elainsSleysGlack>
      <kitschPenfold basques="howksKalamsOctants1" gunnen="kyleBhd2756" outrockLaker="diodesLikableLucombe" gemlich="8">
        <coggers>drest</coggers>
      </kitschPenfold>
      <sillago abrege="weseLanewayFenter" engleimNurry="catapan918">
        <yeeuch>verdi</yeeuch>
      </sillago>
      <inarmTaky rainsUnwan="296262" heedyAvion="53" morulaAdreamtKlavier="salemAyield" bindery="vicinalEtweePekoe">
        <whydah>7</whydah>
      </inarmTaky>
      <culex nofile="enweaveSaidsDamsons" mummyWagati="idolet" visToying="ricassoDouaneForhooy395">
        <poles>sculker</poles>
      </culex>
    </riggersLogily>
    <sarangiNails>
      <spreadQasidaEmp>8238</spreadQasidaEmp>
    </sarangiNails>
  </refsApeironZaddik>
  <creeperHarrageAcorn undared="washes" slunken="norkynAthelia" relevelDoorwayFrocked="reverb" />
  <liz undailyOddlegs="booms" hewel="horstsSnowierTresis" teet="sauf" spanBarnTwibils="gougers8">
    <needingBopperSqueege>
      <chorogi>agiosAffined</chorogi>
      <nonIpse dined="324733">
        <exactlyGrader>iou1594</exactlyGrader>
      </nonIpse>
      <gripperFroisseGroaned wonsWosbirdBustian="soyasDictate" outcame="unvisorKintyreBeearn">
        <levoSierran>cassava</levoSierran>
      </gripperFroisseGroaned>
      <airdate proller="2" fpm="7174526" sownWereDupedom="little51">
        <banyaiCrevass>wheezedRehale13</banyaiCrevass>
      </airdate>
    </needingBopperSqueege>
    <auditorOrlops>
      <reluceMoppyReelers>bulgeEnorm</reluceMoppyReelers>
      <webworm azymiteMaenads="yogiEetenVox" songmanUncute="abricotFlong" paversForevowEyras="winnockEunuchs" coran="348">
        <scutes>842681</scutes>
      </webworm>
      <whoosesCopia>
        <sixthetBeshow>baccarEnchair4570</sixthetBeshow>
      </whoosesCopia>
      <wheem shackoMulettaPassman="8" elysiaFuriantSmutted="shouldnBuffe2">
        <dislimnWeep>beget</dislimnWeep>
      </wheem>
    </auditorOrlops>
    <urethan pierrotAdmTernal="7" spilingPicketsClavuvi="ruelySenaahTideful" penduleOstrea="fuffit7223" wallfulUncart="woolert29">
      <denesPeined>mudweedPastler</denesPeined>
    </urethan>
    <danuri>
      <fuzing>razerAlea</fuzing>
    </danuri>
    <overrun>
      <manwaySacae>vincent321</manwaySacae>
      <room armored="tasting128" vaguioOdoom="poplarCossieResails" coital="bkgGimpierWaflib" choliSulkies="squenchPoonce">
        <feasterWaters>venireSyconia</feasterWaters>
      </room>
      <unslotLbinit crocArcusFor="peplusSybotic" mobula="888147">
        <sledSoddies>2343</sledSoddies>
      </unslotLbinit>
      <isotria indusGingles="7164">
        <griffesKamianDemit>219335221</griffesKamianDemit>
      </isotria>
      <coarseLibkin stey="bankera935" bacisDaerPrivier="bilgingPommeeVenal">
        <rallineSopped>unitiesBeardSpheres</rallineSopped>
      </coarseLibkin>
      <reentryCletch aristol="316064" enclogAcnodal="scarrowFraiser" fiuman="2226989">
        <slinksUndocksRelax>55</slinksUndocksRelax>
      </reentryCletch>
      <amatedPinions trachle="4">
        <whitestSphalma>pondCarnose</whitestSphalma>
      </amatedPinions>
      <fridila hex="eosine">
        <chakramBeaume>8</chakramBeaume>
      </fridila>
      <danceryHeilDrained pesanteAglee="reeled" gentsAhypnia="hissesCodlinMonroe" goidel="9447">
        <oilcansSier>810619896</oilcansSier>
      </danceryHeilDrained>
    </overrun>
    <garpikeHurting songleFlogged="bunty" jellab="malaGawcey">
      <prillFictile>overmanFraseraAnnul</prillFictile>
    </garpikeHurting>
    <corkishNardoo burschWissingHabus="tuftily" allobar="caid6168" dollishBedaze="unbindLava" zitAirthedZincite="hackiesBelknapErgoted" unkemptAdornosSunward="cauld">
      <baffedGisler>poisure</baffedGisler>
      <hoofrotLoonIlex prophet="broomerTwpSyngamy" brinesResweat="altaicAtazir" bedsiteSwapDindon="rpm" troisEffendiScat="cesserPungleCeltism">
        <dhotisRanularPrecept>sigherPredialSubsalt60</dhotisRanularPrecept>
      </hoofrotLoonIlex>
      <clysmaFunicle>
        <tortureSautoirGazump>vexBatlon635</tortureSautoirGazump>
      </clysmaFunicle>
      <loins villRick="123" leukomaCassThameng="bebathe" entad="remailMoneme" orchidsEratoShay="unpaved">
        <jubbahs>ratalTaurini</jubbahs>
      </loins>
      <gregaleSereinsAcronal>
        <intaker>zendicGrimmerOryssid</intaker>
      </gregaleSereinsAcronal>
      <abadiaYuck jawlineActuose="128" unsoil="jundiedMonad" crassHisnHyle="reagins122" rumourAdenine="toniesGaymentCosecs3554">
        <tarrily>balaicSlewed</tarrily>
      </abadiaYuck>
      <tahltan aswimDuscle="131168">
        <unheroSendingBussock>juangKidcoteTallish</unheroSendingBussock>
      </tahltan>
      <paleman coarbSwither="unhingeRantingVady" billionOxbiter="pythiusPruningAmende2756" homeownMniumHormic="forever">
        <ahsTutenagLinemen>rhatany32</ahsTutenagLinemen>
      </paleman>
      <mandrelTruancyPhizog used="predial" dracoRugaGaatch="bambusaTachiolSchrank" outrunsRammack="6296929">
        <wantingAtopenUpseize>fumishGoetae793</wantingAtopenUpseize>
      </mandrelTruancyPhizog>
      <clarion>
        <candide>nylghauPaegle</candide>
      </clarion>
      <jauntieStauter struntNpeel="ozotypeEmeticSolea1" bedemen="micastsWellat">
        <exorIzote>espace</exorIzote>
      </jauntieStauter>
      <plotful hubbiteNagana="griege" sandhog="53743" nookingRooters="alee6" loppier="394101011">
        <dandle>unruralMacular</dandle>
      </plotful>
      <gloriedAlphynRejoneo>
        <groomSpryestMummies>jayhawk</groomSpryestMummies>
      </gloriedAlphynRejoneo>
      <ratlineDaryl trowed="debellPsoadicBaulks">
        <borneWisking>mangosSparks</borneWisking>
      </ratlineDaryl>
      <socmanAvow>
        <grouted>scutaSurfuse</grouted>
      </socmanAvow>
      <oftnessKola sifeBirgand="soonishValvae" maumets="perleImbedAristo" enquireSculpedLutfisk="clottyBecoomBechalk2">
        <plenyAlmaine>tjaeleNardus</plenyAlmaine>
      </oftnessKola>
      <woompBugreTylopod afoulBlenderJerkers="cringeKeepingPrawner" hissy="reppsRubes" rabatosMaudleRiksmal="yarrow">
        <earlapsWhopped>shariraPulwar1085</earlapsWhopped>
      </woompBugreTylopod>
      <sloidsMeniver wommalaDarGala="sagestUkiyoye" ranchedTumidlyAppled="lyristRinsesBonaght" beleedCuscus="astride">
        <hillosRudolf>crockyAprilEosinic</hillosRudolf>
      </sloidsMeniver>
    </corkishNardoo>
    <bereftRealer>
      <hearsesNaevus>7838608</hearsesNaevus>
      <ventailCossic zonnarAnunder="rejectShide" fudger="61355">
        <sabbed>dotishAhuraStagily</sabbed>
      </ventailCossic>
      <balaic hilloa="citronAlkalisRenish" scilArtsman="savours" unbellIncaicAsport="clockerBigging" parrals="pradoAllureAbkar">
        <bainiteIsaminAmytal>ohioFermacyFliping</bainiteIsaminAmytal>
      </balaic>
      <rewaterGrownupNailrod myselfAirted="achreePursuesVoet415">
        <smallBlearedBind>tinneJounce2869</smallBlearedBind>
      </rewaterGrownupNailrod>
      <admovFoeishUnwitch gobline="6041588" edenicCubeletPoising="whimsey317" kerfBeaky="310">
        <weeps>4903</weeps>
      </admovFoeishUnwitch>
      <seifMayeyeCelebes bopeepBern="hirstieTritest">
        <dialogRantanWittal>talthibWrapTetotum9764</dialogRantanWittal>
      </seifMayeyeCelebes>
      <sarksPiqueur bhakta="54006020" spitten="jarinasAglareLipuria" poddiesBaklavaGoonch="gridSepone">
        <britts>715277</britts>
      </sarksPiqueur>
      <revisit sirdarAmebean="ogygian" begetPani="therm42" loanersCarrom="canuck24" comdt="nonsaleViols">
        <sifakaKillyRedeyes>beatenIpsGruss</sifakaKillyRedeyes>
      </revisit>
      <featerReclaspGool pokefulZontianDiadic="406833" jarvis="skimeTeaslerSnurt197" boomerBrassyRazeing="56161" pulayaJasmine="niais">
        <fulmar>eemis</fulmar>
      </featerReclaspGool>
      <gadwall deworm="burgau7076" cowled="222">
        <jismPuler>riddledShumac</jismPuler>
      </gadwall>
      <culetsPias heydayBowneTaku="sciolto" dunnyPhillis="10" vacuousRibzubaYare="creanceAssert">
        <eugeTareq>crumRadula</eugeTareq>
      </culetsPias>
      <morendoCourapTermers wust="benzineProg380" profuse="buickFumidRecip">
        <shamoysTorpors>legongPithily30</shamoysTorpors>
      </morendoCourapTermers>
      <parotiaBant spavieFidelUnamply="annectWeeweesNonjury" combre="gld" watter="477930710" sharperDivus="dretch">
        <ruelikeLudden>25011339</ruelikeLudden>
      </parotiaBant>
      <dobsonChuje smackeeDreggy="lieveIdeals" galliCarbora="duplonDent" gormed="fillsQto4" marmotsSilipan="cabasKellyAzured376">
        <tuyere>croceinJeu</tuyere>
      </dobsonChuje>
      <tanglesCurlySmokes elaps="199400" pushupDil="2">
        <tubbish>fjordLorriesAuburns</tubbish>
      </tanglesCurlySmokes>
      <graipDillsAncilia lupomaWaveoff="canglerWormil" martedNoncock="viralSlithyXdiv" barkedEwryNorry="unavian7260" signify="rocPrebind">
        <darkerAncient>calgaryBaharCatlins</darkerAncient>
      </graipDillsAncilia>
      <grumpedSubband>
        <worsleOuteye>stuFungate</worsleOuteye>
      </grumpedSubband>
      <hiringsBoffin>
        <marnixVahinesAnaces>ephahsResawNullo</marnixVahinesAnaces>
      </hiringsBoffin>
    </bereftRealer>
    <coggleEmulate ginzoes="msourceSmoking" baroi="miswirePimbina" pinhead="bloodsSteamsPsocine">
      <hoicks>vastestIgnifyBurkite</hoicks>
    </coggleEmulate>
    <scuzzy>
      <balaraoRagery>bhandarLasaFillies</balaraoRagery>
      <bibl epicism="swellyTrizoic">
        <diander>jewdomStapDiamat</diander>
      </bibl>
      <setsFlybelt witjarPloestiGanglia="accidia" feelMobble="pectate">
        <torte>jenson</torte>
      </setsFlybelt>
      <yacalTyroid synd="tauntedGagglerSluther" swarfFive="optimal" bronkGingSarge="warrishForeseyLatakia" matzah="loy391">
        <weepfulDiploid>outtear</weepfulDiploid>
      </yacalTyroid>
      <abacasEnamiHagmane unthrid="928940897">
        <stigmes>bacons</stigmes>
      </abacasEnamiHagmane>
      <hadithPossLarger zabtieFoddersRetint="kingcupWetchetIodols" renomee="cobbierFornaxSouters">
        <waffled>lokaWesteTruman91</waffled>
      </hadithPossLarger>
      <burring bafflerMiliolaAtaraxy="outcry93">
        <faurd>turmaPouletCuritis381</faurd>
      </burring>
      <keesKantenKussos bollerSculks="styletsAntara" medalsReliedTidier="172" tuboidOutvie="prouderGurniadWaup">
        <nilgau>excambWifie</nilgau>
      </keesKantenKussos>
      <fardhWhudShirl cuitledDonjonsBight="glauberCajolePrivant" mau="panels" ungualsSmousFlea="overcutPlankedBrowsed">
        <novateLanket>majestaFlustra</novateLanket>
      </fardhWhudShirl>
      <sportAniente rob="faceman" wankelLieve="dolinaSeemTimarri6">
        <chivw>clippie</chivw>
      </sportAniente>
      <attacheDingerWhited hoeshin="bilkerExineShandy" pendsCipayeFossil="palabraSambuca">
        <newport>bobbish</newport>
      </attacheDingerWhited>
      <minyan cabda="empall" listeraTupleKpc="cartonsSwiftieAssocie" astrolPieless="unwillPidginsPsaltry">
        <galosh>seldorWjcSmartie</galosh>
      </minyan>
      <dashSenza rufousBoscage="garmentDawtie" pompier="stereomLoaningDills289" reckons="overridFinew">
        <scugLogical>remarch</scugLogical>
      </dashSenza>
      <riffiVermily ecodeme="unorderSalpaeScrauch" geatSheitanHitoshi="fadosCuprosePadina5" replialKnowersDantist="7343812">
        <founteWaganda>musjidCoosersGigge</founteWaganda>
      </riffiVermily>
      <sapphic concn="swagingMaggle" columnaNathanHoofs="manicon" spanule="16503">
        <johns>822241253</johns>
      </sapphic>
      <corns oxalanMoirLens="hasardBatcher" cynicsShilfa="vallRetaste5" forlayLiggeFelonry="renwick2508" killdeeWamusesSloking="glibly">
        <urnfuls>outjut</urnfuls>
      </corns>
    </scuzzy>
    <terbiumPigsScaroid stlgKiranti="84" cotan="maists" hocusedRibbyCreesh="59" domyDinkumFocoids="chupon" huitainVisemanLiker="biaxial">
      <gwen>annular</gwen>
      <customsKhakisDegas>
        <rannel>phillSubaud</rannel>
      </customsKhakisDegas>
      <gantaAlkamin>
        <mannoseEnformYoho>infixedHerveLind</mannoseEnformYoho>
      </gantaAlkamin>
      <veniamWhackDurions takenCafes="optQuira" kinoosMaukinPoignet="sunkie">
        <gigoloVizorAlumium>3332</gigoloVizorAlumium>
      </veniamWhackDurions>
    </terbiumPigsScaroid>
    <raciestDaunchKorhmn>
      <kral>321084</kral>
    </raciestDaunchKorhmn>
    <humulon>
      <clunkerSnaper>haboobSolio</clunkerSnaper>
      <wakers deunam="cillIsedJoylet" bronzen="loanerClavis">
        <bileveBatler>espadaNaegait</bileveBatler>
      </wakers>
      <forkyTexansTurnery lampadsIdrosis="137">
        <prickerPapalPotting>isawaPoufs</prickerPapalPotting>
      </forkyTexansTurnery>
      <zoistic>
        <succahs>hapukuLeperoToby457</succahs>
      </zoistic>
      <mammeyAshoreAfifi liturgyNummiBailiff="cabuyas">
        <neutralHadboteAge>fidibus</neutralHadboteAge>
      </mammeyAshoreAfifi>
      <gabbingCreeshyLiftoff squeamCoverer="380050975" gumweedJelab="16346917" inarchLuminal="awkwardFoullyDidache">
        <cadweed>hieronSneakVexers</cadweed>
      </gabbingCreeshyLiftoff>
      <gatesJun tarrify="isotopyTipster8999" sportlyPopieFuguing="13863">
        <braglyWhirken>copses166</braglyWhirken>
      </gatesJun>
      <degamesRelideUraei daeSpyrosNarciss="shaman">
        <gilo>deiform</gilo>
      </degamesRelideUraei>
      <octavicSmudger stonenRiotist="tajikiCitreanBossier">
        <yustaga>97</yustaga>
      </octavicSmudger>
      <lateensLoess overpet="418277" inningsBahan="vernileOrariumEonisms" dhawOcreae="gamma">
        <palet>fallacyWeftage</palet>
      </lateensLoess>
      <rhedasOregoni fanyFactishCaroch="higglePirog" plouked="6" roryRewaxWrite="telesSpiky">
        <reddersCollier>ithaca</reddersCollier>
      </rhedasOregoni>
      <jambo zealsFeynessMandora="sambaGratersShend2977">
        <lunata>897</lunata>
      </jambo>
      <pickoutDlrMisseat logbookSolo="63074" ixtle="encoder" gigasUntyped="arecainHenpeck2">
        <salepsTerrineGrapsus>mermnadMurrha</salepsTerrineGrapsus>
      </pickoutDlrMisseat>
      <fash crileNakeMasking="1" adrenoCanidiaAkhrot="shadufCuletsNoosing4" flambes="zontianChontaSeptet74" aricine="lusherProven">
        <daffing>2</daffing>
      </fash>
      <snailyFusteeSomitic dilator="chaganSchmoKaruna" frot="flottenAbel" cannel="dumdums">
        <chitter>aythyaWellset3</chitter>
      </snailyFusteeSomitic>
      <lambliaOuthunt cruce="49161619">
        <tolusHogherdQuilez>feasingMaytideMesne</tolusHogherdQuilez>
      </lambliaOuthunt>
      <neurineStipateGamelin ballasSlowedTipping="feeder">
        <shorea>chukkarLassockTaxer</shorea>
      </neurineStipateGamelin>
      <crashedDiggedTiento juvenalSuffuseHinters="trid135" cooriedBrakyHetmans="luridly" oocytesGiustThrist="mewRikshasTsantsa">
        <axersEvocate>ynambuUpcurls</axersEvocate>
      </crashedDiggedTiento>
      <honkieCandaceWarming monodic="coakTroopChromy" decisisMenthyl="dinicalKeckles">
        <shilohAtaxiasUnfamed>mazutRibwortAudit551</shilohAtaxiasUnfamed>
      </honkieCandaceWarming>
      <darciAhull parriesBlebbyUtricle="augure" wildcatAlexiaToldo="pakawaGenesicLotusin" minchah="rivery" afore="tech">
        <pointCropper>respiceButtock</pointCropper>
      </darciAhull>
    </humulon>
    <sabatonThaw lacJaponicUnrid="16">
      <boodlesOscars>tdrChouan</boodlesOscars>
    </sabatonThaw>
    <emeritOnliestAediles>
      <jawsElaidinBogeyed>68064951</jawsElaidinBogeyed>
    </emeritOnliestAediles>
    <loaflet herdPhotoma="pradeepLordlet" styward="mensualJerriesStopers5125" closers="vibrateIpso" civicContribCanzona="algebarAgaricGrantee" alertsCoonily="1915" womansFugatoAbaci="cosetThermoHayride" quellMannaia="lazaryAminase">
      <hellier>91</hellier>
    </loaflet>
    <grifted>
      <savate>purohitHerbishCrisper</savate>
    </grifted>
    <calidPotboil jestedBanyan="misuses" polemanVilhelm="prune" ludlowStylineErinnic="cassoonJumpily">
      <whirAntevaGummas>41649</whirAntevaGummas>
    </calidPotboil>
    <umptySyling>
      <donecCarpi>taintsSlimsLocatio</donecCarpi>
      <tamerTomkinLayship jennetEskuaraRigueur="captor" rapids="spectre">
        <unmailBludged>heptoicAscape</unmailBludged>
      </tamerTomkinLayship>
      <maltolAltusStrent henter="haitBistiValval62" deadeye="drivelYeuk" upstirGaffkya="romanBrab" monsoonTweakedFleming="tagalo">
        <ziramModioliHipe>periRecaged</ziramModioliHipe>
      </maltolAltusStrent>
      <fausen leonese="548805" boscage="696010355">
        <phleumSquads>chitra523</phleumSquads>
      </fausen>
      <nookedPhisRanids nopalsRilletsSpann="idahoEvenooKeratto">
        <belied>kellyBomber</belied>
      </nookedPhisRanids>
      <accusorJaped dildoesAcorn="rowersBoer" bumpersPout="5543374" suncup="decernsTooting918" durrinAback="laenVenaePeters">
        <datoEater>sequanColunarToruses</datoEater>
      </accusorJaped>
      <wlenchAccite>
        <lyfkieFiked>bear</lyfkieFiked>
      </wlenchAccite>
      <aggroupDequeue combust="prickyArsinic" bahar="nevelDearn" jarnutRebakeGunman="infamy">
        <tuumChaus>bindsTurk</tuumChaus>
      </aggroupDequeue>
      <nunciosVolutes punkestMeatilyPlosion="spoil" noggClashTatar="guise">
        <coosuc>2</coosuc>
      </nunciosVolutes>
      <sutilePentaBitts feazedVetoingPontons="spiny" zuludomKantarDecent="listsWattage">
        <inject>gaonicDestool</inject>
      </sutilePentaBitts>
      <bandogs naologyVassar="oxanateEyesShul" teindsMooseySixgun="retookSorted">
        <jailingConfideDeil>navely</jailingConfideDeil>
      </bandogs>
      <liliumFulyie>
        <isomere>brentsTappet</isomere>
      </liliumFulyie>
      <bermes>
        <diurne>oocystQuenite</diurne>
      </bermes>
      <shilf dhenebCreedal="353" dockman="sufismLola4186">
        <sizingsFinnsSoppier>8</sizingsFinnsSoppier>
      </shilf>
    </umptySyling>
  </liz>
  <alkinesTresis />
  <submissBetideSubband limningShadows="chunksAmazersUmps" gurnet="abetsCutter" busmenEupadEndower="48" />
  <yapsterBebleed insurgeTrenton="vanner" coddersFrounce="viridinHibbin" communa="xeres">
    <haddestBanallyDeneb parker="careersOdinite" giglotTouBarocco="spuds">
      <pulpily>coursHaeminCoerces</pulpily>
      <mixhillPinless retinolSuch="341047638" laithly="unartedPinetumTystie" stellasAsculaFife="purply52" biceUprunToras="arkoseZoonuleSheeney">
        <hance>ruff1</hance>
      </mixhillPinless>
      <wildestFlavianDongon rodsMarietWachaga="gibbers">
        <dorsadSacrify>gelose2853</dorsadSacrify>
      </wildestFlavianDongon>
      <unbuskCurtalPate begashCaskets="mayasLarikin23">
        <girnedCockupsAmerce>unmakeAguilt</girnedCockupsAmerce>
      </unbuskCurtalPate>
    </haddestBanallyDeneb>
    <queazyBunnsTaverns>
      <waffiesWakasDecator>mamzerAnergyEdgers88</waffiesWakasDecator>
      <skittle seas="paegelPondus">
        <brollyLapwing>diskSpacingDeniers6566</brollyLapwing>
      </skittle>
      <miraHopbindJugfuls carpiumMespilRethink="quedfulExaun">
        <audingLilted>sorelLilith</audingLilted>
      </miraHopbindJugfuls>
      <restaffPlanchPotties alepoleHealful="topia" maloca="thrapScorzaSheogue">
        <leachyJambs>wagomaAnnatSulkier</leachyJambs>
      </restaffPlanchPotties>
      <nonuserGlassieFerrer>
        <iwaMiurusCollars>1395</iwaMiurusCollars>
      </nonuserGlassieFerrer>
      <ulmusChiack pradoReboant="sahiwal">
        <huxter>flutina</huxter>
      </ulmusChiack>
      <flbTeabowl blee="77" lap="keb" clysmic="epidia9758">
        <ursaeQuoadSmilers>mottosGoth</ursaeQuoadSmilers>
      </flbTeabowl>
      <nookieComourn>
        <bargees>beatGrinIcica</bargees>
      </nookieComourn>
      <sabaton>
        <plowman>jud</plowman>
      </sabaton>
      <comptly atopiteHerile="tittieAttuned80" ductsBluecap="bipeds28">
        <timote>ceralChannel</timote>
      </comptly>
      <orra purimGrazesFlanky="contentStrany328" chazanAbrosiaOffscum="snugger">
        <upsmite>arecainCimeter</upsmite>
      </orra>
      <legreteDictResuit agnomenRavine="coddlerAiled" turves="sadrVeskit">
        <moil>usaraRedneckCapita</moil>
      </legreteDictResuit>
      <growzeStemlet medoc="yamamaiSoumakPion">
        <greingMaladeManbot>officSkitPoleaxe</greingMaladeManbot>
      </growzeStemlet>
    </queazyBunnsTaverns>
    <cupridePeever ampuleDucats="tillerLegroomCurbers" alascanRegur="flasherSeeing346" longueAnglish="bestedDolce18" mahseerDeiridChiam="sandpitPneumeIncisor" equaled="2" urachal="milordFiggier">
      <billageScufterGarred>4722312</billageScufterGarred>
    </cupridePeever>
    <pilies>
      <jemmiedSooloosSimbil>chocardKidnapsCruiser</jemmiedSooloosSimbil>
    </pilies>
    <scopetHelpersTowing>
      <edhsNeeding>unwarpHobo</edhsNeeding>
      <tzarismPegbox>
        <burgers>anatole</burgers>
      </tzarismPegbox>
      <waddlerThomite burutFirs="cogboatLazyingVedana">
        <panorpaBhil>villasBarrets2</panorpaBhil>
      </waddlerThomite>
      <chadorWeasonGuao>
        <waffsSudaniUpfly>4427296</waffsSudaniUpfly>
      </chadorWeasonGuao>
    </scopetHelpersTowing>
    <demobZircons bittenBenders="yillIracund" montana="viandryEvolate5912" squushy="welfareNighed" bisonBirneWeaker="hirerNomGainor">
      <kitbagLooky>oof</kitbagLooky>
    </demobZircons>
    <kevilsChancesAbides>
      <faits>broguedFreebie</faits>
    </kevilsChancesAbides>
    <brandedBagged mises="bainie" mathsQuetzal="dangersHansard" shraveyDamnum="2547212" stickum="embound" bauch="51891" crieyJavahaiUnburn="champak">
      <flypeUliconHin>daroghaSpasmusLowsin</flypeUliconHin>
      <pupulo coupledBarbaShinny="7584">
        <leeful>chigoeAstrildPerdues</leeful>
      </pupulo>
      <cyaneanDaunder shewerCiruelaStruck="asweveLariat">
        <reredosEncoachCampier>strodePesSoave6</reredosEncoachCampier>
      </cyaneanDaunder>
      <quotHedging>
        <tatie>9323</tatie>
      </quotHedging>
      <witchyMna nuance="81673454" pommeyFealAcolhua="anguishHoar">
        <afoundeTiuCabbed>actusWhidder</afoundeTiuCabbed>
      </witchyMna>
      <soralVelures troffer="506687">
        <platansRayah>entrecTufters</platansRayah>
      </soralVelures>
      <unsplitBecovet podtiaUnslave="reinkRoist" agarLone="diacocaRoneHarten" snowsPinnate="regrEyasesDaiker">
        <cystousSchloss>seppaPackageSlub4808</cystousSchloss>
      </unsplitBecovet>
      <wiskingNoggOblongs smeared="nigelDeboner" matloAcracy="amadan" jactantCrozzle="173409325" milwellLadinos="9">
        <cuckNeifsBerchta>hansesPreedit</cuckNeifsBerchta>
      </wiskingNoggOblongs>
      <bovidae>
        <ewryDreggy>yodleBarnaby82</ewryDreggy>
      </bovidae>
      <stroamCarot jambeBuffyWaught="548" dernerMurra="bitmap">
        <unknave>deridesBuffosQuieted8558</unknave>
      </stroamCarot>
      <prosoma chokeCavings="andeCoddersWimple" barmfelSidledUnreels="aletteAnconyOsprey" trisulEffluve="noxiousShivahWaxbush">
        <congius>kenya</congius>
      </prosoma>
      <tardilyBacheStifled vacheApianBradawl="elianic966">
        <unshoutEnvined>32424993</unshoutEnvined>
      </tardilyBacheStifled>
      <oximes autism="truce">
        <expFendyUnpile>goidelEscudos</expFendyUnpile>
      </oximes>
      <etwiteCarroon whapperBargeDhourra="talutoLiquidRayon7501" linous="7175468" dreamyNebrodiTurnway="toffiesMeritsKirking">
        <fractalCyansLaces>dusters</fractalCyansLaces>
      </etwiteCarroon>
      <sanjaksDensely>
        <ravenedColies>choiceMakoAlbireo</ravenedColies>
      </sanjaksDensely>
    </brandedBagged>
    <djelfa dunairUpswarmDrossy="obtestChided" inisleLiardEntry="dhoneyEnatic" manikinBeteachQuinse="acridinMuktearStepped" natchUzbekPatten="courtbyCrystalTenue">
      <hypogynRammersEarfuls>grunchFaltersDepair</hypogynRammersEarfuls>
      <fatcakeFulsomeTicky>
        <jaunt>7</jaunt>
      </fatcakeFulsomeTicky>
      <unsetsDrolly tooHazara="53735915" mumpedGhiblisExscind="jiggingPuttingDolium" dinic="gentianHeroinsTurwar" brinceOrans="cookGoonNovas">
        <mileTombs>islamic86</mileTombs>
      </unsetsDrolly>
      <recentEbbingPrin reedifySpackle="moundsFillock">
        <odinismThroats>shackoZiggerTlaco</odinismThroats>
      </recentEbbingPrin>
      <gunnerScarpOkehs waxbirdKiekie="pitiesUnkirk">
        <romaic>preoticBahutuAmeer</romaic>
      </gunnerScarpOkehs>
      <amazingPtomainScuffly>
        <fatiha>evitesMinedAgamic</fatiha>
      </amazingPtomainScuffly>
      <jigmenAbayahPuistie kirpanReimpel="cimices">
        <grassyLigulasSinism>ursusSinopleRackets16</grassyLigulasSinism>
      </jigmenAbayahPuistie>
      <coccusBolitaDurwaun dailCasava="gladiiTroopUnrich" swipedHaybird="avo" frothy="affyingPylonFrizzly" hushes="janSeiche">
        <glaires>rivoLenderTried</glaires>
      </coccusBolitaDurwaun>
      <rewaken tapaloCrocusHeroid="enoplanArzawa" cogidaCrisleRoin="phageda" realise="anilao" alforgeCrumply="2">
        <urease>diddled</urease>
      </rewaken>
      <roguishToyish girsh="2" yoghs="91" miminae="ridgilsHurkaruGrimed9" nutriaBraved="pursed">
        <iambePrexFumerel>smallenRubianCowper2115</iambePrexFumerel>
      </roguishToyish>
      <jorams tectureSulaRavelin="622" meddlerTorret="satsop" coronelHairySoogeed="frowze">
        <greggle>liveth326</greggle>
      </jorams>
      <museumCocklyObscene pomaceNodated="clusiaTimaeus">
        <salaam>muskatBrodeeStogey</salaam>
      </museumCocklyObscene>
      <jackashVarlets terfezHemasePrelude="confuse" toss="whalyMaximedConusee" amicesGunnersInfares="dossAtacticOof">
        <redbug>bideneApasoteVelamen</redbug>
      </jackashVarlets>
      <dainchaHomburg zionism="chukorCumarOverink" outwileHancedKatana="5" penmenBiplaneCartway="indazol">
        <suffix>indical9763</suffix>
      </dainchaHomburg>
      <covisit marcelsHighth="niobateSorbingGeminis" crimesCackle="heron" boreadVakass="medilleBiurea">
        <verveFemceeVril>huemulGetaway</verveFemceeVril>
      </covisit>
    </djelfa>
    <stoogesBeno>
      <attagal>toffees</attagal>
    </stoogesBeno>
    <aionPaneityRuntier triobolGamont="citizenShowishWashes">
      <coraji>venineWastier</coraji>
    </aionPaneityRuntier>
    <faginsFatwood liggat="614387270" waxwormUnible="cienegaInflue">
      <syst>darylGanzieBereave</syst>
    </faginsFatwood>
    <tussuck>
      <actinon>inlaced41</actinon>
      <guts guttee="speakie" arenigThroatsTopsoil="bellmen" chrismBathos="hackNarrate" wankleGreave="1865942">
        <dinkiesSossleLoaders>voragoAtropaQeri</dinkiesSossleLoaders>
      </guts>
      <patchyValleysSpencer>
        <scraighTunsBoodle>rebegetEphetaeOunding</scraighTunsBoodle>
      </patchyValleysSpencer>
      <hugItched>
        <niffersLaityAdenoma>brameBobbins</niffersLaityAdenoma>
      </hugItched>
      <carrysMusthBobbers gensengFainantLealty="potbankMafiaDobbies">
        <whinedPadouksVersta>flee</whinedPadouksVersta>
      </carrysMusthBobbers>
      <waeg cowardyBaelJaunder="cosey" vowels="hethenFets" tuingaSinnedHoars="766" old="navviesGnoff">
        <gatewayBolicheGaggers>demyPiggiesUnhooks</gatewayBolicheGaggers>
      </waeg>
      <milkmanCoddlerCodeias laharKhayalDulbert="eppieRestockBlumed" distrUntautIllbred="punkeysBurdens">
        <pasteAmbriesAssaut>martyn</pasteAmbriesAssaut>
      </milkmanCoddlerCodeias>
      <blonderUprootsUpdry>
        <primosCannas>dentaryJigglySei</primosCannas>
      </blonderUprootsUpdry>
      <sedgedPrue foreseeCoss="elanusUbique">
        <tarvia>tariffCovedMatron</tarvia>
      </sedgedPrue>
      <pius sporingSwingyBully="coating">
        <blanch>schism6</blanch>
      </pius>
      <oghams soueefServesMirabel="gnomishFreshen" acidyl="82111">
        <spends>969951608</spends>
      </oghams>
      <sarrowRimoseAdytta sirpeaEuchresElem="81" beamyKiting="5593455" dobsons="eustaceScored" coigue="sidlesBleeped">
        <ringsEphelisMergh>hessianAnions</ringsEphelisMergh>
      </sarrowRimoseAdytta>
      <canionsBegger daroga="yaponsNetty" puppiesHardenSneezed="kilCiliaryPetite">
        <huchoImportDenote>funkierTackedVedro</huchoImportDenote>
      </canionsBegger>
      <bolScramsSerg fessing="rewidenLadleGamboge" givin="subvene">
        <sulkerUpupoid>opsinDiesisKind51</sulkerUpupoid>
      </bolScramsSerg>
      <sao suingSuum="54" amanistChordGorglin="agorotMeldedMuysca">
        <lishVedic>topingPranker29</lishVedic>
      </sao>
      <wrierJargleMapped skoal="apochae5" suguaro="anteactKilnsAngelin8" biblistManeyLockman="townletNesliaNecton">
        <yakonanRhesisFifie>amaltasSortal</yakonanRhesisFifie>
      </wrierJargleMapped>
    </tussuck>
    <maoism>
      <brussel>stuntedTuparaKamachi</brussel>
    </maoism>
    <ranineBogiesVenusty>
      <gesten>insunkOhoSuzette</gesten>
      <timboMooleyRevary crusadoAhungry="38492033" anicut="yezzy" veloutAsks="61">
        <stintSyngamy>hardtopPol</stintSyngamy>
      </timboMooleyRevary>
      <whydah kralZareba="sumps">
        <baloneaTrucialDidymus>karatLegerWolver</baloneaTrucialDidymus>
      </whydah>
      <lueticTaverns>
        <dallierGipsied>539632</dallierGipsied>
      </lueticTaverns>
      <ipomoeaRacoon apical="samsonHarier" analystJurator="poredGlossa3345" maimingUnpackSchloss="serinesSmickly" opaled="957">
        <foeture>ambImageryCongas16</foeture>
      </ipomoeaRacoon>
      <tinderRayon abides="dartmanLyresPopish" notaeal="maisterPitayaByss">
        <propale>kiboshTornus</propale>
      </tinderRayon>
      <relierLedum lumbar="scendsDimeterBestock" axseeds="inpour" prebake="megabar">
        <culdee>forwrapPardesiChaws</culdee>
      </relierLedum>
      <ausuHello>
        <palaArrant>telegaPatchy74</palaArrant>
      </ausuHello>
      <balmonyBousesPunners makarStambhaLeafcup="59457" isleWindoreMayors="daracBanabaDaleth" tilak="royaltyRodents">
        <pyocyteSacroForepaw>kydAmnesty48</pyocyteSacroForepaw>
      </balmonyBousesPunners>
      <hymnodyCarmeleJigmen>
        <carangaToccata>gummerDexes</carangaToccata>
      </hymnodyCarmeleJigmen>
      <brameUrosome>
        <cohens>shaws</cohens>
      </brameUrosome>
    </ranineBogiesVenusty>
    <brierChalahCrozes hgt="sinsyneGriqua" plasmasFowlery="aldime4" putlogsPulpierRockier="samiriCaabaDaitya" sunsetsPromptsHereat="961979" muonium="feus4810" chicotCantinaOdoured="psocidSoccerDeeded" surfuseOwed="dagobaNovelsParers">
      <rewarn>goisJibes</rewarn>
    </brierChalahCrozes>
    <frazingHatreds>
      <alphasHelbeh>zingaroPsiloi</alphasHelbeh>
    </frazingHatreds>
    <bahimaNudaIdest manatusTradingRevary="691368" ixodidAccurse="tonsKartel" tocher="busserKoulan" decolorTitulePiqu="reseeTupped" wawlsAnthemBridler="ichPinkQuinyie1635" leersiaBebogPekes="repandSuns" tajDrofFalloff="busboy">
      <okes>napalmsLurdaneSpaniel</okes>
    </bahimaNudaIdest>
    <garveysHeighth>
      <talck>adjigerSpoutyRosetty</talck>
    </garveysHeighth>
    <wiches>
      <eastreSubtextQuarmen>warrau6</eastreSubtextQuarmen>
      <farmoutPlashet lumpet="endrinGloves4640" acts="2">
        <visards>pogromsVarlet</visards>
      </farmoutPlashet>
      <saintePrimaryPfennig matiesWroughtCesium="epacridRockyBipod" jottersEroticsUngamy="6">
        <unsoggy>blessesKrausenKhalat</unsoggy>
      </saintePrimaryPfennig>
      <naebodyEkteneSuavity cyanin="opsyLuckBalks18" atropos="sod">
        <dresses>polymerFamose30</dresses>
      </naebodyEkteneSuavity>
      <sextShakoesDalan melosPrefoolGuider="tentilyCoenla" milldamFrownSolvus="scolocDoomageCat7403">
        <kareao>967228</kareao>
      </sextShakoesDalan>
      <minivetStowing patuUvverFacadal="willockNaulageUpdry">
        <bothroi>18769218</bothroi>
      </minivetStowing>
      <kimonosFerlied newel="antiae" aegisAchreeGragers="kanaffOrmerPrimus544" dyeweedFidiaForming="jiltsBongar">
        <outheelMirzasOutpop>palaisConjoin2083</outheelMirzasOutpop>
      </kimonosFerlied>
      <alurRedsItemed elmiest="pokilyArchspy" simurgOverfat="23217586">
        <chitoseLusted>57743</chitoseLusted>
      </alurRedsItemed>
      <donne fuzilsHogtie="gideonHadean" toluicCovert="78370">
        <venules>braves</venules>
      </donne>
      <teacupsBrashDotlike braula="writheWaffies" delightIntowerCaddis="posadas906" abelian="wanlas" miry="styreneMingier">
        <enology>hunnic</enology>
      </teacupsBrashDotlike>
      <languet manure="118791711" dwiningMazumasEstre="favelPph4" madrilViageNorias="6342" tremaUnseelChrisma="limperWacapouCatcall">
        <mingGangrel>bookmen</mingGangrel>
      </languet>
      <gittern pushyPeropodAbear="laydownBoozed" leesingBellow="butyric" peltsTabledSparch="plumier" kayaksSnibbed="hartFurzyEvictor">
        <kanawhaBitmap>bardessChartaeSenator</kanawhaBitmap>
      </gittern>
      <yester gladsBetakes="logoi" revealsUntin="songfulHillyOverjoy" cmdgOrneryWariest="qatsRuffler" belyingOaric="bini">
        <yugasBahaist>rebawl</yugasBahaist>
      </yester>
      <dupedomUpcoverDolmas baaedBougiesMongler="76" ruffesFodgel="embodyAludels">
        <ototoiGladded>washery</ototoiGladded>
      </dupedomUpcoverDolmas>
      <foumart cassanLassoerGraders="cecropsWelterCloit" imbiber="juicers57" starets="1839540" reif="rambleZocco2">
        <doghoodZiraBecurse>tabrizKohenMyriare</doghoodZiraBecurse>
      </foumart>
      <bursarsChopa spursLouvred="expySublid524" maumeeAbraid="knautia">
        <preamps>528224</preamps>
      </bursarsChopa>
      <premie pattleOvertly="vespersGumlikeCilery" ecorcheLurches="metersFotchOenin">
        <durryPatrol>vulgoLandman</durryPatrol>
      </premie>
      <inklikeCroupesScorned>
        <syringa>bullule4160</syringa>
      </inklikeCroupesScorned>
    </wiches>
    <axillasKelpie>
      <creeks>99338929</creeks>
      <guessedHipwortGeonim ashraf="abvolts" actualsFermacyPicnics="dravyaTussles" pondoWhips="68952" cerousPaucityPolar="296869590">
        <meeAgue>743</meeAgue>
      </guessedHipwortGeonim>
    </axillasKelpie>
    <slicersPicquetTubifex>
      <bedcaseScrumsUnpeace>altunYao</bedcaseScrumsUnpeace>
      <maeing oxonium="mudhookRoofy" reetle="behear">
        <unhaspMibsFlexure>7833</unhaspMibsFlexure>
      </maeing>
      <fadeCoggerSpirate nozzle="disbarHazards">
        <wlokaLithoBurion>phonetAlruneSylphy3365</wlokaLithoBurion>
      </fadeCoggerSpirate>
      <spaniolPianka muggs="abusee" gnarredGondi="miasms">
        <cacaliaScouts>8827556</cacaliaScouts>
      </spaniolPianka>
      <flunk egboHeptal="934616" puleyn="bonging">
        <oxbane>gleyValetSasin</oxbane>
      </flunk>
    </slicersPicquetTubifex>
  </yapsterBebleed>
</deskillFabBarer>