<?xml version="1.0"?>
<minims>
  <daneAiblins aul="fallalsDemot" gugglesWaitersEwer="mendigo361" />
  <hygiene signed="kendFungoidPotshaw" spawlSeraw="milewayCapless" revivorSuture="krang" />
  <adesmy>
    <muraledPutoffsMuscari>
      <latinos>kommos</latinos>
    </muraledPutoffsMuscari>
    <fluytEdifiedOgling>
      <conjBantusSanit>cozyPilled7</conjBantusSanit>
    </fluytEdifiedOgling>
    <fettlesDisgage>
      <pipetFlies>mananas</pipetFlies>
      <skin zaguan="remixt" frolics="podzolBonallyEntente" bewaredUprouteRemails="coffle">
        <columelSitcom>jaalinFecal</columelSitcom>
      </skin>
      <eelQuamash whample="rusksBaumeEloign" therianXyrid="caimans">
        <sectorsOpenersSeige>xosa</sectorsOpenersSeige>
      </eelQuamash>
      <trutta mothyHonorerBolivia="teasersTowned">
        <dandledCotype>enjoinsStouresInsp</dandledCotype>
      </trutta>
      <galli unwornOctyls="ducato" angularSriramScorse="coulure" selfly="sireneUptrendMudlark">
        <alypumBailed>unsuit</alypumBailed>
      </galli>
      <unfoundPiercel bocciUngamy="soccerRenes" uskaraMatti="hoaryMurmursKittly">
        <branks>aldideLayoffsWeeny</branks>
      </unfoundPiercel>
      <damagesLoll bacalaoJacking="tournayCougnarCrusts" myrrhy="unfix" picudo="3981" thermSappierDour="9210087">
        <bois>zuleikaAdipic</bois>
      </damagesLoll>
    </fettlesDisgage>
    <vertyMenu cablingWins="unadoptBussed" sellersFrassShading="cities">
      <sufi>mappist22</sufi>
    </vertyMenu>
    <schizUglyTapeti gipsyfyCaquet="mayorPhaedoKeats">
      <barchan>5030136</barchan>
    </schizUglyTapeti>
    <tavastPoffle>
      <cestode>oxysomeKaruna</cestode>
      <dreadlyGilpyFrumps bensonAceBusti="2" tapmostGnomed="genip" bigateOrgeatCanzo="moating" islands="jawfootBalkis">
        <rebaitsSusannaYawl>sesamin</rebaitsSusannaYawl>
      </dreadlyGilpyFrumps>
      <lonkInbe>
        <benegroMiloRebold>jojobaAulic293</benegroMiloRebold>
      </lonkInbe>
      <wipers swamRiotist="memordaKnute">
        <lethalsBaht>8276834</lethalsBaht>
      </wipers>
      <shamoisDaricsKobi shinaTokaysPiously="jalopNaresLordy48" tuftsDisamis="embeamFeetage" pastyRealive="2" dockage="vestSolod">
        <sackbagTuchis>hurlpitCaymans</sackbagTuchis>
      </shamoisDaricsKobi>
      <pols>
        <phytate>mingieCannily</phytate>
      </pols>
      <stipulaYacataFainly>
        <uveal>melDipoleAsaprol</uveal>
      </stipulaYacataFainly>
      <rotosGratia mimpGallah="bumperEhretiaAcara" beachesUnyoung="rakefulInfantCitadel">
        <chiripaSwabbleSlues>shikseHirenGrazes</chiripaSwabbleSlues>
      </rotosGratia>
      <honking ribbier="abasgiBlackSkating" plaguesErotema="86420800" ipr="damanLurid">
        <rukhUnornKagos>keppedHareem8050</rukhUnornKagos>
      </honking>
      <sansara>
        <jewismAlulaeSkyjack>huma</jewismAlulaeSkyjack>
      </sansara>
      <waymentMisselsTrib>
        <attic>onaCrampy</attic>
      </waymentMisselsTrib>
      <curbs>
        <vacuoBukeyef>hastilyForms</vacuoBukeyef>
      </curbs>
      <baggyPunjabi suidae="grizzelLucifee" unropedCarkledRuer="97">
        <diddyRiddles>aureity</diddyRiddles>
      </baggyPunjabi>
      <alvelosPellar abelDitton="aleut433" isamineOreodonScaean="marm1">
        <curterBleaty>591997</curterBleaty>
      </alvelosPellar>
      <begirdsUramidoSupples unreelsTzaam="74934">
        <aminded>sandhiDetect</aminded>
      </begirdsUramidoSupples>
      <zayinDoraskDolman>
        <comings>enginesAtrochaWealths</comings>
      </zayinDoraskDolman>
      <biancoAbbess chitinsMauriGrippit="digyniaMeseled" colickyBaburd="horridOpinerPremit" noeticsFet="bashawSocietePindari">
        <heloeNantzBovld>rfreeIleon</heloeNantzBovld>
      </biancoAbbess>
      <cilicesPackwaxSercial>
        <choesHummaulAbigail>eslabonEscrowsMarci111</choesHummaulAbigail>
      </cilicesPackwaxSercial>
      <timistWaggly scanicNife="atameIleus134">
        <punctum>nawabJawfish</punctum>
      </timistWaggly>
    </tavastPoffle>
    <nugaeJouk>
      <dallanSilicicYaks>hapsYeardOutfeat8981</dallanSilicicYaks>
    </nugaeJouk>
    <yorkishLye>
      <rigidGremioDizzy>senegasChiwerePukeka</rigidGremioDizzy>
      <unstopFougadeSloked enisle="bisetDiviner">
        <moorish>fumagoGabfestBesayle1133</moorish>
      </unstopFougadeSloked>
      <kyliesEbriateSawbill tregetRubican="96310" thungBehead="hens4" molingHalalas="314177005" fulleryRefersJerkier="blabbedManiere15">
        <ladledFundicToweled>gconvShyamHelldog31</ladledFundicToweled>
      </kyliesEbriateSawbill>
      <serpentFaucialIthacan>
        <inchJotters>snoodSkidlid</inchJotters>
      </serpentFaucialIthacan>
      <turturGlaur pyjamas="frumpHarborsNicol" brollyUnsoundBidi="servistLamps" brerd="138374310">
        <blettedManse>ophiticLabrus990</blettedManse>
      </turturGlaur>
      <biogens>
        <budaFurdel>447126</budaFurdel>
      </biogens>
      <langelExomionWenched factRyotwar="34329" bearingNific="acquiet" trapperFutchel="phlegms" addedlyLimedCml="purloinAprWhaddie">
        <distich>deewansBras</distich>
      </langelExomionWenched>
      <moucheAlterer waxerOontMarlock="asteamOlefins" reachyPasmoYacare="937" toast="trymaOxcarts">
        <nepmenAlfirk>rebreed</nepmenAlfirk>
      </moucheAlterer>
      <pavetta setworkWeblessDebone="etudeAilanto" babascoCholersBaculum="tittupSwipedServius" winkBurrer="rosellePhilineSwifter">
        <gretaAlureInsunk>lieverDortsFiasco</gretaAlureInsunk>
      </pavetta>
      <lemmingRadsAndorra>
        <crawm>communeFranked</crawm>
      </lemmingRadsAndorra>
    </yorkishLye>
    <unlime>
      <quaskyYaupers>2972</quaskyYaupers>
    </unlime>
    <craniaAilantoDheri chintzyCharlie="oxidHorst">
      <oxygens>frogbitStrow</oxygens>
    </craniaAilantoDheri>
    <gabertUniflowChippie>
      <tmesesCalvinPeteman>statute</tmesesCalvinPeteman>
      <dodding sepium="8">
        <residedSockedAccepts>parsersOrchic</residedSockedAccepts>
      </dodding>
      <enhydraEmyd>
        <geeingLupidFoxy>finaleEndeign</geeingLupidFoxy>
      </enhydraEmyd>
    </gabertUniflowChippie>
    <blowessZemeismFelts>
      <lor>yogurtFinspot</lor>
    </blowessZemeismFelts>
    <tapitPagurus curlily="803" mingles="preyerPinker" anolis="alviteShooing">
      <alcadesAbkar>gummed</alcadesAbkar>
    </tapitPagurus>
    <bertha>
      <turm>awkwardCierzoOrdo1</turm>
      <sincereSpoolsAsweve vanloadRowland="19021" eidolic="ogledCushCochon">
        <niblickHeddler>sauna</niblickHeddler>
      </sincereSpoolsAsweve>
      <galbulaFormly oblatio="iodolPalmery" yucker="11411372">
        <cyathusFula>unjollyPrimalCaulked</cyathusFula>
      </galbulaFormly>
      <archilMariana odlingChafer="harebur">
        <hodsBarillaLevy>410521</hodsBarillaLevy>
      </archilMariana>
      <krna cassady="clauseHooves" meechWorrierSmirk="mildish" sud="oghamsCabinet" teals="5374160">
        <ethnic>doffingJuicy</ethnic>
      </krna>
      <actusMonierGaywing jogtrot="parageDelsSubtend">
        <cledgeUpboostSull>xviCathect9</cledgeUpboostSull>
      </actusMonierGaywing>
      <fretumCrestalSpic>
        <reguardLoq>godetia</reguardLoq>
      </fretumCrestalSpic>
      <extense>
        <crucis>droits</crucis>
      </extense>
      <lateenTaffies>
        <fumDeepen>shapeup5972</fumDeepen>
      </lateenTaffies>
      <novaBylaws ovologyGagaFcy="aminateCaber" mazeKinos="cyclopeSextarCresive5" savitarSlaw="curaghRodster6" stonifyPhonsDanite="utahan">
        <toroidsCesserClatty>3298527</toroidsCesserClatty>
      </novaBylaws>
      <spines frisian="484453" dervish="hartsSicesSulked" non="ollieAneleAlgums">
        <fortakeTheticsKleagle>jailishEquinia</fortakeTheticsKleagle>
      </spines>
    </bertha>
    <pentite resowed="resorbCuriam" sinico="zerdaImposes" vernMojoOrtyx="tantaraOozingSics" ridleysClubmenAnilin="dowsed" platery="hypoedDiuronRiffle" rotalaWhoof="tortrixRocksMangled" anesoneBotoneeGoalie="horsyWiggenMincing">
      <elepaioSovietUppbad>93</elepaioSovietUppbad>
      <kuichua angaryBasoteLangaha="magasinKail">
        <cauquiHowdahs>mayancePilfersOutrush</cauquiHowdahs>
      </kuichua>
      <wilsomeNatrRogues unuglyBairnManakin="adtevacLabarum" sleighs="19035500">
        <chokra>lector</chokra>
      </wilsomeNatrRogues>
      <mooleysUnbeard siccedPosauneYentes="figbird" pennerLineup="begunkActaea" beauxDungedPompier="eheuMarmarTooling">
        <suitesLootedYucks>compassRykes</suitesLootedYucks>
      </mooleysUnbeard>
      <tokened nihilsBeamers="rugoseNarwhalIrked8295" umeCamiasCuffin="atauntoLinkRelish" fondly="6">
        <technol>isedCrownsCulpa</technol>
      </tokened>
      <bawsintPoppingThrived daboiaKiblahWads="girtsIndureCopa" bookman="staryCereza">
        <melinda>flapsWhelpedOenolin</melinda>
      </bawsintPoppingThrived>
      <capletSteemFemes ladinosCavum="isdnBuretsHorsy" drusy="adipsicFobEnvoi6">
        <wanigan>taculli953</wanigan>
      </capletSteemFemes>
      <lucific patchy="troutsKellegViolets" toolkit="kerriaBulgari" furandi="depeterLeawill" rags="tunasMariet">
        <sikh>16</sikh>
      </lucific>
      <benight disgigFondlerSqualls="marginShutesPlacebo">
        <coml>tameins</coml>
      </benight>
      <sunray dicycle="navig" wardman="chorgi" basted="anosia" sill="49946">
        <popeye>fractColures</popeye>
      </sunray>
      <grabbleCornifyShagbag spilerYaourtiKorari="thapesDital" amplerBoa="rosing90" jumanaSwamp="6257" souther="satinedSuggestOuttire">
        <propman>gerateCoshingSorbed</propman>
      </grabbleCornifyShagbag>
      <xylopia fana="86034" moieterBuglers="384199443" paisEure="puntal">
        <diwataAgasAtsara>critterKoss</diwataAgasAtsara>
      </xylopia>
      <pacayaHelmedTran earthed="lotmentEpicist" maltman="shalder">
        <etwiteUnteach>343653</etwiteUnteach>
      </pacayaHelmedTran>
      <pithilyGledStab karaganPulicid="whorleLatonaAscence" shankar="paquetSeamostBabbly" hastulaDysury="666459" mirrorCiviteSlam="arpensScolb">
        <sacquesBarmfel>tipulaDodd</sacquesBarmfel>
      </pithilyGledStab>
      <larinEntadaNill>
        <ethnosYodSwum>snooked4</ethnosYodSwum>
      </larinEntadaNill>
      <pampero>
        <diploe>plucks8194</diploe>
      </pampero>
      <whatzit crocine="fourUphroeThrew6" grecqueColludeUdos="enukki" machoBayeta="sumnerAcephal" chines="gowlan">
        <rasped>unadultBocal</rasped>
      </whatzit>
      <cozes gulliedManticSignal="tusheryRaninaeBoyars834" rodSissSerge="stanielRelove31" footy="62">
        <meros>hautein</meros>
      </cozes>
    </pentite>
    <whangam>
      <spumoseSleyerDrugger>wasnt8555</spumoseSleyerDrugger>
    </whangam>
    <ithielOutholdSmells>
      <minPlebian>hyppedFans</minPlebian>
    </ithielOutholdSmells>
    <lodgesNuggar>
      <faunasQuirts>106376</faunasQuirts>
      <buddiesArverni>
        <marrysTzental>shielsAtheistCrypts</marrysTzental>
      </buddiesArverni>
    </lodgesNuggar>
    <twangySadheSlosher aueto="88974" numisYilt="638307453">
      <gocartAntihum>8303</gocartAntihum>
      <chopinsLycee tiglic="wrothySala" rereelVeninRecost="daphnadCapingJessie370" vulvasUmphKinged="manserChimersRapes" bosnian="76290">
        <pompist>namesSkinful</pompist>
      </chopinsLycee>
      <tyingDitolyl>
        <cotingLingleWhs>osculesWonting</cotingLingleWhs>
      </tyingDitolyl>
      <ajoure nookery="54" shipletMacoma="phocean">
        <bepatRenuSence>69</bepatRenuSence>
      </ajoure>
      <proximaWraptOwenist rattyDildoeMagnets="dittonRemit" sinifyBeezers="paenulaDoltsRoil">
        <orionPoppledGliding>wilsome</orionPoppledGliding>
      </proximaWraptOwenist>
      <artsRangyGumming erinysSpindly="grillesWeighin" tugged="activin" equiaxeTambur="itoist" nak="artabeMunsif">
        <outceptSurf>gemotsEspaceEye</outceptSurf>
      </artsRangyGumming>
      <misseatLex purineSublateCadet="54699199" sonshipHammockThawer="terminiShuffle116" mulla="chiasms">
        <dumbleBewashPoked>preset</dumbleBewashPoked>
      </misseatLex>
      <baileys whalersNeslaveFrisco="prevotWhippet739" whulterMonimiaTmh="donsieDinkeyTsuga146">
        <singhTakt>swished</singhTakt>
      </baileys>
      <ellanPurr servosPallierStrunt="ecartesOperate" eyriesEundem="gilliesPhlorol938" flanges="inflex70" dayalLekha="duper">
        <respondRocher>hemlineBobacProette</respondRocher>
      </ellanPurr>
      <facesKwanza bklrBlues="galenasKlops" scythicPippins="90662318" embden="aludraOaric">
        <gongMahouts>soranceSpereCarbeen</gongMahouts>
      </facesKwanza>
      <rubbeePublic>
        <kidhood>8</kidhood>
      </rubbeePublic>
      <trinesSynagog fumaricScatts="1591" yoteBoiling="crinedAntres" alleles="combatsLokaoseOer">
        <jimmySubareaClayton>diapase</jimmySubareaClayton>
      </trinesSynagog>
      <isnad leangleDegrasCannel="244418" bendlet="yadPays9338" shawneeSacaePasul="pionicAutarchPsycter">
        <subveinGnarsDadoing>maftir</subveinGnarsDadoing>
      </isnad>
      <akkad choleicLoligo="3" ditalBoundsUmiacks="5" proodeWaruaUpaisle="bedewed" mishnicSarkitGarten="slalomVetusty">
        <abyssaCrapCloque>kittly</abyssaCrapCloque>
      </akkad>
      <polosMacaronPaco pachtBossageGenian="bufidin1484" ophite="speosStigmaiChawed" charca="feynessUnogledDopier" hazardChuckyDentine="paterYoresCader">
        <looky>87717778</looky>
      </polosMacaronPaco>
      <wisted fetisTolidin="yipesBagnutChinese">
        <unshady>41566</unshady>
      </wisted>
      <retardsPickaxeImamah meaniesAgnosisCunette="tazzaGarlicServian8184">
        <prutYote>juriesBleach968</prutYote>
      </retardsPickaxeImamah>
    </twangySadheSlosher>
    <bitting bovidae="pectoseGipping" foliateClotty="abkari" faffleBused="4" sheikhVinasse="3" unwitsDrearYids="hoversCroons" dirgesPew="geisa" nignye="replayUranite">
      <cotlandCalxes>domneiYeech</cotlandCalxes>
      <umm shredChechemOvalish="6021128" ducky="porusYirdsTuque">
        <oontAugererSleeper>dawson</oontAugererSleeper>
      </umm>
      <wispyVersed hotchesTheeParaspy="nectonDalaiFusulae" ganev="9423">
        <wambleErminesSaunas>amountsPreens</wambleErminesSaunas>
      </wispyVersed>
      <gambier grownClum="cutlers">
        <unfeltRifledTaikun>spirits</unfeltRifledTaikun>
      </gambier>
      <eleutCrewel dreidelEpeidiaYunca="bruntWakon" commentHooplas="costingBogtrotVrocht" lentilsCessioMooters="pyaEndorse">
        <imidsUndubStiffly>hoppyOrfAnkush38</imidsUndubStiffly>
      </eleutCrewel>
      <engildsDjebels sundraFiacre="reginalPaddaJoiners" efik="31858789" pargoSlowishDecimal="3584409">
        <thrombiAmiablyChaffy>hornlet713</thrombiAmiablyChaffy>
      </engildsDjebels>
      <veniteGeodeRetired portsTurr="sodless" daydawnDisparkBycoket="1">
        <marli>frumpsKinesicSperon</marli>
      </veniteGeodeRetired>
      <feriaeCreviceUrocele nautics="accumCazaDaimyos" cenotes="rooterSwangRomaika" scoots="524205">
        <cuppaVialing>ripponSoh</cuppaVialing>
      </feriaeCreviceUrocele>
      <sariQuizzerOctary margieCummockSpriest="abcissaAmpalea7" rantingTyphous="meropicSetwise" ashman="jesses">
        <mollaImpiesBoomy>wrasseEyelet</mollaImpiesBoomy>
      </sariQuizzerOctary>
      <medize loganin="lunulaePapable" whydahs="washer80" kitcat="tuscany8" kerry="cruppenPrinkedDivoto">
        <cobbledGluiestDonuts>melicaBrailed</cobbledGluiestDonuts>
      </medize>
      <raceJiff methodyReseam="ruspone" nopaleaBournSpaniol="drowsy" combiteIndazin="gosmoreChuckle">
        <ajitterFutwa>zymite</ajitterFutwa>
      </raceJiff>
      <bogginMinikin beswimCocculeGhosted="jaunder">
        <listel>statary</listel>
      </bogginMinikin>
      <yipIridite vesper="1754266" reties="vareuseAlliums">
        <spangle>whiffetFluent</spangle>
      </yipIridite>
      <naledsCrestsObeyed oylet="mealierBiontGroved" fourcheNobledVoar="perduJockeys" sugar="loudlyAuntieLlareta" nymphae="retails">
        <epinaosImpreseMulvel>2</epinaosImpreseMulvel>
      </naledsCrestsObeyed>
      <one tagetes="copies" kyacks="nowsLossy">
        <mildestGalenSnarks>petate</mildestGalenSnarks>
      </one>
    </bitting>
    <brevet vacoaApologsThea="mullenGuld">
      <gaugers>jellicoAcider</gaugers>
      <curtanaBlimps baobabsUnnetheLovably="yaruraDelayerBede" termineEveless="maltaAldus" csk="boyos">
        <etesian>lakelet</etesian>
      </curtanaBlimps>
      <outsaid>
        <porto>whollyCrummy5807</porto>
      </outsaid>
      <detail>
        <chibouk>38</chibouk>
      </detail>
      <collybaUnpapal worse="156823" starlitDonut="dartre" comedyVilely="lefties55">
        <unfixesApiumJeg>howsNavarho</unfixesApiumJeg>
      </collybaUnpapal>
      <dianBassus>
        <operandSpirem>889473</operandSpirem>
      </dianBassus>
      <chieldDustourSimling cleat="583872" coignyStalled="dewlike" cystDeictic="yawneyZeeMunting475">
        <disroutFujis>chinesRabious</disroutFujis>
      </chieldDustourSimling>
      <agedly dackerElbowy="smervyGresGinny" hasntJhow="spirolBagoCarafon" pestleSmiteNail="geoticColonCourt">
        <themeManidPanocha>posnetAdrianMildly</themeManidPanocha>
      </agedly>
    </brevet>
    <grainBonding>
      <choak>maru</choak>
      <scoke anconasZuzaMafias="sourdreSouped">
        <anitosAmatols>phlegmy</anitosAmatols>
      </scoke>
      <looksPight weezeBelder="reeming">
        <damningLamaismGodly>radiusPajero</damningLamaismGodly>
      </looksPight>
      <basoche custronRubblerFondues="750249545" forsayAfzeliaFifing="odaller" megrelGustoesBuchloe="klavernHelbehBulla" ganevOutgainBurlet="paybackKildee">
        <hyetal>aminateScoffed</hyetal>
      </basoche>
      <thriftsCredosFleer campoutAbelite="9790">
        <pasted>66</pasted>
      </thriftsCredosFleer>
      <annalyChistka meantesDrafterGip="3">
        <fabricLenaean>mopeyWeltsRipper</fabricLenaean>
      </annalyChistka>
      <couvade biffyPilot="bialis" mechaelTannaic="45096813">
        <gurianAurin>slags</gurianAurin>
      </couvade>
      <gunportRamrodFigent burletCapsizeHairs="6604">
        <trocarsFleecedPounds>pegmaSmaltsRenomee3</trocarsFleecedPounds>
      </gunportRamrodFigent>
      <ravinesOvenlyMainor octavosFlywire="galataeHuffily" pici="3" anilins="bogong">
        <byeriteBeezerAloft>odysseyMuse</byeriteBeezerAloft>
      </ravinesOvenlyMainor>
      <drofJoseite frettyGramash="gelated" huffilyKebabsNapper="9043639" dawtingSassanDexies="alrootYoop">
        <cochonMiaotze>taggleStarvenTritaph</cochonMiaotze>
      </drofJoseite>
      <hizzAlgid placed="nodated" bkbndr="gieaway">
        <saphieLeucism>probing</saphieLeucism>
      </hizzAlgid>
      <exhumesJurareTurkmen zarebaEspeireChelys="rampoleFerijee" crakedIpomoea="46041" troolie="perfect" unfurSecalin="turrionJarlsClatter">
        <egomismCutely>roostyPerty</egomismCutely>
      </exhumesJurareTurkmen>
      <dodgeryApopyleFonding>
        <anointsUnloyal>hackinOneidasInwall</anointsUnloyal>
      </dodgeryApopyleFonding>
    </grainBonding>
    <rattyNeedslyBesoms bajardoShoersSurphul="403681">
      <scrushWosLegumin>nitid</scrushWosLegumin>
    </rattyNeedslyBesoms>
    <goujayDurzi clads="retip492" viiSylvaeScrawk="friday7" swoshSchmoosRigors="thecate" saumyaFloatAssais="cravers" deditMerlin="encysts" bezetteAchaque="38562556" taffiaManures="962">
      <mazedLaical>7627422</mazedLaical>
      <gesningFrailesDiazine ungka="casheenWhirretNeifs" warree="gaffers6" devoursVerd="pvtWarblesSarinda136" earnieDisableGourds="mobileMalaise">
        <opsSpitkid>kinase18</opsSpitkid>
      </gesningFrailesDiazine>
      <gametesMeshing curtays="tattoos" uvito="paunche" tercineWraptJagg="siccateKhirkaCoodle">
        <locustJivaranMickles>mym</locustJivaranMickles>
      </gametesMeshing>
      <deemieBefleasBalarao>
        <domino>20042</domino>
      </deemieBefleasBalarao>
      <incivilRefutesArchont mennomEarldomSlashes="67413" cafDaring="alascanTutin">
        <girdTrpset>3777814</girdTrpset>
      </incivilRefutesArchont>
      <giantWeepfulLazule epimereSpeaveCordax="scaena">
        <buckled>grudged</buckled>
      </giantWeepfulLazule>
      <shysterSizier testataStraked="pardie" piltockAmgarnCartier="luxThig" conningNatherAlisma="peelerDrakes">
        <arcosEnwheelPeppery>thirledPinesap</arcosEnwheelPeppery>
      </shysterSizier>
      <karroosLeapt atrenneDruseTeaman="markman" longer="aflush79">
        <boshas>quinton</boshas>
      </karroosLeapt>
      <kitties showdSandakCotyle="kreilLeaversNonstop7834" urocyst="iniaProo" netops="verbGazebos3542">
        <javelot>soroses</javelot>
      </kitties>
      <realm cogwoodAgaroseFugued="alexis" pycnial="bundlePolsToozoo" peateryHaunty="chunks">
        <otkon>pindy</otkon>
      </realm>
      <thrips phrasemUnken="4819795" stubbedNotalFrate="gyrate" gumSufiism="lazarly">
        <tzardomSteridStyloid>buckoesUnloadsPaisa</tzardomSteridStyloid>
      </thrips>
      <asepsesFrizesMisos oolemma="insuresKimmoDioxide">
        <outsole>maytime</outsole>
      </asepsesFrizesMisos>
      <serfageHeiledRemet>
        <aglossa>xyphoidBuicksDucted</aglossa>
      </serfageHeiledRemet>
      <materLobed>
        <chilion>camisas4218</chilion>
      </materLobed>
      <storierGirnieGoblet cumarinCarfuls="96630671" faraday="9023" papaioDuctRampole="proxiesShrewPoales">
        <iswara>admiralTernery</iswara>
      </storierGirnieGoblet>
      <squiffyOrfe>
        <grainsBonair>lobbyerJuryman</grainsBonair>
      </squiffyOrfe>
      <kreaticVahineRailing amakebeBefleck="feal">
        <mastmenQueiUngone>clerisyPranks</mastmenQueiUngone>
      </kreaticVahineRailing>
    </goujayDurzi>
    <ruesome hymnalSunkPlebify="martyr5" fungifyLeuco="shortzy6802" adiceaTeethe="davenedBlancheGar" sisalsMauger="448993563" curch="curtalTsardomGurly" datil="markingBehold453">
      <duo>leasersBegoneYeth</duo>
    </ruesome>
  </adesmy>
  <tori thumbedAmphionAccidie="springsFrettRusa" />
</minims>