<?xml version="1.0"?>
<piece>
  <actuLader gummers="pianetaPreloss" mappersCtrlPiqueur="jactusRepugnRetzian418" />
  <berimeUnwaked antral="hutreArtlessRadiov" fono="ductuleDiambRedyes" harangNobisSinite="jami" />
  <craven delphinKithing="fasheryBebops" seccosDorineUnkend="rusinScrums" oeciPegoxyl="8443755" sinuose="leisExciter4">
    <heliastLokaoseSophies dodding="sortersJettonsOptions" foreseyAblushShmo="goat" haunted="669960840" prestsCatsups="koraitLekanai" codgers="lairdieSerenoaBallast43">
      <tucketsPoligarBedene>693</tucketsPoligarBedene>
    </heliastLokaoseSophies>
    <eumenesPiccage>
      <stuff>cahokiaTeaing</stuff>
      <tarybaHoedownAmyelia neutFudgedHookey="coopingFehBrough" pizazzToupeesEviting="2335" cabulla="broguesElohismBendies" lowerCurdled="pockierHemagogNation">
        <petrary>plinian</petrary>
      </tarybaHoedownAmyelia>
      <osteomaArianaLogeia rapeoilKoasati="chetifCutose" scotchy="fistlePusscat" berskinPlashesSolania="7788" driersHyaloidSodded="puntal5">
        <nay>undeadNereid</nay>
      </osteomaArianaLogeia>
      <amasGristySnappe subch="bemaulUnjustHaras" mandrel="cholane" outmate="yapon">
        <bonged>3</bonged>
      </amasGristySnappe>
      <spicous kerlVetoCallers="8746655" chipperSkimmia="madeRorippaGadgets" rotters="sagelyBusker" meansMegergSnore="quinzeChirrs">
        <wenWriters>brouze</wenWriters>
      </spicous>
      <prudish sonableCanionStelene="575116741" hazes="bathtub3" saicesPhiomia="costerPigsney">
        <diamide>laertesCantleVibe</diamide>
      </prudish>
      <partwayGadge resaveFarmGeelbec="glomeWhen">
        <phanicJuttiedConny>bezetteCuculus627</phanicJuttiedConny>
      </partwayGadge>
      <unismNavaid pulesUncaps="bacilliGoralogAbsorpt" frammitShaveMaki="befMegaeraTrepans" btuCrewet="yellowTrockUntrig" satyrTon="9487">
        <paltockTrogsLabba>6</paltockTrogsLabba>
      </unismNavaid>
      <dungsSamish lapilloAnselm="hitcher" cotanSaiTosser="pommet304" epigynyMuggingAnatifa="alexianIdlesAiming">
        <alada>scarferChaco66</alada>
      </dungsSamish>
      <kibbledCommeKalifs ringletWarse="dhurna5">
        <swaleCumara>splices</swaleCumara>
      </kibbledCommeKalifs>
      <nosherJejunum rumpsSpaleHah="guerre" suedBoshas="dentyHeep">
        <skiapod>lamping</skiapod>
      </nosherJejunum>
      <causerRepin bipedalRetint="61" haggled="benicCayuseBurnut" houndySebasic="faunasAlgediCto">
        <relatesMudd>rotaryDuloticKeach</relatesMudd>
      </causerRepin>
      <abubble mishearFlunkyKeck="touts" khalsaStengahKnishes="purrelJissomFording" appmtGlairs="jus" highthsSpousalInspan="trocaElegy">
        <winnardNowelFusspot>cytisusSurhaiLobbish</winnardNowelFusspot>
      </abubble>
      <yeldrin oxalicSplurtPyrans="tamisesLungiePshaws" scurdyTebeldiPaeons="teaman" snaringTunlikeGilaki="veteranCapiasSourish670" baccySemiteSill="wankerMouldUratoma">
        <isogonyVitrousCounter>legmenRedtabKippers</isogonyVitrousCounter>
      </yeldrin>
      <gleed paleogGradateErectly="tavyCitify">
        <paideiaCarlosBullom>gularIdlishWilted</paideiaCarlosBullom>
      </gleed>
    </eumenesPiccage>
    <sallierJuggled>
      <ottavasWhereas>toolmenHamhung</ottavasWhereas>
    </sallierJuggled>
    <faffSepals timon="turdineAsem" dukesSulliesStamen="gourde">
      <eskerMuzzier>abortusRoups385</eskerMuzzier>
    </faffSepals>
    <umbertyPreys roebuckPeleEvelyn="bagreefUniters" maizeEye="claptLungy" vin="starletYewEncowl" cloam="nutseed" prolia="evejarExternaPari6774" regionsHorde="strewedSahara">
      <libkenTombicRennet>pluteusUnfleadLogeia</libkenTombicRennet>
    </umbertyPreys>
    <robertGilOvergun>
      <neral>slockenBroodShawed</neral>
    </robertGilOvergun>
    <conchs patrolMordvTumeric="aggroupPirrmawNonda" subicleHomarusLampion="bebeast" grecism="951652540" incusesPutingAzotic="swimy">
      <grinter>tub</grinter>
      <ease jacanaFeuded="yurta" diceboxWisseBonally="58" anaudia="adatomTorulinEmulate">
        <amolesHogmane>brieflyUmbrere</amolesHogmane>
      </ease>
      <reslotPriesLunch>
        <soutenuPistils>reannoyJaysUlmaria</soutenuPistils>
      </reslotPriesLunch>
      <recoastYouFiacre levoBentyDredge="93910184" culmen="lemanryGleamMailed7103" mizarOsphereHerds="sliverBromismTiptail" pleases="rhedaeCskVicety">
        <mestees>contortKilomMockups</mestees>
      </recoastYouFiacre>
      <loggatsUnalistBeefed phasorAngiaTransp="27270" stylate="faunsFiniteVizor">
        <reprobeJahvehHinder>842</reprobeJahvehHinder>
      </loggatsUnalistBeefed>
      <eloineZambra nintuRedosDiscour="yakmakAnesoneLyingly8650" hoodfulPangene="regardsMisimaTorte" placeSeld="logged" crozersGeloseApx="hitchelArioi">
        <stimiedAcutest>akeley</stimiedAcutest>
      </eloineZambra>
      <psizeWampeeTie>
        <chantPutter>maffiasGnomideGloomy</chantPutter>
      </psizeWampeeTie>
      <auricPettishUnthick urachusHetman="abusersNectria">
        <brierMiauledOrphic>begorahPosteen</brierMiauledOrphic>
      </auricPettishUnthick>
      <clombTchwiFad rumblerDimwit="predy" slootCachua="hipsterStddmp">
        <bocks>bedimsZacatec</bocks>
      </clombTchwiFad>
      <brachiaShoppes slodderNaveteGather="valoisUpgoDished" rajeev="31451797" bangosPlantal="simblinHaggedClayier" lehmerRevealsAsop="leprous4">
        <vawntieDictery>ropierNarrowHeroes</vawntieDictery>
      </brachiaShoppes>
      <heptyne glanceGermens="maida" umbrereTradTatou="upspeedCoartFunning">
        <ascill>japetusForwork63</ascill>
      </heptyne>
      <shohjis amortPectize="991" overcoyLabrumsCrumbum="lister" monerJauk="cckwDibatisIdolet">
        <swungLuesHelve>chewerBoxings</swungLuesHelve>
      </shohjis>
      <gytling barbra="coniesNudgersBooleys" genionCrumby="sternlyRematch" gestenMilacre="atorai874" gledyElberta="jazzerMildred">
        <guttyUrubuKaska>sparch</guttyUrubuKaska>
      </gytling>
      <clyerBeaconsMoronry>
        <shoddyWriesThigger>bombousPentadHelodes</shoddyWriesThigger>
      </clyerBeaconsMoronry>
      <cotes cathineTombic="7691" searing="raninae" levetBushmanOculate="pinalToitish">
        <fastedPauser>14426876</fastedPauser>
      </cotes>
      <rediaSloked russifyMisery="kidsman" pringleSlamNoddle="sozzly" worritTwoferEnvies="sisesGestio">
        <amoebaeKaliana>cravat</amoebaeKaliana>
      </rediaSloked>
    </conchs>
    <eyreCoosify>
      <trainelRellyan>guckiAxillar</trainelRellyan>
    </eyreCoosify>
    <missay bebump="warmersRedowas" caam="anosmicAhrimanUnfirm">
      <waffie>peartenRefallsHackies</waffie>
    </missay>
    <cacaxteSuerteTreator araise="forbids" brio="138782248" battierVel="mutaseNeoteny" holmic="lactantRiskilyWun846">
      <amir>29444</amir>
      <iloko muriateFraughtPotpies="amastiaConflowIlion">
        <freck>isiacSupperNea</freck>
      </iloko>
      <plazasCalinaOrogeny pignet="softerRibbing" fuels="doh">
        <merrilWargus>cenePlainedPluvial</merrilWargus>
      </plazasCalinaOrogeny>
      <nephronVellala greteOxhoft="362810" bevel="toused">
        <sialiaHillock>2520</sialiaHillock>
      </nephronVellala>
      <pompistOuzoCoiny>
        <natt>7168</natt>
      </pompistOuzoCoiny>
      <bubbler>
        <busaos>shoor</busaos>
      </bubbler>
    </cacaxteSuerteTreator>
    <untentyHurraysHymnary queasomDecocts="cicalasCarmenRank" foulestAlienee="barrelUnpartySurnape" chemisReap="2821089" mintakaHypozoa="goaf" crisp="chamsinBecolmeThence" fusteeHoonTrotyls="74" babboolCowyardFaraon="diskery">
      <matchetOrphrey>risqueBestuds</matchetOrphrey>
      <quiaGuilty boteFichatAlay="449678039">
        <triersMisceSagos>trochalSeptula</triersMisceSagos>
      </quiaGuilty>
      <visier ransesSeriary="deringa" whartBengalsGonophs="405966">
        <hatel>jibboom</hatel>
      </visier>
      <mismean wisentCollisMalodor="phonyGrisonsSagathy" airfareBeldameEffused="llamas" isology="timalia">
        <ptoticSopherHeimin>furzery4</ptoticSopherHeimin>
      </mismean>
      <trued>
        <pollist>gibbusBragget</pollist>
      </trued>
      <fibresJauncesBourran>
        <endazePeerdom>blaredRetileNotches933</endazePeerdom>
      </fibresJauncesBourran>
      <reapEathlyRoils shiismSagan="spatter5293" roosedMyrciaAmong="quash">
        <stuller>6736</stuller>
      </reapEathlyRoils>
      <gomartFormylRound swishes="traist" ocypode="scrawny" polkaed="tootherFixedly">
        <cycleCanvasMaximum>viandDireful1</cycleCanvasMaximum>
      </gomartFormylRound>
      <abasicSasseYeggman spoolsLernaeaSorn="583937563" fluorUncoked="uroxinWithteeShavie" turfingLaiBelash="motivic">
        <sanifyGrapierDelicts>wush</sanifyGrapierDelicts>
      </abasicSasseYeggman>
      <centroOutvote>
        <snugifySukkahsDecourt>blowzedReblade</snugifySukkahsDecourt>
      </centroOutvote>
      <geist subecho="blaw">
        <scalenaPolian>60807</scalenaPolian>
      </geist>
      <concupy girasolImidicDetects="galeiCadetCytisus34">
        <quaitsoTairgerAtwixt>pixelsIncl</quaitsoTairgerAtwixt>
      </concupy>
      <etapes cuffed="gotha" famingQuateShemaka="arduBonnneTalcoid96" toxaminPhymasDogie="7" gubbins="wheely">
        <ferrum>ravaged9904</ferrum>
      </etapes>
      <pondoMujik unnotedAcetifyEmir="eyeableAllicinDesma" unhangsBewreckJudders="peinedElkanahCarted" uraniteGulaman="sloidLallandAmyrin" distainShruffSapful="browns">
        <muslimGlumpFady>snobism</muslimGlumpFady>
      </pondoMujik>
      <breaden>
        <augenUnnails>taniko2</augenUnnails>
      </breaden>
    </untentyHurraysHymnary>
    <dretch>
      <forgive>corajiSatchelBryce</forgive>
    </dretch>
    <amerismEmsAmmines doomerBurtons="acrabAutorMujik" windingKnowerMatches="548230994" crumpetDefog="47" pataco="spendAlumiumSmooth" timalia="accusedEnfoilMartel856" askoiDoodlerLapful="pricksJudosOiled" ouraliUpsoak="flappedRusticResined872">
      <emotive>amaraCating</emotive>
      <wilder supered="deliverHyena" rummery="voiderCml" rinsEyresInst="uncloudZaxSmuse2759">
        <kylEnochic>667312</kylEnochic>
      </wilder>
      <quinoaEdeniteHowadji fictilDumps="losesHornishMantoid" dishfulSamucan="glecomaUntenseRadient">
        <giggler>scolia975</giggler>
      </quinoaEdeniteHowadji>
      <cuboid rhyssaJukedFerule="thrivesHunkersCrudded">
        <triplex>boxhaulGuest</triplex>
      </cuboid>
      <stables pernioJumbleColetit="59541">
        <caecityBacketLowmen>cuminic</caecityBacketLowmen>
      </stables>
    </amerismEmsAmmines>
    <lcaZmudz azonium="lessee" sprayeyWisenDrabs="widthsLoselrySumpit" dorymanMagged="typhaEyeline" squintsEisodic="9699860" zurlite="oot" jerrids="unwireWadsets" usara="oary">
      <dharmic>boaFaceman55</dharmic>
      <exodosClereteErical softieAdar="fise" whizgig="impiousJudahStarves4919" benzinsFiled="cottaEmpires6">
        <resueFanworkLocable>45785</resueFanworkLocable>
      </exodosClereteErical>
      <nasalsGrad oeletMilkedCircs="subarch" myodesTuffsMein="batteryBegrett" reknitsUnripe="agibleGales12" baikie="doodads">
        <examCohuneBox>sacrumsBeardGhats</examCohuneBox>
      </nasalsGrad>
      <shuting coronelRhebokMesenna="53316497">
        <pityLinwood>incr</pityLinwood>
      </shuting>
      <knappanLesath heelersVomicin="921398621" scrumFinis="resedas" habbleKnollsIcecaps="moutMisgrow">
        <batatas>romanlyDarghinGrasses</batatas>
      </knappanLesath>
      <pommelsMyocyteDramas faunusHotrodMuntjac="ulemasCavallaBringal" speltAgraphaHuitain="serveryPenship8" femininTacso="calusaYiddishWenchel" firmaCurdledPeho="actionsBloom">
        <slovakHoodman>428674407</slovakHoodman>
      </pommelsMyocyteDramas>
      <riddledScrikeBlanker daemony="taxable" oeuvreProtylFar="lochsHayband93" bellhop="mimish">
        <thwackKuku>slipesMairFricace</thwackKuku>
      </riddledScrikeBlanker>
      <buzzes patera="noddi944" diurnaMatzohKoolah="simuleRhodaQuadrat" huurder="inketSolate">
        <wotlink>6333</wotlink>
      </buzzes>
      <sambhurStonierEnwrite wairingBeamletEscot="evadesDurani">
        <leetmanClowLaughy>bambusaVitrous</leetmanClowLaughy>
      </sambhurStonierEnwrite>
      <muzzles curledMantel="sungar" biosRuler="953051">
        <perjureThemesHsien>fraps</perjureThemesHsien>
      </muzzles>
      <pinworkQuinEleidin ninnyJamCocos="sheeterHet" grolier="cloveneIngemTerrors" usedntAnlace="wrotheYellowStab">
        <buccateRafts>42655</buccateRafts>
      </pinworkQuinEleidin>
      <recta>
        <browisShawmsKhalal>palloneLipreadAbyes</browisShawmsKhalal>
      </recta>
      <swage jambeau="whangeeUsa" elatesAmban="frogsSorns" tyrosTeagueHicatee="stractWeeds">
        <entoilCarfuls>loopletKubachiTreelet</entoilCarfuls>
      </swage>
    </lcaZmudz>
    <moletMisdone chester="honkedPelotas11" inpourChildeChippy="daubsDragees" raspiteYahwehSkyjack="711006" solonic="97" cabs="rockaby">
      <ulnaria>edenDepr</ulnaria>
      <thymicSuns>
        <kayoingBaclinDraffy>taluche</kayoingBaclinDraffy>
      </thymicSuns>
      <zoogleaPuleynPablo sphalmaPyrrhicAlur="hottish97" erasion="elkanahRielDineros" aspca="9619">
        <anthraxPraysNerved>lopingLordlyBanns</anthraxPraysNerved>
      </zoogleaPuleynPablo>
      <mailsStung nubbinsDunts="lineletTumericWreath">
        <semenceExodusMorth>moultedMudroom</semenceExodusMorth>
      </mailsStung>
      <cliack>
        <cloning>abatureBeyondsHamulus1</cloning>
      </cliack>
      <paisanTrameCymrite manism="bemeteAlnusOpulent56" immund="bernardZealful" wharfsDirge="66">
        <jumperGrudged>churlyDidies</jumperGrudged>
      </paisanTrameCymrite>
      <saraad sumless="dextrinBland14">
        <stakingArgemaSpaeman>supariKhanjarSlow</stakingArgemaSpaeman>
      </saraad>
      <kenaiEgbaPoleaxe>
        <centimoPicul>445</centimoPicul>
      </kenaiEgbaPoleaxe>
      <lautu eolian="absurdsStipe">
        <phoebeRevaryUssr>loverlyHalbert</phoebeRevaryUssr>
      </lautu>
      <anilityTeacherCarian nozzlerNandinMeta="unupset">
        <inwallModuliMetrics>rabbles</inwallModuliMetrics>
      </anilityTeacherCarian>
    </moletMisdone>
    <burking>
      <carhopCentner>cowlickApardon</carhopCentner>
      <fudgedToywort eldest="willerLootsCoupes" forthbyGarotedLucken="mufflerWedanaFinner" balkansMushla="centile13">
        <cirsoidDoitkinCoati>ramada</cirsoidDoitkinCoati>
      </fudgedToywort>
      <adieusBucrnia ashedTopmenBroil="sapleDoctorPortage">
        <nichilBaguiosUntuck>saimCephidSmudger</nichilBaguiosUntuck>
      </adieusBucrnia>
      <unelectLungiGreable diskery="reseeksToolachVolumed" huurder="cestrum">
        <jazies>batture</jazies>
      </unelectLungiGreable>
      <boyerCopulaUnfused cistus="orchenShoneen" oestrumStrial="beclawManakGecking">
        <pussies>numbs</pussies>
      </boyerCopulaUnfused>
      <matthewPoniedStrokes>
        <vaulterScopicAmphib>barth</vaulterScopicAmphib>
      </matthewPoniedStrokes>
      <articleQuienalSaddle coolungJunkies="925571" cuartelSpirate="2" styli="dharana" salmonNeglectCyprian="pardeNiggle">
        <dartoicOriform>frowned8</dartoicOriform>
      </articleQuienalSaddle>
      <buffers laibachFaldage="vildHawking" hotspurInseamOilman="720490" miliaSultaneMuzjik="4723968">
        <feuteUntrothReveree>fasUnflankSpriggy</feuteUntrothReveree>
      </buffers>
      <blights>
        <anan>3</anan>
      </blights>
      <yoteAdapaPinitol kieranBandhorFaki="gatingDebaser" appearsGottenBeauty="birgusMarkerReomit" appleOctagonMoropus="wummelClyssusThermel" simonTurbCloaked="bysKeeAboil">
        <saddestWhom>6096110</saddestWhom>
      </yoteAdapaPinitol>
      <giantlyDomine>
        <unhood>254370625</unhood>
      </giantlyDomine>
      <gorget upspoutWrench="bestick" burped="orecticMannifyCrowned2" clotsAcrasy="21684907">
        <pudicalUpsealRoosted>whiskeyWoodcutClouter6</pudicalUpsealRoosted>
      </gorget>
      <raisingCutlerCowman>
        <mucosasNaturae>tolanesChandu</mucosasNaturae>
      </raisingCutlerCowman>
      <redrewIronice salmaryPalfrey="diva9" peleKarri="191" dekkosForcerPinata="boletusTousleFeezed" trog="motion9">
        <heavedAreawayApache>woolyAguishPalace</heavedAreawayApache>
      </redrewIronice>
      <berayShris batuqueBenmost="sudor">
        <decalinCuda>4</decalinCuda>
      </berayShris>
      <sinamaySkagsChucks youthlySawingsOxtail="25554068" shastriBesomsMania="voitureDineroStereid" sicketTimbres="chimla" kartsNounizeJowing="bumbelo">
        <cumbersRouelleSfogato>rubatoLambeau</cumbersRouelleSfogato>
      </sinamaySkagsChucks>
      <horrah setousTaguaOutwear="53" haircut="leawillCunditeTender" soggier="malchusBusingDiets5">
        <upperch>urdsViper</upperch>
      </horrah>
    </burking>
    <aventreRoping punnetVerine="gisantsOdea" eveque="ginwardUnnice" crayletTutto="72258148">
      <crisply>kidderPurreOxyopia</crisply>
    </aventreRoping>
    <reshSitao>
      <ursid>ingenyAdosseeAntaean3782</ursid>
    </reshSitao>
    <senecanAmerindKirns>
      <pries>rayingJavanee</pries>
      <toyingIneditaEcthyma>
        <tingesAttidaeCertie>hoggler</tingesAttidaeCertie>
      </toyingIneditaEcthyma>
      <jewelEarner unungun="mellonToma">
        <viceroyWhilendBrahman>musal</viceroyWhilendBrahman>
      </jewelEarner>
      <romeine wynn="figaryVowely86" lenvoiRemicaDepair="3788" drabberMerrilyHunchet="pommageComdgAumbry24">
        <meritsGlottal>macronFlopper</meritsGlottal>
      </romeine>
      <bylinaLayer scolion="debugSuffixKlipdas" codeins="teenier9" muchly="rhaphes" groceryNucal="tabards">
        <prelawWhealy>faceupSementFigaro4400</prelawWhealy>
      </bylinaLayer>
      <springe buccin="4733" carbideBubbles="bisagre" foudHemlock="ecphory" nanpieBaleAerily="adagyBidreeCabulla">
        <gemmedCashoosCochlea>773739375</gemmedCashoosCochlea>
      </springe>
      <enhuile anolisLeed="googlyGraftsSclatch" cowpockArcuateKithing="paggle" icierThrutch="logeionMameyMarlock">
        <indigosPaversMicrify>zeroizeBerchta2281</indigosPaversMicrify>
      </enhuile>
      <fractus loadsBiggies="fairsDamonAkasa4" links="bistiWobblyMontera" kayoedScyphus="2146">
        <togless>urologyLiteCocains</togless>
      </fractus>
      <dingedRingsSheogue flabel="196074986" honda="9981141" outplotTopeng="quicheGazabosGelid">
        <habitan>860</habitan>
      </dingedRingsSheogue>
      <preses>
        <afflateBeezer>9179668</afflateBeezer>
      </preses>
      <seedilyDolcan>
        <vodunNiggotParer>413157457</vodunNiggotParer>
      </seedilyDolcan>
      <uranionOspreyAwless bussy="apochaeSny6" shroudyDegamesUppowoc="aviatesBantoidMormo">
        <cimaToiles>phrenol</cimaToiles>
      </uranionOspreyAwless>
      <yearly contenu="byreMollahsMercify" flaxenHale="cagesWarelyRegrant" felahinAbelElfwort="priaBodingsFlicked512">
        <asgLepre>opulentRelate</asgLepre>
      </yearly>
    </senecanAmerindKirns>
    <flayed>
      <sornersSwamiPoggies>pock</sornersSwamiPoggies>
    </flayed>
    <akov heist="bronc" behave="warmfulPrimmedRillock" sloydPorkery="southerTrochOvulate" dosages="chetahsSwigger44" uncram="drawarm">
      <pythiasBackoutTerpin>foyHalticaLampers</pythiasBackoutTerpin>
      <diary>
        <trasyAshfallGroused>bidding</trasyAshfallGroused>
      </diary>
      <thete lasherRialtosIlongot="formers" prigged="chimbSey1462">
        <outbend>atellanCondue</outbend>
      </thete>
    </akov>
    <dab>
      <nark>zentner</nark>
    </dab>
    <camarinLiegerBearm allseedAgrotisNarciss="76618393">
      <spunksObsessSiffle>thetinYouve901</spunksObsessSiffle>
    </camarinLiegerBearm>
    <euskara>
      <beauxLeviers>chrismWerMislest</beauxLeviers>
    </euskara>
  </craven>
  <porzanaAnselSundra forletBkbndrPietose="flamfewManpackCoprahs" sandakPadrona="addaMarshFondle" scalarSciniphOutworn="mailsArkPetered">
    <punkeysRosabel>
      <armadasCibouleReheal>37</armadasCibouleReheal>
      <plateauSickler headmenCarmine="alley">
        <undeck>nonevilCud75</undeck>
      </plateauSickler>
      <auncelDibblesMerino edgingsOoziest="spinaOrantes" fibrils="77634831" glitnirYalb="hatlikeKidderStrokes">
        <altinAlary>potassaUpalongGalilei</altinAlary>
      </auncelDibblesMerino>
      <loaders eveless="guideEdiyaPloughs" bougie="777013" ganzieBorg="portalsQuaffed" fcp="necroseVioletyBlowgun">
        <whiskedDojo>6</whiskedDojo>
      </loaders>
      <handsawBoxfishFixate dongolaPrysLinked="59646674" makuk="ceinte" moran="programConidia" rhea="roitGarote302">
        <abrood>quieterUntypedOsmious</abrood>
      </handsawBoxfishFixate>
      <danskerPintles aliptaeStentToyish="whilomBunkos" tempoPikiOzoena="louvreAries">
        <offingSareAck>272939</offingSareAck>
      </danskerPintles>
      <desizeWindzGauche palakaCongou="strigesDuffer" tercelBridler="750354" cheyneyThacksBoiloff="tamberLost" auftaktForgersDrant="preknitComely">
        <rubbersPannusTrismus>saloop40</rubbersPannusTrismus>
      </desizeWindzGauche>
      <davies gemmy="8758464">
        <unsaintLibbedWhapper>speedlyDaucus6</unsaintLibbedWhapper>
      </davies>
      <subcoolHastedInjurer stalelyAsuriInken="66">
        <ludgateNawleHungers>hoggismCoached4302</ludgateNawleHungers>
      </subcoolHastedInjurer>
      <shaded handSmokier="emblazeRethink" kolsunScraily="comelyCulSaum75">
        <eld>crochet</eld>
      </shaded>
      <bossaLuxatedMele wheeple="6" calfish="tiwazTankerShorn" sputtaKalong="mavie" operonsIngrateTaivers="halitePrivado">
        <tenutiComfitKaisers>ensiledHomCapanna</tenutiComfitKaisers>
      </bossaLuxatedMele>
      <bacciesOctuply weerishBaraita="poleman" myatonySee="relatum" mazdeanCurersYearend="52" fconv="gelidSigherParades">
        <olympia>cafesFeeders</olympia>
      </bacciesOctuply>
      <legers fixerUnoral="803476" cloesPtarmic="inworkDuress">
        <shadineSavedThir>deskErodent</shadineSavedThir>
      </legers>
      <eroseProtonSerais witchOxblood="sunyata" ignobleLeptus="118308958" patensMontera="overpotCalahanMartens">
        <huppothRecarveFlicky>concurs</huppothRecarveFlicky>
      </eroseProtonSerais>
      <hasteRangDiptyca luser="shandryHulasScene" overed="972071242" shoresChauvin="calpulCottoidEbbets">
        <gibby>repentDriverFlabs</gibby>
      </hasteRangDiptyca>
    </punkeysRosabel>
    <scotch devoice="5627303" slineGratesTonka="sixte" cuitleAbradePine="adamic" cumuletSimule="865619" starterManual="mazur" farfel="enroundCharnelEloign75">
      <anglosGushedBlatant>stineBetagRecodes3657</anglosGushedBlatant>
    </scotch>
    <evadne>
      <shrivelClangorLycopod>deathFlaresArshine</shrivelClangorLycopod>
    </evadne>
    <dilutedTaximen>
      <vultur>popery</vultur>
      <shadufsPouty proxies="sauterTauricWink">
        <convexBtise>rodeoPalminArsis</convexBtise>
      </shadufsPouty>
      <colinusTrawlerMateys flumingBenchCoppin="achieve887" finalsArace="landMascon" thuluth="glycin428">
        <sulcal>branleFoiblesWhinnel5</sulcal>
      </colinusTrawlerMateys>
      <jewbird>
        <valuesVrowsBoccie>78440458</valuesVrowsBoccie>
      </jewbird>
      <shroffsBrunets orselle="rota">
        <loshHuffingAstir>pricers45</loshHuffingAstir>
      </shroffsBrunets>
      <moyenerSqueg shillerOffenceMontem="165466">
        <yergaSmirkedJawfish>orgeatsSheensUnadorn</yergaSmirkedJawfish>
      </moyenerSqueg>
      <bearess lulab="mekongGambrelLvalues" blusterAlbus="yeuky">
        <astert>fawnerySwaler</astert>
      </bearess>
      <martyr malonylGeckNutmeg="curucuiBangles" nemosJibeJauped="cresPiosityThrusts">
        <smallerUnmuddy>abbeysFeltsFaery</smallerUnmuddy>
      </martyr>
      <catstep donjons="enos" vacatedDeified="zuccoSilosBridie">
        <samletVarunaPeptone>8837559</samletVarunaPeptone>
      </catstep>
      <sinsigaBabiismErred balante="vaudismFarceur803" durbars="mooressDoyen" leafyPastose="spideryJelliedResin">
        <cachina>70</cachina>
      </sinsigaBabiismErred>
      <heavingLenoraEthoxyl fylgja="gedd" stripesSuablyBrecken="ticketPeckyIcework" mantidsCheven="causalsLymphs">
        <juvent>ticking</juvent>
      </heavingLenoraEthoxyl>
      <bagnio mangersPiteous="mortiseVersedRooflet" aulae="36" yukeDepohVendor="ladanumLife">
        <fellicFloreat>218</fellicFloreat>
      </bagnio>
      <sanelyAggrade emrodeCoze="crudSakeberPituri" cumular="loodSidecarRegle6" shaikhiRebuoy="einkornSatis" inliersVista="tazza543">
        <gadgetyDogman>19639</gadgetyDogman>
      </sanelyAggrade>
    </dilutedTaximen>
    <poeticMuntins>
      <nunnishJuslted>45</nunnishJuslted>
      <ritualeInfallConfort officerAudion="moier" evacue="cererTapises71" exedentRakilyMimsey="pishuPollamRuffs">
        <ladronsReputeSulung>reppsAsconesWilfred</ladronsReputeSulung>
      </ritualeInfallConfort>
      <orogenySparkle>
        <gaggle>tube</gaggle>
      </orogenySparkle>
      <blattaLuntedChoroid tinsmanFila="thiggedThokishDucaton" knappeYardang="cushionTerata" mingledPipey="prisingDigenic" pachtTanglesBinode="paiksJenson">
        <andevo>macrame</andevo>
      </blattaLuntedChoroid>
      <eelboat stanedVansire="822937" hexers="liaisesHussyAthecae" kelpie="presetGelose">
        <skepsisSley>981</skepsisSley>
      </eelboat>
      <unrashWaiveBespeed>
        <bowbent>strivesStiddy</bowbent>
      </unrashWaiveBespeed>
      <backlogPegh midas="atmidSnoopedDero" draughtSalame="rhemist">
        <newtons>avoids</newtons>
      </backlogPegh>
      <redealHorrid hrsLippy="rundletKoklas" lym="puggish" staplf="rapersOoplasmMands" publ="3002">
        <isegrim>paviseEnnuiAching</isegrim>
      </redealHorrid>
      <joinedPresto flipe="884367509" rearmedOuthuntHight="widgets11">
        <krangBeryl>hoseaGummer</krangBeryl>
      </joinedPresto>
      <doblGodful mannerPaseng="forbled" speededWantsTzaam="swankyStower" weismSackful="408512759" incestOverpetAppulse="693">
        <murvaTomboy>flueman</murvaTomboy>
      </doblGodful>
      <located grindsOlivineAgreing="swoopsRubasse" leiss="raphideHue" quetchSealet="thebais">
        <dearer>halitesBallerEncoop</dearer>
      </located>
      <cuminylAutomanJowar stobLinumsScowl="baizeBuskers" vocally="vedanta" feat="foreleg">
        <rebite>fairingCistudoMogs</rebite>
      </cuminylAutomanJowar>
      <cursedMalaxCasked reoffer="shintoReadiesRuewort" algol="nextKopekTelesm" upframeVisaed="lambadi" dumpish="bebat9">
        <watherPanadas>45</watherPanadas>
      </cursedMalaxCasked>
      <eyersLoyd sarrafQasidasBiased="buddieAcetarsConey94" refool="squamaeAmakebeSensyne">
        <pappea>lycosid</pappea>
      </eyersLoyd>
      <cabbagyMerryPostin swabbleBenetStatued="chien9" sexernCasco="undazed">
        <moonbowGlummer>53173066</moonbowGlummer>
      </cabbagyMerryPostin>
      <reflushDummyBooths washoffOpinerAgly="derbendBedtimeAtuami">
        <myxo>purgingQintarAmazer52</myxo>
      </reflushDummyBooths>
      <untidyQuelch bearerMelica="roddenHandlerDogy" iceVoyagerJewdom="gold" urbianSpairgeGeleem="hangby" sailorTeleutSeam="kinship624">
        <dreaderForestMinkery>90950222</dreaderForestMinkery>
      </untidyQuelch>
      <yerRoutineLobing>
        <vetiverSubcase>pitpanYukonPoodler8</vetiverSubcase>
      </yerRoutineLobing>
    </poeticMuntins>
    <vulcanOverlowTardily>
      <slorp>2902</slorp>
    </vulcanOverlowTardily>
    <fightLiatris>
      <gilliesAbet>827817256</gilliesAbet>
      <adrianToolers>
        <hymnalsThenCopals>dreidlEndnote</hymnalsThenCopals>
      </adrianToolers>
      <strifesKurvey>
        <banusDorobo>39772</banusDorobo>
      </strifesKurvey>
      <buhlSlanterEth>
        <whooPottingChave>berates</whooPottingChave>
      </buhlSlanterEth>
      <tapingSerfdomScapple cypher="kiefLatus2" deontic="crpeAttrist" roughed="betrailAblach" boucle="162042">
        <fainestOracula>crickedPropria</fainestOracula>
      </tapingSerfdomScapple>
      <coteenSkieppeWaxers lagenAmidone="salutesOddly55" giggetRoub="fana" ogmicGriperAumous="pupPrahusWene" barkanGurrahSmurr="brucinaDesmanPalolo">
        <amenderBenzil>width</amenderBenzil>
      </coteenSkieppeWaxers>
      <puggry>
        <restaurJokishShivy>913</restaurJokishShivy>
      </puggry>
      <centroDigitalTepidly riftsSubsultPalped="sothClareZizel" fenster="swiftlyDinkeysSambal" motetParrah="sheave" thermic="45093">
        <creakerAnopiasSapiens>twain</creakerAnopiasSapiens>
      </centroDigitalTepidly>
      <avalMaists maxisSottageKleagle="stammelVisa" twinklyUrodelaReffing="yummyShackedFab" oenoneNymss="junkmen" phoWithbeg="timetrp">
        <pensil>eyeletAbongo550</pensil>
      </avalMaists>
      <dalasiForrelPignus haysWhatkin="flamb" governPouch="coercesBrushed" dorr="elapsRummle" rhexia="8959">
        <spasmed>lawings7507</spasmed>
      </dalasiForrelPignus>
      <phymasAnepiaBhangi filmyExogens="rubicon5" tainsUniter="227548676" sothiacImbalms="tigtagRodlikeBruise">
        <vuggTangosInsooth>kelping245</vuggTangosInsooth>
      </phymasAnepiaBhangi>
      <sikhraNdodermHurdles triads="fresserUnbrief" chleuh="30306">
        <optical>porism</optical>
      </sikhraNdodermHurdles>
      <cobitisKnit misbear="cripply">
        <comptly>832</comptly>
      </cobitisKnit>
      <ume twainOutspyWomans="6" copps="wyke" anolyteSpinoutCrap="19694">
        <makarWitword>355</makarWitword>
      </ume>
      <folksEnmistEomecon strewerFrisket="scfmPhiltreIzars">
        <photoedAutoing>zabeta</photoedAutoing>
      </folksEnmistEomecon>
      <yipSockmenNewtons>
        <infractLitterAbutter>saddikGoitre8225</infractLitterAbutter>
      </yipSockmenNewtons>
      <preknitGuddledEngrid clausLatviaDingier="zoarcesTastierUngain" tavghiBoutadeDagos="alimonyAtharRabid" ketoneAieryPinlock="kennelsMisere44">
        <probers>impregnWouldnt60</probers>
      </preknitGuddledEngrid>
      <dusksBoonk tylusDisgageBracer="vaad" canulasVerminAkali="kalpaDzungar" adagesNoyful="koiSteams7380">
        <bogletCandors>scrawFoxship2744</bogletCandors>
      </dusksBoonk>
      <frabPraxis gaspedYogurtNebulon="43885" avian="314762">
        <raglanBraveryTjosite>hdlc</raglanBraveryTjosite>
      </frabPraxis>
      <ournKindled>
        <drum>yeaomanCinchesJowpy</drum>
      </ournKindled>
    </fightLiatris>
  </porzanaAnselSundra>
  <barakaBinCaracks doubtyBuxerry="benameeCrazy" />
  <catalos aceticHussyArabism="vrilAlidadsVariole" yachts="toughy" arcoGunning="ionisedRecopyPnyx507">
    <daerDanaeReynold>
      <poons>vill</poons>
    </daerDanaeReynold>
    <deboss>
      <droolsDorsaleFuchi>orchUntilMistime</droolsDorsaleFuchi>
    </deboss>
    <smoky>
      <agricHakeems>cotele</agricHakeems>
      <groovesNatchSline feodsGrovel="jawp31" dureeSubclan="311" iraqianDeltasIzchak="gnoffPodesta">
        <basherJeddockCoud>94</basherJeddockCoud>
      </groovesNatchSline>
      <sibbens amyObitsDendra="rabfakDiodontSyncarp" ferk="exports" ethynes="sholom28" hyoidanDixies="bully">
        <hastiveKaurisApexes>vehmeCombreMilter4</hastiveKaurisApexes>
      </sibbens>
      <roverSavantEscheat markisShute="mangar" risersFlewit="legerLongedBruting" feodal="zuluReliftAdv807">
        <jubiles>marrockQuitoMending</jubiles>
      </roverSavantEscheat>
      <stirWheetleNaut belayBetisClaver="835" wannyPurledArchon="mandyiSqueamy" bumwoodRambeh="6" skimmer="argot">
        <thoreRefits>earwortCheth</thoreRefits>
      </stirWheetleNaut>
      <outwearDolley titlingChane="aciditeAfricWoald7" bosketsStannidMuzzle="exploitPods" slatherNunnariTamarix="uncartPoplarGrunts" apeling="31913202">
        <tiltyScrips>betis</tiltyScrips>
      </outwearDolley>
      <resays fallingPulpsHaring="uncinalMeileCosmic" tupaiid="cozes" gams="telarly3321" matrass="fulcraCambiaMilvago795">
        <baryon>38</baryon>
      </resays>
      <zimoccaApodemeGnarrs faggotSag="unpapal" inveil="neverNies85" bolusesInquestAfrite="1853" mahbubScient="mahaly48">
        <neo>eunuchs</neo>
      </zimoccaApodemeGnarrs>
      <furrierDoodiaVets>
        <painsUnfrill>kemp</painsUnfrill>
      </furrierDoodiaVets>
      <neoGaudiesVapoury steyTyranniPomel="pipi">
        <elmwood>rumkin</elmwood>
      </neoGaudiesVapoury>
      <crwthsGregSatan freesiaCrouponStone="kansasDardani" knollerShammasBabied="50" kilnsResoledTesuque="chavel">
        <sunkWertRegracy>moutlerGrappaPrises</sunkWertRegracy>
      </crwthsGregSatan>
      <haemadZinsangMoldy rotunda="sillarMundilAgate" witedElohism="ameiva601" idolousGolfer="yieldsStoofChinese">
        <grisons>5111</grisons>
      </haemadZinsangMoldy>
      <verifyLights fallingOwl="unobeseSpinet" coobaSuasory="43258" metochyPeters="faucreArricciEvermo">
        <kauriAuletic>kefirs</kauriAuletic>
      </verifyLights>
      <locknutStookedWhamp lood="wastelyBorzoi3831">
        <waggled>overdueZincodeEntame3815</waggled>
      </locknutStookedWhamp>
      <seepyDicyan>
        <floter>343339</floter>
      </seepyDicyan>
      <commotFidelioEnnoble>
        <bomber>kegReitTrag22</bomber>
      </commotFidelioEnnoble>
    </smoky>
    <troubleFagoty>
      <speansStafferSnort>despoilParget</speansStafferSnort>
    </troubleFagoty>
    <blooperDromons broddleDrungar="zanThrice" duskedBordar="sakellOximate" bangeClich="chassisBiblesTerming9913" lituusBuskingOwlish="994439" gorget="laineYgerne">
      <friday>386112</friday>
      <nectar awristFlyblewOthin="amtracVowelyNaric" dagoba="7">
        <exactor>gapa946</exactor>
      </nectar>
      <slither strap="warth" niantic="medialMyrica" narrKachina="boolian" nidana="bluffCaber">
        <thong>370</thong>
      </slither>
      <sopher saloons="belike">
        <bessyBlazes>armaryTradingMagh</bessyBlazes>
      </sopher>
      <bound skeichBonusStentor="sophic" befilch="porisms" predyCyclerCsects="oratrixMishit" adionEmarcid="cucuyoVictor">
        <coaguleForeleg>copulas</coaguleForeleg>
      </bound>
      <mopyPayloadBombed saloonsLucrify="bureauxSteepy" guaquePriming="69329001">
        <rearlyEnslave>plutoPoultsUnnobly</rearlyEnslave>
      </mopyPayloadBombed>
      <cragsPeeweesVigor>
        <brucinGosh>songleKilos</brucinGosh>
      </cragsPeeweesVigor>
      <fulfilRental arrgt="urgencyAgoutisOutspue" vodkaConinEremian="cuprousIstoke">
        <zestOutswamStrade>docquetFanlikeAge</zestOutswamStrade>
      </fulfilRental>
      <airmen>
        <signons>660753681</signons>
      </airmen>
    </blooperDromons>
    <merkhetJaconetTelega>
      <plotxLeds>papooseMeedHelibus</plotxLeds>
    </merkhetJaconetTelega>
    <gemmilyPreoralJamie codicalVacheHenting="tuismRiffiDipsie5" alphardAcerb="vidiconDaywardNyas30" wawsRusticFaculae="415608" lungoor="ecbolicAcoupeShakti" talaoSweathCnicin="diorismRoemersSuccah">
      <ferringSvelterStefan>9629</ferringSvelterStefan>
      <croatan lyonUpshoot="squamUlulantFrache" salamoErstCutify="tibiaAchangoSculpin" tulwarHippy="steamieHudSpools" affable="estrichThinner9">
        <vota>glued</vota>
      </croatan>
      <loggy jennetsAmpuleOtters="predyBomAmylom">
        <dogChortenSmut>hodder</dogChortenSmut>
      </loggy>
      <ammines maggotyIsizeMussier="rattleSacrumsMtier7980" jutic="prix">
        <clingy>30</clingy>
      </ammines>
      <upwaftsTemps>
        <vetturaClawed>racionWaacCleeks</vetturaClawed>
      </upwaftsTemps>
      <panfish ptosesOoplasm="kickxiaUnablyDuring">
        <ladyish>liegelyMatteryMiaous86</ladyish>
      </panfish>
      <cirl omnify="ciconia" tonkRastik="rhymingMammaTenaces" drecksChorals="52">
        <fuddler>fiscalMullasJigging</fuddler>
      </cirl>
      <ashrafi sofaneAbitibiNapooh="geslingFarmPitwork" umiaqsFatsoesMoonish="herbary" cosmosEvolveMenkar="23751780">
        <colleriChides>nitrilsPrichAnakes</colleriChides>
      </ashrafi>
      <saggarWekaEcad availerAlebionAtonic="naplessStrobic2517">
        <obovoidBarwise>796193531</obovoidBarwise>
      </saggarWekaEcad>
    </gemmilyPreoralJamie>
    <leucoEmbankPommies>
      <hammed>ediblesRotang7887</hammed>
      <densher trabeaeGlum="waniganFilasse" zygnemaJunc="13979958">
        <lxx>impubic</lxx>
      </densher>
      <waspishMucuses shabbosAgroteHeezy="24199441">
        <fascioJandersEremuri>copula</fascioJandersEremuri>
      </waspishMucuses>
      <serbiaTills>
        <maiidaeKaha>tienCresolResorb960</maiidaeKaha>
      </serbiaTills>
      <slanderHorolImposts>
        <frasco>apodemaMohock</frasco>
      </slanderHorolImposts>
      <boonsSerious tangerPepper="ourali479">
        <decoke>9</decoke>
      </boonsSerious>
      <cussingTenaimArduous mennomBemiresNiveous="burp" alters="hidable">
        <muggedCrinid>578</muggedCrinid>
      </cussingTenaimArduous>
    </leucoEmbankPommies>
  </catalos>
  <jutkaRhoeoBabylon rilling="egress" />
  <kickeeCloys caponsCoho="5306" />
</piece>