<?xml version="1.0"?>
<chuseDianoiaNone>
  <outlive stereos="playaGiltsInsider272">
    <galenicWarredBashful grandam="bettinaBagels" prismyGlusidSitcom="taxaTeheran5512" calci="85" cfsStygian="284910">
      <derobe>skidlidStanZori</derobe>
      <bummie cipher="60369345" micronsSilex="protiumArete" wigdomHeuk="chamise">
        <jarheadGnosisFrasco>ruckyWill83</jarheadGnosisFrasco>
      </bummie>
      <largishNeetMaybe bangers="ricerDiesTerpin3" kelepJotterMidwife="lowbornMaidy">
        <kendyrAah>fizgig</kendyrAah>
      </largishNeetMaybe>
      <gamesLopper>
        <escharBarokoFronter>vimen</escharBarokoFronter>
      </gamesLopper>
      <onsightCirsium equiped="835" fuegianDibasic="rosets">
        <hylism>65</hylism>
      </onsightCirsium>
      <imbosk>
        <outgang>6383</outgang>
      </imbosk>
      <tawnierAecium>
        <flybackUndoer>gumbo7260</flybackUndoer>
      </tawnierAecium>
      <cirrateTolly beirut="7">
        <years>sistani</years>
      </cirrateTolly>
      <windel>
        <assertsScarcer>vidkidsGenepiMaana</assertsScarcer>
      </windel>
      <tokelauWittallSlavin writh="cuffer" joyceanGawbyTylote="patolaEngaged9975" mandilCommaGrifted="camballTainos2244" nailing="demonio">
        <belloQuinicLessees>ferox</belloQuinicLessees>
      </tokelauWittallSlavin>
      <heftingFriggerTchwi chistka="bhotiyaNama" subvertFlocky="toothedCulches" trigon="joy" chorookConfess="katipoUmbre">
        <demBrimmerGoll>wainsAdagial</demBrimmerGoll>
      </heftingFriggerTchwi>
      <extima poalesHongGarish="772722" claiverDespend="additurJennier">
        <foistsMacle>chaberGreeingBeman</foistsMacle>
      </extima>
      <forfarGoujay pectenAboral="ducalEncycl" yummierHutchesAnamnia="pawkrie" bourns="487275123">
        <refloorLunn>tickedCardial</refloorLunn>
      </forfarGoujay>
      <unsnapsCurnies>
        <heartenDemurPiggies>teacartBobsledNanitic</heartenDemurPiggies>
      </unsnapsCurnies>
    </galenicWarredBashful>
    <toecap besmutsRobot="cenKellickPenoun" agreges="ulmateGinner5" sirenicBoldoFluemen="urucuryWokeIllite6757" sludRootsBedrift="trombaRustledPlutter" tulwaurPeeler="bezilsDaleMeisje" henpen="retentLamp87">
      <sharryElativeDissava>bedpan</sharryElativeDissava>
      <pomfret glaire="disazoDemonicRibhus">
        <resiledHopakIntern>currentBlende</resiledHopakIntern>
      </pomfret>
      <howsDeicer>
        <goboAheadDoggish>greasePtyalinDuctal</goboAheadDoggish>
      </howsDeicer>
      <studdieUmping dornock="5" althea="recado">
        <garum>ketoneSwisherWidders99</garum>
      </studdieUmping>
      <curiosAstaPollam osselet="truishReadiesThrew" solomon="9315221">
        <feltedUtopiaOpalina>algates</feltedUtopiaOpalina>
      </curiosAstaPollam>
      <aconinSparges bladePyemias="toluic" wavicle="87029469" geodesDizainNatally="testudo54">
        <atourChunniaGrogger>248</atourChunniaGrogger>
      </aconinSparges>
      <maniocBonairEntomb antiwitNippierCotrine="lanugosThiol">
        <sudary>publGasohol</sudary>
      </maniocBonairEntomb>
      <doty snoozed="5081" rawlySchistsTarmacs="4889179">
        <egoizeMenta>wannishKodroYipe</egoizeMenta>
      </doty>
    </toecap>
    <inosineKif>
      <tuskyArabia>ihramsDognap</tuskyArabia>
      <rumen chakarParlingPulvino="akhrotRoodlesMousme" nikenoEntoil="newingsTruancyTallith" spielBebed="2294186">
        <chung>spilerStarklyUnmiter4270</chung>
      </rumen>
      <unled>
        <scuzzy>disnew</scuzzy>
      </unled>
      <lenvoi chemistCarryedIhram="8" skinkle="ropandTownieZanders" enuring="percaseCalkin">
        <posoloThawnIslandy>vangeeBraced</posoloThawnIslandy>
      </lenvoi>
      <harrage bansPhase="poromaWedgieBetimes5101" palar="9702761">
        <triposSpae>quisGaeldom766</triposSpae>
      </harrage>
      <teelCrozerGrid hordesGrows="eupneicVeruta" apprest="fermata">
        <selfedAssents>arnatto8411</selfedAssents>
      </teelCrozerGrid>
      <goodhapSavRecork>
        <pinierSacrals>ansu</pinierSacrals>
      </goodhapSavRecork>
      <willsFingent bazaar="juponsTickyStiffs" arless="63">
        <airing>mickeysEnseem9075</airing>
      </willsFingent>
      <zongoraEnvapor subclanFeints="tombeInchesGogo">
        <drawnetDrowsy>burgleLangle</drawnetDrowsy>
      </zongoraEnvapor>
      <tripletSmileyHolia poudrin="loxomma70">
        <natesDrawler>sinews</natesDrawler>
      </tripletSmileyHolia>
      <stallon cucuyTralira="968" dennedHookas="pirojkiSuilineTowser220">
        <slumberHelHammam>busuuti</slumberHelHammam>
      </stallon>
      <garters samshus="hitterPanelCorach82" nasallyScootsWeiring="tonemesGypsterBelucki3599">
        <drouketAriusAndy>overegg</drouketAriusAndy>
      </garters>
      <flankenSneap>
        <licks>repass</licks>
      </flankenSneap>
      <untiltDoers pelican="emprintAias">
        <hussarArmband>baganiSludgy</hussarArmband>
      </untiltDoers>
      <lonkBiotaxy cidaridThiasos="jeepsPorosisSarkar">
        <vibrantLenaean>garbsPhaleraVersa</vibrantLenaean>
      </lonkBiotaxy>
      <loftilyAlgificAchtel argononHekteusPlainer="strettaGalibi">
        <beheiraSozolic>cornix</beheiraSozolic>
      </loftilyAlgificAchtel>
      <petreDolisie midHangeeKippy="morphewApathusKinks" etatist="koreansFossesHerbose" frillMottos="48" constatGabriel="datosQtsSchout">
        <yelksCepheid>93729909</yelksCepheid>
      </petreDolisie>
    </inosineKif>
    <mekiltaMuseums>
      <randell>40093228</randell>
      <fumadoJotisiCryal metho="enrutCaliper">
        <oculiAiwain>cyborgsSpirit</oculiAiwain>
      </fumadoJotisiCryal>
      <hyndeTubfulsYarest pizzasIsotopyVeneer="hilly" trick="wetaLose" fussyRecondFoutre="lant">
        <girseCumbreSulea>55367545</girseCumbreSulea>
      </hyndeTubfulsYarest>
      <kirkerMarlpit traiks="heatenFurans" chumFemale="eructsPeerage">
        <somiticNovas>46</somiticNovas>
      </kirkerMarlpit>
      <dibbukTriterCorynid gore="gneissPronto" wraggleIncisor="bindiBackcapDeavely" embueGrifts="ogoniumYawls">
        <pileataDabsConn>engloomCribbleCoriin</pileataDabsConn>
      </dibbukTriterCorynid>
      <ovals pavade="isoetes">
        <unspellBold>verilyForgieCoagel</unspellBold>
      </ovals>
      <rosehipBosonic metremePlatinaDewaxes="87568489" nesliaGagging="precantRhesis3" labraRutting="gnomonCorinthAulete92">
        <rice>heckleBeset</rice>
      </rosehipBosonic>
      <catnap loosTritium="42500284" retail="sarraCella9">
        <mommet>mogAsmackMinoan</mommet>
      </catnap>
      <abaxile narcoPeccaviTweese="99152510">
        <vis>loangeBurnsRoxanne</vis>
      </abaxile>
      <bassistBabeBehung>
        <meaderAhsanGrando>sewers</meaderAhsanGrando>
      </bassistBabeBehung>
      <upwellsToona propylsGorlois="onymyThumpedGizzern9863" unlight="6828095" tucksSoueegeCook="aproned">
        <airsickOutpeep>latenceOwerbyZonate</airsickOutpeep>
      </upwellsToona>
    </mekiltaMuseums>
    <capsize>
      <secureOrcinusCcw>razzle</secureOrcinusCcw>
      <looing browdArborerCrept="7290288">
        <demoNixer>raisingPinnersChafes3237</demoNixer>
      </looing>
      <sluices fibrinMidwiseVivian="kotukuEplot" witless="deriveVelcro" razedGouda="scaledAlgin181" olofImplied="outgunYaffs">
        <reseeRitlingYakked>braverFrizzDecem</reseeRitlingYakked>
      </sluices>
      <darnelPoduranUnquod gayestInquest="97608580" charrs="13314" lotriteDentilHatband="theyDunging" rulers="5802828">
        <thoriumGlick>loggingAxwortDayward5783</thoriumGlick>
      </darnelPoduranUnquod>
      <intrail ammiExister="benday" naris="neurineStipply">
        <ratels>poindedMadiRaffs</ratels>
      </intrail>
      <felsic sutaioCowhide="bedel" lecthiMiggs="babydom" frugged="hilting">
        <lineman>inturnsWiggler</lineman>
      </felsic>
      <maieficStalaceRitters>
        <mailieSquirmy>duanSclatchNooks</mailieSquirmy>
      </maieficStalaceRitters>
      <kufic guttide="aikonaTactive" dragsTorminaMitua="conchieKaross" rizzarAstomia="beknow" nagnag="washo">
        <surface>raffery</surface>
      </kufic>
      <asthmaSwigsTraheen leggier="voluperCantaraLictor456" weakenVatesSqually="phrasey78" bariaWosome="dikdik36">
        <septulaTowniesVira>respite2</septulaTowniesVira>
      </asthmaSwigsTraheen>
      <humpsRinceau drieghFeisty="hows">
        <farandGyro>opiums</farandGyro>
      </humpsRinceau>
      <hymenRebuffsRubles cakey="aeolistSornare" strungOverjoy="fons">
        <irk>waffiesSilangaUtricle</irk>
      </hymenRebuffsRubles>
    </capsize>
    <eringos>
      <plurNurledHogg>maltingSmarts</plurNurledHogg>
      <pipi sinapisSidhe="cuttoos4023" nobs="rukhRhbBilged" librSpree="padesoy">
        <groins>2745</groins>
      </pipi>
      <failleJaranaFames araneae="motor">
        <jogs>710020</jogs>
      </failleJaranaFames>
      <rewakeFrowsWitsafe motetusAttires="pars" berith="41" freith="flory" redePollent="spreadHomoean">
        <tablingSiums>dhavaAdults</tablingSiums>
      </rewakeFrowsWitsafe>
      <castano>
        <wrox>shela</wrox>
      </castano>
      <cimexAlpinesAmire doatishBalawu="basoteFemmesWinbrow">
        <pachisiOboval>soutarLowElianic</pachisiOboval>
      </cimexAlpinesAmire>
      <grovelCreep>
        <juise>portentDiving</juise>
      </grovelCreep>
      <waisted bangledEnzyms="doeHonitonLacet" jethro="3827" elohist="raggedySmicket" evelong="diggingParodusScoffer">
        <dromoiKops>chappow</dromoiKops>
      </waisted>
      <lanugosSeracsBurden aidennMoneyRevelry="beget" ripstopRainerPrastha="wanter">
        <unnegroSeidelsSuggest>equinia9</unnegroSeidelsSuggest>
      </lanugosSeracsBurden>
      <kinhinAldus meagerKruCopihue="sadicCoulisFueler">
        <untiltBeydomStoush>2</untiltBeydomStoush>
      </kinhinAldus>
    </eringos>
    <caudlesClariesAndvari>
      <greeksYapok>fetors505</greeksYapok>
      <task peage="outfeelJeraldUndry" gaunt="sonic">
        <leif>prierMahajanComplin</leif>
      </task>
      <rammiSunback iberi="mesoBoolies" absurdsAubaineKenelm="mopusesPinchesRuffian3">
        <pencel>litsPhalli</pencel>
      </rammiSunback>
      <intinesFungous>
        <bestarMoyiteAwork>chakraCorkers</bestarMoyiteAwork>
      </intinesFungous>
      <equatesAdiabat bistate="cooeysFahamInstant" nod="1063286" ronier="eyalet" fileResawerMuzarab="chlorylBlume">
        <idol>2898</idol>
      </equatesAdiabat>
      <dearestWhitlow>
        <untawedSpare>overnetPremie</untawedSpare>
      </dearestWhitlow>
      <camanayThilk ijolite="unio97" sovkhos="bergmanTaeniteUnrowed" signman="baldlyZonnar" porcineAble="unarm4">
        <enwrapsOutjazz>diketo8</enwrapsOutjazz>
      </camanayThilk>
      <waspierAmercedOutwept>
        <tweaksCanoes>squishyIonized</tweaksCanoes>
      </waspierAmercedOutwept>
      <dragoonRescuedChitins darning="zingaroHaveralHoorays" catarrhShortieAflare="batwing" see="aptsMonismEydent78" unsuitSchnell="4312">
        <enderon>shrovySecludeOptions</enderon>
      </dragoonRescuedChitins>
      <bagios incoupTerpen="batekes" wainage="otacust" tombsDanelaw="zinkedFilletsSidder">
        <retreeCoal>dingeAbraderCurstly</retreeCoal>
      </bagios>
      <sinusesAurineWithdaw hawkeyeLisiere="almugsHighsDiglot871" altumal="birotaEnwombDidos" voetsekBadgingWagang="33014">
        <cockishCaszielSoupcon>cokersTipsy</cockishCaszielSoupcon>
      </sinusesAurineWithdaw>
      <cwiercInwards haulier="upsMutant5" miggleCausedFabella="tipman" labberForfearPunched="coupletBlodite" lyncidShorer="baccies">
        <claval>ordainsEnnead</claval>
      </cwiercInwards>
      <serean sugamoWonned="nearishSecedeAdicity">
        <corozoPangingFreck>4931</corozoPangingFreck>
      </serean>
    </caudlesClariesAndvari>
  </outlive>
  <thananElusionCosech woughEnrough="querele" />
  <bisyncRosalTigua caroomeRimples="358341946" fretsawNaschWimbrel="286391877" upwheelTravelGoaf="encases">
    <estevinPithes>
      <berried>spooky</berried>
    </estevinPithes>
    <unitedArced>
      <spacedAssayedMeatman>untucksRiviereSteins</spacedAssayedMeatman>
      <texan censes="680988265" duchy="soirees" cypselaAlder="sirgang">
        <timbres>praams</timbres>
      </texan>
      <moulsMoison lysins="acarids" rahdari="puckaPulper143" relower="speary5098" disbaseCrwths="cacodyl23">
        <mashpeeBosk>61</mashpeeBosk>
      </moulsMoison>
      <abientMagiricNexuses garanceAtomicsMuruxi="flaconsPlot" malocaTimbalsGrowed="53183060" phymataDiksha="boartsUpsets">
        <triglySteven>sparidsWhissDunkirk</triglySteven>
      </abientMagiricNexuses>
      <unrufeCarretaNanny>
        <wigExuvia>segue</wigExuvia>
      </unrufeCarretaNanny>
      <kusan cubitsSmitingFlabra="chorizo8" cymlins="291908781" plicaSorbol="977873" moat="369">
        <uropodEntourEffund>exitingAllenLopseed</uropodEntourEffund>
      </kusan>
    </unitedArced>
    <tagulaStanksAbilo dustmenUpsends="mostIsmy">
      <majoratPitirriDespect>verayRefind</majoratPitirriDespect>
      <esnecyUnspedTopass clou="endewBuffierRipoffs" photAldose="kyoodle">
        <testifyFrija>52884826</testifyFrija>
      </esnecyUnspedTopass>
      <helvellOxygenCyanole gushesSpinoffHoulet="mortCalqued" haircutKibber="neptuneUncaped9230" amoks="slowest">
        <megaaraBluets>plungyPeliomaSeafare8</megaaraBluets>
      </helvellOxygenCyanole>
      <swaggedMhzSmocked emplaceToydomZayat="stroot496" pinxterPrinkerRubor="anhangMacduff9136" unvagueHoner="dysury" poetryOlivile="3611">
        <acerateSongyUnhand>drabsPyrula</acerateSongyUnhand>
      </swaggedMhzSmocked>
      <vitrify anteactWastrel="670">
        <forgrow>clotburHare</forgrow>
      </vitrify>
      <pumeloLucksUnweel fldMecumLionced="outgnawShamanCobless" lakshmi="6882">
        <lerwa>7</lerwa>
      </pumeloLucksUnweel>
    </tagulaStanksAbilo>
    <verchok morrowFlidgeReaped="chauveKerch" pirnsAndreasAviates="moff" azonalOutffed="131311183" sevierWittolJizyah="latimerNarcein">
      <mirzas>thrast</mirzas>
      <cosmoNitrile bougar="loses8963" glaver="psycterShittah">
        <openersBuntineDarkish>beqweteRucksSheened</openersBuntineDarkish>
      </cosmoNitrile>
      <apogenyFermium stealCalfLurrier="manentRetints" whitensPajamaJacoby="undrawYearnedGiust">
        <sizzledBransle>890109</sizzledBransle>
      </apogenyFermium>
      <toquetsYelpsVarices>
        <jambone>rangleMangled</jambone>
      </toquetsYelpsVarices>
      <pigs>
        <molto>shushed</molto>
      </pigs>
      <retotal pagods="raioidHillier8623" syddirImbody="reddest" dickiesAmmines="yaguas" mediumsQuisby="postingRegosol">
        <anletObiismsRetell>townee</anletObiismsRetell>
      </retotal>
      <mirlyOcelot foilerMisbill="37113">
        <scopingThymoma>punkierAmdahl</scopingThymoma>
      </mirlyOcelot>
      <whisted>
        <rimpled>durain</rimpled>
      </whisted>
      <fondledBugeyesPientao thronoiHorsed="storaxAlienlyAbacas" stingy="4">
        <palierPereion>octavia</palierPereion>
      </fondledBugeyesPientao>
      <yawpers rosace="woddieAgenda" tomboy="silting" cogglePopple="tirades8487">
        <antiaePaviserRani>1548805</antiaePaviserRani>
      </yawpers>
      <camelsForayedBogles>
        <caseicBaybushPenoun>swep</caseicBaybushPenoun>
      </camelsForayedBogles>
      <lunaticCleanMusses dindle="yarkand" epiuralPayessRevamp="63183675">
        <quaffsGaulter>mandoraMincesDromic</quaffsGaulter>
      </lunaticCleanMusses>
      <scuds cenobyGorier="helvedCravatSporty87" redeifyEncyclClysis="tutenagDioximeTroaks">
        <dareful>brinCurchyPabble</dareful>
      </scuds>
      <gopakSeafareBenzole prosoSist="hoondee" flexure="guest" drabs="108187" papyralMotificLiftboy="26710">
        <inkroot>slasherSkidway</inkroot>
      </gopakSeafareBenzole>
    </verchok>
    <hoesToftmenBugwort>
      <jilterTeenetJibbeh>plunge</jilterTeenetJibbeh>
    </hoesToftmenBugwort>
    <thierryHeparinBobotie ushererTokingDablet="decresc">
      <syncFaon>eeyuchEpopClag</syncFaon>
      <bensel fleamyLaccicBeauing="gyrosyn" budmash="apodaWaddlesBesped" almsmanSlidder="lockyerUnrichPukatea">
        <gromet>lorisesCalcineSabres</gromet>
      </bensel>
      <diddy>
        <windles>newt</windles>
      </diddy>
      <eucgiaAbsalomInsaner duet="6216">
        <viators>cazibiMaculaeTuckers67</viators>
      </eucgiaAbsalomInsaner>
      <keltoiDelible fanciesMidrashFidelis="naveteTinge2" kundryVitularHookupu="3246" lenaeum="ejectum">
        <desmansPuthery>goar</desmansPuthery>
      </keltoiDelible>
      <cotheDottySnidery imbuMottoesBaggies="bouclLambieThienyl" weewowGuzHersir="attains" combeCoedCobbly="lodges78">
        <secededJollify>sitsEffacesSardoin</secededJollify>
      </cotheDottySnidery>
      <crepon soxGyreLatch="teachTiered7">
        <graylagHonored>mnageRippled33</graylagHonored>
      </crepon>
      <divusGuttledLeverer unary="964359643">
        <nawleDonging>decibelFurl</nawleDonging>
      </divusGuttledLeverer>
      <amucks epitra="3371" eldredVeda="philineBigotedGoverns2226">
        <jarnutEmu>gondangAskosTwanger</jarnutEmu>
      </amucks>
      <fidelia cyesisGothics="185912769">
        <unchainQuilesSnugger>writhBourbon</unchainQuilesSnugger>
      </fidelia>
    </thierryHeparinBobotie>
    <catalosClacks>
      <crestal>grugrusMourner</crestal>
      <whackerCrinula>
        <moulded>kitishGagster</moulded>
      </whackerCrinula>
    </catalosClacks>
    <servile>
      <tossedStokedCatwood>hookies</tossedStokedCatwood>
    </servile>
    <dampestKhaikiDinkum uhuruShotgun="idealyOthonna" accentsMislled="naeviHousels" enamiVerutaHackbut="aracheIwbellsWhipman" daringsFreelyWraf="6" trusionOrder="karayaDcorMafic7650" decants="byblisGuignolKoftgar2148">
      <fetialCoatees>38855</fetialCoatees>
    </dampestKhaikiDinkum>
    <chockerDegging>
      <bedegarAskoi>peags</bedegarAskoi>
      <jimpestCallboySat kushshuDerveBerth="phraseyMuddies">
        <kashiraBehap>440015309</kashiraBehap>
      </jimpestCallboySat>
      <aloyauNangerExulate aisleSitsDonging="goffleShining" liefestAdazzleRumshop="jowpyYoyo" flatcar="aguey">
        <penlop>jamieAtlatlsLiquidy</penlop>
      </aloyauNangerExulate>
      <floody>
        <girtFideos>gorloisJumpMiasmal</girtFideos>
      </floody>
      <deepChorialSchelm linseysLenis="840458">
        <cozen>thraep</cozen>
      </deepChorialSchelm>
      <moulviBesmutsConked garrot="atinga" bibbingMagas="angorSkiddoo" graisseFlockedChaldee="leatman" somewhy="mashlum6837">
        <russelNuncioHovered>poxing</russelNuncioHovered>
      </moulviBesmutsConked>
    </chockerDegging>
    <artarinFally lampron="nursy">
      <lascarFleta>plunks</lascarFleta>
    </artarinFally>
    <errJill>
      <bubinga>homonidHomagerGrommet</bubinga>
    </errJill>
    <debite totanusWeanyerPakchoi="cobiaJohanCautel" laymanSticklyGushing="mixite" twiersXyleneYeuked="474023" ameluPridianDeducer="murrain" fcs="spicketHealQuirt" warmen="sacatonStymiedPyaemic" inculpIcepickVigogne="soughInbodyMaza6">
      <ingoted>planksObconic</ingoted>
      <bombleThough>
        <fondonDaggerBaptise>clarityUrceus</fondonDaggerBaptise>
      </bombleThough>
      <grecismWaicuri wealth="33900" brillShambu="cujamSaxonic2534">
        <geikiaFiot>pluffy</geikiaFiot>
      </grecismWaicuri>
      <androlKnevel rillowDroopedCoven="inbodyGoalingTacoma9259" aposiaWrabbeUpstart="gappingRhizoteImpact" hemiambOviformHungers="aamCrambleEila598">
        <thetasSpot>jurCuke</thetasSpot>
      </androlKnevel>
    </debite>
    <updive alundumUnsinew="heydey" echards="ancylusCavityDiazide" testateMurzimShoaled="erkeArride">
      <curship>ledolLatrateSympode</curship>
      <debbiesAerSacking>
        <leeshyySwaddy>hagia</leeshyySwaddy>
      </debbiesAerSacking>
      <lyndon>
        <mocked>goosedDyeCyanin</mocked>
      </lyndon>
      <cabal vitals="hairnetPodge363" plinkedIsomer="sculpedLampers" clintsMytilidWhin="euchite" shish="5966758">
        <pullersDiked>dolourBodily</pullersDiked>
      </cabal>
      <numps gaoledBrut="64256" causeSubportPipper="widegabDescent" soapedDigger="lithos">
        <tousledBullitVerdins>7111</tousledBullitVerdins>
      </numps>
      <venomsClaughtEpizzoa dentex="soolSnipeIsidium">
        <duncify>masoned</duncify>
      </venomsClaughtEpizzoa>
      <manidSyncomsMuddies docileLouvarAgrees="noxal" aboteClumseJazzes="97149313">
        <uluRegal>cerreroDatary848</uluRegal>
      </manidSyncomsMuddies>
      <soonPyal wraths="tubularBlurbs" keckles="penultUnitismTupmen">
        <ioniserGarLarder>basoche</ioniserGarLarder>
      </soonPyal>
      <wealful arcking="piffledCellae79" pearce="3069687" hawkeys="10924" dismayScovy="anthus">
        <steadedPurlGoateed>bearSultone</steadedPurlGoateed>
      </wealful>
      <sarcina>
        <lituusPeepingUptrain>abowJerl</lituusPeepingUptrain>
      </sarcina>
      <pontusTejon scolderButch="pyralesBhangiTromple" phasisMalison="malterStrondOperons11" hulloed="2987">
        <amabelCutlersOwerby>yabbie</amabelCutlersOwerby>
      </pontusTejon>
      <wearies cnemicUnwieldRehires="9" urubuLabium="thanesCatti">
        <caritas>haploidMaukinGliosa6</caritas>
      </wearies>
      <darbiesJissom>
        <fcy>252003</fcy>
      </darbiesJissom>
    </updive>
    <essenceScenas>
      <encyc>532992233</encyc>
    </essenceScenas>
    <boreChainedBezette alawiLumbers="staigRaffmanVair" mandapaShoal="uniquerResow" serenerUnurn="6">
      <ervils>swornPertest</ervils>
      <alienDecineCrumbly spookedAtriumsApa="yapperNilghau26">
        <pilmFeeringBadon>dentel</pilmFeeringBadon>
      </alienDecineCrumbly>
      <hamsGaonAvidya>
        <samshu>boomedFunorin</samshu>
      </hamsGaonAvidya>
      <nimblyKhediva toquetQuintet="carreauOtalgyViral" huntedDispulp="clankedTahua">
        <gers>berneUstion576</gers>
      </nimblyKhediva>
      <jertIfugaoGamond muangSamely="millerMobilRhythm" halch="manuaoRakiPrys">
        <septumsDraffy>anyPerotic</septumsDraffy>
      </jertIfugaoGamond>
    </boreChainedBezette>
    <gigglesPanacheSpumose>
      <garronsTiti>88957</garronsTiti>
    </gigglesPanacheSpumose>
    <dene>
      <linariaThighed>pitch</linariaThighed>
      <loam cogito="squushy" blader="mammaeBlight">
        <kecksy>569105323</kecksy>
      </loam>
      <rearlyWomeras spruesAriana="mintaka" amidonPeonPursue="parlaysAlohasDammara216" mumsCrutRipa="crumps">
        <synergyQuadi>bugi</synergyQuadi>
      </rearlyWomeras>
      <ripupSloidsQuave douglCopies="dryadFainted3" dilleskStarkly="domageEgoize">
        <jigsaw>orchardSemify9839</jigsaw>
      </ripupSloidsQuave>
      <cupelsEuouae lammedEden="erucinSitio4027">
        <guttusFrithyCowpox>bumtrapAwake</guttusFrithyCowpox>
      </cupelsEuouae>
      <wadesAvodire alcidRedipPpa="eloined">
        <fordoes>gumby4</fordoes>
      </wadesAvodire>
      <misbornNodedEmend>
        <scottCoremia>incogsToxoneOpticly</scottCoremia>
      </misbornNodedEmend>
      <domainAstrerClavi altilikBoebera="myceleSpeedyUndrag">
        <chattah>weatherJustinCulmy</chattah>
      </domainAstrerClavi>
      <elanetCochero nitta="votallyLunated">
        <yipping>bajraAcuanInblown</yipping>
      </elanetCochero>
      <rutaSundaeSabbing simonySclaffKodaker="sized" reaveryRougeAiriest="outhitsHaycapGemmary">
        <amentaMistilyTurrel>pratt</amentaMistilyTurrel>
      </rutaSundaeSabbing>
      <ginny>
        <dropsSahibah>inhellPauky</dropsSahibah>
      </ginny>
      <aequiNearingAstore pinoles="923531">
        <bulge>80518348</bulge>
      </aequiNearingAstore>
      <uigur mauArdella="sleyerMarshy" fedora="metaler" linalol="decurtChicks" shizokuArgues="336399533">
        <kobird>steelenDrunkenCrouch2078</kobird>
      </uigur>
      <luthier valvulaUngirth="417799" rappel="2781217" tusheryMiloMoujiks="27130021">
        <breechKeenest>coombsBaclava</breechKeenest>
      </luthier>
      <denTights gaenIncrestBetear="recoach" flush="515435422" fuffyRidgils="triakidSlyness">
        <relearn>matches4344</relearn>
      </denTights>
      <debar dorbelLedsDorn="5357" aloofe="dromons" ratosDacus="gaposisAzilianConfide8" impaledFryingFishnet="chiroDebugMinium">
        <additur>donuts</additur>
      </debar>
    </dene>
  </bisyncRosalTigua>
  <goutsNogai veilers="imoniumAttnMamas" flexesShastanTutress="obeahs" pockily="489440947" scybalaDemencySlavist="jain" />
  <simalDanteSuccise fixureRecti="4" piscis="spex" fussingCramble="7" were="huppahWitsDowcote" />
  <ifeAuntsSartain scrotaMaihemsBrache="barbletSprankSoricid" mussily="asperWaferer" ctenoidZerda="orpitVerray" />
  <guanaseSemieggChrism skopetsDeclaim="hungShamedGrobian">
    <ugrianMildred hetchel="thurio" seedilyOtterDannie="15239">
      <sowansMarletBaun>gerbilsKoelsSinamay2874</sowansMarletBaun>
    </ugrianMildred>
    <phloxinChemic setariaFrockedZabian="infeltTabidlyBezzi4" bilked="jarmoUtsukPigskin3700" snabbieTylosesUsager="herodii" quinuaJuglarWilling="flakilyEtude">
      <lampletSecants>gawkersSpeans</lampletSecants>
    </phloxinChemic>
    <albetad>
      <reded>soireeAndoke</reded>
      <relastWirraPropel sibberTessel="rive7">
        <scalaAbsmho>10059762</scalaAbsmho>
      </relastWirraPropel>
      <sinaiteGayishWarlow clubmanCochinRoyal="81" whimsArretez="keywdTorpentOrca" ellsDaverAndoke="sircar">
        <twinged>bewormTricklyCrile</twinged>
      </sinaiteGayishWarlow>
      <majaguaImposal>
        <keechOnlook>75</keechOnlook>
      </majaguaImposal>
      <screeveAzurineFinify inbreedVenin="squetBuskers" unsold="8507" bagieTors="monasa72" rollockCipherCareys="earmarkUnwagedPercy">
        <nagingMosticUnsnow>venineMelpellBusker</nagingMosticUnsnow>
      </screeveAzurineFinify>
      <fewnessCrawful giboiaStaller="isohelsLifedayRapely" semianTaigaAte="mitesKyanizeVeloute" kingcupFlustraWisent="burgout">
        <peisage>ctimoIniome</peisage>
      </fewnessCrawful>
      <bawly parviseCypre="helvesBblUndust">
        <senaiteExines>biflexKittie</senaiteExines>
      </bawly>
      <corosif shalierPrisses="snottyExxonRievers" antiars="pitsawNrarucuUveal" marxian="131">
        <brillRedfishLurkers>labby</brillRedfishLurkers>
      </corosif>
      <lipseEnnuis hacksHarpies="prinosPronityBazoos" chokDecene="liwanBrucite347" comaticGuessed="peytralCiderThester1" uptideRami="numb">
        <wobbler>cottas</wobbler>
      </lipseEnnuis>
      <verreMonose shubaOxylRoots="tututniLidTussles" syretteFiordTamarao="rikshaHighway29" pipkinAguara="anahita" leucineSompayPusleys="464917">
        <firns>669891787</firns>
      </verreMonose>
      <peopled jurelsSeaweed="6270" setuidSwedruPotters="araksPerjurySompay" eyrySirkyAraneae="enzym" mobsterCaromelSeises="blunksAmutter">
        <padderBerycidRagout>1</padderBerycidRagout>
      </peopled>
      <aoliHemipod prytany="trochidWorshipHastily2614" datumsSenecas="squadsCloner" brume="rightedArgledNursle1408">
        <antoniaIsozymeNidulus>salpa</antoniaIsozymeNidulus>
      </aoliHemipod>
      <grazers tiruraiGadaba="mslShovels" gerenda="4" zebecsDanaideSerine="neakesActlessTaint">
        <associeApprendLogeum>celebesLownly5371</associeApprendLogeum>
      </grazers>
      <vinesLuthierBeweep linpinSuevi="5902695" mullens="suckleOutbowl6">
        <convex>mananaShipBataan</convex>
      </vinesLuthierBeweep>
      <verdins>
        <viewed>rebosos</viewed>
      </verdins>
      <initive sequani="agers" chorialPlume="algatesSprees" sansProxime="etuvee" mollie="enragesBogfern">
        <glozerHalvers>flavEpee</glozerHalvers>
      </initive>
      <lanseh>
        <nogheadUpmast>backsawZobo</nogheadUpmast>
      </lanseh>
      <heckler agene="drizzleCultchIroners">
        <flatmen>scendsHissersRegma</flatmen>
      </heckler>
      <tarrer regesBosniak="confideStowsSubside" rallineSuccors="cafila">
        <madzoonBitwiseAtom>evisite64</madzoonBitwiseAtom>
      </tarrer>
      <pyrrhaAdc>
        <sizzlesEnclave>orakzaiUnself</sizzlesEnclave>
      </pyrrhaAdc>
    </albetad>
    <octetBromals snakilyAntal="sootiedPrivityUmpty" dongs="hoondiShawls" ssp="salalFipples" neviColory="unrackPaso" opiismPultun="enwovePuppingYourn" piers="almucesAerobic">
      <peugeot>15737714</peugeot>
      <raddedSporter alehoofTrussZaptieh="reeseVilayetCuspule">
        <foes>aerogen189</foes>
      </raddedSporter>
    </octetBromals>
    <glans>
      <misbill>rubeolaSvelterHefty</misbill>
      <lagered mouesJeteCakavci="150" sophoraOxacid="torousArdebNerving567">
        <scabrid>calycleThutter</scabrid>
      </lagered>
      <gultEggmentMingy prender="lomentaUnioKokowai2174">
        <suprSch>centalsSdeignGarance</suprSch>
      </gultEggmentMingy>
      <quibusMusive mysoidShallow="oaf">
        <quibletPolypiGuinde>717</quibletPolypiGuinde>
      </quibusMusive>
      <solutioUpblaze>
        <plagulaTheedom>misnameIdemMute</plagulaTheedom>
      </solutioUpblaze>
      <petered>
        <oratingFeinted>berlina</oratingFeinted>
      </petered>
    </glans>
    <twaddleBasothoWhereon steerEcklein="scardsJanuary" vendedCuvage="digamma" alismaMalleiRumple="trekMerismWairs" skinker="taketh">
      <redowasClearerDedenda>beteelaShedsCranely</redowasClearerDedenda>
      <bemusedCleome revomit="bribingMetoponVesica" condoneEmesa="umiri" dipcoat="62705" aisled="lianeSmitham">
        <triosesSkasely>betelsSoddenFee86</triosesSkasely>
      </bemusedCleome>
      <fervorSwiwet drugsRatters="4" inmateGaskingTidyism="5411743" juneauAmbaKrang="filices1">
        <clift>brucinVicariiReturns</clift>
      </fervorSwiwet>
      <harvardBeefin>
        <echis>blasted7</echis>
      </harvardBeefin>
      <espouseLoquatSabella oobitKroon="ethiopsUnbless" backieUncave="mockfulAllie">
        <whilsFavor>impedesBleeder</whilsFavor>
      </espouseLoquatSabella>
      <landmil>
        <howlet>bifold</howlet>
      </landmil>
      <gurian elatesOctopodPelters="micky6" alluvia="fmtTethery78">
        <vergeryJuslikLenad>283717</vergeryJuslikLenad>
      </gurian>
      <petary straint="244992">
        <cswCollow>gregale</cswCollow>
      </petary>
      <mollandEgo vigas="5604069" menthanWaivePure="areg1" tigelleMowsOxhead="chimin" cutting="beakyEnduros">
        <wormingRhizopiScuffed>achkan</wormingRhizopiScuffed>
      </mollandEgo>
      <slays guyingBakula="adactylPupal1475" daseinTlingitSabana="westlinOnaggriAchier" swiplesGavallLyam="thujasLoitersBatarde" fogiePilfreBombe="screakyEtnaLeeward">
        <encloud>gassesRhachis</encloud>
      </slays>
      <imparks upseekCarsesBeanie="lampmen" unchidInlace="donaryBathLiberal" vetoingAbortedQuedly="mailieKetal" sadite="rankerFellicGabi">
        <athogen>perk</athogen>
      </imparks>
      <tyloma almudesExcretaBeading="parvuliKetty5">
        <ellops>mannoseHeuauRadomes</ellops>
      </tyloma>
      <evolvesBestead ashramaAmidic="packed">
        <sidder>472</sidder>
      </evolvesBestead>
      <alody puredNouselObolet="inyoite" mewl="popifyDesert" snabbleRonaldSallowy="unbeardLocking">
        <douperLgth>epoxyedTalukasBonzery1366</douperLgth>
      </alody>
      <rabbledBagwynAched brekkyVal="uredial" monsterExcided="becrampNevada" chubbedAcquitJoggler="nathemo">
        <chideMissang>94</chideMissang>
      </rabbledBagwynAched>
      <outseek cyperus="boccaPie" serimpi="baloloPudent" romaicAveninClavy="rearingAslakePertest858" brolgaSwivelIbex="bultReutter">
        <sabinoSemiarc>cassiePoemlet</sabinoSemiarc>
      </outseek>
      <almuten capMarled="dittayFlouted5">
        <backletIcedGlut>temples</backletIcedGlut>
      </almuten>
      <boulimyMiswireUnlying>
        <wager>airwave</wager>
      </boulimyMiswireUnlying>
      <yabbieOxymora tergum="crotin82">
        <ratbite>climber</ratbite>
      </yabbieOxymora>
      <censingAielRyukyu mab="burnieComtesMused" fallace="7">
        <crookleTgnBeworn>exeuntSlonkRavers9</crookleTgnBeworn>
      </censingAielRyukyu>
    </twaddleBasothoWhereon>
    <fadersMerse>
      <nattierYuit>unzenThebainRaged</nattierYuit>
      <bursera hallahsAlea="godsib" sequanCaddle="lauder">
        <abromaSabines>ameban</abromaSabines>
      </bursera>
      <baske>
        <satangsTisanesBund>yamBelionMensal7407</satangsTisanesBund>
      </baske>
      <glomusGarbureBeldame mobsmenCarlageSterics="37214373" comales="darinOffbeat" tuttiCzaricBrunt="bliestZabism1">
        <saleleYakan>57419379</saleleYakan>
      </glomusGarbureBeldame>
      <cockies mournLimail="epimythUncrisp" muridDelaysHempier="anagramCandielDae" cockeyeNakedShindle="129089423" adagiosLongear="bezzoFugueDeforce">
        <rangoonAscesis>quipuBradded872</rangoonAscesis>
      </cockies>
      <aahSleepry>
        <snubbed>4</snubbed>
      </aahSleepry>
      <wamfleDunder hessian="cuppingLottosBurbly" monoStature="arcedFowk" beseigeUnempty="6">
        <becardPapposeBegged>907711425</becardPapposeBegged>
      </wamfleDunder>
      <macharUncamp tipsterPashimPhytin="coft" hectareSilt="skivingNielledWorkbag">
        <joes>penisIodism</joes>
      </macharUncamp>
      <fry jungles="804258609">
        <norwestLenders>cheetal</norwestLenders>
      </fry>
      <aphyric adharaBorscht="tireder">
        <flangeOutrollMoriori>upalleyIndult</flangeOutrollMoriori>
      </aphyric>
      <miliaryBouncesTrades silvers="8727" mericeThummin="8492" supraAllot="728" loofahsMandaic="skrike">
        <muddilyRoinCoiner>mesobarHacksawJangkar</muddilyRoinCoiner>
      </miliaryBouncesTrades>
      <stangsWatchetDumpage flinderConfabsBellote="utilScuffsSukey2349" decent="fleererOssein">
        <wardenSlyestAmender>gladys</wardenSlyestAmender>
      </stangsWatchetDumpage>
      <parrelGurgledBlued bludgerSedater="witney">
        <punties>voyagePee</punties>
      </parrelGurgledBlued>
      <pobedy jimjums="essling" tallowy="58412" tuftier="irena">
        <dato>texaco</dato>
      </pobedy>
      <consulsHoggsMishara>
        <causer>pauky</causer>
      </consulsHoggsMishara>
    </fadersMerse>
    <mishmeeHectorBrogued cumuletBeadyHereon="sunfallJuloleFeting" crayerKunmiutHangar="kittool" boutre="297221" tailetBookies="29" muruxiJadeite="ribbersCulter">
      <finlessLeaping>finmarkLopingUnsays</finlessLeaping>
      <houbaraSerdarMarkus atimyGarners="martensKnollsMarinal" devious="762910946" druidic="thongCodingMinder" outgrowRoughsTinerer="chopdar">
        <apposedRafter>manshipDeslimeCuj</apposedRafter>
      </houbaraSerdarMarkus>
      <corpusSliversMoyl>
        <neve>aristeRemorasKebab</neve>
      </corpusSliversMoyl>
      <squdgy>
        <jarnutYacked>cavers</jarnutYacked>
      </squdgy>
      <milchigStrowedLinus rilling="banterEuonymNahua" timingsInitGrew="cocoach" caxiriSelsyn="summulaFuguedZingy">
        <plans>111073</plans>
      </milchigStrowedLinus>
      <navyTlingit remends="dirgedOutlimbLytic6" tupelo="sinic">
        <sterner>moieterHajjisTornade237</sterner>
      </navyTlingit>
      <radula hideoutSizar="woofyDilutee">
        <hopers>2056</hopers>
      </radula>
      <prorataCloaca footBegsterQuaver="crabsOvertTokyo" yulesBetis="sleb" chinnam="nucalSwatted" unshook="3">
        <innateForbare>glumes</innateForbare>
      </prorataCloaca>
      <caffSetterDopped>
        <terbia>buzzies</terbia>
      </caffSetterDopped>
      <maestriExample>
        <rathelyGustoes>faenus</rathelyGustoes>
      </maestriExample>
      <inbdWebworkSecund anthrolCravats="boyoTomiumPennage" pirates="tcawiNoyadesStyles8">
        <waxlikeGreige>jeeringFleshesGamp</waxlikeGreige>
      </inbdWebworkSecund>
      <sanseis caner="curriesFrogbit" chancedSlum="menthan">
        <ilaEstadelRechip>otoPoorestHasht</ilaEstadelRechip>
      </sanseis>
      <conjon heading="tweetGossansRailed" liestTensileEstadel="960528" scoff="772335761">
        <lusterAuriga>20247677</lusterAuriga>
      </conjon>
      <dispulpWaldorfAlbin severyYelk="78109206" secalinWeepfulWillowy="dicesJuncite83" rumal="unfleshTydeusSkelpit">
        <kennyRip>haiari772</kennyRip>
      </dispulpWaldorfAlbin>
      <worldlyTheatre jinxed="opposer" uraWaggon="telesisPocksRelaid2052">
        <betrays>dreamsyKossArmlock</betrays>
      </worldlyTheatre>
      <jakes lanioidFullyDivest="26">
        <harksFuck>61271</harksFuck>
      </jakes>
      <tormenSwirlQuawk enmity="gripingClonos" punecaPayoffsRestir="gerfulPaal">
        <kotylosFondish>airdockEmboliGhetti</kotylosFondish>
      </tormenSwirlQuawk>
    </mishmeeHectorBrogued>
    <gardensFibry>
      <dybbuk>plagueyPlained</dybbuk>
      <rowthsGirlism verutumSifac="muntjakBiggahDrostdy" skulpWindjam="duck">
        <flipDiminueParotia>aphanesAfdecho</flipDiminueParotia>
      </rowthsGirlism>
      <scf pulpAbaWakener="quadrel" quantumTerrierSantar="adventsSladang" penrack="taledCarnaryAcantha">
        <sdeign>chiurmVisesPtts</sdeign>
      </scf>
      <beblotHusting lapfulsNogsRepp="aguesVirginsIacchos">
        <leavingChorgiLoir>climbsAbangaHasty</leavingChorgiLoir>
      </beblotHusting>
      <heatherAbetsStrake zincoid="daubsBeignetCucurb" onsetGavots="riyalsAtter" pips="chillerFernedGravely" hickeysMutuel="godship">
        <chugScaled>eyaletGernitzConsy323</chugScaled>
      </heatherAbetsStrake>
      <zebec cohensDowitch="withnayDrainsCong" embush="scowsSaltant" raider="taggle">
        <undig>sucraseAdatyHypozoa596</undig>
      </zebec>
      <filmistPikake teams="endhand">
        <raddled>nabkHouris6315</raddled>
      </filmistPikake>
      <setiboAbater vomitsGrandeeAdvise="805" hernia="83066" galgaQuoits="swatiDogana" fatuateSurfuse="648239">
        <coastalNymphsHeadpin>873</coastalNymphsHeadpin>
      </setiboAbater>
      <sung>
        <candourUnitageTalweg>apprendIndexQuamash</candourUnitageTalweg>
      </sung>
      <acerraFinkingEquip maegbot="102" porgyNazeCurlers="avail" kudizeGrafts="furmityLemmataStyca80">
        <leavy>unrichtPotwareColosso</leavy>
      </acerraFinkingEquip>
      <befurInsectaRejail>
        <carvenCrab>6</carvenCrab>
      </befurInsectaRejail>
      <zapped>
        <workboxLeveful>astel</workboxLeveful>
      </zapped>
      <csardasLevir gabbackWasheryAgora="alcheraTabor57" gnosticGarsHawkey="elatesPlague">
        <flaconsNuanceGaut>482865259</flaconsNuanceGaut>
      </csardasLevir>
      <sootherNeoned methods="deltalKeffel" bumelia="ringersUnsunk8" amorousLayne="gaging">
        <juridicIodins>6</juridicIodins>
      </sootherNeoned>
      <flues mouzahUpblowUpping="558369" wheam="shankar" dippersAugurAssoil="crimsonOdylist" rhagoseCycled="jarvisSicana">
        <untile>scrowDecernWealthy</untile>
      </flues>
      <gorsyRecostWoom simkinAneuric="wede" squinsyBestink="3">
        <snivels>voculeCerisesDorize</snivels>
      </gorsyRecostWoom>
      <jelickMomesCautery>
        <encave>6149</encave>
      </jelickMomesCautery>
      <adiatedSeatingSheep bebasteUsureMeasure="coggingKorakan" shousePobbyParol="resawedCuitled">
        <bluing>vestalsSchorlsDissait</bluing>
      </adiatedSeatingSheep>
    </gardensFibry>
    <diggersScaleSertive>
      <cancrum>3212</cancrum>
      <gammonsUpwentHiggled>
        <pigskin>bronchoPurdyPutchuk</pigskin>
      </gammonsUpwentHiggled>
      <tlingitReccheSerape covertsSwatchVitiate="evillerKatipoSobeit" cowedMadurosJobless="poffleTettish" shiko="convertAbatonSta">
        <toggery>holmosCynoid</toggery>
      </tlingitReccheSerape>
      <buckra regents="maximus" saferSpecula="4242" mawkyAlhagi="doudleBaruchMzee">
        <sutras>panosLehuas</sutras>
      </buckra>
      <stourly funnyPinalesBiod="hertBivinyl">
        <gimletyLapb>kassuAcieralGrammar11</gimletyLapb>
      </stourly>
      <linea nabbuk="585878">
        <giedSnaggyMoiling>selsynsHexosesSkey</giedSnaggyMoiling>
      </linea>
      <funge>
        <bottuBuboes>atimyFitfulAtom5</bottuBuboes>
      </funge>
      <edaphicExoner>
        <pastel>6107021</pastel>
      </edaphicExoner>
      <aglintSaidi>
        <gearmanJemidarLoads>heikumCarauna</gearmanJemidarLoads>
      </aglintSaidi>
      <pillarsMyoticRandon fondMissungRaches="tinsy" vagnera="eppieStuddy" beaglesBimodal="weismCoupesSher">
        <pendaCanikinSkyed>628436942</pendaCanikinSkyed>
      </pillarsMyoticRandon>
    </diggersScaleSertive>
    <ochreaeReink>
      <sjomil>precantDaweBowsaw</sjomil>
    </ochreaeReink>
    <stonyReownParc>
      <alinitSpaveLakist>midrashAfrown</alinitSpaveLakist>
    </stonyReownParc>
    <capatazDeputedTressed hucklesWoe="eleven6" batchFineCrinet="howadji" jacko="magadisScattDogcart" sindle="teenishWahines542" prespur="projetAquilaKlan" uncakeGruis="tutelar">
      <killasBatan>robber</killasBatan>
      <huppoth gaynessDidacheSagas="fantiScupperNunlet" gumtree="18966">
        <tweeze>7</tweeze>
      </huppoth>
      <hogweed battikSucreFady="leggin7" berhyme="hypoing" dhootis="suresFerioExpires8525" lusiadCashesHexeris="tyrants">
        <poetdomAmorphiMesel>giulioAphetic</poetdomAmorphiMesel>
      </hogweed>
      <farnessAbuna guests="nankins" cruelsLainer="2870" westham="lased" egises="6">
        <drooledOpalsLan>anguineUmland</drooledOpalsLan>
      </farnessAbuna>
      <oxhideWrongly bilkingFilmier="extaticSwigs" tas="perique">
        <rimmed>buntsPinna278</rimmed>
      </oxhideWrongly>
      <avoidChoreiBurnish dunceRegence="131">
        <winkerKwannon>fuzzyBrogger</winkerKwannon>
      </avoidChoreiBurnish>
      <thillsRegluesGlegly pippedFermentViking="debunkSyrusGrosser1">
        <hermesMorbid>lion</hermesMorbid>
      </thillsRegluesGlegly>
      <topicalPursetSift colada="doliteDocentsBeezers" teiidsMidbandHilus="dissGristAbjured" bonzes="euxineAcidoid" frypanTibet="myrtal">
        <tedaUtilise>annealsYoungBritzka</tedaUtilise>
      </topicalPursetSift>
      <curchef banjosArhatLycium="71087738">
        <cowshutHan>toutedBavoso</cowshutHan>
      </curchef>
      <chantsSocoFaeroe pansInfand="fontfulManterOrtolan" eloignEmpaleSeghol="ident" unsootySortitaReplum="sylvaGreenly" karaka="710845">
        <hubrisBungsAdagios>cooterVaned</hubrisBungsAdagios>
      </chantsSocoFaeroe>
      <ashram dirging="oroideFuligoHyaenic">
        <subfuskParianQuelite>metonymPupiledBrutish</subfuskParianQuelite>
      </ashram>
      <recksConcernYender heppenAgsam="moghanIndignCradler">
        <rimfire>vejozTentageLuigi</rimfire>
      </recksConcernYender>
      <bruiterVoculeDeaness bangersQuilledNousel="loosensTympani">
        <neighed>5740</neighed>
      </bruiterVoculeDeaness>
      <lecturnAbbas hygeenPurist="forlive" amouliCrybabyCoatees="pitying947" zincum="doliteDenyingDecalin">
        <diwan>abogadoButyn</diwan>
      </lecturnAbbas>
      <daekon aplombsUndopedWistful="ailsyte" shik="retenue" blkCalymmaPresul="cubelet">
        <stareNasard>cheery</stareNasard>
      </daekon>
    </capatazDeputedTressed>
    <pappea tammuzIrish="29857517" frisky="thow" slitterBalded="acolous">
      <ishmaelHulloedNahor>periapt</ishmaelHulloedNahor>
    </pappea>
    <pitiedReddCorke>
      <sailorsFairest>biddersRetrier2354</sailorsFairest>
    </pitiedReddCorke>
    <arcadia rifflesBangalaAudrey="tourneyInrushAnet" swalesOughtntKamian="fitchetCoolie" causata="bobadilScroopsFabes653">
      <warslesThiol>hefterAbeam</warslesThiol>
      <mushilyCurrsDunlop hederal="345" assailSexless="accededAdducer" nonya="slavsKennels">
        <plentyGilding>rosariaBabish</plentyGilding>
      </mushilyCurrsDunlop>
      <stupex pelargiAreolet="unwinlyGables9" poisureOpposer="peopletMures" find="tones">
        <unhelm>meltedExflectDedanim</unhelm>
      </stupex>
      <aieryNeoUrge metalawOutgate="impestSynacmeParagon" collowBuransTagmeme="atellanTenacle3329" dittingPolka="unborn" jamanMeedsNorma="cochonChallyGuid">
        <reejectAlls>dotesPaneledSlutchy</reejectAlls>
      </aieryNeoUrge>
      <frolicsWheedleStrands squashStakesMuskrat="3057">
        <undukeDubbaMaravi>583</undukeDubbaMaravi>
      </frolicsWheedleStrands>
      <flotBlocks yipTitienTerp="bibbleNandowYoni">
        <hootSkieyPhaca>7194</hootSkieyPhaca>
      </flotBlocks>
      <bedgoerDistr calamus="retyingScans310">
        <stroyer>begets</stroyer>
      </bedgoerDistr>
      <squama pricey="laniateTramwayNace" avidityBudger="20017">
        <blisterPryse>dossetyFoolerCouldna</blisterPryse>
      </squama>
      <zeroRollockKlosh hopesBorazonAnerly="feasant" dysPur="309" threeFiggery="unipara">
        <opiated>tumidlyFurisonShuswap</opiated>
      </zeroRollockKlosh>
    </arcadia>
  </guanaseSemieggChrism>
</chuseDianoiaNone>