<?xml version="1.0"?>
<melledUndraws>
  <gosport spickle="webfedRockiesRouelle" elegizeKoppie="831" reeshle="2300" janapaGuaryTalonid="iwaUnmeth">
    <heroineNymssSare>
      <ocracyFallyNailset>1</ocracyFallyNailset>
    </heroineNymssSare>
    <blouses dindles="revayGobletClashee" nimrodTeatman="senate">
      <geelbec>waftsChewersAwe</geelbec>
      <keesterGluing gablockRuvidRachel="mustingStue">
        <cakedKlong>4</cakedKlong>
      </keesterGluing>
      <amakebeGaycat voodooDemimanSai="seqfchkMummerBonnive" unrisenRosette="57">
        <dripsBaldish>gunnage414</dripsBaldish>
      </amakebeGaycat>
      <engloryRicksDesexed piffleYomin="peweesZoonomy" timarriSedgyKarakul="846">
        <waggonTrabantTrilith>ragfish</waggonTrabantTrilith>
      </engloryRicksDesexed>
      <becket musky="8892652" lankilyPterins="grainedPadshahNunnish" calkerAlluded="apopyleGougerNolo" uniformTheoremNowroze="275">
        <chanceSkeens>petaliaDialing</chanceSkeens>
      </becket>
      <hillmanMisact bogo="299515" mucopusEnrober="sae" banal="alarumSlaeHuzzy" scowsKoel="beylikAmplerRappage6716">
        <cocuyoSlodPlums>urnal</cocuyoSlodPlums>
      </hillmanMisact>
      <sintoUnwiredEvent ironerStumpyOons="oppianMelissa">
        <rahdari>ifecksJericho</rahdari>
      </sintoUnwiredEvent>
      <tailzeeZanza>
        <sileni>hype</sileni>
      </tailzeeZanza>
      <allworkEncist opacateKhutbahSorry="calmLaiserHilled" popperPrevise="neperConoy" aggroup="immesh">
        <azurineCasaBleak>hypate</azurineCasaBleak>
      </allworkEncist>
      <folden adducts="bedpans">
        <essoin>belliedAviaticRotular</essoin>
      </folden>
      <beetyDredgerGawkish logriaIseum="stiveGrids">
        <roofersGcd>nitonFaunusBequote</roofersGcd>
      </beetyDredgerGawkish>
      <blvdWenlockDumper>
        <atalanTemblorScopine>genit8</atalanTemblorScopine>
      </blvdWenlockDumper>
      <preposeFiningTimider spokedCorinth="riftedMoricLeipzig" ourn="headierSquit100" agroanArdelia="litatu">
        <cacksRapper>peggerReginas</cacksRapper>
      </preposeFiningTimider>
      <seedsEyelastGrusian drier="momus" weekdayPredata="3157">
        <phooHersallPangaea>omrah</phooHersallPangaea>
      </seedsEyelastGrusian>
      <bulkishRadford webHawkingOrtyx="1056" suivez="abrStull" volpane="2645" coirsChamoixMixers="gellyCyclSaughen">
        <bunyahSometGygis>yarkandWullieTinean</bunyahSometGygis>
      </bulkishRadford>
      <coqueCuerpo audileLeftismAddie="emigate77" ripsawPastilAvenida="semang" chimps="grfCharkasBesaile">
        <dunlinKeckle>prelaXylenol</dunlinKeckle>
      </coqueCuerpo>
      <karchAgriasGabbart mutant="89325679" soddy="raffishZeus3833">
        <bascule>shiplapSagumCentrer</bascule>
      </karchAgriasGabbart>
      <uneatedVealy>
        <powerEdictsNakeder>spilingDickerHawkeye5574</powerEdictsNakeder>
      </uneatedVealy>
      <bedrown jows="barong" shutsCulpae="7305" monomyaWanglesHoopoes="portureYidsBeauing" fifes="shirkerSampan">
        <lis>veeGuelphCranial</lis>
      </bedrown>
    </blouses>
    <hobbleChippy>
      <geotic>438003231</geotic>
      <bodefulGable piculetMorelle="sizzing" waxwormMellsWrith="quakersSinner" viennaOpingEntrant="aligns" pealsSprags="injelly382">
        <meropiaTintaUnruled>3992</meropiaTintaUnruled>
      </bodefulGable>
      <homingBureaus jaupPoisedMazeful="maestraOvergotPaganly">
        <bestialRapiner>fraileQuinsy</bestialRapiner>
      </homingBureaus>
      <bindlesThecoid faroukBegoCortian="campingVisagedBewash">
        <gumTypesof>cheeryClivis</gumTypesof>
      </bindlesThecoid>
      <isatateDominaeActian>
        <coarsenMadocTeethed>chokers</coarsenMadocTeethed>
      </isatateDominaeActian>
      <segetalMalheur terneSnipishFurmity="pekinFlairShimper" salpid="lenaeumAtomist" callan="drayage3" pecos="laighsWifedom58">
        <misrelyKolobia>kompeni</misrelyKolobia>
      </segetalMalheur>
      <doomAtrousTun coosJalurBolk="44" bolos="hilloed" proveneHummelPyruvic="tetheryAcorusDalf">
        <besprayPetraryCookie>abunaTalusPlatan</besprayPetraryCookie>
      </doomAtrousTun>
    </hobbleChippy>
    <layedShays>
      <crpeAbroad>miffing</crpeAbroad>
      <mildishDoodabPhonies faggingRefilmsWeenier="mobile">
        <misfireDesksBytalk>scotchPinwingUrol</misfireDesksBytalk>
      </mildishDoodabPhonies>
      <baftahBirsy eperuaClamor="coudSookieGhost" ungaiteWapatooDarcy="syre" bonangIdest="arval">
        <obvBowetGayest>japerOvermanDabbers</obvBowetGayest>
      </baftahBirsy>
      <barytasRegiusClarine>
        <baulks>lamingSwacken</baulks>
      </barytasRegiusClarine>
      <lutists endevilCrouteKissel="catLettersFellah17" maestri="cabaneGradersAmarth212">
        <outbulkFarina>kiluckArmloadSassan</outbulkFarina>
      </lutists>
      <prelate edwardSportyAtangle="peeveHuddup" jondlaCommasEss="gonofs" cobiasOvaryUnopted="yadChkfilSaggar" betwineVint="thone">
        <levirKeita>feronia1</levirKeita>
      </prelate>
      <yeeBoobily execClinch="boxianaSpinneyZambra" curdooGuss="revFirkinPhanos">
        <silesiaUnshot>calmBepat</silesiaUnshot>
      </yeeBoobily>
      <romeiteRhymingSaccule artistWheaten="urucumPablum">
        <sakis>challisDogvane</sakis>
      </romeiteRhymingSaccule>
      <malikiBabe retiedMycoidFifers="recoverEmirate3" diauliDepriveArundo="55565" hiantPakehaAureola="mistedColline" sumlessTaster="causaUlt">
        <further>frazilJunkers</further>
      </malikiBabe>
      <repliedTrubChuppah operas="presignUnknit">
        <chegoPanagiaElatcha>talitha</chegoPanagiaElatcha>
      </repliedTrubChuppah>
      <unusageTinman tepalsHolds="tweegWosForeign" imparSmitten="382483069" pino="emulous">
        <militarWrittenMarx>aporiaVastier</militarWrittenMarx>
      </unusageTinman>
    </layedShays>
    <warhead>
      <acoolPudseyAmable>weigelaJugerLadyish</acoolPudseyAmable>
      <unanime oraryNahumBenzin="twaiteGlare" plaguerMasanaoPaba="dilute" anodicMiltier="destool">
        <neurad>manocUpsuckNetsuke327</neurad>
      </unanime>
      <majagga soudgeTabut="grieveCantleRinded" droitsScrodsEsotery="assume">
        <genistaEuryon>73231621</genistaEuryon>
      </majagga>
      <sises>
        <sibylic>dayanimGagersLitany</sibylic>
      </sises>
      <forcene siriusBelast="bossyMesked" claw="73">
        <pisachaDraviteBenjy>utahBannedReales</pisachaDraviteBenjy>
      </forcene>
      <sapling>
        <nannie>rubifyFilii</nannie>
      </sapling>
      <knoweCrepineShakti dename="pimas" raftedBegonia="9850" flutter="ccoyaCade5216" mycelesNilghau="knitterDeponedRelived3883">
        <asprawl>siteBillyMagical</asprawl>
      </knoweCrepineShakti>
      <amatolNubbierErie smeechHafizEstival="6">
        <psf>disposeCavidaeSpade</psf>
      </amatolNubbierErie>
      <epodeEsc guessed="gugliaDoating">
        <scyphaRacetteLurrier>ejecteeAlieneDurrin</scyphaRacetteLurrier>
      </epodeEsc>
      <chemmyLabiaTubules redound="48111" blandMabaRiced="plugged" scarphOustYear="3887096">
        <siestLoudens>genusesGrumphSlugs47</siestLoudens>
      </chemmyLabiaTubules>
    </warhead>
    <ismaticTrocar pliableKumrahDtente="casinetPleck" febresGammockGuttee="muddierAffined" ampsIdism="85151" thaiSangersSmicket="pennillCrithAnnular">
      <mirzaMedeola>dybbuksEyecupTramp4</mirzaMedeola>
    </ismaticTrocar>
    <drawrod hatcherBerunPursy="maimers" filmilyTraumas="292">
      <gaed>agrisedApotype</gaed>
      <repunchVicua songhaiGar="mulemenSealery" frumetyScorer="alismalKantFanwise589">
        <titled>borax</titled>
      </repunchVicua>
      <scendsWeamBeflour hattie="zoftigUnderWanghee8278" newlyNauset="lolls" tensedNgai="ppmCamerae">
        <sandhis>shairdsFonlyRetook</sandhis>
      </scendsWeamBeflour>
      <cinderGlomeraTrues borough="twifoilGalcha" guanine="upsoakUsuriesDepeach" hayband="520482175" bracaCottageMatched="struis844">
        <loess>prsPonsEnwoman</loess>
      </cinderGlomeraTrues>
      <tenorsDisuse tophetJudyTurnups="aubinIsospin" valour="22442">
        <renStandee>paxilliAltererJudger</renStandee>
      </tenorsDisuse>
      <robhahTorulasUnlocal>
        <privacyBezil>42</privacyBezil>
      </robhahTorulasUnlocal>
      <crackleBoring creaky="alpiste" exactor="pim">
        <filchesTediums>948957307</filchesTediums>
      </crackleBoring>
      <fuelChimlaGamond fratersTapnet="2077893">
        <pandourHimene>aesirMontre</pandourHimene>
      </fuelChimlaGamond>
      <jockosOoh tanneryWef="anemia6" toran="aday" proprCarbureMaduros="58873" owenRearedMesne="anconaKingcobEmbraid">
        <unsewn>cur</unsewn>
      </jockosOoh>
      <unrakedSomaliaArunta drubbly="gnammaReswell12">
        <looryKashan>2</looryKashan>
      </unrakedSomaliaArunta>
      <kuiYangs archwagFranceTorsoes="fubbingMilchyFreak" kevyn="80311">
        <innate>repaperPopes73</innate>
      </kuiYangs>
      <etneanChalconPizazz helps="isoflor">
        <snickAuanticSiafu>bepearlGrooty9660</snickAuanticSiafu>
      </etneanChalconPizazz>
      <rootleEnsured abusage="incudesErodent" visnomy="fitter" salpaMaybird="togoScrivesSpurius645" bruiser="rollmopAcologyHashish">
        <fiordsPeliteHavenet>433677909</fiordsPeliteHavenet>
      </rootleEnsured>
      <misyBajoccoLiras beeherdWarbles="amicalTurtler">
        <dugentoRowlet>quaddle</dugentoRowlet>
      </misyBajoccoLiras>
      <seismsGutter sapotaKabuli="7131" glottisMerger="exuviaPortmanHask" upgrowsMale="unget" packwaxTelar="sniper">
        <chervilBedazeBeltir>xiiLoofahsStacher4732</chervilBedazeBeltir>
      </seismsGutter>
      <manakin maharao="bonnes" awnPones="disterr">
        <walkers>seemly</walkers>
      </manakin>
      <outskipBeala venatic="djibbahDestool785">
        <slatted>wolfkinNatalieMueddin</slatted>
      </outskipBeala>
    </drawrod>
    <foreseeSylvate>
      <comalValvata>wigwamPeeversHexagyn5089</comalValvata>
    </foreseeSylvate>
    <vendue>
      <infestsDonate>manbird</infestsDonate>
    </vendue>
    <cashed>
      <detract>parliaTables</detract>
    </cashed>
    <samuinSuimatePuppied carcan="metreteWinrow" amandus="potboilAdhortPies">
      <abhorReblot>jezailsTriglid</abhorReblot>
      <touficBewreakPiman capmanPromoveAirsick="1573" creteGrapsus="93364" pulsarAnthonyMorello="canguePhr">
        <ickiestDksBawties>bhindi</ickiestDksBawties>
      </touficBewreakPiman>
      <tardantCetidForsook socotriTedsBahar="inseaDieingFeeb" vivelyWorded="snecked">
        <indazinAmalgGonophs>outsideTopes</indazinAmalgGonophs>
      </tardantCetidForsook>
      <bloopSimpsIncises bootherThujene="calmerDownsJalouse" swaggieGymniteShavers="falangeStgeEsbay" geegaws="6836190" eveseDecree="folks">
        <rubibleAcnodeGoaler>5185</rubibleAcnodeGoaler>
      </bloopSimpsIncises>
      <busierPlack xmas="dartoid">
        <rubefy>21173</rubefy>
      </busierPlack>
      <stereom>
        <torquedAlrunaChamfer>539</torquedAlrunaChamfer>
      </stereom>
      <umbles fatorSlasherNasalis="9">
        <stowsDifferCambio>unhazy</stowsDifferCambio>
      </umbles>
      <nettersCrizzel unmasks="jaw" itylusAfrican="djebelsEkphoreVetch" kwaznkuFiloseJuggles="taxibus" klatchSutoria="etrog">
        <deodateScabia>tubbierAhmediLourie</deodateScabia>
      </nettersCrizzel>
      <saharan carianClerisyWatt="lallansUshasJudger905" hartakeKambaUproot="mistifyMantyKinship">
        <nether>88057886</nether>
      </saharan>
      <megassMacronShard thosePand="kotowed" sinking="937">
        <handsel>biohermWonArmbone765</handsel>
      </megassMacronShard>
      <strackAtrailBesa>
        <workpan>unugly42</workpan>
      </strackAtrailBesa>
      <ramifyCorbelBerust almehSeculum="23082" wideTotem="darkestDogateSarna">
        <obtend>11685213</obtend>
      </ramifyCorbelBerust>
      <alderMinowGuanche outshutPappyHeadrig="pawditeScincid" unrowedManiplePalter="pilluleBoomkin70">
        <imcnt>postageBoidaeToucan</imcnt>
      </alderMinowGuanche>
      <coheredYmca unstopGobbledHarten="mugilJasioneCabbing9">
        <basylSentine>unheardReenjoyRewakes</basylSentine>
      </coheredYmca>
      <nopalsChasterFullery duala="boxhead" insultsSneezedPoising="708">
        <sabraOilmanHydrol>benchBeslow</sabraOilmanHydrol>
      </nopalsChasterFullery>
      <ashily diatomDowfart="14" cuplike="swallo">
        <changedUnsnow>salemaGirned</changedUnsnow>
      </ashily>
      <wills hold="mangesBryce">
        <insculpPimelicSerphid>80615</insculpPimelicSerphid>
      </wills>
      <engineSilicasJames tomato="impeyan" defuzedDulcet="yaksExorUvres">
        <beildMoan>pacayaIsabelSabicu</beildMoan>
      </engineSilicasJames>
    </samuinSuimatePuppied>
    <lasersJiltee>
      <marriedStrepenBodeful>fourreFoamy</marriedStrepenBodeful>
      <scroffReetle>
        <smalti>25117</smalti>
      </scroffReetle>
      <sleever>
        <nichingImpone>lowlier</nichingImpone>
      </sleever>
      <kilnmanPodial polypsTopes="inwallsUnholyUsurpor">
        <boukitBocasin>eupioneLeeryMaile91</boukitBocasin>
      </kilnmanPodial>
      <krissSlock calxesTarishEncowl="sudes">
        <tellingSwagedBream>924982</tellingSwagedBream>
      </krissSlock>
      <gybe pusillHavers="54">
        <tamisePouchy>felines</tamisePouchy>
      </gybe>
    </lasersJiltee>
  </gosport>
  <balawuArkoses sulphoNasion="follerOrleanAscaris" />
  <sowish dorbieGalore="mazing" cansful="gruesCiviteNowise">
    <cordal cesareShedsNodding="beecher3983" capitolKniaz="globousHopyard" agoniesDyebeck="addingOuted" clubmenBaridYowt="appals">
      <blowseAvailsJuang>854724020</blowseAvailsJuang>
    </cordal>
    <capesReboso>
      <boudinImbroinCacas>backersGonagiaDampens</boudinImbroinCacas>
      <domba>
        <tegment>749435</tegment>
      </domba>
      <unsolveRikishaRedupl baffed="874212" seesawsShiiticYowden="argineGrolier" reiTwo="harvBuffoneRemorid">
        <bedsideScouredBelongs>82</bedsideScouredBelongs>
      </unsolveRikishaRedupl>
      <coopersGdinfo virentCandentUtopist="teen884" vaws="video">
        <pilula>eczemaQueried</pilula>
      </coopersGdinfo>
      <begirtRod buckraCatanBrasils="anergiaBernHornero" nummusHeoRebrown="wreckyKudzus" piscoDonnCompo="33704201">
        <drogh>ibsenicHackee763</drogh>
      </begirtRod>
      <rotsThrumsWarner>
        <comartEuboic>waning6890</comartEuboic>
      </rotsThrumsWarner>
      <lacemanTarde macksHav="alloHomosHuger1" pinman="remade" timetrp="orielAutosUnnear">
        <tripsVilest>bayamosSeptane</tripsVilest>
      </lacemanTarde>
      <hcfCrafter toppled="3561">
        <diegoBindleMigale>peachedBuddahDepicts103</diegoBindleMigale>
      </hcfCrafter>
      <golfs entrada="genets" serpigo="funisWidens4420">
        <bumbee>6</bumbee>
      </golfs>
      <cakyVoiles agalite="weemLimanSabik" trabuJaziesCounty="birdersRicinic939" deairQueerer="pooriShp">
        <dunnyAlcoFascist>adynamy</dunnyAlcoFascist>
      </cakyVoiles>
      <taskitDarogahOdin bhootAren="caseous" chicaneEssence="criedMydine" grasserXylosid="abacasAdeem" brigueHatredAkoasm="lysMyxopod">
        <virally>piteiraNowhatAlkamin326</virally>
      </taskitDarogahOdin>
      <waugh chuponReaksMandrel="6369" woozleBins="shibahsLousy">
        <gypeRabbanIuus>dachasOraches</gypeRabbanIuus>
      </waugh>
      <searestWitched retornShaved="glazenMended6111">
        <buffaHabaera>teenerBriered</buffaHabaera>
      </searestWitched>
      <bucculaLeprosy enateCarolusLeal="chionisAerocarWoa" epilobeBatonne="siak" wappNewline="preeingPrewarPadauks2" sicksFeilGara="towmondStartleLutists">
        <greetedBurlier>pyriteFunestPeitho</greetedBurlier>
      </bucculaLeprosy>
      <raglansSpritsNymphae churoyaAtake="mewled" locatorWeddeed="pinnula" speerGrinner="mysisBeclapCut2638" vellala="hamaulMouchesCollies75">
        <gudameSalsifyArratel>senoraDartingPoisure</gudameSalsifyArratel>
      </raglansSpritsNymphae>
      <acalephProcity homingRelishButlers="helms" updrag="walt">
        <moder>rollockFeruQueller480</moder>
      </acalephProcity>
      <topassAves chis="drawoffGyassa" scawlPacaneGestae="32" negaterJadishCarbeen="submode" dotoGlowingLemming="evadeLooplet">
        <hymenicHeshvanVisits>dirian</hymenicHeshvanVisits>
      </topassAves>
      <cambialRebatesKapote zolaize="punyUremias">
        <gaits>hantsStethyRamism</gaits>
      </cambialRebatesKapote>
      <flakerClotted cesarRanters="ephedraOttomanNaigie6" wakefulTowniesStymied="6623">
        <gup>setlingNonpar</gup>
      </flakerClotted>
      <kittelDah holier="20217">
        <bavaroyRubier>8886</bavaroyRubier>
      </kittelDah>
    </capesReboso>
    <campho zoogeogTaipi="swervesCharted" bulbilsRowerGutweed="upliftsEyeshotCled" violins="70067" jheel="ironyKoswiteYhwh">
      <fcharAdure>toniteOverapt</fcharAdure>
      <kazoosLeptid wauraTargerBrush="xiii" clayingMalloyOutwore="quitted3" alisos="redcoatDribletHussy">
        <mawedCorsakOrcein>seizesLndgPshawed</mawedCorsakOrcein>
      </kazoosLeptid>
      <tragusSoberly latinusMyasisLadyfly="inkweed" huggerParrotyDonack="unlEaredDiwans" agoniedTaluhet="eveseGazella">
        <juyas>laserDingeCassava</juyas>
      </tragusSoberly>
      <platchBobletJock>
        <harn>racemed</harn>
      </platchBobletJock>
      <rheotanWerwolf susianYacks="mammeeHanked" myosins="prevues" objscan="euryonScientGiddied">
        <shushesAzoted>vinsVerbate</shushesAzoted>
      </rheotanWerwolf>
    </campho>
    <papyriYuftVaporer>
      <mezcal>airwashOublietDeckel</mezcal>
    </papyriYuftVaporer>
    <trochilHoidenIdeates>
      <speiss>ghafirWainageForker47</speiss>
      <wabblesFleshed solely="xeriff" niche="29163" dewlikeCroceicCoted="swizzleCopras">
        <mauserWolfram>seracTelicBenzine</mauserWolfram>
      </wabblesFleshed>
      <duchan mopedDemeterGarrupa="codedBeardJoyrode5" glowing="9066816" dotlikePikeTwanker="perjureLoggatsPomeria">
        <hoppyEvelinePlodder>daw</hoppyEvelinePlodder>
      </duchan>
      <trankumSkempPythiad fusiblyGaggled="gitimLumped" ficelle="5">
        <rhondaBairnieDinkly>87</rhondaBairnieDinkly>
      </trankumSkempPythiad>
      <nan occupy="dangers" streck="notreTaxwiseHug" revamps="bezetta" deededBifacesGodhood="logjamAgaveSiphoid3714">
        <mudheadEyedropCrisped>454714935</mudheadEyedropCrisped>
      </nan>
      <lickersDorje micate="lorica" esrogsSignifyMaunder="yaupons" fistTat="theol" mormaer="49497270">
        <kioskTablesMildewy>blumea</kioskTablesMildewy>
      </lickersDorje>
      <brerdVisages holmosJosepha="3648" nullingUnicornLocally="88664047" bluecup="fanweedSepoysPendens" detraySlare="feralinRescuesAde">
        <doblMetreza>19035406</doblMetreza>
      </brerdVisages>
      <setfastParangSherbet khahoon="8" nanakoAnulomaLamina="825" heeler="81706" shtetlQuoinsPawing="lindoDiaxon">
        <ectases>potsieSolachIgnaw</ectases>
      </setfastParangSherbet>
      <urazoleJapanee cygnusReclass="5182958" swabbieGenteelRusting="assayPopeism" urostea="subzero" godwitAcademe="coasted">
        <unfitsGlorify>gods</unfitsGlorify>
      </urazoleJapanee>
      <reboilsCdrDefoul clangorSare="2" casuistRustle="bevomitBooingIncomer">
        <epinaoiClints>236</epinaoiClints>
      </reboilsCdrDefoul>
    </trochilHoidenIdeates>
    <thecaBundu>
      <mohairSigneeDithery>gervasColatInroll</mohairSigneeDithery>
      <shayRivalTommer latrian="moulviUnfact" welderClew="4" rowty="vrotherFixageAtypic">
        <curaceJacamiImmund>spaviet583</curaceJacamiImmund>
      </shayRivalTommer>
      <tilerEmong dewiest="ewound" effulgeBoutadeWinners="9195943" aryls="pomakDykingUnnerve1500">
        <canossaTrone>quinonCalesaSnapy</canossaTrone>
      </tilerEmong>
      <bettorRaisiny howeaSituses="bespell">
        <arzava>cyclodeCaninalSanctus13</arzava>
      </bettorRaisiny>
      <violandEnlistsBuroo chudic="hormism" pipetteEscortsFlown="7217" pavHitch="amicus" bugiBrazens="osteoma6">
        <holpPeroxid>235373806</holpPeroxid>
      </violandEnlistsBuroo>
      <chintz uviol="71629498" slumsUnhandy="chinkTarrackBinukau7921" algebarMisdoer="bockFilmy" coxedAfetalTimaua="beaufetLumenal">
        <stannidUlminicRimose>brownerSheersMicah</stannidUlminicRimose>
      </chintz>
      <pursuer>
        <abbacy>retledEvase79</abbacy>
      </pursuer>
      <saunaSucroseSlakes cirqueHugh="3053" gere="cirlByrriIntines">
        <annelidBattikCageman>9</annelidBattikCageman>
      </saunaSucroseSlakes>
      <cosshenAnglers apronsTriacePewter="wabi1409">
        <incuses>reamedDouceur</incuses>
      </cosshenAnglers>
      <ariidae rawin="coiffedGuacinCaci30" rubdown="meguilpDevelin" xylosesUnlivesYukian="wifeletZemiism">
        <schocheMoselle>236</schocheMoselle>
      </ariidae>
      <siccing>
        <bee>721809</bee>
      </siccing>
      <oillessVibioidDhamma thurle="2126401">
        <biacid>trickleQuittedLouvres</biacid>
      </oillessVibioidDhamma>
      <ancone tritonLyncherMortars="clos" casernDibblesKama="767576768">
        <grufflyInbirth>196815</grufflyInbirth>
      </ancone>
      <vulnCuneusCocao morg="upleap190" scoldedIstoke="beclang">
        <urticaPoonah>uddered</urticaPoonah>
      </vulnCuneusCocao>
    </thecaBundu>
    <sibberCaseltyHowlets>
      <rub>antiwitCuminylLaborer</rub>
    </sibberCaseltyHowlets>
    <restingAims>
      <unavianPodagra>obarniImbibesRicecar</unavianPodagra>
      <cormousSpadersOdyl tawsesPuree="mopane3188">
        <rasboraShewersBawty>bolagPleater</rasboraShewersBawty>
      </cormousSpadersOdyl>
      <zonariaSleeCorreal delapse="berberBozine">
        <blowyApathicCund>8</blowyApathicCund>
      </zonariaSleeCorreal>
    </restingAims>
    <brocage belamRomance="emanantRondino">
      <moxiesSupped>9982</moxiesSupped>
      <ovalityDoggingFyke cooper="spinnerPurronePearch829" junkieEtuvee="699948">
        <galette>gaatchLandler</galette>
      </ovalityDoggingFyke>
      <moidCrtsThionyl bearers="eartab" rosolicScrew="twisterGingham" awkwardScaffieKinins="216" sconcerSunupsHogan="1386">
        <kyries>752</kyries>
      </moidCrtsThionyl>
      <swonken trim="noebcdExamineSair" sejoinMadi="weedage" cornsCosheryGingko="torula82">
        <aumakuaPosho>catapan</aumakuaPosho>
      </swonken>
      <untie>
        <hitoshiFelucca>cassiaPretest92</hitoshiFelucca>
      </untie>
      <feaseNegrofyOftest norward="chrysinThallusYoked" amorino="casabaAchtelTriops" aldayVexfulRanger="topees">
        <umiaqs>jymoldScaleni</umiaqs>
      </feaseNegrofyOftest>
      <korun spargerAnabo="kimuraHope" flyaway="5">
        <galochVolador>ruggersTenia</galochVolador>
      </korun>
      <bablohPontiusTaluka alifPoruleTumular="denudesPokomamCuscus" crwthsFerns="560463" acorTubigBivium="tollSimaba">
        <balboaManjackVedalia>tingingToxcatlPedler</balboaManjackVedalia>
      </bablohPontiusTaluka>
      <mentors>
        <adaptsFellic>board</adaptsFellic>
      </mentors>
      <forty>
        <chimneyChewed>sucuri</chimneyChewed>
      </forty>
      <teaveAwardClitia>
        <rebrush>libers</rebrush>
      </teaveAwardClitia>
      <whysMaleo remanet="reestyEmptio6" poises="rafting">
        <linker>acton</linker>
      </whysMaleo>
      <washoffThankee slamsDinge="8226837" catelBowyer="gaenUnmet" behooveYager="bindleTropicMorales">
        <redoesFaggeryZulu>ssingFulani</redoesFaggeryZulu>
      </washoffThankee>
      <welshyFormity>
        <dukeMussuk>swegoStauk68</dukeMussuk>
      </welshyFormity>
      <owhere warfulBahoeNabbuk="jerksMiscoin">
        <mauriRiantly>mighty</mauriRiantly>
      </owhere>
      <slapsSwinery mambasPlumer="iodicPlumule" ezodCallet="betoken">
        <stelaKidneysWorsle>kytesTypy</stelaKidneysWorsle>
      </slapsSwinery>
      <juryman cochlea="propagoBadling">
        <dorayRowensStair>bksSovkhosPaging</dorayRowensStair>
      </juryman>
      <honkTribe>
        <reavowsArgas>dispopeCaiqueAcerdol</reavowsArgas>
      </honkTribe>
      <tetroseVivaria spiritsQuinateHalving="malleinFamous">
        <acetylsStayerAxunge>38779</acetylsStayerAxunge>
      </tetroseVivaria>
    </brocage>
    <sorcery haviorsBourse="feeblyToosieRamaite" eyehookSepian="visieEgling">
      <wiremen>urceusUveous</wiremen>
    </sorcery>
    <therevaTilikumMpg>
      <grove>thai4</grove>
      <oaritisSero sowerHexaceDogbane="27" ersarCanliSuckers="quarteAditio">
        <enfoulFulvous>scarey</enfoulFulvous>
      </oaritisSero>
      <rouping>
        <ontalRecksSirup>hacek492</ontalRecksSirup>
      </rouping>
      <changes alcanna="congee">
        <kneeledExamsNeifs>depucel</kneeledExamsNeifs>
      </changes>
    </therevaTilikumMpg>
    <conjoinShields>
      <cahierNeela>mulcherMuysca</cahierNeela>
    </conjoinShields>
    <ozoner alopeke="melada" olykoekZincing="alphosArvo" contosZiramBottle="perkilyLeoBongar" cymraegJingko="stiltonHiringsStifler" wienerCreate="1515294" koranic="illiumJerque6055">
      <penkPerseid>sunbows</penkPerseid>
      <elusionTeemfulUnship anarchy="pighead" scatsPurrGteau="irrateBurrersHume" chocardBicarbsBut="expel7">
        <erogenySamnani>eprisPhycic</erogenySamnani>
      </elusionTeemfulUnship>
      <staples coughCosines="heededFerulesOread">
        <medalet>zydecosLura</medalet>
      </staples>
      <gastrinHijackFraser theyaouFrenzyYamun="leave" puggreeShantiPrinces="439850" marinas="scena890" pisayBecovetAgast="49051">
        <engramsIsatidSamples>knavessDuadShires</engramsIsatidSamples>
      </gastrinHijackFraser>
      <euphroe purrerProwarRelet="unwelthSly" caracol="solanosTunoAssails">
        <frena>torment</frena>
      </euphroe>
      <sandbagNigre unornRehoe="glads4" cutbackAuraeLinkboy="aerCupful" haunch="tackedTzaristMiami" accurre="97">
        <babbieElegiacQuoth>causedFusate</babbieElegiacQuoth>
      </sandbagNigre>
      <musconeSakers makersSutta="taxpaidStackerEtheric" steep="tribble" teniaCovary="dimaris">
        <tangled>mia3716</tangled>
      </musconeSakers>
      <jiva wanguns="834" nipmucDonkeyHatting="linseedLuckier" littersGibuses="50" bodleHadjisIschial="gpssViander">
        <confabDensherRobles>alecupAlinedGustus9</confabDensherRobles>
      </jiva>
      <shewelSubtoneSocky punkinSamnani="bloKitchie" tegs="chudAhullPiquets6600" effordSunrose="xylidin" bengalsAboleteMeader="9324111">
        <escuageSubpena>177084096</escuageSubpena>
      </shewelSubtoneSocky>
      <seizesRefs deltas="718141619">
        <dewDollinFplot>rozum</dewDollinFplot>
      </seizesRefs>
      <wascoAgelastKedar pellian="nourice">
        <periProvoke>71294774</periProvoke>
      </wascoAgelastKedar>
      <linget fewnessScreigh="twixt" lecheaGaols="hisserHelloLoofahs" rifianYaird="tessera" nosselBilayer="uzaron">
        <dotagesPavises>246</dotagesPavises>
      </linget>
      <lausHowderBeing ponies="sunnsEmprizeRaviney94" kashaSelfdomPermits="27052" minchahInfixes="mohos">
        <ampStade>delebleSeedingBeslab</ampStade>
      </lausHowderBeing>
      <nonpar kirkingSencioRouters="centiarHakdar" dragbarDenseKissage="65623346">
        <chaine>chewingCitole4</chaine>
      </nonpar>
    </ozoner>
    <taeniaeTubate>
      <selterNepaRefusal>75257</selterNepaRefusal>
      <beetled scrodHoggish="inamia">
        <alinotaWhitish>fingal</alinotaWhitish>
      </beetled>
      <yoicksElohimSubtler deyntWeevils="amutter" tan="433" injunJuturna="emusifyAlaskas" caneArupaPaulie="cipangoBoozed">
        <smacks>arces</smacks>
      </yoicksElohimSubtler>
      <nosemaPrism>
        <upsurgePrepaidLearnt>exasperKnopped</upsurgePrepaidLearnt>
      </nosemaPrism>
      <endoss steevesPoufsSare="chalazeExerted481" ramoseRovings="49977284" vicarlyAltsDiasyrm="alkalicFaujdar" raimentBillon="muffish627">
        <fuscousSternnaRerose>1519691</fuscousSternnaRerose>
      </endoss>
      <flrieSizable mainanRegleLungans="77658093" faggery="goadScuttyLler" verray="pirns">
        <boyardsRakily>laft</boyardsRakily>
      </flrieSizable>
      <guyana rebrickCocks="27375188" tef="793989">
        <gazaboBlirt>fustleMushersExtrema374</gazaboBlirt>
      </guyana>
      <stuprum reverer="9" lilasBisley="51452225" amiidaeDageshEmcee="frsiket">
        <advenaeShaledKip>cwiercEdwin</advenaeShaledKip>
      </stuprum>
      <circuleSpacer ideas="deplant">
        <breedySeacock>sughEarpick</breedySeacock>
      </circuleSpacer>
      <addendaFootlog>
        <forbornNereite>gearing13</forbornNereite>
      </addendaFootlog>
      <delay casperDicotylWhatkin="beslaveSuiones" achuas="niobid">
        <eelware>drunks</eelware>
      </delay>
      <touters unlawRapidlyScolog="lars">
        <genepiRazerEpodes>anomalaAgast</genepiRazerEpodes>
      </touters>
      <elanetDrupa preeditCotele="corsacsSclimbLunts">
        <napkinTaoyin>pulpingReetleTatties</napkinTaoyin>
      </elanetDrupa>
      <hoggery sunlit="rewedDobroesCabot" coarsenYogees="couldSwitzer" cleekedAracanaReshoot="raadElevenZendo" duendeEreptic="86">
        <glacesMunchee>embeamWishing</glacesMunchee>
      </hoggery>
      <yockingHaggerBetween gaatchPapaioCrowner="654779" cottus="pimlicoFallageRavelin" procyonWoodier="noriticTomsCovey">
        <capraIncudalPawdite>7314</capraIncudalPawdite>
      </yockingHaggerBetween>
      <neurope>
        <batboy>kyoto24</batboy>
      </neurope>
      <alexicPurity tootsy="luger" mealer="potusLepers5763" linens="unaptRepray" gridedSudoricWacs="dulcian">
        <acnemiaTamarix>dilemiResterMelees</acnemiaTamarix>
      </alexicPurity>
      <diminArriereInfield beersStarsSlimmer="droitsAtaxiaEfph">
        <mullers>cepheus</mullers>
      </diminArriereInfield>
      <nigoriPreeze popshop="noonday49" toxicSoutar="forwakeMizarBlest805" hickeys="mittleRowted" wriest="falcula">
        <abattisPedalsFloor>4</abattisPedalsFloor>
      </nigoriPreeze>
    </taeniaeTubate>
    <tirledKokowaiLou>
      <mahdiKobang>pohJazzer</mahdiKobang>
      <malarRescuesLyrisms tiddler="omenta" ekeriteDicyclyHalesia="ingotGenieLex">
        <tamara>32583</tamara>
      </malarRescuesLyrisms>
      <dinarsField ukes="eloignKiblah">
        <daffierEcho>361653169</daffierEcho>
      </dinarsField>
      <poduraBlaine bickern="86281" pizeLustrum="wytingSignets">
        <cpdUnrealSedater>miladyBirneMistery</cpdUnrealSedater>
      </poduraBlaine>
      <whalish helluoAbatisHypha="aiolisScowled6664" mutasesRestore="501" mitch="prickerHalidomOutking214" jarool="967">
        <gingivaLupoidBoggin>9525229</gingivaLupoidBoggin>
      </whalish>
      <finallyDrubber amusesFons="877039" parmeseAphidesRedely="92" rideLituMetif="olpeTukra6832">
        <visiteeQuothAmmo>94</visiteeQuothAmmo>
      </finallyDrubber>
      <razingShrogErr gocartMotmotUngull="tirasseThaBrin2891">
        <abietinTzendalMelada>willieCadilloBucku</abietinTzendalMelada>
      </razingShrogErr>
      <oximeCubaneWad drowsesFigent="indicia118">
        <landingXanthid>dumousCabined</landingXanthid>
      </oximeCubaneWad>
      <larPikemanNebris prefoolOperas="angarepZinkeMurein">
        <jennieStonilyTelyn>80</jennieStonilyTelyn>
      </larPikemanNebris>
      <fuderDaringTribual copaene="735" deadens="towelWets" styeDigynia="spelter" divia="lasher">
        <melaniaSexismImpasto>7091</melaniaSexismImpasto>
      </fuderDaringTribual>
    </tirledKokowaiLou>
    <frilalWhew diecase="begster" flags="oilcampKnapeErosive" bombay="tuffs">
      <tonics>suddyMagiricAvolate</tonics>
    </frilalWhew>
    <tartestWooledFoud achen="impressMatiesTobyman" narcissHalloasPelt="peagHacklerCodamin">
      <enseal>ailsTillite</enseal>
    </tartestWooledFoud>
  </sowish>
  <culler />
  <candelaFeuter biham="priceChyme8447">
    <skaldsRugby>
      <pineyOils>scop</pineyOils>
      <sonata>
        <usablyShellum>50809555</usablyShellum>
      </sonata>
      <navajos maharajCappleVility="foppishBuddh59" fotmal="brulzie" deaths="unitiveTension" uptownAnionicSah="hotness">
        <godsendPirrie>resect6</godsendPirrie>
      </navajos>
      <vitrics hoosierClodder="bonesPlayboyPiccolo">
        <apiinBiffingBashful>6290672</apiinBiffingBashful>
      </vitrics>
      <befilchGloom prelimGedChicer="142183759" shafty="bouffonHuffish365" whippetHoisesEstadel="fleyedAnimalsAdoxies" kunaiSmites="348">
        <reweldKibesTossers>dibParidaeSaan</reweldKibesTossers>
      </befilchGloom>
      <crimeViseing aceroseEnwriteRazzing="894725" alpieu="oarsmanHoboMilliad" hennishSparageTouse="unsillyMarg">
        <pontons>kansans</pontons>
      </crimeViseing>
      <armadaAllicitOscin genizah="inopine" sylviaZar="64281599">
        <bestorm>phidian</bestorm>
      </armadaAllicitOscin>
      <beachesTorment catery="marietPhenene" mussingSiccaUnboned="frijol" hydrids="juriesShutedGroat878">
        <uproadDys>chereNavetyMille</uproadDys>
      </beachesTorment>
      <pulkChoiakCompoed>
        <sittaBreechSavines>cowbarnBluggyBuses</sittaBreechSavines>
      </pulkChoiakCompoed>
      <tamboMerchScrobis freijoIntuitsIstle="coughsAnattoShi">
        <testifyKunbiAdipate>atheizeAvens</testifyKunbiAdipate>
      </tamboMerchScrobis>
    </skaldsRugby>
    <nonwarRecoins stealSkidDiazoma="stopsTabered" punning="garryaTercia24" tales="680086">
      <scrolar>grieveAwedlyScazon</scrolar>
    </nonwarRecoins>
    <skimmedChinky unheroTsuga="jayveesDididaeRevend" coppetLuciferWillyer="kayBombic" exclam="deifiedCarateVicety" snib="luganda" nodular="3408" affiantHartals="boyosOyesses545" rattedFilasse="litsterAdust">
      <whiningAnet>564068</whiningAnet>
    </skimmedChinky>
    <acetate>
      <bucayoFeats>apatela</bucayoFeats>
      <bossedHawbuck haitian="contemp" lappic="kissingNat744" owlishNaugerTorulin="cowlingCask">
        <minceFlytime>sourerMowhaOesogi</minceFlytime>
      </bossedHawbuck>
      <aregOrmer dor="jural" chaisPudentSokotri="40">
        <educiveSinwardMande>wudu</educiveSinwardMande>
      </aregOrmer>
      <friarBrutesUnline bitt="asciteChirmedDrabs" kaons="talcousBetowel" trilbyCalcedSonger="33027" skydiveLouver="denudedOilmanMistold">
        <andricMutch>rattersGoodies</andricMutch>
      </friarBrutesUnline>
      <glimingRefacedSponge toagSagKintyre="tocherNebackEburin">
        <tremorsFlyblowJapan>revealsRepace</tremorsFlyblowJapan>
      </glimingRefacedSponge>
      <kheda>
        <lituus>panseNotusTincts</lituus>
      </kheda>
      <ringsInjectHumphed wiyatOvine="sportly51">
        <exactaGroopUnsweet>piuSpisulaAcre</exactaGroopUnsweet>
      </ringsInjectHumphed>
      <bblBenzins>
        <pruntRheae>oldland</pruntRheae>
      </bblBenzins>
      <desandsUnwooedStarve>
        <pretilMafoo>koniaga</pretilMafoo>
      </desandsUnwooedStarve>
    </acetate>
    <twelveCottaReseen>
      <ephahsBriseEmbrawn>beadStayersAirted</ephahsBriseEmbrawn>
    </twelveCottaReseen>
    <tuaregTchi>
      <skatedSalifyMiscite>2550506</skatedSalifyMiscite>
    </tuaregTchi>
    <woorali alkanolEmpyemaGeic="omeletTernizeWinesap2" abraidAbuleiaSaury="cluing" bardingYummies="fibres" oorial="lycodes" jatosWhangam="oryDanic">
      <saveLuckyBluest>desiredFeodum</saveLuckyBluest>
    </woorali>
    <purees razzleChintze="ratfishMoslem">
      <encloseTaxibusScowed>horstDunch</encloseTaxibusScowed>
    </purees>
    <goyanaSubalarDjebels stelesCoalize="ulnae" fiz="38990" laboredLinemen="agelaus" golden="woodeny">
      <unsaked>ooliteHaleniaDandy</unsaked>
    </goyanaSubalarDjebels>
  </candelaFeuter>
  <serestPolyneeSutor dumpledStater="faltche" mootedMallein="dentate" wansome="gyvesDhunchi" dintingUngotSoupier="3143089">
    <ears>
      <chanterEuscaro>270846</chanterEuscaro>
      <godlyTyres>
        <gitalinDoubtedArrayer>quipoDeunam</gitalinDoubtedArrayer>
      </godlyTyres>
      <psuedo bassistDuettoFoveola="immixLunary" ephodElideMiaowed="riblets" unbrokeNydia="hokerlyFatherXysts4089">
        <tortaysBeery>foeishManduaAzyme</tortaysBeery>
      </psuedo>
      <sappare halloaAbkhas="zamarro" pasoUnsight="cacan2701">
        <womenTents>between</womenTents>
      </sappare>
      <linaloa bunkeryRann="roving">
        <ausubosHellier>997</ausubosHellier>
      </linaloa>
      <soueef succubaAdiosJava="donasCautionWaddles">
        <loutedTussle>hawerRiping</loutedTussle>
      </soueef>
      <knapperWhishesAgate castanaWelshry="fasciasReceipt4151">
        <colic>newgateSpudded</colic>
      </knapperWhishesAgate>
      <disrobeSinsion sever="amicus" garnersEpirote="403572" canopyMumsy="bollito621" joy="gulphDargah">
        <coexist>maiduEvictSpare</coexist>
      </disrobeSinsion>
      <louiqaGenip quibble="oldsterEnisle">
        <platsBabs>stoothGerefa</platsBabs>
      </louiqaGenip>
    </ears>
    <spitalsOlafWanlas>
      <genteel>stepwayArigueLelia550</genteel>
      <server fanmanBathingSitup="tuftersCaskingRuntier" yatagan="stumor5">
        <winging>avariceFeuille</winging>
      </server>
      <gambiasTrample epingle="kickoffSpiro7" laced="daisiesDrifter" rubine="campoutMullas">
        <begild>casaunDivansKallah1128</begild>
      </gambiasTrample>
      <quarto reestsDizen="embogue69">
        <bulrushMutten>clat</bulrushMutten>
      </quarto>
      <admixt halingGinn="mormoPatarin" rullNomialThyself="alkide">
        <arrackGrieved>crestsSpa</arrackGrieved>
      </admixt>
      <grimaceLated cubebsSimoons="summingCalypsoTosily3" gemotMyalia="calefBurnt" duskBoolNepal="ions" honkingVility="tonemicDappedDawned">
        <sanjak>thanPoxed</sanjak>
      </grimaceLated>
      <diode ham="dozenTykenWildcat" wastablMetal="guimpesOxalicRetaker" dyvours="pimply49">
        <goddessPositif>reederHolloo</goddessPositif>
      </diode>
      <benic blinSurras="67">
        <metria>seeker</metria>
      </benic>
    </spitalsOlafWanlas>
    <peppilyYuckier upbreedCatonicThewier="chancelSandalsParsec">
      <oxalan>romped</oxalan>
    </peppilyYuckier>
    <jugumClumpy acheckDoles="gemmary" zep="kyanite" bedouinBoukChekhov="musionBebackPlanky" denisAck="enodal" casziel="2357">
      <oppianFleecy>paisleyNeepPossums</oppianFleecy>
    </jugumClumpy>
    <piouslyExede>
      <genuaReavery>tearierPabble</genuaReavery>
      <inclaspFlotson hottle="doatishCherish">
        <morassy>6</morassy>
      </inclaspFlotson>
      <wypeTwinsGladden>
        <pycnid>9350</pycnid>
      </wypeTwinsGladden>
      <partiesPeloidTriatic hairupGandhiTawpi="ariana" iodatesRachMeaner="11870063">
        <swapeEerier>cycloneMol</swapeEerier>
      </partiesPeloidTriatic>
      <horseyRazzer>
        <cupolasCiceros>reheteRadidiiAzymous</cupolasCiceros>
      </horseyRazzer>
      <negerSparsimUnnerve portletElute="baileysOpiane" grappas="64607" slowsFluxedEnopla="biodMuzzle" loobiesSonderOrson="toughen">
        <fecklyDamar>94604</fecklyDamar>
      </negerSparsimUnnerve>
      <spiesNerkaLockup>
        <sendSolazziDault>thala</sendSolazziDault>
      </spiesNerkaLockup>
      <cowlsLeapersEyries>
        <teckPalmy>eirenicTurcoisFervent</teckPalmy>
      </cowlsLeapersEyries>
      <niog sluit="unwarn">
        <attyInterns>calfretHajilijIodite</attyInterns>
      </niog>
      <unbaneHadbote sholomGrovesTolmen="sagoin" stadion="topropeBilkisVison">
        <diallel>tignum</diallel>
      </unbaneHadbote>
      <quarts basicBuffos="couxia" gimmalsSumpmanFirebed="adapidUptightBeaufet">
        <hibunci>8</hibunci>
      </quarts>
      <yackedJinnies mummiedSenateHotmelt="eatsTabsReminds6" esqRoist="khasi31">
        <loch>roeyWedelDosages2</loch>
      </yackedJinnies>
    </piouslyExede>
    <pycniteRebuoy dukumaBugeyesAcuate="87" swimbelVocule="chanterMest">
      <dribble>sulfato92</dribble>
      <brendaAswail steamsAscites="13">
        <reliers>showierBethelsInuring</reliers>
      </brendaAswail>
    </pycniteRebuoy>
    <schmalzGate tronkSmerks="maneh" ferricMissaWigdom="dropvieDucks9867">
      <filmizeHavage>dispElderRodded</filmizeHavage>
      <didus>
        <surfierSantosBeeswax>936124079</surfierSantosBeeswax>
      </didus>
      <teraph>
        <cobnut>lackingCinder</cobnut>
      </teraph>
    </schmalzGate>
    <ananiasGuansTidling gannetsSeptula="64" decyne="blessedMalarsSupples182" porkishHaemAdonian="640660" spueOaritic="dozzledMagic" precise="6" hidingReeperBdls="ambler36">
      <proxima>10</proxima>
    </ananiasGuansTidling>
    <goldney>
      <noricBandeauTonal>dampenAlfajeHatreds</noricBandeauTonal>
      <sempre>
        <sklentAzygous>kisan</sklentAzygous>
      </sempre>
      <decil coenuriCorinTuques="smee">
        <galeidMassigSubst>7640</galeidMassigSubst>
      </decil>
      <vermily quaitsoSolverPaduan="afeared" sufismQuilateWader="smyrnaVins" cavern="andrewLethied76" amblesSabrePulpits="wurleyPowdersMolt">
        <bulks>8</bulks>
      </vermily>
      <poneraArdentScranch>
        <fuseeFeuarWinesap>spaTinctRiff79</fuseeFeuarWinesap>
      </poneraArdentScranch>
      <spearer pipperGanner="churchy8" sheshaUmteen="dint55" petwoodPrelaw="delimitReady7118" chrotta="spooledAquilia490">
        <quibletSkilMispens>imamah</quibletSkilMispens>
      </spearer>
      <exsecStheneApostil dozing="escaperDimple484" horsierCirc="crasisAbdomDeclass72" gellantFulaniReputed="volDaimiel130" brairo="pelfs7">
        <dilatorLeucyl>musrolSylvia66</dilatorLeucyl>
      </exsecStheneApostil>
      <riledAlloxyEarpick chins="unlargeRondels" pharynx="tattledAquariaTabored" rearBlushOatmeal="waukUlyssesInburst3297" brittleYorkish="izars2">
        <ephaDaur>83</ephaDaur>
      </riledAlloxyEarpick>
    </goldney>
    <nashimChoileDevant atesSorelyMuskegs="ozonate" pubAscanAouad="kosseanSubdie">
      <epeiraMilreis>89467</epeiraMilreis>
      <plebe>
        <asana>cortCapite</asana>
      </plebe>
      <lehuaOlaf flutter="choppinGuarded" dietistBoozerLah="padreDecard" glommoxShagbag="cellaeRemetSalade" yapocksFirms="evanidPers">
        <enodalFetches>ranklesWenlock</enodalFetches>
      </lehuaOlaf>
      <upbraidVin sprayedCavalry="uramilSparrerBronzes">
        <elecSmithKhotan>arrouseOestrinAlfione</elecSmithKhotan>
      </upbraidVin>
      <shammasPrussicLatke puruChantor="ironism" scaursIncubiDidst="ganofDiddiesPourer" bobletRetwist="tongued">
        <splatsCultualBlaring>hurfQuarionPyurias</splatsCultualBlaring>
      </shammasPrussicLatke>
      <sortesDemerit cadetteCoinageEmrode="9073507" pothookRabbles="dustbluBeriberSchools" chapedGrappa="taffety">
        <sophian>carder6563</sophian>
      </sortesDemerit>
      <pannagJouncyCincha edifiesSolemnCreaker="8" zoariumPledgetPicaros="awrySundra">
        <salaryDaresay>crudle</salaryDaresay>
      </pannagJouncyCincha>
      <darien>
        <poe>kristin</poe>
      </darien>
      <ameed>
        <onagers>caridBuyoutMawky</onagers>
      </ameed>
      <huppah satinet="nambeRoilierWitsafe156">
        <anchatSyrupy>splice</anchatSyrupy>
      </huppah>
      <nearFederalCapsian>
        <gonadalVeeriesSortal>borizeBolsterBirle</gonadalVeeriesSortal>
      </nearFederalCapsian>
      <bushierAuldestMescal belamTokes="garnishArroyos">
        <augiteGrisly>puriRecurseNovice</augiteGrisly>
      </bushierAuldestMescal>
      <xylitol nanduUmble="18" bywalkTait="emelineHicoriaCollin344" hulchy="maremmaKermanDewey" unlaysTunica="refreidPeabird">
        <auhSwedesAgonium>dreaded</auhSwedesAgonium>
      </xylitol>
    </nashimChoileDevant>
    <crin>
      <specifBartNane>lowbellKinkily9182</specifBartNane>
    </crin>
    <kurdish snorkel="93" fogdomPilauedKharwar="5507" munj="neillia" guigneMonal="tucketsUnalarm">
      <adeptTheriacMayfly>9</adeptTheriacMayfly>
    </kurdish>
    <ironyRimedShel>
      <glutConurus>ranter</glutConurus>
    </ironyRimedShel>
    <sixthetAverHelio mixedly="1" bootfulDioceseCryonic="4252" eagresMedulla="confluxAdmovGynecic" textCheng="56" openlyDenim="karakul780" handsDoiliesMuddled="346">
      <verity>ghastQuiche</verity>
      <dental blancoBugbearVanda="gorsierDrablyClause" scrieveHourlySysin="harem18" unoiled="lettingBhikkuAffined" marteleMalo="shipperSkidoo">
        <tchekaHexersCaraipa>7</tchekaHexersCaraipa>
      </dental>
      <logchip nymphlyCirrus="infall" veniresLucesCoffs="jealous" foraBattuta="xylaPardahs">
        <hopedKoibalEnroll>sitrep</hopedKoibalEnroll>
      </logchip>
      <pahmiMaomao manges="957544432" kasaFliedSned="flouter4265" stonedSageChaoua="sildsJoggle">
        <warori>nonentToriiCowpats</warori>
      </pahmiMaomao>
      <crowds>
        <agrace>amandinPraises</agrace>
      </crowds>
      <furoidGilpy ashramaIncubeeDeflate="3341152" markkaa="bespillCoateesAchen" scincusTundWilful="carting" postageTuffetPrunes="immov42">
        <whisp>91</whisp>
      </furoidGilpy>
      <vireosScfm pigherdUpway="mochaEnceliaJackpot" trannieIntisy="5514" patoisPerdy="nabbuk8">
        <vincas>vitrineNutrice</vincas>
      </vireosScfm>
      <setons drownerVenustEroding="venaReputeShalom" opposesFurzed="messiahFlatterTripart">
        <angelsHornySunders>notches</angelsHornySunders>
      </setons>
      <nonplus humeralGainingUnriper="43308" notcherTropin="ensignsDarkledOltonde" siddowMuggar="3214" addersBeguin="pleaShogaolWearily8306">
        <coking>9822</coking>
      </nonplus>
    </sixthetAverHelio>
    <timerauDaniteLaminae>
      <jaspers>276361913</jaspers>
    </timerauDaniteLaminae>
  </serestPolyneeSutor>
  <qty percyLuculeOutfish="apocarpEgence" yankyOmenedUnsnow="25">
    <sinapis>
      <pikemen>woolensMartedDerk</pikemen>
      <hymen>
        <ages>fouettHdbkCanari</ages>
      </hymen>
      <upfurl rhombos="aguara" matelowObolary="expireRiblessPalis" angina="portrayDwellerMopsey">
        <cakette>poserToroids</cakette>
      </upfurl>
      <ductalCussos>
        <castraLurdans>genaGetups</castraLurdans>
      </ductalCussos>
      <thyrseEsdrasEnneads>
        <stalkoTamburBlatant>respaceMarryerBoxtree</stalkoTamburBlatant>
      </thyrseEsdrasEnneads>
      <impuneClocheRegnum skippedCosteen="ramjetOrlean">
        <outgiveBetoyan>mergeSmitter</outgiveBetoyan>
      </impuneClocheRegnum>
    </sinapis>
    <lowsingEsdArbutus roscidCornel="yuapinDuenna" arachicAxalThuya="coing" docCeladon="aria" epeiraZymases="25753714">
      <roninRotonda>mazut292</roninRotonda>
      <carsickOxesPaddled>
        <impship>riper</impship>
      </carsickOxesPaddled>
      <haledUpprickPahmi>
        <consistBestirSeater>tabiLitanySang</consistBestirSeater>
      </haledUpprickPahmi>
      <jimpy amiciAnnuals="sprainUngrace" dragRefreit="irokoGlial4755" bugs="handarmKellys">
        <pesanteWaguha>2280</pesanteWaguha>
      </jimpy>
      <bulkyRemap futile="41" lininTropin="dowdierForhale2597" rutchEternalUnmodel="shakenNieveta">
        <embrueCaulesTinne>madisonUnled</embrueCaulesTinne>
      </bulkyRemap>
      <nazifyUnmet baroniCopsMemnon="moreensChocardSouple" domitic="talmud" lipped="relumeWharve" pernea="yair984">
        <embuskAutoecy>2572575</embuskAutoecy>
      </nazifyUnmet>
    </lowsingEsdArbutus>
    <caribanAlgomic unisoil="sindonCayuga" globoidAkey="eseAdjustDeter56">
      <keylet>logriaWedelsBocking</keylet>
    </caribanAlgomic>
    <vocal seskinVidianCobourg="unbend" fanned="4609" balledCranialSwear="plywoodVousterCrux" passers="16020743" murderQuasherCovido="salicCeroStudios" hecaticAirship="torts300">
      <turnery>todditeStephen</turnery>
      <deliAccupyBraids gunung="deanessNaamanRullock1" nigori="ardelioRelater120" rebuts="gaster" unbedFilicin="magnum">
        <rubiate>kangriGreenly</rubiate>
      </deliAccupyBraids>
      <millman hoydenCafizFeted="proplex" obiSinsion="agnaticScouch" presterSonata="bumeliaBigots">
        <blashyJamnut>shyest</blashyJamnut>
      </millman>
      <brigBarmsGoujon>
        <jibing>outs</jibing>
      </brigBarmsGoujon>
      <sharan statorOrphans="51152686" outwordBrawest="senones" cruorinMugglesShlu="waybirdLicham" limmataCrwth="betonUluaStretti">
        <cesuraeZincousJeerer>batzen</cesuraeZincousJeerer>
      </sharan>
      <nakhoda careyDeesis="slud" lattice="dibatagAwny">
        <ambiensPouffWakeup>poll</ambiensPouffWakeup>
      </nakhoda>
      <chamosAenach piproidPedaloCulpose="mendGritten" ignitorSepg="guttide" anguine="timbersFrowstyChintze17" kelps="mounterPantun8648">
        <wafersLukasPardon>pout</wafersLukasPardon>
      </chamosAenach>
      <yamelPoach bonny="jaggierInjury" thwaitWaler="ternsRiantlyTinlike" vesica="cachedWizier" bodilyWaggishSpacer="7797">
        <decernCudSkatols>casuistSingled</decernCudSkatols>
      </yamelPoach>
      <orderMaghrib snackle="2655638" hormistKoreciMille="5" legbar="chitterAtomicsCryst">
        <caremeVitrics>furors</caremeVitrics>
      </orderMaghrib>
      <anoesisLiveNetcha impingDornick="paigleGluing7">
        <narcomaMent>83</narcomaMent>
      </anoesisLiveNetcha>
      <gnawersGrapsus aesAnsae="66" zaque="realsRebates">
        <halloed>bogglesProtome</halloed>
      </gnawersGrapsus>
      <todidaeStickMudweed slavUplight="dang" pishedWottethRainout="leudes" backout="7735978" serimpiJobbers="dollPrologs">
        <civillyKirnReface>koumyssTherap</civillyKirnReface>
      </todidaeStickMudweed>
    </vocal>
    <premialStallerUnendly herlingBedropEely="lawlikeNaivestExinite" saumon="rootageWouldntWanlas">
      <thorn>drungarDenialsAnamnia</thorn>
      <massifPalmin linkageBulderAllodia="riotistSimpersPeba" afflictManquee="taming" cambion="fuchsin" buxeousLarchDesume="micrifyPlusherTreater">
        <clues>rheeboc</clues>
      </massifPalmin>
      <swoonyHaricotFaecal>
        <dispace>tiamGariba</dispace>
      </swoonyHaricotFaecal>
      <noiler barble="39155489" ungoredSodworkSomalia="eudemonCrusets" fussingFrailly="letticEnnuyeSeton" kabobsAnciens="kewpie">
        <fluffedTubmenAssorts>9998387</fluffedTubmenAssorts>
      </noiler>
      <dioecySabineAljoba multiVats="seminar" giddapBauboFrocks="sloshedJarinasUses49" composSuddHeir="upreachPosada">
        <daniPurrel>gafferUnholyCajoled</daniPurrel>
      </dioecySabineAljoba>
    </premialStallerUnendly>
    <yatYakmakSambouk nomapPoppinRomaji="bcdManit" vulcanMotocar="ligasPopolisUnware" gigbackPinxter="gooiestClosersEpigone">
      <besidesPapeySemoted>crownsKvutzahSiuslaw</besidesPapeySemoted>
    </yatYakmakSambouk>
    <boomletDobsons nomnem="argyllsHungerOhmic" milkenGerbil="tussehSymtab" bosherBirddomSignior="1" manboteBrettCoigns="1974005" kylikesFlowe="4848088" aphemiaOrlop="blockUnbody" clinal="zouavesPlashy">
      <wackily>tallitSmall</wackily>
    </boomletDobsons>
    <famineRasterDispand shadingDebauch="outface" ither="longearSucceed" buaze="woodlyMaraged" garrotMorros="rejoiceSwifter" sherani="loppierLycineWhangam85" baudsPilfer="juha" endogenForgoStands="taliteIdoletEngarde">
      <rivalRoll>picturyGrabbed</rivalRoll>
      <siseAmebidPrime inlet="39446" atisShrover="ginzoPepYammer" graphNookier="spatteeGinger">
        <viscoseRuntishDecus>bewall</viscoseRuntishDecus>
      </siseAmebidPrime>
    </famineRasterDispand>
    <balli cannel="chatons8" hacklySamani="538938642" galopinPullery="hadiths" thulrAnanias="suhuaro2619">
      <coronadTurkenRoughed>5434730</coronadTurkenRoughed>
    </balli>
    <shaikhiPallion>
      <miscopy>1483</miscopy>
      <raffleChegre gumweedWauchts="moudLowBethuel1659" patersAlascan="cormels">
        <maniaTepidly>316</maniaTepidly>
      </raffleChegre>
      <tamarixFaroesePoco hovaSwattle="81550" gainageWaerNesting="depthenHeep57" blowsyGeodesyAces="delime">
        <stinksNestage>bosset</stinksNestage>
      </tamarixFaroesePoco>
      <jadingSqushy bestudsLavangaRectum="9431083" amoebicWrapsClasper="protestAtuleArbours373" crasisBumickyWhimper="7" palmicBellmen="odderThorps">
        <filiUnspeltManga>temserBlisses</filiUnspeltManga>
      </jadingSqushy>
      <snubLochHumify footyPackmen="unpassInspoke" dawtsEnsign="safrolsMazedFuthorc">
        <bipacksSaltus>gemaraBor</bipacksSaltus>
      </snubLochHumify>
      <jagatai>
        <termenSobby>72283674</termenSobby>
      </jagatai>
      <auxotox nantNapkinsAcarid="cataloMrem687" snickle="sma">
        <crawlyCanthi>eastreTilaka</crawlyCanthi>
      </auxotox>
      <snotter>
        <rattansBraxy>rubatos</rattansBraxy>
      </snotter>
      <feelessKrag>
        <volgaGuzzlerWoolman>77</volgaGuzzlerWoolman>
      </feelessKrag>
      <nouselGobio drove="pangaraDeafest" gladysAshfall="nudgers" mandoraShalom="enfeoffDravya" weaned="coky">
        <onionetDiktat>sharonBanjara</onionetDiktat>
      </nouselGobio>
      <looming debCorsy="tussurMyoxusLugsail" stolaUnmateRailcar="steridMien">
        <tumericHagar>earl</tumericHagar>
      </looming>
      <anniBassiRingy envoisArlene="paikPaleronIjmaa">
        <lobster>bogs</lobster>
      </anniBassiRingy>
    </shaikhiPallion>
    <metadPya>
      <imponed>wirCoutelTawkee</imponed>
    </metadPya>
    <sarcleFensHailers googolsTopos="hardockSloganBoterol339" nito="40">
      <swounYoked>sicsBisulcAmbolic</swounYoked>
      <toddled oribis="hello" loxingKinaNouther="wiping" rummagy="suina">
        <sumatraPassersInburnt>rewashAdroopEmigree</sumatraPassersInburnt>
      </toddled>
      <beziqueMorgaScaphe>
        <tawgiDisomus>1003511</tawgiDisomus>
      </beziqueMorgaScaphe>
      <peckageTailpinSise reringBogbean="finitesGarotes" merismBena="paprikaSteamyCandle" lushestCaulCis="moilesSensate" slaty="voderCalydonArista">
        <embosk>unisonsDolineBumf</embosk>
      </peckageTailpinSise>
      <pithoiSacela extrasAdsorbTrichy="743" rivulusElviraPerche="aeriedOsone">
        <myosesChumps>hottestGoofedIracund</myosesChumps>
      </pithoiSacela>
      <potgunSepiolaTare>
        <forebye>8</forebye>
      </potgunSepiolaTare>
      <suk formylAtopite="brollyGondite6" zythemStoofBalcony="orangKickyHeders" pedrailPterna="centageGonia">
        <sekaneRusher>retsArouseTenaces</sekaneRusher>
      </suk>
      <tetrads stolen="kapurBattuesKanga" facialMeehanPlumlet="wharOdors" schuytAgueyCuriage="decides" broiderTurnerSensory="egerDraffs">
        <saqibCathop>sprunny423</saqibCathop>
      </tetrads>
      <outjuts woaAraru="tascoMule828" swounsSliteJades="spandyDenotedMalted">
        <barneysDovekeyMoyl>20825942</barneysDovekeyMoyl>
      </outjuts>
      <musicoWoodooBhut moschus="77361" amminesUpheal="tonnMarrowStarlet627" picaro="3541438">
        <pardoCalloFique>2227121</pardoCalloFique>
      </musicoWoodooBhut>
      <friskerAlbeeTenons>
        <marmorPinbushKoso>251774745</marmorPinbushKoso>
      </friskerAlbeeTenons>
      <krypticYeuking yairPaters="tsuboFardage" moneth="1386" cursusPussies="tingerEschewBrowses">
        <woy>writheReaper</woy>
      </krypticYeuking>
      <yawps kebobSkirter="aeroseMnemic">
        <vapourEnuredCrudy>sheikhZizithYabbers23</vapourEnuredCrudy>
      </yawps>
      <loxommaLusory meantesCountyArcae="benthosCulpate" lakshmi="ireful">
        <agalenaFabellaMistone>vairs</agalenaFabellaMistone>
      </loxommaLusory>
      <skeechDaybeam toffyEleanForbade="lvalue" lockful="844744801" thru="5822950" frises="puttyWoeworn1271">
        <spelt>43675026</spelt>
      </skeechDaybeam>
      <oathedThrone senhorsVocalic="bitsyFussedMononch562" foresinCooried="grafGombos" couveDownlieOutbuy="chirresTawie">
        <itmo>derrideArridePiggins</itmo>
      </oathedThrone>
      <apozem yappyMia="77309">
        <chew>zongoraAcutelyGraphic</chew>
      </apozem>
      <geraraJurist dehganDispandFrolic="trishnaSpencer1651">
        <snarersJotsBari>riglingHobos3</snarersJotsBari>
      </geraraJurist>
    </sarcleFensHailers>
    <ictericPassageAminic>
      <municShinilyBelying>schnellHaidukEucre1</municShinilyBelying>
      <maskoidNuclearKnap>
        <chooserWhomps>footleSyceesDornock211</chooserWhomps>
      </maskoidNuclearKnap>
      <dowsetFounderMightnt>
        <nangka>78203725</nangka>
      </dowsetFounderMightnt>
      <quiffs koffMuchly="41054882">
        <paselaAtoners>faire</paselaAtoners>
      </quiffs>
      <jaspReadmit cymose="saloopMaracan954" nosingBrachetReadds="minuets" marli="rathestAgma7">
        <hosea>filerKnived</hosea>
      </jaspReadmit>
      <undried soiledJatOvally="lacquerNapalm" coasterCivetsLongful="431" sorbite="675">
        <drchUnleakyFenster>setter</drchUnleakyFenster>
      </undried>
      <curfewOutlean cornfedHyakumePickmaw="earmuffPistil1053" poshoDomentApicial="nectary" benzins="quoitNoologyChunga">
        <outwayYeggDun>sloidNinonBalding</outwayYeggDun>
      </curfewOutlean>
      <bosslet blinked="donackBagoong" minny="babuaRyasGalgal">
        <essedSoupleLondony>endleaf</essedSoupleLondony>
      </bosslet>
      <stank>
        <beleaveRoasterWarners>gum</beleaveRoasterWarners>
      </stank>
      <miasmic nonmanYoupAnadems="brahmanFontal" qiviut="quaderTaurus">
        <aesopicTondinoAdamant>37</aesopicTondinoAdamant>
      </miasmic>
      <fapesmoNamban clipeiSwartly="ferries" plebe="acorns" matzaJazzy="pets">
        <poutyBurglesAlalia>melanoi</poutyBurglesAlalia>
      </fapesmoNamban>
    </ictericPassageAminic>
    <pyxidia>
      <acquist>57287</acquist>
    </pyxidia>
    <fattilyTassahCurtsey>
      <oxbiterPalgat>shantey5</oxbiterPalgat>
    </fattilyTassahCurtsey>
  </qty>
  <keltoi chiders="acheer">
    <rivaledProfferInkblot>
      <epizoonSprucedBink>indicanSlappyBides</epizoonSprucedBink>
    </rivaledProfferInkblot>
  </keltoi>
</melledUndraws>