<?xml version="1.0"?>
<poesis>
  <towdieBermesSnowier />
  <flakier cithara="disavowJubbahsGuaiacs703">
    <reaInnPurdy catjangBouffesCleping="miasmas" earwigsVirtutiIgnaro="92" cwrite="weltRenduTouser" kowtowSpavineSowan="waitTopfullGatch">
      <kine>apodiaCiscoAmorism</kine>
      <rostra segno="gushedWiggeryArsenyl9" hamlineAsellusKeyhole="37657106" badland="stoned">
        <portlet>ardourChumulu136</portlet>
      </rostra>
      <tentilyJaunWobbled unwittyEuchite="molestsSilvas" dirhemContin="chenierPlanumCire">
        <frankly>croppieEdileKersey66</frankly>
      </tentilyJaunWobbled>
      <tempore crunkleDruggy="ctgeDroopt" clodder="4676627" pignutSkevish="16756239">
        <elopes>giles</elopes>
      </tempore>
      <danakilSloggedTripler ratbag="stanchRetenesLxx" pierineJamiePlonk="88142" burse="jaypieMowana">
        <whushBarter>498886</whushBarter>
      </danakilSloggedTripler>
      <konigaFload jument="16545" idlesseSkiwyLocrine="spilledHomily">
        <fifthsBedsockPepsine>saxAdossed6</fifthsBedsockPepsine>
      </konigaFload>
      <badly scabbedDeunam="cladoseOrangPitanga">
        <timberyStifled>groveZeoidei</timberyStifled>
      </badly>
      <curnsIdiotry durningOophyteChiasmi="438446211" unrovenZad="mitierPraisedPerrons312" soccer="chouan" cuspids="220">
        <osseinNoahGuan>inhaulsCalid</osseinNoahGuan>
      </curnsIdiotry>
      <scatsGentile waxbushHijinks="unaptly" agalaxyDammitCroaker="tsunPipalsLontar" adozePelikeHong="babbler">
        <henismGraianNike>transeLifeway</henismGraianNike>
      </scatsGentile>
      <reese qtam="garfishUnkink14" burnsReadept="twangerSado4" totallyFooderTwirler="drieAstrict" outsoleConicle="9892307">
        <ignores>croniedSari143</ignores>
      </reese>
      <bradWavable beowulfHapiLaetic="kirmessJuansScarfe" beewiseFlysch="seggedManagedWernard" clapnetTunerDarshan="brosseAccruesBiotope">
        <upflareOcurredEnvoi>ductingSpockOutages</upflareOcurredEnvoi>
      </bradWavable>
    </reaInnPurdy>
    <repinePolesaw>
      <fortyFyce>fetedStrawerLoomery2</fortyFyce>
    </repinePolesaw>
    <shptMooArea ponchosAbiders="sika" strigae="milkAsquare" sugamoReamage="102" krapfen="greeve" lygusThreapsCatspaw="hureekHatchel" hetaera="gillerTippier" taar="demobAphesisTampoy">
      <pulling>pindalCoded</pulling>
      <amantNewsDwale motilesSpaned="neednTanjong">
        <uncomicChorialJadding>stomachEndableCockle</uncomicChorialJadding>
      </amantNewsDwale>
      <dinarsTrefoil juttyDrowse="93740742" binningFenrirTessara="5138" ammineReginChrotta="kamaresRagbagsNewborn">
        <jiqui>slicePlock</jiqui>
      </dinarsTrefoil>
      <stouthAlfalfa>
        <reamer>inermi</reamer>
      </stouthAlfalfa>
      <trogger critterEctozoa="cantoonAwadhiHazes">
        <togaeSumageHangout>wallas</togaeSumageHangout>
      </trogger>
      <shofarsCeroticFuriosa glacisEryops="4549492" baraita="dragoon" inermi="manlilyBops">
        <volet>jawfoot</volet>
      </shofarsCeroticFuriosa>
      <monachiPensterVaruses cycloidJudiceBellota="yodlingTypicIraqis">
        <southerNachasScalar>4</southerNachasScalar>
      </monachiPensterVaruses>
      <economyInrushBatty ccwsPorty="unpuffRanellaAik" semsen="52" audianShadoJacals="frontonFoamilySultany">
        <bauge>coalasTaysaamAirers</bauge>
      </economyInrushBatty>
      <fut ramusiWekeenLeucoma="sithen" intensBros="starets" usquesTupik="fremdly" hideous="ralliedTurmutGrigris2">
        <backoffWangoniGarrons>odiumsNodallyMidribs</backoffWangoniGarrons>
      </fut>
      <pooling druidicMikvahForepaw="doeling" keppen="descort" feignAccrete="9525" oxenProbed="dauphinFondus">
        <ossetEluated>winsKabalasTapetta</ossetEluated>
      </pooling>
      <tetters assist="sanely" clergyCoshing="vinetGynic" cukesRambles="keeledVappaModulo" voyeurs="portifyRefelt">
        <parTwagger>loaninOvertoe</parTwagger>
      </tetters>
      <kerbingStichicCaracul upstage="56427895">
        <obligeSuras>kecksyJulidae</obligeSuras>
      </kerbingStichicCaracul>
      <hoaxingBywonerCruds copersWanny="cephasCalyces">
        <isidore>wasabi</isidore>
      </hoaxingBywonerCruds>
      <gascon>
        <maritalArchon>mioceneRaband</maritalArchon>
      </gascon>
      <lated paysCosinsJump="2676991">
        <teeny>raise</teeny>
      </lated>
    </shptMooArea>
    <entasia plumperOdorousStadion="lemanLeuchResawer" cripesLarvalWoodris="clausBlore" biforinSvante="candify" hypoingTreader="2693865">
      <tenoned>cuddleCipher</tenoned>
      <jaghireMelilot egeriaObsede="1" hows="jati" rehook="amiably" albsJingoesLod="93907">
        <musconeOverbar>yorker</musconeOverbar>
      </jaghireMelilot>
      <pycnic tictocs="baalite" teiidae="astate325" pochoirMushla="chouanNickelsNastic" atis="958516581">
        <gantry>gercrowRenegedSolera</gantry>
      </pycnic>
    </entasia>
    <woeness crimeaSafawidSystems="reyoked" skivies="4319">
      <buccinaPeeling>thutter89</buccinaPeeling>
    </woeness>
  </flakier>
  <sakers kumrahReford="appall3652" />
  <growls elihuSled="namby" platoAletapTeens="tinguy" foisted="howkitHartite380" cervineTarosBarlow="85562">
    <patacasMimulusLeaks>
      <loinsGradinGoggan>5</loinsGradinGoggan>
      <workedCabinda marinerFaverelOgdoas="adeninePrams" twaleMourn="unvoiceIgnite">
        <cibolCroiseVignin>limningInearthCaromel</cibolCroiseVignin>
      </workedCabinda>
      <quiraCaelian shride="playte" tuedianChud="idiocy" gonitisSimas="adjagJabble" marries="lotiumHomes">
        <globusTeparyMoeck>outpityJills779</globusTeparyMoeck>
      </quiraCaelian>
      <figging angeredMuggier="thionyl" cooping="bougie" hobiler="exterBepartUnpiles" yearnsAhoy="774524191">
        <salitedTrizoic>79993670</salitedTrizoic>
      </figging>
      <pasanToupet cames="flawnShogs56">
        <orbical>drawled</orbical>
      </pasanToupet>
      <bahoeDarkingMisborn>
        <makariSalatLoulu>seaUnsadly10</makariSalatLoulu>
      </bahoeDarkingMisborn>
      <scotchThorias>
        <landausJurispMoleism>aroxyl</landausJurispMoleism>
      </scotchThorias>
      <peccaviExode resayPathicRadeau="stibial" gurshesPosited="agnate3311" whit="whipsaw" prastha="7004">
        <cunny>tensifyScrabe</cunny>
      </peccaviExode>
      <antigun perpet="tenoreHeckledReguard4" possets="grundy" bottleShivesNog="938" chinseTombal="chalmerTalak">
        <haratinUsselfDaman>fervidYaffsMentum</haratinUsselfDaman>
      </antigun>
    </patacasMimulusLeaks>
    <valsoid cymesEffigyCytisus="galesSetalGlories" siddurYennedPrecure="14180" foxily="dignifyPocking822" padus="3949" elathaSteatinDaysmen="436" allaschDondiaHutched="browserCordialDharnas">
      <adharaDrewGaupus>booleysTontoTamein</adharaDrewGaupus>
    </valsoid>
    <foozlerFreckedHypogyn scrinchZonerWimick="woulfeRitardsClapt">
      <tertiiArchaeStrawy>churnFlangedInfit</tertiiArchaeStrawy>
    </foozlerFreckedHypogyn>
    <rerank>
      <accentBursaPontius>vacuitySellateIchs3</accentBursaPontius>
    </rerank>
    <dinusSightsEthan>
      <groserMichealDirking>24</groserMichealDirking>
    </dinusSightsEthan>
    <kerlReventBocher>
      <ponteeRichtSupp>cremePapilioRefract</ponteeRichtSupp>
      <awolDodging>
        <satienoLansat>fictile6716</satienoLansat>
      </awolDodging>
      <nosilyOgdoadUnwish nulledSpeckBonace="newarkDiverb">
        <cyclTwilled>obeliArmlet</cyclTwilled>
      </nosilyOgdoadUnwish>
      <unvocalWikeno>
        <wammusFirkinHafiz>cheecha</wammusFirkinHafiz>
      </unvocalWikeno>
      <bubsChenetPolypi congRuderaOlympic="avell" threeps="atenistPunamu380">
        <kabyleWalersPardao>tapit</kabyleWalersPardao>
      </bubsChenetPolypi>
      <unblock sortes="ragtimeCarmelOnsets1" hansesTesty="aztecaUpleaptMissaid">
        <healful>streetApogee</healful>
      </unblock>
      <haabKinah agelausSornersSestia="awingly9" lardon="31028">
        <teensAgree>diebackBeatutiRamism</teensAgree>
      </haabKinah>
      <asweatCfmPies rearPukekaRigel="4041672" tipperAbassin="87">
        <buboFinnocPithoi>beleafWeaversSpritz</buboFinnocPithoi>
      </asweatCfmPies>
      <kwanTotted balmHecht="coiture">
        <smiddum>merchDoketicTiros</smiddum>
      </kwanTotted>
      <gilledConsortUngrown levelerGanofsSenegal="jewbird" knaster="whinyParserAko589" acidifyHolard="foliousWalkway33" letter="anvilsWhiling8495">
        <ripenSilique>carpentWough584</ripenSilique>
      </gilledConsortUngrown>
    </kerlReventBocher>
    <rodwood hengest="dimarisPalulusHeed" arctianTepefyShirked="4" fodient="weskit">
      <indenesAndorraNejd>elutionRoral</indenesAndorraNejd>
    </rodwood>
    <driechPmsg>
      <hottish>ichs3157</hottish>
    </driechPmsg>
    <sawaliSuasiveCoto>
      <marietProfs>mechlin</marietProfs>
    </sawaliSuasiveCoto>
    <gaziNaigueTeslas uptableIzafat="urase663">
      <wansome>officDeliceWimble</wansome>
      <earthenRebrandSavacu>
        <quantic>quartaGigman6</quantic>
      </earthenRebrandSavacu>
      <pregainEnwrapsGundog entallyAvowry="hermesDreamtFeted" coughs="jayantOrderSchelly" placesGriftsAnanism="89228">
        <sikhara>71</sikhara>
      </pregainEnwrapsGundog>
      <outholdBionomyFlokite ferrelsKissesGazes="burlierMarsesNitryl" reavailNighted="chuffyPlaceSeepier">
        <whumped>atomergMegarad4</whumped>
      </outholdBionomyFlokite>
      <doupionDeadmen acoin="rapportRectoryBatwing91" vocabLaceierDecise="haziestNeebor" mutantCotylar="394" moitierSwarveRandoms="5338209">
        <lepersZequin>4906</lepersZequin>
      </doupionDeadmen>
      <tollageAlength stork="styes" joyweedPrettyThermel="mumpish90">
        <baignet>romDuvetyn</baignet>
      </tollageAlength>
      <uswardsHoseaPluggy>
        <blissPokunt>romanshPigman</blissPokunt>
      </uswardsHoseaPluggy>
      <bilkedAmselKulaite>
        <abobraBennisForlana>whiffs</abobraBennisForlana>
      </bilkedAmselKulaite>
      <fugitProheim slap="9866">
        <renably>begariDayFanatic</renably>
      </fugitProheim>
      <comesSinglerDaystar chargedGestio="525" lamboyDecnetPpt="hammierSeveryHurler">
        <haole>reffos</haole>
      </comesSinglerDaystar>
      <scabbleIambist elaineReturf="derivesLiberDelated" trymataBasilar="choleeFascineAudit" roop="hashabiPressUppish" amasGygesSpilite="cargaMalter">
        <bruiseNagger>karanda</bruiseNagger>
      </scabbleIambist>
      <addiceCaner eventsHummum="rhombRebuild" cdg="sanesRetintsWheep" aetianAgamy="murrhasBelace">
        <pale>70095688</pale>
      </addiceCaner>
      <gunter withed="dottelChetifStichid" hedges="sememesClackTariqat">
        <butt>modemShachly</butt>
      </gunter>
      <rami citrinsHeaving="543103">
        <sorbishRaman>defenceChasse5</sorbishRaman>
      </rami>
      <poorer gravely="unbury" haloaAscettaCrin="rabinWorsleSamadh" kubba="49" okay="loudishLopedSpirals87">
        <shorter>winesap</shorter>
      </poorer>
      <gobberRanjitBestead readiedPilpay="8" adry="lanyard">
        <swishes>464891</swishes>
      </gobberRanjitBestead>
      <scherzoFoxedBurmite lamperRepoussOpenest="stankBarrios" spinedRuachRubbery="lupousPulesPokom">
        <playedWoodmanHavance>582388</playedWoodmanHavance>
      </scherzoFoxedBurmite>
    </gaziNaigueTeslas>
    <tangentFuchsiaHapale satedLuteumTenors="tewel" pulpits="verbyCrockerMozette" liassicSlutchyDowl="488967088" euchres="tripesDuantExciton" pencheAnilinsAbigail="majoonOukiaPectous2672">
      <akpekEmpathy>thiasusForbad4</akpekEmpathy>
    </tangentFuchsiaHapale>
    <tuskarAccum>
      <raioid>aristos</raioid>
      <popessMotionSulcal artizePons="prolegsToxicalWakiup" asmileMesne="5" yessedPindExurb="toroInstalsJoubarb" kooks="crumlet">
        <maysKarnPeyotl>190710054</maysKarnPeyotl>
      </popessMotionSulcal>
      <forwean>
        <curably>swings</curably>
      </forwean>
      <pailolo warmedPleaded="2302" sphenesUteTaata="78644">
        <imbredShim>yolk</imbredShim>
      </pailolo>
      <thrimsaHelixes freckleStarful="4" colonesRetrot="ironed" fiador="484754">
        <razeingTaupeSoupled>scrat</razeingTaupeSoupled>
      </thrimsaHelixes>
      <flapperHillaryRubelet samadhHist="639702" stemona="convect" thesis="385296">
        <desmidsQuentItaliot>dlvyAnodine</desmidsQuentItaliot>
      </flapperHillaryRubelet>
      <pterionTupiksFilippi tatteryBurrersQuelme="130142" cunit="4133">
        <listredFlechesLevulic>jinsRippletAiglet</listredFlechesLevulic>
      </pterionTupiksFilippi>
      <vaw hazard="manakRamta" qurushDiscideMousse="7623921" arrouseMolestPerdix="sciaticCiv" petasos="digonal">
        <yampa>66901</yampa>
      </vaw>
      <dioximeVendorBosnian zoomedDropman="macemanGuisesDhuti" habille="3" vinasWidowerForsay="lyceesPlover">
        <stotSeoulPoral>fallage</stotSeoulPoral>
      </dioximeVendorBosnian>
      <sakkaraHangle intactGytling="fichesDubioFlyaway" kauriesDifExplain="tarbushSobbingPetal" tormenWhensoBlazons="crosaBuxomlyWawled" hafniumBastaLawbook="6107">
        <kitPulijan>phlegmy</kitPulijan>
      </sakkaraHangle>
      <qeriTurnwayColauxe>
        <usageHelotsPinitol>burgsNanaimo66</usageHelotsPinitol>
      </qeriTurnwayColauxe>
      <dumose myc="liftsSmith" lockyerJurelUranus="poemetDhurry410">
        <rocklayUsqueShiny>poriteGentiumChetrum</rocklayUsqueShiny>
      </dumose>
      <tyche>
        <pacchaThwait>2637</pacchaThwait>
      </tyche>
      <blitzesPunkahsDienes cuttoosYobiWeevily="65" decide="paniscaMoating" beataLutecia="onionsMaurist644" towght="hielandTenutosSeta">
        <arioianCubsEntte>sneestPathan</arioianCubsEntte>
      </blitzesPunkahsDienes>
      <geoidBoxesUpdrink>
        <juftsSatisGervas>4838396</juftsSatisGervas>
      </geoidBoxesUpdrink>
    </tuskarAccum>
    <untireFrecken>
      <hobosDidlerPlopped>yamelToaderBedog</hobosDidlerPlopped>
      <dyads roachedRenule="swansSenorKited" arcadesWeskitSkulled="bawdilyFazedVelal" conflow="trolandMoseyChalks" moonackHumblesKhasi="ephebea776">
        <gurneyPulajanUnsack>mediasSattvic</gurneyPulajanUnsack>
      </dyads>
      <troutyOidioid populinDhamma="soursPenangTushing" jiboaPappoxMaying="unsorryTapalo" sibSandeepGoateed="7403" poutAmylumsToivel="6679">
        <menyScrape>slightsBluntieUndate</menyScrape>
      </troutyOidioid>
      <azygousScarred>
        <hausens>2</hausens>
      </azygousScarred>
    </untireFrecken>
    <amorphiAgedly serbSpelder="keddahWhappetHyenoid" doozersBukatDomett="placardElicits" woolsawCowgramOutpomp="rambongBlewMosur" rowdies="94471471" obelusVocab="lynceusGentlyLyctid" skenai="warthogCaraculWrecker2" sappingAnbury="bulgesFlaring">
      <faithUpliftsCtf>padgeAlismalYarwhip</faithUpliftsCtf>
      <loghead macheraLends="noncesEmerantBuildup31" ciliata="blazons">
        <punkin>113</punkin>
      </loghead>
      <astrer feudalAnamPun="oxygas926" plout="notaeumPorpita" stanceOrielUnafire="1" gipperArace="humbo">
        <tangyBeinAtechny>talionCobego</tangyBeinAtechny>
      </astrer>
      <legletDissaitBelt pardaleAloseChough="5635">
        <darkensMessierTackle>provectSedateSeminar</darkensMessierTackle>
      </legletDissaitBelt>
      <dcbnameDemits vitrum="hucksMyalismThis">
        <abuser>rehoeEntomicSendee</abuser>
      </dcbnameDemits>
      <brayHagden gadi="unmild" camSynchs="shansa">
        <aliveAxoid>sleekenWhipt</aliveAxoid>
      </brayHagden>
      <polypi abieticTorulasHarns="buckassGlutinTomosis" purrelSheogueClaires="wartime9467">
        <botany>954</botany>
      </polypi>
      <kittledDigoxinMetabit cleg="unladesInclasp">
        <verity>3</verity>
      </kittledDigoxinMetabit>
      <tautenCotte>
        <bluethWomanSyllis>64</bluethWomanSyllis>
      </tautenCotte>
      <biosBugles>
        <motile>74078</motile>
      </biosBugles>
      <daucusDoser>
        <twiggenBeeishAdrench>berghDewbeamStetson</twiggenBeeishAdrench>
      </daucusDoser>
      <natalePryersPinnet bitterViking="3077" breederSpeanMunnion="hyenas">
        <colkSebacicIncites>ambalam</colkSebacicIncites>
      </natalePryersPinnet>
      <tempers valor="59719712" tubagePinuelaSmeek="angorRescore">
        <volingGossipMasses>mohabatQuark</volingGossipMasses>
      </tempers>
      <sliestHerriesCornier abortPreknit="deepest8531" winzeEardropShotted="250">
        <rhamnalMacanPosho>saivismSaimyAveloz</rhamnalMacanPosho>
      </sliestHerriesCornier>
      <baneful callers="nankins" rizzerBuyoutMugil="brazerJoin">
        <laputan>anyoneLorosSparky</laputan>
      </baneful>
      <dinkyRpt fannedRompersNecking="ferren">
        <dorseGauntedBordage>8478</dorseGauntedBordage>
      </dinkyRpt>
      <serenoa>
        <chowsFakersYearn>lairedCubica</chowsFakersYearn>
      </serenoa>
      <ooseKeffel>
        <flamierSeelyIdent>diaeneMancono</flamierSeelyIdent>
      </ooseKeffel>
    </amorphiAgedly>
    <rankingAurealEpicier portiaRhoding="credal" arbtrn="567035" hawkieAltaic="chicle" greyingSiclike="63292187" debcleSliteTerna="titi" qualmsDewaxedWaikly="dallackMansionOutkill">
      <fishwayWaters>mantidEila</fishwayWaters>
    </rankingAurealEpicier>
    <benamesPotshaw>
      <remipedSofasDefeit>networkCraftNitos</remipedSofasDefeit>
      <agnel searest="malakon1533" ketogenTarie="zonules" sprucerArtless="423" garotedMousery="kyanise">
        <rosied>melderLands</rosied>
      </agnel>
      <ceriphRibbons cafe="annusRiseHunches387" bids="benchedTodusNit" helotsOats="grizzly" fahlerzJoewood="5">
        <lugsDowableBedaubs>reveilPretors</lugsDowableBedaubs>
      </ceriphRibbons>
      <pickmenRedates>
        <jinnsSturts>scutaKedgedFgn86</jinnsSturts>
      </pickmenRedates>
      <snowilyAlban silvius="640" heize="millrunLipse" shipfulJoveAlgous="8" roes="milchigHoorayMouldy">
        <kokioRouters>livethSaftly</kokioRouters>
      </snowilyAlban>
      <idesiaOutgrinGizmos inch="lessnWarded" tinwareTeasle="atheizeArbela">
        <calices>raveledTillPathed</calices>
      </idesiaOutgrinGizmos>
      <gonerAwakenPlough dissueSiver="honoursTriadicTubers89" lommockHolwBetroth="860240" homosFeoffee="erriteBidentZoning" untrendSpacyNoritic="porgoBeerilyMetic">
        <spitzes>tonally</spitzes>
      </gonerAwakenPlough>
      <ovalLegropeSeedbox gemGulaman="crax" doorsWakas="rougeau">
        <quakilyGenius>104</quakilyGenius>
      </ovalLegropeSeedbox>
      <litoral telpher="faradsSubalar" wapataSlothsFizzer="tameinCrackle2">
        <gabler>22461</gabler>
      </litoral>
      <guileBeeper>
        <sasteanLapsed>friskerAirglow635</sasteanLapsed>
      </guileBeeper>
      <lanai ideafulCalvin="unpietyAswirlPulling">
        <cavated>foderZantUnvote</cavated>
      </lanai>
      <asonant>
        <enjailDatsw>tramps</enjailDatsw>
      </asonant>
      <verbene ashwortSorose="redroopExactor" triplesNilgais="sols" scalperAddible="56">
        <myrrholPronely>7</myrrholPronely>
      </verbene>
      <gauffer esesKerseysSheeny="lankier" akineteLabile="fenbankTriliteImplate" battersObligee="niblike">
        <caramelGrouted>dossilsSpretty</caramelGrouted>
      </gauffer>
    </benamesPotshaw>
    <gaboonMimine>
      <shuhaliPledgeEches>rumblerClove</shuhaliPledgeEches>
      <diptBromids worry="crushedRashersSporal7" londony="28">
        <causataEvillerSomnial>25223589</causataEvillerSomnial>
      </diptBromids>
      <scotalFleecer>
        <drameGorseTaulia>hiblaMudlandCebur</drameGorseTaulia>
      </scotalFleecer>
      <gangues aeneanOftener="8297">
        <kakisAmylinObit>aetherTungus</kakisAmylinObit>
      </gangues>
      <careensTenuit bumphSkieppe="imageryCecums" offerorLimbier="987">
        <eatenUncages>nis3</eatenUncages>
      </careensTenuit>
      <sichSepiasLathi afreshAnonyms="goularoWalksPippen" spitkitRin="betimesTesvinoWingcut">
        <allowNaughtsInch>slangyScrumpGhazis</allowNaughtsInch>
      </sichSepiasLathi>
      <nobbySkyte hugging="yuga" olenusZilpah="forbow">
        <caudadAmpassySylvin>jejunalFolksaySonsy</caudadAmpassySylvin>
      </nobbySkyte>
      <depAlumnol grozartMalthusLacmus="astorRedbuck" landausSacrifyDishmop="anhingaEmulePurrs" cupuleDuci="rebop" dioxide="35160272">
        <rechurnNettler>floor</rechurnNettler>
      </depAlumnol>
      <machinaShealDipsos>
        <peplumsStad>blanGuiananPreyful</peplumsStad>
      </machinaShealDipsos>
      <sahidicPriors>
        <rafeAnaudicDungier>1</rafeAnaudicDungier>
      </sahidicPriors>
      <chary seconal="fewmandSwizz" agoroth="9642934">
        <azonalImpings>moiledBabuina</azonalImpings>
      </chary>
      <benumbQuinoidAkeki soughtStiffed="aveugle" foyers="coigny4">
        <carabidTriga>parotidShyish</carabidTriga>
      </benumbQuinoidAkeki>
      <thowelSingh becry="rehoopIntune" malices="pomponChytra" chinwagUnisonsRelists="gussyJohnin" deterge="technic">
        <catellaRumbaBedkey>orchils36</catellaRumbaBedkey>
      </thowelSingh>
      <mesonsTropia tunisCocoasLotium="86" wolffiaPopeanYapness="crocheStint" kainKalifs="vogueyBasket" esthFendingIsogony="tantrumOctoped">
        <engemArces>pertyHoldupsAnelace9233</engemArces>
      </mesonsTropia>
      <gofferHhdCannon boomierScupful="olease" nawiesTercio="decryTelsonsChaises" cajetaKudosImperii="rilly">
        <noctuae>chaum</noctuae>
      </gofferHhdCannon>
      <unjustChegoe>
        <streyneHeazyExhbn>tycoon</streyneHeazyExhbn>
      </unjustChegoe>
      <gyp>
        <rigolSension>whilockOddlegsHosier61</rigolSension>
      </gyp>
      <mauls>
        <mukdenGracedLungy>overageSwivels541</mukdenGracedLungy>
      </mauls>
    </gaboonMimine>
    <bpsLeporid tula="7420652" luggies="abed" nibbledDivortGery="512" nocenceHazanim="torporsByronic">
      <boused>parbleu</boused>
    </bpsLeporid>
  </growls>
  <twinkCissusTebet fasFifteen="uvre">
    <niggery>
      <deemedTouret>scrobPlayoff</deemedTouret>
    </niggery>
    <dawdledNowy dastur="moppers">
      <oxamideLinetGarawi>swooses8</oxamideLinetGarawi>
    </dawdledNowy>
    <balsa>
      <toonsSigil>wraistAmalgNybbles</toonsSigil>
      <theelinRabbishShavee renteeKnitch="3267" machreeBespit="gorged23">
        <romaeanLacunes>94523</romaeanLacunes>
      </theelinRabbishShavee>
      <rhizoidMacers dunst="zuniTejano" lavagesLucilia="pincher" dualiAldoses="privetsScalmaSterlet" bebotchAskant="bajanSheikhs">
        <sear>13</sear>
      </rhizoidMacers>
    </balsa>
    <cosiestBone>
      <reedyFdnamesBote>jorram</reedyFdnamesBote>
    </cosiestBone>
    <samshusSpinyStouter>
      <frizzArnaut>quangoGoujat382</frizzArnaut>
    </samshusSpinyStouter>
    <harnpanTenuesCattily>
      <arzawaNatator>simoomsCraichy58</arzawaNatator>
    </harnpanTenuesCattily>
    <unacute dellDegami="zenagaTuckingDossals" legatosParolesThuyas="3389134">
      <waipiroFistucaCopilot>deking</waipiroFistucaCopilot>
    </unacute>
    <bonserHastlerChoush>
      <torneseVerisms>nonconMutisiaEiffel369</torneseVerisms>
      <sickler boloismRanular="593231793" dements="ternar" roripa="342532" marked="deponeSavviedIvied">
        <unstickNither>swarmyFolacin</unstickNither>
      </sickler>
      <soared minuteEphydraSicced="nookBulbOlefins" lvalueHetchelBoral="gaggleKantarsFingal" juvernaCoefVatting="redient" highboySayyidGoaled="81556466">
        <statelyCassataGruels>acreamKesseSoaker</statelyCassataGruels>
      </soared>
      <dartars acridly="papionWhumpsWeld58" sogNarrowMesquin="273" tampon="psyllas" tinsmenGeonomaIntimas="64929653">
        <semikahObfusk>avalChuhra5591</semikahObfusk>
      </dartars>
      <picudoChester poligar="3429" jaybirdYirnNomos="risuses259" acinoseRicingGossy="wigs">
        <poorestAglossa>chloralAkanBail6</poorestAglossa>
      </picudoChester>
      <widegab oafJapesKhalkha="bumps">
        <wicken>quiriteBoulimyGuidon</wicken>
      </widegab>
      <regrassDauntsPoutful disray="pinings" cotylarBalawaSoredia="14379" saeume="607834130" cyclopsPattingCeorls="idlesseClampInkosi">
        <wrabillRumbGelded>2695</wrabillRumbGelded>
      </regrassDauntsPoutful>
      <nepeta hawkery="heehaw259" talcer="949886">
        <pomaneDestuff>5</pomaneDestuff>
      </nepeta>
      <blayneRetradeHimp tallied="294" carmelChebel="beety">
        <unhusksAbri>mawseedLizards</unhusksAbri>
      </blayneRetradeHimp>
      <halwePerreia>
        <leadingInjury>lairBebledScrubs</leadingInjury>
      </halwePerreia>
      <wharfie atresicCuspedUndrape="450">
        <codonsSouths>gastful</codonsSouths>
      </wharfie>
      <rouens unspitIdeaedConteur="355335802">
        <maitre>nixer</maitre>
      </rouens>
      <himselfFilla>
        <radiac>brogueRecusf</radiac>
      </himselfFilla>
      <cottidDreegh taglet="51066">
        <tierceMollah>uproarClausal</tierceMollah>
      </cottidDreegh>
      <cloofPaulStrad>
        <agoraeKalifs>waywortPunaBabies</agoraeKalifs>
      </cloofPaulStrad>
      <radeau raping="gagesUpboltFockle">
        <ergotedFuelDerning>53552107</ergotedFuelDerning>
      </radeau>
    </bonserHastlerChoush>
  </twinkCissusTebet>
  <explain rapidlyAdding="nonnatSkinkedDorab9006" extQuotes="coots1" />
  <swiverCrumplyDeriver pikleSplined="51897" errandBaffies="hazzan">
    <phycite>
      <anerlyMegabitBetain>dobraoVistaedCumbu106</anerlyMegabitBetain>
      <broking cloppedKolo="fontalModular" cumbentIdem="732000" pieingNobly="ouphsUranian">
        <kaverDimberFivebar>tesackMount20</kaverDimberFivebar>
      </broking>
      <tungo inlawFakofoElabor="48495" volcaeSoy="carucalWashoReget">
        <race>rispTubageThroed</race>
      </tungo>
      <pigyardRemipedOreads smears="heatfulUpdraftPavis">
        <choppyWarlike>donatioRaines</choppyWarlike>
      </pigyardRemipedOreads>
      <sweden cheminsShortia="rashly" upboreBuskinAlgates="undub">
        <aeolianBoloismEusol>kelpy123</aeolianBoloismEusol>
      </sweden>
      <plutonsSoarsSlurbs tripara="150664741" eights="24085" rundle="detestKrakens">
        <pueblosBedell>maundJoyingInkos38</pueblosBedell>
      </plutonsSoarsSlurbs>
      <estusPlacet chilledCypherLossful="cavuRewaveGroop">
        <acamarMasTynes>jewbush</acamarMasTynes>
      </estusPlacet>
      <westingAbucco zolaist="buddieWoodhenKiddle" prebbleAddendXed="744975839">
        <wolvesRattlesViperan>langiel</wolvesRattlesViperan>
      </westingAbucco>
      <muffinsParcher peweeForcepsWhists="cased" traduceViewedRebasis="dregsBruscusUnsere" lysateAuberge="snugsNatuApili4" biblike="pinnageLestrad">
        <bassiaScleras>covineScouth</bassiaScleras>
      </muffinsParcher>
      <walesCoupletDarkful lararia="deenerElfshipKellock4" amazulu="340418" tipply="2234787">
        <enrolleColtsLithest>unbeardIrisher</enrolleColtsLithest>
      </walesCoupletDarkful>
      <ploversOphiticTakyr rorqualLathie="dobraFrowstyLimbous" cheaplyTupping="stunnedPomary">
        <widthsUvitoTofore>bandle</widthsUvitoTofore>
      </ploversOphiticTakyr>
    </phycite>
    <meedful>
      <tarpeiaUlpanimMhorr>subaqua</tarpeiaUlpanimMhorr>
    </meedful>
    <berriHogshipReifs>
      <infix>incuseDispace</infix>
    </berriHogshipReifs>
    <deimos expiredOvoidPataka="siecleToutGrimy729" tawtieSimpledBillies="frillsNoesPicture">
      <yuki>naifs613</yuki>
    </deimos>
    <amuchcoChamlet>
      <nutriasBerries>jacuSixthHertz</nutriasBerries>
    </amuchcoChamlet>
    <cawnyCoothayExodist unmoodyBedrel="brants" lairing="ems">
      <shakudo>agouaraBeaBegulfs</shakudo>
      <chumarDunnedGlumes saponi="reland772" timbiraEgridDinks="frenneSurlily">
        <deaferLazar>oboistPottier</deaferLazar>
      </chumarDunnedGlumes>
      <mavie codfishBalcony="bowshotFringeFuster" athumiaVigogneBrainy="failed">
        <croy>hogginsShiveryLimbie</croy>
      </mavie>
      <bozosFetcherDecalin>
        <johnnie>fanegaByteGainful</johnnie>
      </bozosFetcherDecalin>
      <pulijanGatch futuroBhangDusun="829851808" herseOvertop="changerFyrdung" walletsMyariaHither="nidaryBestuur">
        <skiechModioli>49632147</skiechModioli>
      </pulijanGatch>
      <andyVentose proddSiafu="hotlineSubgumHooray" groaner="81000044">
        <excurseWindz>toenail</excurseWindz>
      </andyVentose>
      <boer maihemCucujus="coomyScaler" canelasVibistsChou="bastersPatesiRummier">
        <alantic>493200</alantic>
      </boer>
      <buqshas upriveSuccisaHyne="114" mesemClongIhp="urnaMasoraSpin">
        <sorbileVerdun>pathed6078</sorbileVerdun>
      </buqshas>
      <cockshyShammos migrate="ilissusPickyRiblike4765" bingSogAxial="hemlockDoctusPrising" skewlNeper="sirenSloyd">
        <kochabUnstepIchebu>upreach8</kochabUnstepIchebu>
      </cockshyShammos>
      <focoids guaranaCrab="frozenNitoMassoy" perdu="chromylFlear" valeric="ladledBaskeTasu" vinland="numpsAnaxIzzards">
        <amotionAngelin>994987</amotionAngelin>
      </focoids>
    </cawnyCoothayExodist>
    <patinaeSparta hentingWelsomNervous="8" lopezia="atemoya" whodHiltedTrunks="onusVasefulSlav">
      <savola>iridinWhedder</savola>
    </patinaeSparta>
    <campodyRegivesGenae pitpan="usuryJiboaQuica" introRya="dadoing" shelTouselTil="75211523">
      <abarisDonary>296</abarisDonary>
      <zincalo servingRatlinAmobyr="pectinsDourah" trulloAvoidsCsmp="unsay" mount="3892">
        <williamDissavaInfidel>673758</williamDissavaInfidel>
      </zincalo>
      <cossieLuxateElement roscian="eluding" raglansBartreeUpthrew="aurochs8" sextuorNutmeat="wuzzyPeins" foresayDubbed="kapaTuffs">
        <quaRimer>787</quaRimer>
      </cossieLuxateElement>
    </campodyRegivesGenae>
    <rinceauSoapersRetip>
      <bubs>apod</bubs>
    </rinceauSoapersRetip>
    <upthrow rebills="singersLafiteEmbarks">
      <ovoids>rebrickBinary</ovoids>
      <saves dess="caraja" toros="idiots" ontarioOutreGalerie="inulins">
        <peladicLamias>anomieHeiminThat</peladicLamias>
      </saves>
      <wistfulPassels>
        <cablesShrinksLadler>skeensAttacheMahatma</cablesShrinksLadler>
      </wistfulPassels>
      <insightLym alt="427544" ponchoLepidinLyn="765951281" faroukZionism="radianKutenaiHarpin">
        <glomeliArachneAdoulie>upgirdAurir</glomeliArachneAdoulie>
      </insightLym>
      <faucets>
        <trystedBreccia>thereas</trystedBreccia>
      </faucets>
      <emceing surfAulder="convKellyVar" pricersHulkageWroth="galushaPipeageCasse">
        <outletPedro>emanateMattes</outletPedro>
      </emceing>
      <ripieniHays>
        <finales>gardy</finales>
      </ripieniHays>
      <jadyTaig kabuliKenareh="unfile428">
        <inching>acred</inching>
      </jadyTaig>
    </upthrow>
    <missing huswife="6337040" yasna="5538" gromyl="sondageCapri61" fillingInforms="craving" postic="vidicon83">
      <bubblerProlyl>assisanChidingTigrai</bubblerProlyl>
      <flogPapyri conoidsEnhatBilin="strideCompareCodling72" wasabiLesNingpo="oronoco" theatreBannut="hingesExogens" poulpOreodon="disman72">
        <jobble>wigwam</jobble>
      </flogPapyri>
      <tented mangi="693">
        <sowedLumbarOyana>bousyFrag8</sowedLumbarOyana>
      </tented>
      <topes>
        <succorsLoganin>vendueGreases</succorsLoganin>
      </topes>
      <apertRhesus pitocin="isis">
        <jawabNondarkLuffas>labiteChurrsNishiki667</jawabNondarkLuffas>
      </apertRhesus>
      <basalia girse="gleemenHylidae41" implies="501696">
        <onsight>pentolVertexKnacked</onsight>
      </basalia>
      <hordeumAeroInbond far="deblaiHawserWangan" adatBatiste="smitePongoHookupu">
        <wheelie>brawnPorpita</wheelie>
      </hordeumAeroInbond>
      <miffedOddish succorPatsies="unguealClosest" metwand="soothlyAotus">
        <steerTume>79572</steerTume>
      </miffedOddish>
    </missing>
    <lickersGutiumOlent>
      <oreidePellateUnrigs>8668</oreidePellateUnrigs>
      <dazedlyPulsesHoudah midwestSmalt="serbdomBowwood" laud="bedlessAeneusSaccate">
        <zoariteLollard>leptus</zoariteLollard>
      </dazedlyPulsesHoudah>
      <heftsCrunchCola whulterKelped="lamelGuaiolJelly" sabuja="883205002">
        <rosets>2</rosets>
      </heftsCrunchCola>
      <braveDelaw>
        <isospin>shiceDebugs</isospin>
      </braveDelaw>
      <seceshAntdomErastus>
        <dobras>433</dobras>
      </seceshAntdomErastus>
      <cilicesPowers atwite="ghoster" havenet="hashing" misturnWhoryAspy="fargite" seancesKrishna="ravine">
        <unrentPilcornKings>gheg61</unrentPilcornKings>
      </cilicesPowers>
      <tushesSnockFactual mormyrIsthmalKami="meleneFrugged" tunicsCymatia="18895" behight="nankeenWelkinsPolos426">
        <onmun>7</onmun>
      </tushesSnockFactual>
      <acerbasSimpBeamish dodgy="95" colloid="whites" pukhtunEnvois="9">
        <eerock>meharisEludedGoloch</eerock>
      </acerbasSimpBeamish>
      <polleesUnp hegirasMorphs="292" serawPilei="35923" limbaAsher="nachaniSubcoolWolds">
        <helosis>tamaroa</helosis>
      </polleesUnp>
      <masha>
        <coxaLiebig>buttWavy</coxaLiebig>
      </masha>
      <sagas bronze="popcornEnchase87" thyminAdawlut="cavateSoodly9" acaraStromaBowers="2218834" unpitedRun="whim">
        <coronelWithies>admirePreamp</coronelWithies>
      </sagas>
      <casernsAkvavit>
        <truck>ripingMagnesCasina</truck>
      </casernsAkvavit>
      <nitosAcinuniLinne pleadsQuokkas="coldestVitrial" babiViandry="ganevUnvextGayals5">
        <attaccaReplaitEctasis>adjustReggaeEdgily</attaccaReplaitEctasis>
      </nitosAcinuniLinne>
      <arnotto>
        <sheersMedula>prayfulMoirMitanni</sheersMedula>
      </arnotto>
      <illth glaikitLatiPea="larry" sliderGreaved="abbasSoddensBetook" weightsGateSemois="903588486">
        <diskery>wauch</diskery>
      </illth>
      <bounMontanaLakin spaniel="leglike" tolylsAuramin="moeBagfulGrunted">
        <borneolDirging>bristWatteauConch4759</borneolDirging>
      </bounMontanaLakin>
      <biviousGliadinLotions chesonPilm="steepyViddhalPreyers4" biffAsswage="cruetVoluntyMisrun">
        <rearmRelandGelid>inshoot</rearmRelandGelid>
      </biviousGliadinLotions>
      <ands>
        <piney>fauvist</piney>
      </ands>
      <choExtreme>
        <goldinVassar>bengalsCapletsBanco</goldinVassar>
      </choExtreme>
    </lickersGutiumOlent>
    <jambosaDrew malfedPulledTripart="schemySardel" fame="merist" longfin="tailageMiguelFreer" milkoFucking="drugsPoetic" indicoKiriSkep="jelliedSealchTxt782">
      <hoggedManteelDemand>stephenRosinedTit</hoggedManteelDemand>
      <rajeevButches potamic="masherKawakaMocking">
        <orgiac>dossmenAggry</orgiac>
      </rajeevButches>
      <titbitBinocle akhlame="maraged" sluiceFishers="245684" chappalRedoubt="calicExcidedEmitter" wispilyPisachiAmylase="rukbat">
        <tetrasRushees>ghattiWisingCopyboy1927</tetrasRushees>
      </titbitBinocle>
      <catties>
        <vipersHushelWarbles>95</vipersHushelWarbles>
      </catties>
      <egmaOftEmerge tondino="sipesRecanes">
        <vigor>823213</vigor>
      </egmaOftEmerge>
    </jambosaDrew>
    <mudraCecilDoddies>
      <aclinic>pourerInburstConned</aclinic>
      <prizeKarel phobiesRebop="manticEvene85">
        <pygargCarboraTercels>putsch</pygargCarboraTercels>
      </prizeKarel>
      <banjukeEyeing bursalLegumin="3452" propper="971569917">
        <zebedeePinerDigests>adoreTaterUnvivid</zebedeePinerDigests>
      </banjukeEyeing>
      <jaloppy vittles="dogvaneThitkaParked" lapsfulRaided="972855099" pledger="decibarThixle" avivesOrnes="druidicCleche">
        <slimer>poundsEmbacle</slimer>
      </jaloppy>
      <ovaloidVowelCazique tawses="slimlyAchigan" rummier="492" malistCensed="cuisten" airedBuiltBywords="purrsSugatIndigos">
        <sizingGulpy>criminiPiping</sizingGulpy>
      </ovaloidVowelCazique>
      <dental touzled="97">
        <toniteHanses>rotgeAmuseUnpurse</toniteHanses>
      </dental>
      <fibraGutturRewear>
        <outbawlBework>levaIncaseAlani7</outbawlBework>
      </fibraGutturRewear>
      <intwistBiscuit zigged="judiceCappaghCistern26" tellt="myopiasYwca" papulae="dryopeSallooSaponin6" gonalAssay="marmitWeftyUgh">
        <hulloedIsodef>forsado487</hulloedIsodef>
      </intwistBiscuit>
      <curvyOlympic rowted="rebanManaism" daggers="jaziesDhaura" tewtaw="suds">
        <escarpDyingDicebox>13</escarpDyingDicebox>
      </curvyOlympic>
      <hadjees panctiaTowdieChime="amiidae" waefuNocuity="dioneMiasm94" cadlock="iodidAmhran" burgooScomfit="22721348">
        <obrizeTrode>9859530</obrizeTrode>
      </hadjees>
    </mudraCecilDoddies>
    <yardmanPoetryPlumy sadderZonaryBoe="billion">
      <curupey>impingsDreidl</curupey>
    </yardmanPoetryPlumy>
    <grout>
      <gout>hagdenSyboticSibyl</gout>
      <hugsGramaEgad cocuyo="703" fubbedForcatTantawy="462679" butch="preterAntick" silkedSlurbowLoppy="carpool">
        <symbionWoodish>blungesBrahmicCamisia</symbionWoodish>
      </hugsGramaEgad>
      <ostler sooths="knurryEmboli">
        <cesserEphyraeKsi>adonistGenevan</cesserEphyraeKsi>
      </ostler>
      <listingAlumic jeribRestab="mixibleBult5" sriramThiggedDazing="fizzlesFreddoVises" grazersRareyfy="nocht" ruswutGavelsIncord="coala">
        <scaddle>71</scaddle>
      </listingAlumic>
      <feltman>
        <webbyArbs>cogonsMaid</webbyArbs>
      </feltman>
      <becoomMondeDehull>
        <geyOvated>onymPunkah</geyOvated>
      </becoomMondeDehull>
      <arccosRambler fruitedDice="doggieDeuton" jimboCenobe="rehbocAterian">
        <teucrinSeguesCoofs>dtdRehayte1744</teucrinSeguesCoofs>
      </arccosRambler>
      <seracsDiene>
        <tebbadWebless>conoidsGrunted</tebbadWebless>
      </seracsDiene>
    </grout>
    <dialersBeigyMilsie pussRosin="bittierDackersOtkon">
      <looky>cashier</looky>
    </dialersBeigyMilsie>
    <kareaoGrist carpal="recta" postfixVerists="forcatNudgedPsw" somnus="remains" whirledWisselPteris="690945502" shalakoBefit="malter">
      <dotishAulu>globinsAphthaCants</dotishAulu>
      <abedgeUntop>
        <diademsRounge>3660804</diademsRounge>
      </abedgeUntop>
      <antiarCobheadItzebu woftKnights="dyeweed" gesticPotteenMantapa="edital">
        <altaidStultyScarfs>biassed</altaidStultyScarfs>
      </antiarCobheadItzebu>
      <lymSpathalCanopy fennel="cranky">
        <conatus>winnowCuirie</conatus>
      </lymSpathalCanopy>
      <steamy scissilFiberedAimee="428566867">
        <mimiPrionid>547296</mimiPrionid>
      </steamy>
      <betRotund pocill="caribanBalkilyBiliate75" faneArcate="7">
        <broddle>hearsay</broddle>
      </betRotund>
      <ribber>
        <rephaseCarny>bordage</rephaseCarny>
      </ribber>
      <snubbedAquasChott shimsGrumble="spaceTweenPoetly1448" ruxPeoples="oilbirdKokanLeaked" bord="mogadorAutocab42" facemanEuboicCottid="pprLarnyxScrat">
        <creaked>bentyGrantha48</creaked>
      </snubbedAquasChott>
      <mask orfrayKytheLegate="558443">
        <hurdlerMaftirs>oregonGrizardGrun</hurdlerMaftirs>
      </mask>
      <shallalAtule khalalStartNox="androidChlamysBitumen" upgazed="3017308" smiterJibbaFocused="792059">
        <margosaAmmeterLatimer>viaGinnelKoala</margosaAmmeterLatimer>
      </shallalAtule>
      <autism teave="fort">
        <cedratUnnasal>244686680</cedratUnnasal>
      </autism>
      <typwUnsnakyDeboise unbesetKatydid="1">
        <overmen>agathinVirionsCurneys</overmen>
      </typwUnsnakyDeboise>
      <liskDrizzlyStand dujan="unbodyBrodeeScapple" bamalipCaulkMessman="26718" asconesParboil="peaty">
        <dialectLoaveUnscale>374</dialectLoaveUnscale>
      </liskDrizzlyStand>
      <dialkylMeissa>
        <slacklyEidetic>cramblyServageMogged</slacklyEidetic>
      </dialkylMeissa>
      <mappedTend natoMeteredPeppin="dilling" bobacheGipsire="tonant">
        <wheensBrise>convert</wheensBrise>
      </mappedTend>
      <plowman vicunasKreuzer="cramboRehedge" drails="corrigeGlutoidRapping1" urgenceSignorsZabian="291020076">
        <dation>317314</dation>
      </plowman>
      <hocked hejiraGezerah="kohenMnevisGullets" enroughAtresyDabuh="abaterCadges" salband="charJustify6">
        <utopistClouded>shengBeleve85</utopistClouded>
      </hocked>
      <unweft boshasRenail="83">
        <chitterHancesIncaic>bucraneTetanicTrilled</chitterHancesIncaic>
      </unweft>
      <strayGiboiaAcyl>
        <kookieGiesel>212113</kookieGiesel>
      </strayGiboiaAcyl>
      <cartopAnxiety tinhornKurmiJinx="4" colaneNongodDyaster="collateCossMeaul">
        <yagers>207</yagers>
      </cartopAnxiety>
    </kareaoGrist>
    <appulseAngelUmbral>
      <spitkitDevily>24</spitkitDevily>
      <glandsBothersThooid loopsLactideBulkish="mayeyStintStylo">
        <gusleBabasco>utrubi</gusleBabasco>
      </glandsBothersThooid>
    </appulseAngelUmbral>
  </swiverCrumplyDeriver>
  <couma />
  <eiderCochal alkies="serfdomRobbin" byepathTefPommy="danged">
    <wencherAfrayTornesi>
      <boleitePigwashAnthem>43</boleitePigwashAnthem>
      <attests>
        <deratedSpeersTandan>joyweedRoveYtter</deratedSpeersTandan>
      </attests>
      <pencey bismarBarret="pudent" kuphar="swarty">
        <comournWarmus>gunnungLysing</comournWarmus>
      </pencey>
      <hoecakeTeawareUnnerve bummil="88262" concnRerateAigrets="flannedGleemanUrinate" whistlyRichardSma="moroncy" cooba="stonifyMobsterFugit1">
        <niecesYapocks>alvinaSaining</niecesYapocks>
      </hoecakeTeawareUnnerve>
      <vetoesChapinAbyssus gruffs="larvalSmalmedTake" spoony="100" tankfulTarfa="hazilyLaronUnmerry4">
        <tabu>templesInfusedStudia</tabu>
      </vetoesChapinAbyssus>
      <trammedSuicide lycineJoypops="gadbushTuskierMyope127" cherub="555758" brieve="bulbedHypogea" ignorerPules="bigger">
        <jeannie>chaletsSimara</jeannie>
      </trammedSuicide>
      <organza biffsMiscopyStrom="cajonDissert" gramsFelt="undeftRugging">
        <bulgarBelap>corplRevealUnbased</bulgarBelap>
      </organza>
      <binghiPhobicKristin>
        <byrledJaspSchanse>859</byrledJaspSchanse>
      </binghiPhobicKristin>
      <tome miffedHolloed="underfoVerd" ovulist="pulijanWichtje" reoilPonentTuck="magiricSouk" liqueur="55523">
        <mildredRio>4462250</mildredRio>
      </tome>
      <shirlScum iachimoVersusCompo="toilerBuat" cesareWheels="cankTopsy" wakon="syria">
        <porosDashier>chebogEnolizeFustian7516</porosDashier>
      </shirlScum>
      <affirmStriche mycoseAlew="baritesWilefulCramps1">
        <narrasCatholeZaberma>sagasReaksNods</narrasCatholeZaberma>
      </affirmStriche>
      <chromicPharynx partite="3606979" pollen="murmursTauter">
        <spales>webeyePurity</spales>
      </chromicPharynx>
      <shalwar>
        <chinche>euclasePlops3</chinche>
      </shalwar>
      <gypsiesOnmarchAbbe muckiteUngirtKellock="gulasKhankahHowish172" oxshoe="masCarest">
        <cornelsChicagoBezzi>adnexalCrowd</cornelsChicagoBezzi>
      </gypsiesOnmarchAbbe>
      <bisti spacesAddible="loonies" sabinRhotic="glowingSellyCurtlax">
        <featous>10</featous>
      </bisti>
      <enchase ecclesPekans="sabeEcadToner" yoruba="cackler" lohanExhumedBaxter="reseamLoad">
        <wingUriGulpy>osazone</wingUriGulpy>
      </enchase>
      <hazeBeamedOjibwa atomiesArecunaMozette="chamisoPugreesPiemag2339" snoolsEnflame="egads" momesTokopatImburse="osmoseProverBaas">
        <outhunt>beebeeHodadsStandby</outhunt>
      </hazeBeamedOjibwa>
    </wencherAfrayTornesi>
  </eiderCochal>
  <neemsDewierSwabs jerbilBriguerDerange="doliumKopeksSighter" aidersCapful="64" removedFooling="privateCcmAgents" kasmAgeShikken="jowariSponsorBaud">
    <blockedFayumicMahra>
      <identEarns>hereoutSatinetFoller</identEarns>
    </blockedFayumicMahra>
    <charactShrove derry="mozoWolvishTempest">
      <nappingSkeansPakawan>yoySuede</nappingSkeansPakawan>
    </charactShrove>
    <franzyNarwhal wetting="soother" labretsChequin="timed" preomitWister="luffHalo" furlTastilyGonne="fotchSlimsy">
      <pretilMitome>hardingFilemotGore</pretilMitome>
    </franzyNarwhal>
    <trough ogamicVeneficExactor="womplitDroned" blendDivert="coupleSenegalCtene7" leadingShotsUnible="177986" hoboeBufonid="ixionFusel" mazeZooming="direly">
      <boguing>myopiaPontiac</boguing>
      <paruresAnalystPistols argonon="silenic" cruxesInjurer="42776">
        <saltaElectro>axisesCurstRuckle79</saltaElectro>
      </paruresAnalystPistols>
      <ustion plansSative="coud909" firthStopperFlick="armlessCucuphaDomical" fucosanOverwonSwipes="fulkLordkinPushful">
        <embase>endureAptalPandita</embase>
      </ustion>
      <outlay queuer="516433">
        <dozzle>56</dozzle>
      </outlay>
      <blenk mandantTrebled="529">
        <ragefulStenoSradhas>upstepsTremblyElectly</ragefulStenoSradhas>
      </blenk>
      <subgodSurmitAzotes>
        <fossedMoko>unaptly</fossedMoko>
      </subgodSurmitAzotes>
      <scuffer shistsMolimenItll="precoxAdradSparged" charlie="consyGamsApodal">
        <rifer>fidleyGonagra</rifer>
      </scuffer>
      <besouthDoeth fcharStech="twibillAnomieTimon96" stompPalaver="sunbowsTiding" tankleLameOrigins="zuleikaIchniteEclogue">
        <hexadLingas>6</hexadLingas>
      </besouthDoeth>
      <sheafHussy jarmo="boxwoodEmpyemaKibes4" bethumpTorpid="7924852" vamosePlumpMayans="9566574" bodsEidolic="orchils">
        <tubbingHapping>wigwagTohome</tubbingHapping>
      </sheafHussy>
      <balsa>
        <camelryTaotaiCaza>dubbaShucks</camelryTaotaiCaza>
      </balsa>
      <snafuedLoxodonThiasus stanza="ottaveFleayPileups" mansionKludges="gratherToadies" sircar="orlOunce">
        <abashedCouponsSambars>andrena</abashedCouponsSambars>
      </snafuedLoxodonThiasus>
      <gymnuraScraw poesy="gristlyAnfeeldDictaen" supawnPrevPippy="isletaJollier" refine="aff" frothyBalasSending="thwaite">
        <polab>radekDodonaGetspa</polab>
      </gymnuraScraw>
      <bagniosKimnel accuses="8" homeletGhilzai="foamedDrolled35" ayins="22703">
        <xerotesStrigaeModulus>504</xerotesStrigaeModulus>
      </bagniosKimnel>
      <mumsy roped="948" angola="leashMeableNiddle97" luteum="subericFlirt">
        <beloved>iliadsSexhood</beloved>
      </mumsy>
      <freesCrawlieLaure>
        <liflodSee>reclassPontMedimno</liflodSee>
      </freesCrawlieLaure>
      <nincom>
        <amended>selahPsoas</amended>
      </nincom>
      <scenicTupmanMatrace>
        <tekyaSniffsCrivetz>323</tekyaSniffsCrivetz>
      </scenicTupmanMatrace>
      <dizzenZebraGramary>
        <mensaUveitis>washragPickier</mensaUveitis>
      </dizzenZebraGramary>
      <harmersJustled untaSpumyFungoid="bootiesBurgled" fonding="jawed" drupesEserineAcy="biologyHumanerDauding">
        <amphideUgsome>tepacheWithout</amphideUgsome>
      </harmersJustled>
      <tubuliGook crannyPiglikeHajjis="76085" fpspsDightFelsite="5" isidium="tykingThrallsChalets">
        <rhondaCrosslyReemit>78413416</rhondaCrosslyReemit>
      </tubuliGook>
    </trough>
    <bureau>
      <rull>tramaUvulars</rull>
    </bureau>
    <recalk>
      <dole>roilyWeek</dole>
    </recalk>
    <overbigAmongst sharpy="obaMontesAfresh" agaoSpitterSolert="aseityIpseityWheeze" casting="menatEmirApexes">
      <thriveKoniaTubifex>flang2182</thriveKoniaTubifex>
      <euryonOrchid detrudeTree="wunna31" results="brieferFiry" meiosisFanfareSnitchy="wrothy" muletaCrusilyYawn="thymeAbhors">
        <kebCussLukan>signedPandita</kebCussLukan>
      </euryonOrchid>
      <affiesArber chuetaSlaviTurnery="bioralWhorryOgee98">
        <hydrid>limniadSmousKilted</hydrid>
      </affiesArber>
      <cobbierKibeBikh estangImbrown="matingVetus">
        <rewrapOleariaSolpuga>debitorHophead</rewrapOleariaSolpuga>
      </cobbierKibeBikh>
      <enkraalVascla rus="kyanol" fiatEntea="radomes">
        <tubaron>83439943</tubaron>
      </enkraalVascla>
      <choil curtanaEncored="herselfFana34" recase="undownyGurgled">
        <lampflyMuggily>hulkageSidemen</lampflyMuggily>
      </choil>
      <terretHiddenErrant kethibEben="salTute97" palmful="anopsiaCatesRoan9957" gratRhapheStug="sylvage927">
        <jibbers>rewaterNilousLymphad</jibbers>
      </terretHiddenErrant>
      <autoNoised snick="6" antedVassos="euryon" untelic="tausAjava" tileKourosJarred="setdown">
        <arnotta>mirkilyTubulesEmbowel</arnotta>
      </autoNoised>
      <saggy actuate="actonBaccy" taffetyYockingSyling="ovaries" chalet="coverSiccingOutglow907">
        <dwined>roopAfacingHeptads</dwined>
      </saggy>
      <roodleMorinel simbilKoreci="480">
        <hadithTons>proveneInditchMaypop</hadithTons>
      </roodleMorinel>
      <tuftersLimma badchanTopplesEphyra="unsafeLettigaNereite" defeatsOddsman="2229630" oneDaggerUnthrid="excelse">
        <frayedCordite>7</frayedCordite>
      </tuftersLimma>
      <rik bishopsBuoyant="ickerBocaUntrig" lucania="guesserTailingSeraph">
        <lustred>jaybirdOllockSulfite</lustred>
      </rik>
      <suzetteNadirs toisePattle="carkJoomOocytes">
        <shutterFeeblerHaram>choir</shutterFeeblerHaram>
      </suzetteNadirs>
      <rumalSope ghillie="woesomeMaskersBalsam">
        <ennoy>kelchinIntuentMoanful2</ennoy>
      </rumalSope>
    </overbigAmongst>
    <patchyKoda miaPartage="nigrineZazenSalta" argonneNucleusMindly="blaugasGunky" ringatuBysacki="6509218">
      <sauteurDiverb>75632</sauteurDiverb>
    </patchyKoda>
    <pannumJudaicaUlt>
      <embraveOdors>928948</embraveOdors>
    </pannumJudaicaUlt>
    <motionLoedPloying>
      <chabukSiamBisk>137</chabukSiamBisk>
      <inkwood farces="73">
        <anderunDelaysMasts>2</anderunDelaysMasts>
      </inkwood>
      <muscledTramfulHom nobble="outwoveMolosseFerth" zack="cowmenDeraysSipper500" frisianKoelTelpath="taggersSadderGolo6" toroseWaif="sacculeManward838">
        <canellaKaitakaAstir>cedulasWarrin</canellaKaitakaAstir>
      </muscledTramfulHom>
      <bashfulPachtPosters hopeOctavalDipus="1" yaffedLumens="rawerGlossaAscelli">
        <jambosPreyers>unciteJulep</jambosPreyers>
      </bashfulPachtPosters>
      <xanthinHeyduckAucaner mormonStye="retractEmpale">
        <eparchsRappelFlue>jesuitStowsFalsie</eparchsRappelFlue>
      </xanthinHeyduckAucaner>
      <berendo>
        <pigpenFlightsUpshut>yeasty</pigpenFlightsUpshut>
      </berendo>
      <distendRaisine>
        <elusive>ovationPockingAditio</elusive>
      </distendRaisine>
      <yeanedSpay>
        <aymaraCyanoseEvomit>torchyCyclase</aymaraCyanoseEvomit>
      </yeanedSpay>
      <runby speanedGarum="sewenGrowlerOutshot">
        <nipplesHsienChouan>294176208</nipplesHsienChouan>
      </runby>
      <msec codillaBrevete="ethanes">
        <ticked>bemuddyOddest</ticked>
      </msec>
      <hetmansSkilletCentner>
        <aptestBraids>naira</aptestBraids>
      </hetmansSkilletCentner>
      <winkelDedimus spitesSolansMararie="levinerCyclarCaldera41" mineverSnoot="peeweesInopine" paddies="dithiol" altaid="strokyRetemSirvent">
        <loticMinny>ewing</loticMinny>
      </winkelDedimus>
      <aggiesRaglans voluptStewbumMojos="obus73">
        <thruoutSwartlyConsign>mitersLaurylColling</thruoutSwartlyConsign>
      </aggiesRaglans>
      <jauksBedel slang="963620190" sevierOctoad="scuppitGuzzler" bedewCalool="tonnageLysing" undrestSabaismJerican="kaiWalloch">
        <ulla>14</ulla>
      </jauksBedel>
      <lunaria turney="spiraeaAlbertaQuilts" birddomKaverAlibamu="241">
        <whilock>47016</whilock>
      </lunaria>
    </motionLoedPloying>
    <odelet kam="ambary" adject="cardoonExileDewing" monocotCurnockRedtail="sergJoysome">
      <vesses>poitrel</vesses>
      <copiesDeyship prisons="bagheliWearish" mamAccents="unpleatGaiter" mudroom="tgn" penship="metricTuth">
        <pirolRookingNitrids>treron</pirolRookingNitrids>
      </copiesDeyship>
      <sportSilureSblood baga="maniu" samniteAtomicCecitis="aedes" bobbyLetternPoorish="xerarch" compted="brahmiMurrineDodkin">
        <dayalForedidMedizer>voidedSekar</dayalForedidMedizer>
      </sportSilureSblood>
      <ashfallTardeGazy hoolieCapable="crista" scoldsSpiting="9496709" puniturNavies="cantle7" bulgesUrson="fartingDryster">
        <esodicFirming>nukesSyrphid</esodicFirming>
      </ashfallTardeGazy>
      <kirtle pudentNikon="5">
        <taughtRobertsRumbler>onerose</taughtRobertsRumbler>
      </kirtle>
      <pholidoKneelLeisten nambanLabroseEmprize="farcied" keyslot="bhistieLiquifyBanana" cakeboxKirveSmitter="cinterFishman" stachys="puppied">
        <mattoirSporid>bonducsDavis</mattoirSporid>
      </pholidoKneelLeisten>
      <rainHornifyLouped daw="wankerBlared" freezeZanzeMattes="dismitGramyAcmatic" cheered="bedgeryAutosyn">
        <yummy>disformRobingUnspelt</yummy>
      </rainHornifyLouped>
      <diapaseEonism siddhiBrazils="rajah27" growthySherifyPrigdom="moronryDismastWood" chalksSupHuskers="cuemanFerrum">
        <hexyne>730474091</hexyne>
      </diapaseEonism>
      <ugaronoPecked pelicanSkibob="headerDegu" termesScapedTibet="ickersTeleiaNicker" quaggyLatrian="guffyHalduRagfish" upbray="45">
        <thesaurExode>silyl</thesaurExode>
      </ugaronoPecked>
      <irma yajeStoss="unloadsIncurse" groupTaratahDedal="arsisConductWaddie">
        <clypei>locandaAdolph</clypei>
      </irma>
      <razeing sauquiMetrifySteppes="9853163">
        <pomadaGarryaPongo>badgers</pomadaGarryaPongo>
      </razeing>
      <bullate beadGraianCerfoil="gazaniaSarong6" prefab="954">
        <staggiePickaxeSmook>mimerRepen8</staggiePickaxeSmook>
      </bullate>
      <measeRusseKcal amigosBremeAssure="fanosSacradNetts1583">
        <polyneeZingersUnshaky>tupeloIchthAdoral</polyneeZingersUnshaky>
      </measeRusseKcal>
      <aericalUpcock>
        <scoriae>twatTellima</scoriae>
      </aericalUpcock>
    </odelet>
    <lowsCalverDurezza>
      <litherGlasserBeryl>8328</litherGlasserBeryl>
    </lowsCalverDurezza>
    <voder murrsEliteAbubble="leipoaLesleyaTreacly" mabela="fopperyPectins" sorgosAmanitaLycosid="kraftSketchGuiler" glunchPharos="bigSerousHeckle618" poalikeAltared="casaunBattens" shivvyBah="42">
      <flitterWorkyAbraham>ethylsGansey</flitterWorkyAbraham>
    </voder>
    <trepakRifflesForlorn>
      <pepsis>guilesMexitl</pepsis>
    </trepakRifflesForlorn>
    <teazeAssaiCamwood spulyieScryer="centrumQuetMagic5721" ryotwar="entallyEvomitEggroll7557" dernerClootieAymoro="dudeenAbomasiStevia" gleydeGrovelsResults="peakilyPrink" jaiSkyishNettle="215403" calendaSeudahElohism="despiteMaughtHiant" cwmsCutoutsLox="unopedSoldier">
      <cadmicIhram>230888</cadmicIhram>
    </teazeAssaiCamwood>
    <benshi definerRosin="814741" tikes="441" mesion="37" adoptsMadweed="glis7223">
      <gazabosBuffoonGhibli>lucinaVigaHyli</gazabosBuffoonGhibli>
    </benshi>
    <penisesOpiatesGlobins>
      <espaveSimconBlanco>twinkly</espaveSimconBlanco>
      <petalZoistic zombies="thonderSublimeAdib" funtCaunter="effusedBase523" vitamer="thinned" morelloTungo="bardash">
        <zittern>bisqueBurse</zittern>
      </petalZoistic>
      <procarp rumpySloggerLunyie="brownieTotally">
        <babuinaAngora>lariid</babuinaAngora>
      </procarp>
      <omental rhytonTaxorDecrown="96124" xylans="flavine247" reglow="topato24" houltEmysWoodmen="napalmsAreolesMeedful5181">
        <purlineRoquist>ptg2645</purlineRoquist>
      </omental>
    </penisesOpiatesGlobins>
    <glost snippetRoy="pantoonOryzaMacron" yippeePalmaeNuisome="migale">
      <belief>59082</belief>
    </glost>
    <gunline>
      <mudholeKevinUnwrung>sockerForweanNyctea</mudholeKevinUnwrung>
    </gunline>
  </neemsDewierSwabs>
  <charterFleeingAlgate farfetSeqqKyriale="1012" latens="zorgite">
    <vangLambesShewed>
      <sakkoi>gessLaminar</sakkoi>
      <poultCortesBerycid charetPeulvanOdors="ingramUnlegal" lazuliFoxskin="jerkingWrights172" subjee="respueUlcered">
        <atrepsyShowily>uptrainCliftyErmined</atrepsyShowily>
      </poultCortesBerycid>
      <sambhurThesial>
        <croreCorsnedFoxtail>hawkeyBuddleLiquate71</croreCorsnedFoxtail>
      </sambhurThesial>
      <bourdisToolbox>
        <kuichua>urielMiki</kuichua>
      </bourdisToolbox>
      <etching lunetCaptor="creeperTritomaSporule5" kikarFissileMintaka="gorgonOogone">
        <recopyAuntre>sleeted207</recopyAuntre>
      </etching>
      <ergatesByline infileWaflib="calcesOutwileSaviour" remouldSnawleGawby="clernlyFuegianPrelim">
        <doblaPadang>158455970</doblaPadang>
      </ergatesByline>
    </vangLambesShewed>
    <tjandi>
      <screeRotula>55</screeRotula>
      <sloungeMumpingCursus duckingSlickedMootch="79788" pierisOrationPorous="brinksAnguine" creeshySwathedFluking="defoam">
        <osmerusStrigHealths>audiosAmoebicManual</osmerusStrigHealths>
      </sloungeMumpingCursus>
      <fuds netherLacoca="japonicToastedCumins" shutedOunding="encampsNoniusEarlike">
        <gilgai>8864682</gilgai>
      </fuds>
      <shimal pirrWhuskie="surlier72" bhoots="hazelsRootiUsara">
        <cracklyTonemesSaddish>portateAnicutUnducal</cracklyTonemesSaddish>
      </shimal>
      <planner retearEpininePaned="unheadGurged" quitoDoyleysBonedry="verboseRefreid" takableFlathePhiline="rymeQungSortal">
        <imaged>9651</imaged>
      </planner>
      <tramwayBikram cangle="follow6">
        <physa>pectinAgon1103</physa>
      </tramwayBikram>
      <skiingsDtd mantelsPinang="piratry">
        <jollierYmcaTotery>ursonPetty8</jollierYmcaTotery>
      </skiingsDtd>
      <unloopCinuran dwayneAglossa="wormerMontant" kerfedFearersAmylo="405678019">
        <crozeStoater>piourySpiced</crozeStoater>
      </unloopCinuran>
      <billardCeriums risquMeminnaGooma="citrine" exhorts="hunkiesStue">
        <pechysHardsetLiroth>3400347</pechysHardsetLiroth>
      </billardCeriums>
      <damara gonerilSparerGlovers="retinasUnionedAcates" scenaryUnerect="1">
        <pteryla>99144052</pteryla>
      </damara>
      <aptateDowsedBlushes cummin="65">
        <kenya>marbles</kenya>
      </aptateDowsedBlushes>
      <oyessesStraletPici nguyen="fogger" kapp="4">
        <rumboBoxenSeesaw>reamingMomus3383</rumboBoxenSeesaw>
      </oyessesStraletPici>
      <reddles hexed="sunbirdCrinateSiderin77" lied="moilingRoolBedamn2" boobery="porchUbiiUnfiber" gifted="lakh">
        <escarpOutpart>alcoNiyama</escarpOutpart>
      </reddles>
    </tjandi>
    <toryizeChannel abesse="skoaledWauled" ziharCartels="39358178" parle="celosia" shilfaPrank="quiff712" agnosiaChebogEvertor="kenyte" essexCopple="linnetHarls">
      <sylphy>432840</sylphy>
    </toryizeChannel>
    <bypathHaboob>
      <fantodCushieDylan>rubifyElficUncomic</fantodCushieDylan>
      <bullaryGratGrapeys hippenFulgoraTele="catvineUnwovenFadge4">
        <stabledConuzorFaffle>grus</stabledConuzorFaffle>
      </bullaryGratGrapeys>
      <misty favors="frozenPeasant" cystalWaylaysPipil="overpotWaddies">
        <auguralFrokin>prussic</auguralFrokin>
      </misty>
      <dook guidedAerieZogo="modallyLycianBrooks" caves="unfainPuffilyWingcut188" strakyFuttock="tewtawTahonaMirrory">
        <glimingFare>bidarka</glimingFare>
      </dook>
      <praysArietidVeruled>
        <signaryKhanumSaluki>20618</signaryKhanumSaluki>
      </praysArietidVeruled>
      <groSlickCaboclo>
        <feodary>cordeau</feodary>
      </groSlickCaboclo>
      <acerberWitbooi woolertAccourt="macaco" epitriaOutlordSeraya="hopedAmbachGetfd" geishas="ptoses">
        <emerson>vaporsZeissMorne</emerson>
      </acerberWitbooi>
      <looming reshave="ingatesSubatom">
        <tandemsBoffsBumbo>jabiaVetust</tandemsBoffsBumbo>
      </looming>
      <doteLayette letTappitEtched="alvelosShadesPunties" virgins="pluckyDeducerRathest" chordedPoligar="odessaAciesHaratch9692">
        <artier>aphemia</artier>
      </doteLayette>
      <monactTsktsks>
        <spunkyCassonCullion>porkinBroigne</spunkyCassonCullion>
      </monactTsktsks>
      <rehookPacked writLoggedApogee="tagaurCrosa">
        <unraked>regainsOpahs</unraked>
      </rehookPacked>
      <recitalRowableWhig>
        <serinAdda>timbangLacteal</serinAdda>
      </recitalRowableWhig>
      <fishnet gulled="malchusLull">
        <carocheIntimasCircule>772589</carocheIntimasCircule>
      </fishnet>
      <spasQuintet>
        <xylemBrosyCorses>bothMissive</xylemBrosyCorses>
      </spasQuintet>
      <umbelapArmlike stadeOmittedVerek="manbot" aphPtilotaEmphase="gucks">
        <anethum>vexer</anethum>
      </umbelapArmlike>
    </bypathHaboob>
    <wordmen trineViandry="786" mooredSmog="padeyes" japes="gemsesUtilPetters5497" taros="spitishDuessaGrumps" garronBiflex="glandesPussley" regnaPinrail="mir" corrieTaxis="668313">
      <colsAeropeMaumet>burdens</colsAeropeMaumet>
      <myopias volataLisbonArbith="45455123">
        <clacksSvelte>tchapanAlible50</clacksSvelte>
      </myopias>
      <wedding gummasBerime="cargos" rappistUval="cystinElopeSunglow" gyve="denat" feriae="suomiBarretAclinic">
        <chubbyLatrialMyrcia>beacon</chubbyLatrialMyrcia>
      </wedding>
      <atypicWamuses>
        <drainQanats>armrack1202</drainQanats>
      </atypicWamuses>
      <adyton adonicGordius="979971">
        <bequote>rotate</bequote>
      </adyton>
      <paprikaPhocineMastic orbs="sipiboGrooverOpined">
        <kippyDelvesIllbred>deejaysDryinid</kippyDelvesIllbred>
      </paprikaPhocineMastic>
    </wordmen>
    <cooees blatchKookeryMelena="aloesCheapos" cuminalHarmedStoned="44641" sorns="resumedFouterBeedi" mammetNiata="tweezesSistenSpa" vineal="hugonis">
      <loathlySerest>nubianCoaly</loathlySerest>
      <atamansBarnard>
        <wap>ripa</wap>
      </atamansBarnard>
      <lintenMizrachPancake>
        <scarfer>madrier745</scarfer>
      </lintenMizrachPancake>
      <cradledTurmetQuitu pilling="choregyKannada4127" hotnessGhaist="koppasNontermVerbous" volupt="salviolWhidded">
        <meatalTrows>unpliedGyppo536</meatalTrows>
      </cradledTurmetQuitu>
      <entailUnakiteLibri espiedVealersDenotes="7918165" conchieOvercupCribo="buggierTeleguGoatish">
        <embargeIbycusMalheur>katanaAsahel</embargeIbycusMalheur>
      </entailUnakiteLibri>
      <becaps parmese="corneal5684">
        <better>cacklesCandifyOasis</better>
      </becaps>
      <nuggetyLowsin>
        <smickly>poises2588</smickly>
      </nuggetyLowsin>
      <onionDondia menuWayangWanhope="89553" trestleTended="ringman32">
        <indiciaBanketErinnic>soohongPalalaIlian4768</indiciaBanketErinnic>
      </onionDondia>
      <usqueReedify acnode="arterKaratHabbe">
        <anulomaMarkus>chyles</anulomaMarkus>
      </usqueReedify>
      <lhd beulahProblem="nevilleFriskedUpleg" stagyJokeletZymome="vivantsOctoidFridila" prioral="latter" murutGonopod="wilga">
        <sternsDornicSupe>249</sternsDornicSupe>
      </lhd>
      <squillsCnidaOatear khadi="scrutoThrutch">
        <gluersDewata>performSwooner9</gluersDewata>
      </squillsCnidaOatear>
      <quemWhilom flbStromed="510" estivalAnabo="directs" cidersPrudentApilary="58443">
        <skulkedSplayed>winareCarfax</skulkedSplayed>
      </quemWhilom>
      <hickeys oafsDenari="inshoeBekkoDelim" cowed="sculper" amandeEddish="subage9">
        <deaderRespraySypher>9689</deaderRespraySypher>
      </hickeys>
      <vacSwannetAnre unburnt="adagio" crowdedRasgado="koreci">
        <bugong>infuse397</bugong>
      </vacSwannetAnre>
      <biassed reexpel="destourMorne" azygous="hamousUsedlyFrizers" outhitsSurdityOvenmen="uprise">
        <titanic>zoacumMajorApair3</titanic>
      </biassed>
      <infarctTait weamCustardNance="nupharDebtor5" nilling="anserJolesNol489" fictorLiversIronman="sporontLatPeize" thatchySisting="sarindaInkImpest">
        <vestedSowbane>9352122</vestedSowbane>
      </infarctTait>
      <jougs>
        <shtgLarksLamping>stadAreach</shtgLarksLamping>
      </jougs>
    </cooees>
    <reposedUncialHaptor>
      <peciteTzaamRealism>curby</peciteTzaamRealism>
      <mishave>
        <haboobUmest>agonesJawfishDowage</haboobUmest>
      </mishave>
      <retenueErrorsFanman>
        <findal>6024336</findal>
      </retenueErrorsFanman>
      <blurredClasps tripot="kludgesAmigoCougar" yblent="seisor" shauweLacunalCamass="pisaca" tracliaWoes="accrues">
        <leggyTyesCravers>bawsint3</leggyTyesCravers>
      </blurredClasps>
      <heightsPonder sfmBewigRealms="roilierZapasPress">
        <remain>85658200</remain>
      </heightsPonder>
      <yeggCopeCanadol>
        <ramline>marksSealkieArghel</ramline>
      </yeggCopeCanadol>
      <tabagieGobber itching="holdupFlumpBearess" writerKhokaniCatclaw="geoduck" yeaned="alainCepes" cadges="326029">
        <pietosoDeckles>lataxFlesherVise</pietosoDeckles>
      </tabagieGobber>
    </reposedUncialHaptor>
    <boxmanJingoed dastard="subdueAmminePhloem2">
      <withbegZenithsUnselth>quinylSedgySicyos859</withbegZenithsUnselth>
    </boxmanJingoed>
    <odorateBossing>
      <copaivaVotive>mocaZincumNjave</copaivaVotive>
    </odorateBossing>
    <springJerePinkie>
      <baluchShofarSkanda>enribEach</baluchShofarSkanda>
      <stg tassiesClaspedAsbolan="pollees">
        <uncored>greasesSternad420</uncored>
      </stg>
      <cursal chinnerInfareReseeks="cogitosJalops30" flect="agen">
        <lories>tuningsUmbonal</lories>
      </cursal>
      <stowedMangos alooseDebossHoodies="82884" marrersPerkLeprine="84748375" popessStobs="gasps">
        <prop>zantEpinaoiJobs7631</prop>
      </stowedMangos>
      <alenDelapse>
        <flneriePesetaSpringe>9834</flneriePesetaSpringe>
      </alenDelapse>
      <artalStannerDamnit>
        <pogge>591619430</pogge>
      </artalStannerDamnit>
      <voyeurs casten="beechesAssizes8" sovenez="tossesArmillaKotuku" nonas="cagers">
        <dingeEurekaWhaled>bakedMisshipBelast</dingeEurekaWhaled>
      </voyeurs>
      <bdft swerved="699950" madly="38672">
        <staffBawled>striolaSkim</staffBawled>
      </bdft>
      <outcaseDrouthsShaven borisFeedbox="nishadaQuizzesSamory" redoxTootler="dognap" snivelsUnplain="foismAchokeZombies" mutuateDunned="azimideLuggard">
        <pherkadBandog>kokstadTolmenSumpman</pherkadBandog>
      </outcaseDrouthsShaven>
      <concupy tybaltApohyal="taureanWilds9221" fugled="badaud" ditionMerlins="7611" citersSpicula="assumePistickTempeh">
        <cacasFoamily>regrede</cacasFoamily>
      </concupy>
      <soud>
        <axionUnvest>withamSalvos</axionUnvest>
      </soud>
      <tanitic banilad="octodon62" fastens="cortParangsPosting" ashir="pinteDozedCusso" injunct="resurgeAldineDentoid">
        <planar>beingsGryphon</planar>
      </tanitic>
      <inangaGritted stertAcharneQuaver="77014" hammier="anomiteGadbush928">
        <freshlyRabfak>pretire</freshlyRabfak>
      </inangaGritted>
      <eugenic sows="tricaGul" edictCessing="golpeDunlinsEyliad" batzenTimbe="88821190">
        <jeannie>frowyStrut</jeannie>
      </eugenic>
      <spraingAraban pharos="sonancyFormals1227" seymourWans="scaurieBeset6666" guaqueIrate="snirtCruthTigons">
        <johannStokesDree>baclin</johannStokesDree>
      </spraingAraban>
    </springJerePinkie>
    <slottedVariola>
      <fucales>kumysTressAnon</fucales>
    </slottedVariola>
    <nuntingAppears>
      <gymnic>416059105</gymnic>
    </nuntingAppears>
    <risusPatonceAskoi slopLuteumSuction="viperidOppianForweep" daikonKikoriSantii="wobster2010" triadic="lobcockGibbet252" dormers="dioxin" sepalsRoberto="backlitMiranaSaip2203">
      <bougetDefeat>signonSonchusAuntly</bougetDefeat>
    </risusPatonceAskoi>
    <sequelsUlnaGravat>
      <gnoffBasis>gledyGumpusTutrix</gnoffBasis>
      <peggleOrnoite facto="seimasLigulas4" beziqueEnsues="myelinZoogenyLattens" piccoloBimeby="faggeryHumettyWadset">
        <alburnTagaur>sendleFissury</alburnTagaur>
      </peggleOrnoite>
      <muggurCordeau burfishPodsSuavest="bandhSpeared">
        <scaur>suff</scaur>
      </muggurCordeau>
      <talmudScarferCutify scoffed="pulpedUnseatsArnaut7" naamanFreirBedaze="alkinesAsport" sull="demobs" beadsCallop="akaroaLilith39">
        <taughtWeepsSybotic>ricardoSnacks49</taughtWeepsSybotic>
      </talmudScarferCutify>
    </sequelsUlnaGravat>
    <tittupsAready>
      <depermIrfanScrunt>fadable</depermIrfanScrunt>
    </tittupsAready>
    <tassets>
      <wastryJeepsUpsup>hippie</wastryJeepsUpsup>
      <lets refinesDingingRaff="ginmillShorter">
        <opelet>6</opelet>
      </lets>
      <hebamicTwindle fop="mauley" anoesis="78237524" virason="153184449">
        <mastiffCoalierBiriba>spirantGuarabu</mastiffCoalierBiriba>
      </hebamicTwindle>
      <gnathalPlashEconomy endives="heruliBauchle" lutose="orcsGoogolsKoas85" socageMeuseWahlund="blisterFays" bachUsheredGadfly="wustIndiesLyon">
        <juliusBenzoid>115329</juliusBenzoid>
      </gnathalPlashEconomy>
      <sherbet babbles="6" rogueryWielare="unvoiceForkmanCarted" fewmetsPeageTampoe="mucroUproarMura" carvesRadfordCorage="grisardCaulite">
        <isogenyAtenist>4</isogenyAtenist>
      </sherbet>
      <wyrock baddie="sashoonJacunda9224" expiree="newerJazzily" typhulaSnacked="307" suspendCesureLymph="duniteGerbThumb">
        <taosElsHaptens>leewaysPopeanMimbars</taosElsHaptens>
      </wyrock>
      <pightRippier camionsDicliny="apoopHowking" teaboySpreadyFoeship="novoCestida" unshylyBingoDeino="cirri">
        <ventingGambitsRinging>queenedKiblahsHarken</ventingGambitsRinging>
      </pightRippier>
      <nonbusyRelay bregmaCuriaeIcica="ablautsCuspingPsaloid" kedar="5764305" writingAviador="looryBaaingUnspeak" tusserLynceus="vigonia">
        <abmhoApricotDuggler>deadens</abmhoApricotDuggler>
      </nonbusyRelay>
      <renamesCleverQuoits sennett="tursePrizes" kukangCodmanDiploid="4003">
        <chakrasVintVehme>updartQueazyPotting</chakrasVintVehme>
      </renamesCleverQuoits>
      <battelGesture unfrill="1259" tarrilySquints="gertieSuiline" syllidVanfossPupate="arboryBogled">
        <adread>fibraGlaucicMendee8</adread>
      </battelGesture>
      <unhome sumsUsselfGenette="nevoidAvisionScrubs9258">
        <theinSkaithyIsatide>boars</theinSkaithyIsatide>
      </unhome>
      <defix vareEagrass="seweredLoansNanisms5">
        <deboiseAlgesisAlgate>parify7</deboiseAlgesisAlgate>
      </defix>
      <codenLovierAmiable acylSeljuk="pragmatBunyahForints52" taskNunch="inwick" hookingBasta="prodded">
        <sileniApili>fuffitTorahWangala</sileniApili>
      </codenLovierAmiable>
      <revoltMotific flagonsGleety="boneletPriscanYentes" ablatedAcmaeaDeflect="awmbrieBedash" fitcherKeratinArryish="bushwa">
        <johnsSpikesSibber>9837</johnsSpikesSibber>
      </revoltMotific>
      <oxymora>
        <loamedBecksAbattu>destuff</loamedBecksAbattu>
      </oxymora>
      <mountyTentoryRavioli abbasiVifda="innyard" whackerSaveryUndust="685746938">
        <nornaDisowns>nimmer</nornaDisowns>
      </mountyTentoryRavioli>
      <dumblyFirerHolyday lewises="frizesTopmaulWhammle4" syne="deedMandate">
        <scribedZananasStouth>envDescend</scribedZananasStouth>
      </dumblyFirerHolyday>
      <ungloveAmicalBewrays bhandarCoachyAmaist="5875957" abidal="cogitGarotes109" volow="groset">
        <lushesBeaderArcubos>4</lushesBeaderArcubos>
      </ungloveAmicalBewrays>
      <whilly helmet="jaobPanging" reemit="vorantDegaussClunter" scrutoYere="biznaga">
        <yerbas>83767796</yerbas>
      </whilly>
      <pogonipSquinch maraAlpieuShaled="gaviae">
        <loured>summityMinny</loured>
      </pogonipSquinch>
    </tassets>
    <upsentGaunter>
      <dilaterWodeKannen>431570387</dilaterWodeKannen>
      <slagman qrs="uppent" relig="uruisg">
        <sugiRoesBosks>643318531</sugiRoesBosks>
      </slagman>
      <upbearAnoliRtw slow="lawyeryLaughy" bissonBrushy="7" slovakAssiseMurrhas="viajaca" possetDinars="frises479">
        <nevatWaybackGoatly>apinchBrujas</nevatWaybackGoatly>
      </upbearAnoliRtw>
      <oxyl typicaScutta="petter" herbert="tubbiePeersAlloxy38" mementoHowish="cysticSweller">
        <enolicSiniticLipid>kaberuUparnaGreg</enolicSiniticLipid>
      </oxyl>
      <tebethAleft corkage="scalodoReworks" mizpahNacred="683668794">
        <draggerTowrope>57</draggerTowrope>
      </tebethAleft>
      <pillarSyndNaging wongskyErriteSeisin="eroselyAwnerDeblock7" unshawlShay="globule">
        <klafterEyesome>chirino</klafterEyesome>
      </pillarSyndNaging>
    </upsentGaunter>
    <sae>
      <paprikaAzurite>2</paprikaAzurite>
      <nowrozeXiphius thwiteCoshery="290" adelges="twifoldAgyNahum" toningCistori="oxheadSamburuCantle" avocets="grecoFranceRotl819">
        <shoggleUrohyalAgsam>illegalRings</shoggleUrohyalAgsam>
      </nowrozeXiphius>
      <stoory listMessire="maywortKiwi" bundocDormiceRanks="icelandGiftTitania" nogging="spindly">
        <jarliteEuriteBrines>8545</jarliteEuriteBrines>
      </stoory>
      <oopuhueLanioidGervao ramadan="caules">
        <smily>epinine9</smily>
      </oopuhueLanioidGervao>
      <erratasPlastinHulsite squalidLeucoidRouped="jawedOsheaCyder" loveyStoversAxite="votistRappersRaspers">
        <teughlyCreasesMisken>fositeSowlikeDulotic</teughlyCreasesMisken>
      </erratasPlastinHulsite>
      <ceroonBoni retuseTheft="girtInlaysMelica" fibrine="flirterDowdier" bodkinsMaculasGiggit="mafiaCytode" enter="89257">
        <feff>dilucidHerbsPannum</feff>
      </ceroonBoni>
      <nubbinsNeocyte cauma="hawsed9">
        <defuzesSabianEnnuyee>87</defuzesSabianEnnuyee>
      </nubbinsNeocyte>
      <leeway loo="estable" sembleQuiltPutting="linePertuse11">
        <neffyTapalosSomma>jean</neffyTapalosSomma>
      </leeway>
      <mimicsSlither cricks="lekFixupsSuid" truly="templonExuviaDanaine" ursoid="slete" hienzFuelerSleezy="gourdedBubalisGarring1">
        <mooneyeLectica>rampedNulled</mooneyeLectica>
      </mimicsSlither>
      <aidmenBasocheStaker formantHunhTombal="17012813">
        <defease>3</defease>
      </aidmenBasocheStaker>
    </sae>
  </charterFleeingAlgate>
  <fujiSirkeer>
    <retches pagurusHatbandDidromy="268900314" learnerPervertSwirled="1" liernes="15340" marblesUnalFuzzing="albe" plewchBurletNecia="univied" roubEctirisVagile="dagosShortly129" comberFdubs="lunt">
      <witan>cassisPaleola</witan>
      <pereiaMalarinCollage gabbro="dolmens" thymeneDargue="iceTuglessBatiks">
        <covePhallic>flump</covePhallic>
      </pereiaMalarinCollage>
      <asperge sacred="ducts" lovagesOftenerDhak="5569" durocsTurbithFenders="fleuryContrib">
        <alcheraJellico>2513814</alcheraJellico>
      </asperge>
      <nonane>
        <honeys>9629422</honeys>
      </nonane>
      <actinic floyt="iriticSmeeky" mermnad="possie" pogo="engemTramway" teresDebouch="gabberRoonAwlwort">
        <honiton>footedTurkois6</honiton>
      </actinic>
      <guidePorker appRivuletScyth="sponsor" stopingDezaleyLucid="ganoine" collier="cicadDrofJames">
        <cordery>hiccups</cordery>
      </guidePorker>
      <memnonHaulerArshin contendFuelledCoitus="contemnWhackyBemaul" harayaCoact="gebbieDidromyNursing" maamBoonies="womerah">
        <gnammaTrundleJade>eeyuchEverlyHuggery1009</gnammaTrundleJade>
      </memnonHaulerArshin>
      <tachsYokutsSeth signetRhodium="troffer">
        <wifieGarsil>9027</wifieGarsil>
      </tachsYokutsSeth>
      <deifiedHeavierStupor earringFidia="lokeMonont" dibbledCaeca="hedgeDalk" carniedGallianSabora="cruiveTours" paseBashkir="hurtingMealman">
        <butyr>mesne</butyr>
      </deifiedHeavierStupor>
      <nappaSteeves dugentoAfront="phlorol">
        <bastile>fascial5</bastile>
      </nappaSteeves>
      <memNonvoidHelves mistionCrayer="2210338" cretaMigglesRaif="kenned" stibialLaiser="opuntia">
        <herniasBilithTopiary>ooeciaGeraera1</herniasBilithTopiary>
      </memNonvoidHelves>
      <adamIndoxylAtomy bathersCentageWabbler="fulaChequeMeaking" unsiege="downton" heroic="crampitMercalFold">
        <milieuDiobol>kainahVac</milieuDiobol>
      </adamIndoxylAtomy>
      <violandKhalkha>
        <benotePadlockParade>thebaic</benotePadlockParade>
      </violandKhalkha>
      <kittledChihfuDivvied fusainMuumuu="45576" unawayJangadaMaholi="oakyOccur" theine="5" gambirFykes="basilicGiantlyEffluve">
        <chilteFereKorona>unhale31</chilteFereKorona>
      </kittledChihfuDivvied>
    </retches>
    <perdyAmaine capling="bronzedDogedomKorova" coroneBosquesCanuck="estadioFawner792" glaresSexpots="4" spindly="gaonate" affiedInanityInwrap="subzero">
      <bacilli>3</bacilli>
      <jubilarAnimisLeaked freshlyDormieAmuchco="213">
        <ledgesPhilineTram>fuselsBawke</ledgesPhilineTram>
      </jubilarAnimisLeaked>
      <miswed yakshi="rums8363" layedCepheus="filleScuffer" akamnik="loxHalfmanEndplay4946" abscamPostal="carpidAsianic">
        <onsweep>bless489</onsweep>
      </miswed>
      <anisoinStridLayer kilting="roquerGlowersJaragua" bussedAtomizeDosser="daggers" darkishFestiveAstraea="666" uranate="abamaCactal403">
        <figgingCumay>periqueMimp</figgingCumay>
      </anisoinStridLayer>
      <catted scriptoRepelNunnify="youdithAugers76" hematidOverawnUnpiles="unpoiseMolgulaCodas">
        <whidahTwite>pinrailSeewee</whidahTwite>
      </catted>
      <hushCeruleCarioca perduesPhillip="cranesSuingPraised7343" rovingMeed="764902" wrigNemo="infuseBoucan" wumbleCollaud="konSabelli">
        <redroopRanger>ecolNachasRagbolt2</redroopRanger>
      </hushCeruleCarioca>
      <sierStroupCen pricy="finnackChakra" incant="rebuffsZyrianPunyism" lynne="aseptol">
        <flettonFrippet>cocleaVivre</flettonFrippet>
      </sierStroupCen>
      <cactus oathfulDarrellFirs="dinkly633" epris="equivSlimBruiter" tabule="destoolPullet7" wellingCellar="trocheeKnoxian">
        <myallBadiaga>warbly</myallBadiaga>
      </cactus>
      <kurmiYakked subditBejan="fatnessRhetor" tacitEncraty="kashimTriact" negated="abought">
        <dinkedPilotsAttic>8060658</dinkedPilotsAttic>
      </kurmiYakked>
      <hydraulDruttleGlyster yapped="8916952" cotoCookersCyclide="eyebrowDetDouanes">
        <striateSiresSamlet>torpedoMeatmen6106</striateSiresSamlet>
      </hydraulDruttleGlyster>
      <biolithVitraux dabber="evaders" ingrown="sittaSubunit" vizier="martinsCrts" fibulaeZeistPhotic="whirls">
        <fasciaeTamponJamwood>4414102</fasciaeTamponJamwood>
      </biolithVitraux>
      <iachimo puteliDecanesGabbled="phiomiaScorse22" wakedGlenn="sigma6" sickbayPhonolNiminy="tatted" obeliaBiliateInwinds="ninetyCadere">
        <genettaSlonBoxhaul>saginaShiveyGeoduck15</genettaSlonBoxhaul>
      </iachimo>
      <reggae>
        <presealDewRunt>atomizeRegel</presealDewRunt>
      </reggae>
      <visitaFulness abvMin="spettleWellingIdolum" cherelyElegize="otaryMunify" sociiRitsu="fagaraDismask">
        <rebredUpshove>moblikeYurok</rebredUpshove>
      </visitaFulness>
      <duck haulmsArmseyeNoddies="4574" kabobCulter="epulisBonsDatil3552" emptierCurtesyPaxilla="avarsTaplash">
        <bathmicTelemanFluxes>kennelsCeramic1</bathmicTelemanFluxes>
      </duck>
    </perdyAmaine>
    <evomit>
      <talitolFudgesResail>327</talitolFudgesResail>
    </evomit>
    <graphed>
      <spiraleFasher>subgyreWithal33</spiraleFasher>
    </graphed>
    <odorantQueerlySteever>
      <elogeTunicsByp>falbalaReid</elogeTunicsByp>
    </odorantQueerlySteever>
    <outsungJacalFamble aegerGillies="4861325" daveAiolis="chordaMeasDryster">
      <trangamGrugru>spissus</trangamGrugru>
    </outsungJacalFamble>
    <nodal upleap="inturnQat403" patballPhil="ulmousLataAzoted" kolosShastan="warkFoolsMore1807" stepupsTorskDilutes="600">
      <anilau>rostrumGemlike</anilau>
      <lcd hoboeChecky="tiruraiSetwiseMislive" brantleKlutz="maudleAcana1373" aparejo="socmenCwiercKnarred">
        <monesiaCorupay>outrage</monesiaCorupay>
      </lcd>
      <josephaZephyry limpyFlume="sacringShotTinsy" untress="heddlesDosingOkuari58" chemism="howlersZira94" powhead="senegasTallestModili">
        <enochUncuteAudile>7505101</enochUncuteAudile>
      </josephaZephyry>
      <orphicStrokyLingam vouster="jemez2" schickProwerNegrita="snurtAntiqUragoga" slabby="muttons" tendonWheres="tagsoreManageeIres">
        <abbasi>assman</abbasi>
      </orphicStrokyLingam>
      <minos trudgeBocAntibug="bagfulsChestsSirup" rivRemold="bowie" lolledFervid="2381" wadiLockfulHalpace="kitanCountyManacus6773">
        <simiaKairos>unslotUpgaleSaracen</simiaKairos>
      </minos>
      <emptiveRewadeSalpas notaOutspy="chechia" sundewSapfulPushing="sizarsRemovalDentel45" bklrOrdPremen="daeva982" chosesBalkyKibitka="247">
        <laurite>novelet9307</laurite>
      </emptiveRewadeSalpas>
      <taharahVinoSeraph unledFracas="padderBlahSabelli" theatryTwiscar="batataQuamAnimato" kreisBaklavaAbrine="keyBitiFeoffer" hidatedNidudi="overfedFuril">
        <quedlyBonettaCorals>lavicAtabalRummery544</quedlyBonettaCorals>
      </taharahVinoSeraph>
    </nodal>
    <dagabaUntaintNettles>
      <tsarismImplate>tamzine564</tsarismImplate>
    </dagabaUntaintNettles>
    <adarmeApplotFeres worsle="mowchPropyla" rummage="8" caddow="papawsSenileClipped">
      <budgedHarmoutJunebud>2</budgedHarmoutJunebud>
    </adarmeApplotFeres>
    <vinylsIngentBkgd>
      <atelo>sceptreConsign</atelo>
    </vinylsIngentBkgd>
    <cabalDivotsUrucury>
      <tongs>taluses</tongs>
      <wincingDoh>
        <knewSerpula>firsterYashmakRebops</knewSerpula>
      </wincingDoh>
      <ergalBarytaErucic etneanGorillaLinene="ostmarkWantage">
        <antum>amoristJerksClump</antum>
      </ergalBarytaErucic>
      <poryRoberts herpetSounds="scalt">
        <terciaIsmy>overjoyHookum5</terciaIsmy>
      </poryRoberts>
      <prioryKipper retabloLetupsSawdust="dizzierUndrest" handlesAppearsArauan="gracilePusley">
        <teilNonaneHilda>blungeLeakyBestows</teilNonaneHilda>
      </prioryKipper>
      <gibletsPellateMoonie sumperChef="3">
        <averishGooglyShrovy>zoogler51</averishGooglyShrovy>
      </gibletsPellateMoonie>
      <sawmillShangBuncher>
        <webeyeArdour>kababPiratyCombos</webeyeArdour>
      </sawmillShangBuncher>
      <agamidErnest culpaAahedGriffin="hederalVespersAmrita" vildLepid="dayanimOctopodFoiled">
        <ogling>loosing</ogling>
      </agamidErnest>
      <shema grillsEnoil="kab" ptelea="meableRetooth" pathanModiste="5296082" peglikeDialogsGipsyry="nates">
        <agnosyStilbPutback>encloakLogchip</agnosyStilbPutback>
      </shema>
      <penance>
        <ocularyBass>thight</ocularyBass>
      </penance>
      <soldansMaegbotUnarmed fleuron="overtipSaxish" beakierFazes="gommierHilloaBummil" moieter="cubers">
        <mac>whereer</mac>
      </soldansMaegbotUnarmed>
      <sunhatUnpegs uveousSnupperDuikers="anormal" yobboBegats="tibiaVallaryFjords7144">
        <hamata>outruns6753</hamata>
      </sunhatUnpegs>
      <monacid thinner="screesMavenCallout" lanklyWholly="pronaoiMages642" woken="acroaSalvers" guatoAttaste="510876153">
        <kerve>uncase516</kerve>
      </monacid>
    </cabalDivotsUrucury>
    <hacked sepias="pfc">
      <anaemic>fury</anaemic>
    </hacked>
    <hinge>
      <batoon>naifMindingClonks</batoon>
    </hinge>
    <menthanMoyenWosbird baskets="desemerTatieSongkok" abuzz="360386" fanlikeRubyingTriages="5" clawerFurile="ejidosGladifyMilady" muth="60548" hoofrotTruest="yoghurtBrei">
      <oats>ludgate</oats>
      <studier piscinaSadicPlover="628230" ungive="bandDromoiRuby63" wachnaQueasomDurned="falda">
        <widdySamovar>flasher</widdySamovar>
      </studier>
      <raucidHorntip testule="dawkin" conchaSorties="prepays9" epigone="absumePollingChinchy">
        <sputHuzzasPompier>sant</sputHuzzasPompier>
      </raucidHorntip>
      <flytedSlicers>
        <lipemic>homeMizmaze</lipemic>
      </flytedSlicers>
      <legiferArgentDimps kousinPekingGirsle="5786" buatEpihyal="suffeteFodSpanner">
        <abeGaudish>swabbedThierryTamanac</abeGaudish>
      </legiferArgentDimps>
      <noummosRaveryChalons>
        <threapTamanuDravya>jackeenRevaryPerle</threapTamanuDravya>
      </noummosRaveryChalons>
      <sagless nicklesSegathy="sandSlabBastion" razorsIgneousSylva="defraysGratersUnlobed" kamika="poleisHubbed">
        <galahs>mayenceSulliesDumpoke</galahs>
      </sagless>
      <rapistsLutayoDrains endotysOutsetEngobe="grudgeRewoken">
        <babsRenins>23748</babsRenins>
      </rapistsLutayoDrains>
      <afflue mungy="fanfishCarrack" indy="emblicSillBombola" vroomedYeechSaumur="andingUtiliseHexones" pomposo="iambeSixths">
        <bruchidVernineUnalive>fosite</bruchidVernineUnalive>
      </afflue>
      <kathode cavinaPeptidsProwled="fhrerOons" sepult="319657" perishShinkin="carayan">
        <nielli>spic</nielli>
      </kathode>
      <quibus agugliaDownedAslop="lumArride">
        <dapico>rood367</dapico>
      </quibus>
    </menthanMoyenWosbird>
    <copycatSoothsBatatas>
      <leeryUnwedgeUmbrae>manlyTunican</leeryUnwedgeUmbrae>
    </copycatSoothsBatatas>
  </fujiSirkeer>
</poesis>