<?xml version="1.0"?>
<dellySouaris>
  <skivie muftis="terveeAlbines" />
  <ogivedWithes devoutSwingyErs="foggingReneg">
    <kudus cowshedTelfer="wisdomLakke" virtualKurschSubito="koinonMaunch" wiros="sulafatWillow769" gallop="drogher">
      <hemiolaBebathe>538508773</hemiolaBebathe>
    </kudus>
    <molas crianceRaukDunces="1863596" fanonPuttierProsier="zibet">
      <ernesseHuzoorWindz>powdikeCaddiedUnco7</ernesseHuzoorWindz>
      <imelleWinkle gimletsVillas="zingsDulcifyChide" rajas="plushedZemmiProke" payersSitrepBlower="spoilerThesialEthanes">
        <oblatesAnorthScalet>kibosh</oblatesAnorthScalet>
      </imelleWinkle>
      <saphenaAsilid caurusAnnus="luian" pallall="defectsTabletsGrafter">
        <oohing>5535</oohing>
      </saphenaAsilid>
      <embogueSpilusHemina burnutForcy="4">
        <jeered>strolls</jeered>
      </embogueSpilusHemina>
      <habuka>
        <crc>bosquesUndubIjo</crc>
      </habuka>
      <empires visieAvalent="lurdaneKeyster" schulnBatHobbian="hookaSagaiAdjag">
        <exodoiBinnaAltair>balaoUpshut</exodoiBinnaAltair>
      </empires>
      <askar gertieParodiAshlars="7" deports="17774">
        <siemensScram>pilcherBrokerLapdog4086</siemensScram>
      </askar>
      <nepmenHaisla monton="fleuretConner30">
        <bortsch>662819159</bortsch>
      </nepmenHaisla>
      <jakeLargeThimber writhy="lourd">
        <besauce>80</besauce>
      </jakeLargeThimber>
      <yappers>
        <abroniaShoalCortex>73844</abroniaShoalCortex>
      </yappers>
      <laseLowsFistful pararekMeant="tinder" misdid="thiazolSetoffBokos1" haafs="tzaddikUnwrapPeepeye144">
        <doruckCraigVidduy>milwellMautherSepiost</doruckCraigVidduy>
      </laseLowsFistful>
      <stoon bdlsEcht="imbrues" crup="direfulAntaeKinkhab" pomadedTerbiumRopers="79" unrobes="augustiLibbyCurbs6962">
        <manitosProsit>eugeneMoles</manitosProsit>
      </stoon>
      <smoteAustricHormone brutageArengProvene="14" clangedFarruca="13237107" nabis="reenterBollenObject">
        <cheney>tatsmanWakeup</cheney>
      </smoteAustricHormone>
      <crampyTranky>
        <kusti>gilders</kusti>
      </crampyTranky>
    </molas>
    <snapoutAeneidDrummy>
      <nacelleLepric>6507</nacelleLepric>
    </snapoutAeneidDrummy>
    <borasYapok>
      <norths>17760963</norths>
    </borasYapok>
    <bindleCattie>
      <guttulaEmbersInguen>abattueZaffres</guttulaEmbersInguen>
      <uptrackApolar bhutaniWedged="6" censingInswing="upswayNotaryAbiosis" lucking="aspectBaline" youponsSorrilyCabbage="95072">
        <quaddedAbbots>lavashSenal</quaddedAbbots>
      </uptrackApolar>
      <burkiteCalvousInfo>
        <arricciBehavedMatres>batCairds</arricciBehavedMatres>
      </burkiteCalvousInfo>
      <sandbagOffbeatDyed>
        <brittleLackwit>55</brittleLackwit>
      </sandbagOffbeatDyed>
      <rustingUpriver>
        <pernine>manet</pernine>
      </rustingUpriver>
      <mesail monists="harshenDitty" astrerXystsCitrous="basaliaMillyFrizzle" jawlineHumans="263">
        <tyloseWarmish>septics</tyloseWarmish>
      </mesail>
      <pantasMnium askance="345729164" taveAcetinFopping="oil" guignol="anoli">
        <prayaGatesEarned>240461</prayaGatesEarned>
      </pantasMnium>
      <reorder prahamTippetsHymnals="bual" unket="marlenaFanniesVoyages">
        <mostsKibber>alkydTangladShrugs</mostsKibber>
      </reorder>
      <weakestFleakClavy talleroZaires="734" tussisKopek="unknew6931" worriedZairianClarion="hareems">
        <translUnbrace>laurite</translUnbrace>
      </weakestFleakClavy>
      <xylonMiryGabs esguardBedebt="cattilySolvedAurifex" pintles="cuinage" fuzed="umbroseLysinesCynic">
        <gessoesCantar>3244337</gessoesCantar>
      </xylonMiryGabs>
      <hoheCheloidDreader>
        <skitesDagassa>aorist5383</skitesDagassa>
      </hoheCheloidDreader>
      <tsetseCoseFew matralCaecalTurjite="glazesTaenite" atokalFibred="2045923" bastileBalmsPercid="brants">
        <toccataAuntFiction>mussack</toccataAuntFiction>
      </tsetseCoseFew>
      <muskiesUnsteck othmanyMeshierJoules="poiluTyphicPah" abatedChaoticGlumal="spansCrusetsBreast" yamanai="defi">
        <oxskinUnpagan>toleLowbell</oxskinUnpagan>
      </muskiesUnsteck>
      <choise genoms="erethic" brawlis="fruslaCanli" excitesUpgoingCorvoid="8437">
        <puppy>lintols</puppy>
      </choise>
      <twiddlyBakeryDrogher>
        <poesiesInarchSearest>amomal</poesiesInarchSearest>
      </twiddlyBakeryDrogher>
      <nyaya tweenGroovesPoplin="kellionDavitLurches" redtopTuwiListens="gherkin" diurna="limaconTrammerArticle64">
        <yarlSomatic>822450</yarlSomatic>
      </nyaya>
      <floteSapa andries="champacAlgate272" shisn="gloamDopasStubbly" oyelet="aquadagFeu">
        <emplore>fairestAmnic</emplore>
      </floteSapa>
      <slops fanglet="lakhsSatchel" doyleFeedbag="oxalylBeatus">
        <simlinCrickleColmars>661</simlinCrickleColmars>
      </slops>
    </bindleCattie>
    <samletsUnbain fluoridReboise="parfaitRedoutSkyphoi" rebopsRastyTimeful="abrotinCackedDistyle4815" pallialGlia="dousingQuinchSuffuse" isatin="932" idlerSucker="perfTuggingTrigamy" reginalHognuts="malodorKineses" midiJotunn="65535680">
      <sculptDozingWoadwax>lunyieBrothOctyne</sculptDozingWoadwax>
    </samletsUnbain>
    <balawa>
      <tarps>51309141</tarps>
      <avail weirdsSourtopKelly="ditPawing" urubu="canelaThomiteOverjob" boutCuirassClerisy="235003">
        <atabalMinyans>wagoner</atabalMinyans>
      </avail>
      <flookan>
        <rinning>cranic</rinning>
      </flookan>
      <nabbing>
        <keratol>myriareTyddyn</keratol>
      </nabbing>
      <retenesTramaMado serviteCheep="raccheSadhesClawker" spoiled="easierDermis444" acraze="70518">
        <shamWeevilyVayu>unfussyGaddersUniques795</shamWeevilyVayu>
      </retenesTramaMado>
      <choraInless fiarsUntawed="azothsSimsimCorking">
        <diloTelaryRamose>tapiaBalms</diloTelaryRamose>
      </choraInless>
      <burlet mabWeltingHila="haiku" stellOpiism="boilPossetGremmy" lagendsArienzoSilesia="hatsfulOmahasAzelate">
        <culpeo>leftest</culpeo>
      </burlet>
      <leanyInertly oncosisGrammar="rakish" berimeBedrelCements="agrinChamiteSox" pearsOrwellMacabi="decoyBadgersOaklet6">
        <perjuryAbigeatErmelin>341</perjuryAbigeatErmelin>
      </leanyInertly>
      <teatedAnesisQuatre>
        <misseatInurnCobbled>33695</misseatInurnCobbled>
      </teatedAnesisQuatre>
      <smalterMuysca jobbery="soroseWhitsMakuk">
        <sanjib>swervesDoingsGiarre</sanjib>
      </smalterMuysca>
      <pronSpook>
        <gunplayUruguayDisbud>101</gunplayUruguayDisbud>
      </pronSpook>
      <theelolEngraff vogliteHelmage="bowlikeDeairs" orleanVow="pudge">
        <nontan>quinyieViral</nontan>
      </theelolEngraff>
      <unbrickKybele dykesPrivity="chenetOdyles" gentmanTriazo="513">
        <mazier>77938925</mazier>
      </unbrickKybele>
      <unminedCrimineMyxomas nervusOraler="nuance" buckoesZebecsRejoice="tappets" imaret="ictusDalteenLimbat987" moan="ciliateGargetsMiscut">
        <comarumAith>394</comarumAith>
      </unminedCrimineMyxomas>
      <luridly nentaExta="cholumRins" amiral="joon" balunEmbogueAoudads="siccan">
        <codex>byspellBanyai</codex>
      </luridly>
      <trattleTelfers castoff="scry157" werent="torvousGluteal" constat="374742589">
        <toxineDrabberPhocine>boridLinkupsWhasle</toxineDrabberPhocine>
      </trattleTelfers>
      <swarmer futuricSloopsHan="metatesAwnlike" sketchEducand="sacqueVetoers" axonostHumpty="957450060" unfriedIbycter="agramed">
        <crooked>mochelNonegoReveal</crooked>
      </swarmer>
      <jerkiesDemotes>
        <meatedToper>73547941</meatedToper>
      </jerkiesDemotes>
    </balawa>
    <pomard nomsGalores="yustagaCurfews666" orthidAuntishLayland="2470">
      <labredtVotesDiddest>muckman</labredtVotesDiddest>
    </pomard>
    <dotter spillClatty="brothSion" hohe="isogen" quadratSignServage="30" farmingDepohTarapon="blipsBigamySeesaws" unrigidNainselScob="22">
      <comusCgm>chakariSabina</comusCgm>
      <potholePutter careneVenges="resewnGabelle" upendsHexaSealant="overfatAcmic">
        <unlistyTikor>enajimChirrupMadroa</unlistyTikor>
      </potholePutter>
      <sampBaulks>
        <kiddosHieing>9570</kiddosHieing>
      </sampBaulks>
      <peplusHyloist forthbyAlreadyBiurate="convexDicetylBeater3" expurge="amantClownsBoorish" pittitePumices="beadeyeArrowy149">
        <lust>shakingLester5</lust>
      </peplusHyloist>
      <gigglesAmlong gabletOohedPimento="monishPontilTapul" coulomb="berbersNunlikeFeedway" elverNoddlesPlaya="lauroylSealingBergylt" kegfulPendaSkevish="klatschBilboesAnole">
        <caproyl>toytown</caproyl>
      </gigglesAmlong>
      <tile>
        <stuposeOncosisDeluded>murzaMizmaze</stuposeOncosisDeluded>
      </tile>
      <retrustMiswendXenyl masersCygnidHobiler="83224" monauliTzarism="6">
        <roselet>2336002</roselet>
      </retrustMiswendXenyl>
      <circutHareldaSouring cabble="fail">
        <pokom>cassie</pokom>
      </circutHareldaSouring>
      <albanyImpregBuying gif="humbleTowerHerein">
        <dilogy>347340320</dilogy>
      </albanyImpregBuying>
      <shag>
        <kerite>portionUptightIsotome</kerite>
      </shag>
      <coteauPluckDements paulie="breedy" colybaJawabJayhawk="pyuriaRebellyWatered" plouterUbique="widerFallYcie">
        <marmiteBuddiesBatak>dirigeSuttenThingly</marmiteBuddiesBatak>
      </coteauPluckDements>
      <frighty dikkop="cottersPapayasSecale">
        <cone>1433</cone>
      </frighty>
      <neurol>
        <gyse>dipyreLase</gyse>
      </neurol>
      <cowier>
        <reignedRushees>messingChacteSeer</reignedRushees>
      </cowier>
      <tremorReshewLanao tourizeDoghead="feofferBrokage" gamboge="heapingKoppenUnsided">
        <schnoz>ossificProdderEyehook</schnoz>
      </tremorReshewLanao>
      <sanseisCookoutOutsold cofflesOrnery="vicesHelloFlayer90" momentsIndoles="siricidRanges" vocab="frenulaHedeomaUncruel">
        <ribletYak>anniteFaselsBagwash</ribletYak>
      </sanseisCookoutOutsold>
      <blubber ladronsFrailly="peruseFalcerAttrib" snakishToxBobbed="surgentFlitsBitten" dwellsPollingLine="techedPuckrel">
        <outtell>lesbian</outtell>
      </blubber>
      <invadesSomlerPix mandsSalus="pygmoidValew" soleyneSoftie="henninPlatierFlensed" ruedDynel="901">
        <spingel>abutaRumkinTarpon</spingel>
      </invadesSomlerPix>
      <kensCogmen narcCareens="moatsFlutier" cordersPowder="radeur8851">
        <nobbledEmuChelem>apokreaCreekyAirfoil</nobbledEmuChelem>
      </kensCogmen>
    </dotter>
    <etonianOrt>
      <cubasKidling>namableEndarchStratig</cubasKidling>
    </etonianOrt>
    <foretopUsuriesMbaya macheer="cockilyWoolded" noticedWoollen="662302">
      <pesteActingsAbaris>araceSclaff62</pesteActingsAbaris>
    </foretopUsuriesMbaya>
    <eldestEspouseBroche bleatKanchil="fundic" fareEnvier="hareburAmpyces" essayer="866986765" ediyaFeudary="yolk">
      <jecorin>flown</jecorin>
      <nomosPomponsStewish hethingSageAnthema="jeraldCumulet">
        <onicoloDrublyStagion>tannishTappetCaama</onicoloDrublyStagion>
      </nomosPomponsStewish>
      <phytateOsideProctor supponeUnboxed="sellaryAhush">
        <infandTumors>saxhornStumorTrash</infandTumors>
      </phytateOsideProctor>
    </eldestEspouseBroche>
    <cogonal studeRaki="subadarGrazed" diolsMaghiBaboo="chawiaCyclode" turnipy="slugged" crusetReaalOtter="caamingUds7">
      <semikahBeteTabbies>5098</semikahBeteTabbies>
      <frijaSelina strawed="filosusLuteumAshamed" anetholMahran="vacancyVeddoidDrow1" gnomonsSteepleBardlet="ohioRiffled">
        <subtlerInvokedMoidore>megafogNeskhiRebind</subtlerInvokedMoidore>
      </frijaSelina>
      <snath>
        <theciumCoactedDozes>55339</theciumCoactedDozes>
      </snath>
      <zephyrFraken dourine="hakkaSlated" axedCoecum="woofedCrosaCuckoos" misticYpocras="brahm">
        <unlofty>flunky4643</unlofty>
      </zephyrFraken>
      <perseidPurdyOclock similar="dyeingsDent" lowyFetches="venulae" vena="685">
        <autoecySwimmer>mauled8</autoecySwimmer>
      </perseidPurdyOclock>
      <gazella>
        <keltyFrailerNotes>49274066</keltyFrailerNotes>
      </gazella>
      <ceorlToucans>
        <septoleFuelersEthmoid>ceramalSaktismMisship</septoleFuelersEthmoid>
      </ceorlToucans>
      <pacaya enchair="serosaRenablePother3">
        <suckageOory>87337</suckageOory>
      </pacaya>
    </cogonal>
    <yawning>
      <doigteRipsaw>casaun5</doigteRipsaw>
      <whetileTanners aflight="lumpilyStyliseSkewing" valoremIridateThemata="forbornSokulk" lamellaCobb="stullerSteanSkite8" jovialInhumed="2">
        <pebrineRedial>flowoffMedidiiArgufy</pebrineRedial>
      </whetileTanners>
      <proventPresidy>
        <bedew>marvy</bedew>
      </proventPresidy>
      <auntlyFossorsBlended beid="996" pleione="tuplesImage">
        <edmundWommala>mongerDrugger</edmundWommala>
      </auntlyFossorsBlended>
      <woftJessur assedatWinrow="bulbulePilosis">
        <sinal>balerSassedConcupy</sinal>
      </woftJessur>
      <gluteusFostell bibiDammara="hans">
        <capriceJurareBable>9</capriceJurareBable>
      </gluteusFostell>
      <whelmsOreidesFrogmen ossetTramperReified="7000">
        <pedule>iratelyEncreel</pedule>
      </whelmsOreidesFrogmen>
      <toaster riotryMelodyEgrid="galera11" dolphusCastralBayman="longan" naevoid="wallowJugglerAthenee">
        <yavapaiAchPandect>pergola</yavapaiAchPandect>
      </toaster>
      <idolaRills chumpGobbing="hirsledSairveAmbos" petasosMistico="akuFlownUnhouse">
        <zoboReciteGursh>telferFluvioFiercly4</zoboReciteGursh>
      </idolaRills>
      <husheenThornen>
        <bamahBrowned>aperuLamusOccamy</bamahBrowned>
      </husheenThornen>
      <fewestNutters itchesPurgers="tythingRoofage">
        <mogador>mishaveProrate</mogador>
      </fewestNutters>
      <restaffSheetSuction>
        <carapaxSyce>kiefs26</carapaxSyce>
      </restaffSheetSuction>
      <briguerSlumpsJupe lesiy="gabbyBrython" blatBrith="87" larigot="keyedMandiLeve616" eponymsSnub="cloneGaseous">
        <nozzlesNaotoAkha>buffinPecan</nozzlesNaotoAkha>
      </briguerSlumpsJupe>
      <azurite slotSri="16962">
        <wanyoroGospels>utilise</wanyoroGospels>
      </azurite>
      <around premium="62470979" tensoAgawam="algal" putz="1" doweralBemba="trays">
        <hhdRayah>uran</hhdRayah>
      </around>
      <chionis phaseal="abdomenWascoEnnuied53">
        <gaslikeHonda>russetsOverhieHying</gaslikeHonda>
      </chionis>
      <titlene veriestComanic="anele">
        <moyaLowerTraviss>coxaGimping</moyaLowerTraviss>
      </titlene>
    </yawning>
  </ogivedWithes>
  <dundeesSiwash glaivedIttriaAmnions="needersShacksShotten" addedlyJama="revomitSawnySamuin93" wellerWebby="fissateGus7920" />
  <cooserOaklike>
    <ixtle>
      <vervesTelfer>vendor</vervesTelfer>
    </ixtle>
    <cutlerUncork dezaleyTerrierMeissa="heizingPhrased" gidyeaSinderLars="3095304" needyHip="azonLadledVerdun">
      <orthid>adjournUngloryNicobar</orthid>
    </cutlerUncork>
    <lcm>
      <drubbedNopalry>bedelve</drubbedNopalry>
    </lcm>
    <surnape>
      <harkensAppliedGoings>elapidChessel</harkensAppliedGoings>
      <agnizesCrotchResides>
        <lucenceEucgia>ovicellColomboAnalyze7241</lucenceEucgia>
      </agnizesCrotchResides>
      <mistionLiesh genosBoylas="56" morglayCulpaeIncarve="saxtubaFoshLitho" zonoid="karrenWierd284" buccaSovite="conteAucubasKory769">
        <madrid>madshipDanglesOrating</madrid>
      </mistionLiesh>
      <steels danskSonnyTanti="coursedAbides">
        <themCarpedQuilkin>4619644</themCarpedQuilkin>
      </steels>
      <turkleKiyas valmyImpendsExalte="cumaean92">
        <orsedeDimly>bronzen</orsedeDimly>
      </turkleKiyas>
      <shulwarMabbleGuidman>
        <rainoutEnablerPomak>morsalPyrogen</rainoutEnablerPomak>
      </shulwarMabbleGuidman>
      <proxysm extends="gaumedSlimish" amelandTittleHosier="cascadeWoodlot" pupariaWlokaMargot="imagenDuretIckiest" pyrexiaSaloopDishelm="4176274">
        <betas>gemmilyTarefa</betas>
      </proxysm>
      <phaetPolenta reamedTimishBorghi="3659" upbuy="2463" sowcarsCising="vivaxThievedLaymen" trusser="fortune">
        <gawkily>flipGurts118</gawkily>
      </phaetPolenta>
      <aciniNovaePars bellumRebasis="vizsla" spealFlute="town">
        <donnieSapin>lieger102</donnieSapin>
      </aciniNovaePars>
      <aperHymen>
        <khutba>lustful68</khutba>
      </aperHymen>
      <camayAdits vauHarms="antijamQueakSchorly">
        <saris>limper</saris>
      </camayAdits>
      <unsexes pangwe="builtPuttoo" primaryDenudes="skidooPhanos">
        <ked>kinguSaveyPaprika568</ked>
      </unsexes>
      <autumnsAculeusSericea dekleHastulaUremia="unlaved" jazzersCrabman="onmarchLucks" spunks="imideTaino7" restir="7392221">
        <obeismTosspot>96</obeismTosspot>
      </autumnsAculeusSericea>
      <rim>
        <gaolage>cosing165</gaolage>
      </rim>
      <smarmHolidamSporoid closh="chair">
        <aspen>sheafed</aspen>
      </smarmHolidamSporoid>
      <shadow>
        <midmorn>arisaidBecher</midmorn>
      </shadow>
      <infeltManuary baconyHobitsMagnes="29203827" plummetCurrieNocktat="limiterBastSherri">
        <uvitoBloops>udalerGradal1786</uvitoBloops>
      </infeltManuary>
      <dcolletTyphulaBelait exarchPardo="blight">
        <unbeltsCahuyAngioma>orlyBeaterUnsadly</unbeltsCahuyAngioma>
      </dcolletTyphulaBelait>
    </surnape>
    <stovies hairletOnside="sanyasiMigglesPudic" flyerBrocoli="estrays" varnaBiarchySaxony="54" yalbEvodiaDippy="24">
      <quitClavial>hexsPurportHorny</quitClavial>
    </stovies>
  </cooserOaklike>
  <kolkhozRapiers gimmerAldernFanam="baryteAbridgeMediad1" speciesPerindeCurns="2539" bewallZootaxy="texasCiaFormate" kaolins="appertSamites89">
    <quadraeDyadic hominalPipless="mothsPowder344" gyrose="908" cavum="335646" sleepryHallotKnavess="delatedLazedRevests1" visesAnding="neerSpireasHoops7040">
      <forintJarveysCroquis>806151</forintJarveysCroquis>
      <kalunti bezziRecodesLavatic="kabobRunklesFurioso">
        <glimsTsiArache>riddelCarey</glimsTsiArache>
      </kalunti>
      <cow barlessJuise="59" wirerForlet="punkestLenten" yogini="674852688">
        <whityTotemic>cambismTogging</whityTotemic>
      </cow>
      <creelsTampionPadfoot>
        <rankleAmyroot>empowerCoplotsWhishts</rankleAmyroot>
      </creelsTampionPadfoot>
    </quadraeDyadic>
    <inflowPatter bunraku="shoodEmungeBromoil" sooky="aneuchExplat" piggiesClungRegaled="adeliaBirne" agreFatale="966517" selfing="drywall49" acnodeKludgeAries="323" gluemanPanax="gieing">
      <curnieMottDadaist>kie</curnieMottDadaist>
      <tejuHurdled taking="rummersVenae" marlsPunned="3138742" enclearFreddie="tupelos79">
        <tasses>744556</tasses>
      </tejuHurdled>
      <rubbeeAnarchoAlleles barlowsHasted="tibetanNitency" remotedParersUdal="5">
        <hainai>hypoedFooless</hainai>
      </rubbeeAnarchoAlleles>
      <fiantsChafted radeur="poleyHurlpit3347" hajjesFirryNeurula="irisherZaddik" nellyTzotzil="4199294">
        <eudemonPalatua>resighDucape</eudemonPalatua>
      </fiantsChafted>
      <mislaidSoorah agamidManorsRadium="broadlyMooch">
        <cratonsMassageBoast>turtlesLeanish</cratonsMassageBoast>
      </mislaidSoorah>
      <orthoGanton pictishDeloo="beeweed" triazinTwicet="17">
        <forceps>klafterDiscerp183</forceps>
      </orthoGanton>
      <oatcakeAlepot>
        <brewingRamule>arbDolineEvaded309</brewingRamule>
      </oatcakeAlepot>
      <leelang>
        <atonesTeagle>hybla</atonesTeagle>
      </leelang>
      <whilieMererKullani exoptVolcano="swatter" pautHolmicAzonal="8848725" chauntPranaClachs="dioramaSangho" monesiaGenitorYoustir="corpseFiants">
        <papreg>922</papreg>
      </whilieMererKullani>
      <intimeSmelts wavicle="akroterOlomao" riot="3123756" graperyEcuador="pahmi293" sistentBasterPunkin="grexDunsLair">
        <fonderLarnax>745230</fonderLarnax>
      </intimeSmelts>
      <showing setoutsTunnels="hereoutVitrean">
        <baskerThesaurTernion>dewalInvert</baskerThesaurTernion>
      </showing>
      <irrate jumblerKenyanPicasso="unoral">
        <idiotryDyakImposts>7425595</idiotryDyakImposts>
      </irrate>
      <chriaTrusserNibber mutuelBaloney="wawlsSainGabfest" gutturMeltageSmoochy="haviourRoofy">
        <nevomePoopingBasoid>1407</nevomePoopingBasoid>
      </chriaTrusserNibber>
    </inflowPatter>
    <caic metate="manga" gradalBandit="madrasiCrimineProduct" eucgiaPrep="56" secyFablesElegant="follied" intakesJazyOvipara="gemelQuistPatacas">
      <gitanoPawawSedated>silvaArbacin</gitanoPawawSedated>
      <guanylCrwths onicoloBilalo="enrightRotulet" binoYearaIxtles="keup">
        <idoteaFoventMillile>inkosJoyfulBedpan</idoteaFoventMillile>
      </guanylCrwths>
      <dvandvaMaedReaudit yippies="thensWhaups3841">
        <tartryl>clues</tartryl>
      </dvandvaMaedReaudit>
      <slingsOrthiteRhyssa stallerRollixStert="myrrhy">
        <admixtOnocleaSmalter>taluto</admixtOnocleaSmalter>
      </slingsOrthiteRhyssa>
      <sabotsOrchen sulfidsHodureMahori="7" rackersBiasses="hakesNapperKomatik" zackPudicRacists="excess" versosCavelOutlaw="anat">
        <esselenChimleyDesyl>shamal</esselenChimleyDesyl>
      </sabotsOrchen>
      <molyArgoSfumato quinoaDelatedRemans="tonic" terner="vasterRapaces3034" slovenFerrary="cycadTaxineFogas" physicClausumBasoid="haglinSuaharoSalay">
        <ianusShoosHaoris>4121226</ianusShoosHaoris>
      </molyArgoSfumato>
      <bromosGalileo fianceMimer="broadax">
        <bewary>970919</bewary>
      </bromosGalileo>
      <boreismSextansIranism duriansWaesCherup="2843" lacmusCeleb="coses63">
        <snarersTaennin>bowshotReed</snarersTaennin>
      </boreismSextansIranism>
    </caic>
    <lucknow>
      <cutoffsSpins>daggarHiltedBarfed</cutoffsSpins>
    </lucknow>
  </kolkhozRapiers>
  <bagwigsSweetDiarch turkizeYacht="grovels" />
  <lotted valeriaSubfiefChorous="wrager" carbineTrialMorfond="reflBrosy" cysted="tyeesBenshee" tapetaRoselDiapnoe="bestuurNestfulDesex" />
</dellySouaris>