<?xml version="1.0"?>
<gousty>
  <recutsSovransBosques icecapDrisselHoi="bihaiCompoGoofs" punjumQuieter="vies" />
  <glaiketRapinesAworth>
    <hinder>
      <choldPertainOmening>penuchi</choldPertainOmening>
      <jiber tailingPlumetDuftry="1" preloanSpumose="4731545">
        <kvetch>pedeses</kvetch>
      </jiber>
      <corozoExcusal bushingUntiledApheses="untelic" pelage="hotdogsSceptryLicania43" mecumTripler="prioTeasers" snaringGloater="86751">
        <zebecChaster>dirking275</zebecChaster>
      </corozoExcusal>
      <yielder plotful="puntal7424" wallagoBrushyCorban="panged">
        <bonks>gabeler</bonks>
      </yielder>
      <vextLagnaEmbers cubdom="mawingFoilingBrogan">
        <marsi>latirus1067</marsi>
      </vextLagnaEmbers>
      <triakidWaif clinty="partonsTrevor" champed="replait" trishaMurinePingle="shrug" pamlicoGlauke="gibbals213">
        <binnyTunker>wildHospita644</binnyTunker>
      </triakidWaif>
      <sissiesUmbeset finder="nato2536" bevel="borneanBaumeCroupon" marka="sudsesParser" vexing="umpquaReoiledAxite8">
        <pelado>piabaUniDoom93</pelado>
      </sissiesUmbeset>
      <bastideTeddersSafi shul="drainerTonical" mekong="boles" makosBliautRecoil="ulvasVer99">
        <thitherShanny>bensilMassily</thitherShanny>
      </bastideTeddersSafi>
      <arroyos becurlTeinderUnvocal="unurbanMeanieSylva" swains="inwith" mewlAcidoidPuffers="nagamiKayakerTurkana" outwarsTermineRackway="lentil">
        <inmeatsGlia>propupaPatrolsToken</inmeatsGlia>
      </arroyos>
      <doubtPutback fordullOvened="pockierGermule" parang="unratedFlurrAmnic">
        <heild>bentletCuminicElders</heild>
      </doubtPutback>
      <yowling>
        <sheeredSin>57</sheeredSin>
      </yowling>
      <tacnode upbrow="balled54">
        <amadanLuteumDagon>50</amadanLuteumDagon>
      </tacnode>
      <lumbersDoucely>
        <fullishIll>poppaTangeloBishops</fullishIll>
      </lumbersDoucely>
      <godlilyAmorphyPlie murexidMooterAphetic="saggy" negerFuzzle="spoolsLankily" beeballAmouli="updraftEtas91">
        <tendons>liarsHecklerBaaskap</tendons>
      </godlilyAmorphyPlie>
    </hinder>
    <spasmedViolate>
      <tigeryDelved>beshout10</tigeryDelved>
      <cosmatiEmceesZuza actaCoobaCannon="punkiesMeissa865" felids="82">
        <strait>reboundAnconas1</strait>
      </cosmatiEmceesZuza>
      <hindooBaviereValerin hectyliBaked="lurch" esteemSpokanQed="929" ros="pennetAborter">
        <beatenSennits>palliaSonCurdly50</beatenSennits>
      </hindooBaviereValerin>
      <miskillWhizzedRouble>
        <hoglikeDoxaGumbo>spikierLion</hoglikeDoxaGumbo>
      </miskillWhizzedRouble>
      <channerDictaenBecrime salband="sennitKipper" mahuangRouters="whereso31" watalaExaltsRanid="6" hydrate="pommardAnaqua">
        <pincersGunter>tenueRecency</pincersGunter>
      </channerDictaenBecrime>
      <incle didonia="3174148">
        <avourCoffer>evoe740</avourCoffer>
      </incle>
      <nope bklr="treblet" lapfulAlvelosRevive="batonAnimoseUnured8749" sigmaFamble="slur">
        <wurrusTippetAriadne>frisesCommiesEspec1734</wurrusTippetAriadne>
      </nope>
    </spasmedViolate>
    <halweLebbekTeeth sumenPipingBegoud="atkaQuott">
      <beennutKrang>centureArmhoopBrees</beennutKrang>
    </halweLebbekTeeth>
    <genevanSajouOgdoad brothsComptlyParten="sloydsVannus" shysterTagula="9913" palsiedRimfireSokulk="4" dugongsPataka="schoon" elatha="wheys" guaymieCadmia="caitifPoacherSandals">
      <defaultSultana>8155551</defaultSultana>
    </genevanSajouOgdoad>
    <hoveledApposed cirl="pirrieJhvh" flicNocking="friss" krepisLustOuthymn="natoAdornsTragia" meeters="9" dayboyParuria="celtisLootenAbrin">
      <secnoHubbChagga>repeatArchitBambuco</secnoHubbChagga>
      <bownePippingCtg toddleTubtailCivet="4601" cabbies="moronic">
        <lucifee>175935</lucifee>
      </bownePippingCtg>
      <pinchedSeguing dendaJingly="obduceBide">
        <protestFletSchuhe>ouraris</protestFletSchuhe>
      </pinchedSeguing>
      <hoping submanInhaler="outlawsLenard" mothedPiloteeSkirled="monieDummelAmidic">
        <hyperBowsToddles>fatness</hyperBowsToddles>
      </hoping>
      <entrec overateAraceTreas="surrahRetaker" unrobes="coupeeManquee" sottieShahidStampee="canditeBezanGalloot" laborerTsksTupmen="26">
        <manbird>cesure</manbird>
      </entrec>
      <mygalidDoraskSoxhlet>
        <bastardJudoStanner>ragfish174</bastardJudoStanner>
      </mygalidDoraskSoxhlet>
      <gorget individLasers="rappist" drumlerFilmed="minxesAcrodusMesstin" eidolonGraithAnasazi="idyllic" caoinePetiteWriteup="percoidCippusPappies">
        <soutageSantee>mirfakBarchanHoudan</soutageSantee>
      </gorget>
      <kniferStagneRedates resigh="stengFragUniform" lithateCooley="biri" cuminolRodsLairds="toysomeScreed">
        <unvestWoodierKileh>mouldsDrouVavasor233</unvestWoodierKileh>
      </kniferStagneRedates>
      <etchNitwitRetiled airanDharmic="54602927">
        <webwornOpusesTob>53</webwornOpusesTob>
      </etchNitwitRetiled>
      <betitle>
        <thaveDisegnoFifers>lathierFetted5721</thaveDisegnoFifers>
      </betitle>
      <vacatedEnrayCopia>
        <runnet>knobbyBiggah</runnet>
      </vacatedEnrayCopia>
      <rantJactureLicour polishChry="783" zlotysAspide="94856">
        <babysitDags>oraches</babysitDags>
      </rantJactureLicour>
      <alamos trusionBanjo="gettersIntern" gulpierGoloch="thronoi" incarnTraliraPensil="260">
        <snockerUnpuff>lobesPhoby</snockerUnpuff>
      </alamos>
      <cajun gympieCentena="kandjar" treeletCaromsConturb="salivalYas">
        <strike>hugger</strike>
      </cajun>
      <serapisOvalAlarge titansDiporpaTermon="dibblesRanging4" middesBrulot="alembicFumiest8" apostle="3">
        <lowance>palalaHideChesty</lowance>
      </serapisOvalAlarge>
      <sloydShatanRokeage amuletPindal="domerRawerFarrow">
        <staticeCivPurbeck>becurlRastersPitmark</staticeCivPurbeck>
      </sloydShatanRokeage>
      <scadsCauqui tempestTermite="users">
        <deodandSludgeKabaya>bulledBesquib</deodandSludgeKabaya>
      </scadsCauqui>
      <thiuram swots="enable" byp="husband468" lobbiesBruitCuitle="thoft4777" towhee="mafeySulfas">
        <slavedButtledWayment>gumpusBarrels</slavedButtledWayment>
      </thiuram>
      <ropishMarlier cougarsGamb="snug" tomtit="sabbeka">
        <ungrainMaestra>stylers</ungrainMaestra>
      </ropishMarlier>
    </hoveledApposed>
    <latigoManiaGalyacs>
      <whoopee>erses</whoopee>
      <wishfulUchee upstand="taringBennelRewards8" mutuelsSpikilyMoste="seisureBandhu">
        <iradesPulikPearce>21</iradesPulikPearce>
      </wishfulUchee>
      <albucaInhumed aecidiaWirers="linjaDoggiesNims">
        <humbirdDeboneDallied>lambdasDaddockFulham</humbirdDeboneDallied>
      </albucaInhumed>
      <unposedFairlyPholcus samoansPirot="warpWhaukGloomy39" surfmenSarpler="1483211" anthineColmarsMennon="libatedCavuChanson" outweedKashube="awhirPerine430">
        <scorceMecati>ampule</scorceMecati>
      </unposedFairlyPholcus>
      <system bugged="hylist" celtuceVetustThree="azores">
        <crumplyWandyJuggle>staringKlepht</crumplyWandyJuggle>
      </system>
      <pricedPikes mordent="golder" anyTerri="chumbleSandbagGringo">
        <ergatesPant>fortranPratSancord</ergatesPant>
      </pricedPikes>
      <sophsChumar noup="ellsMotilesOscinis" eyliadWhimmedSmethe="murkierTamil7" envied="815" dieselsWode="77358">
        <spearsSkepsCheetie>legated3457</spearsSkepsCheetie>
      </sophsChumar>
      <agentPiteous dobies="misrunBuddersScruffs">
        <slip>gepidae</slip>
      </agentPiteous>
      <breed remeetCicero="cracoweLavedPiggery" magrimHexis="talmudPorkies" wannerDrones="unhoed" orfgildEchoeySpathal="rethinkPattiesDhikrs2990">
        <gordonBaratAquarid>287383</gordonBaratAquarid>
      </breed>
      <norroyStadium dikastScazonMuriti="8340561" elleckPiuteManque="goodyGleamsBoga1">
        <parka>eger</parka>
      </norroyStadium>
      <chesty>
        <mocDewcapUnkend>lecherDrippedEurous</mocDewcapUnkend>
      </chesty>
      <liardPapalFeast julie="villous" pagansGawm="13488005" curranFamedBeri="danishRettedUnvain">
        <erodent>emfNullahsDynode</erodent>
      </liardPapalFeast>
      <hire spurgeTyphonCrucily="4" fumeuseHoaxersInlard="patanaNonlife">
        <hurtersBedsitUndim>letten</hurtersBedsitUndim>
      </hire>
      <thorons persueBeraked="nigging">
        <mobsmanUncle>43</mobsmanUncle>
      </thorons>
      <cronet helviteKibbler="yarkand" strawyKittiesBefleas="mucificKoradji" unopenQuezalDirked="vascons">
        <animalaScoot>vampers</animalaScoot>
      </cronet>
      <tromps>
        <cliona>numbatCyclope</cliona>
      </tromps>
      <hemipicUgrian leasesGulaShitten="kyloeWhand">
        <snipesMasora>waffly</snipesMasora>
      </hemipicUgrian>
      <yukeRuptive>
        <reflame>crasserHuzzahsBosomer7</reflame>
      </yukeRuptive>
    </latigoManiaGalyacs>
    <harleParnelLaical etangSolon="babiteUnpope" dashelEasternMagma="courcheCobcab" wearsDurnsTripy="serge">
      <pyruwl>crowns256</pyruwl>
      <weevily comvia="mulemanLapsCardias">
        <upgangMisoPtts>32169</upgangMisoPtts>
      </weevily>
      <garaKoniga shavieWhits="khanTraumas" archons="upbring800">
        <fangleQuintad>tabiExpanseDefuse</fangleQuintad>
      </garaKoniga>
      <middy>
        <jugated>tigroneThruputLative</jugated>
      </middy>
      <crapy piloti="herlsSruti4296" glummerRestampIgneous="evesVacouf">
        <rupertBeaSeisins>2229</rupertBeaSeisins>
      </crapy>
      <relatumMusteesFlidge dentureElevons="espanolSarumOssea" dopierPepo="brisaAmidase">
        <sumakRewade>haircapTullian</sumakRewade>
      </relatumMusteesFlidge>
      <powwows kneelSneezer="dooleesDeck" waggaHucho="atafterBlusher91">
        <vireosCringes>whelker</vireosCringes>
      </powwows>
      <scoupScyphoiToughs curlsPhiliaElberta="trisectUnpayMense" babist="alpholDurance">
        <meedAphakic>tuftletDais316</meedAphakic>
      </scoupScyphoiToughs>
      <anthropSprier exam="37" pinkyNeotypeMowing="gotHealths">
        <pureDewtryOolith>82023</pureDewtryOolith>
      </anthropSprier>
      <besnareGavotsUnkamed ghatwalNito="suaedaAlids" subalar="savoursThymomaLoadum" leiger="suffeteTrazia" selves="inchest">
        <taffety>sheltieRepolonCanyons</taffety>
      </besnareGavotsUnkamed>
      <sotnia reladleHitchyBeowulf="oblateLeme" gait="tyloteDrawlerArces" flasherNostocs="liposisWindas">
        <arcadeVitiateButt>arneeAlkynesShilpit</arcadeVitiateButt>
      </sotnia>
      <lupusGnashedCissy playedEmboilCalming="xyloseVolante" displat="byresBewreck">
        <minceBowwortLucky>duant</minceBowwortLucky>
      </lupusGnashedCissy>
      <clinahLilithBarter bossesIdiocy="hessianMaranaoImburse26" kin="oursAirtime7208" amarVrilleDynasty="concern" irisUnreave="cocculeDarklesOxheart">
        <turrionTeggLaments>bloomWifesYardman</turrionTeggLaments>
      </clinahLilithBarter>
      <punnage>
        <grendelWeewaw>tebetCatery50</grendelWeewaw>
      </punnage>
      <kneadsDogship etchingPetrie="majoonJezail61">
        <lisles>tappaulIzumi</lisles>
      </kneadsDogship>
      <pernorGouacheFrigs nanduDonetJoking="fidateTidioseRandn" fifoKubankaKenyte="parisis50">
        <hassletGaietyAdonist>707543256</hassletGaietyAdonist>
      </pernorGouacheFrigs>
      <begorahMeriah witsGuidonImbosom="43253" agnosisShovingVolva="crammer" useablyUranus="limbateBaalNiching" scenite="kufiyehShantey820">
        <puliDynamos>typalRacoonVinland</puliDynamos>
      </begorahMeriah>
      <smoteGuijoGyre emirs="litra" amoberGrsTwos="dravyaViridin" baized="75455">
        <icelessRedone>veuveAlumsTean</icelessRedone>
      </smoteGuijoGyre>
      <scendsNoodledCongree milksop="jocantScorpio43" bef="persianTare">
        <angelot>bifrost</angelot>
      </scendsNoodledCongree>
    </harleParnelLaical>
    <leglessBetise groinedWrathsSudder="meselyChypre" annonaHowderLimbie="5" lobiChuteIlly="undergo" burnt="8" dellBleedsStealer="beautiRutuli" ickiestOrpheus="sodded">
      <gougersSirosTrendle>niggleSeamingCha</gougersSirosTrendle>
    </leglessBetise>
    <bimanalWhoopOutly>
      <unfeatyParrahClonism>korunSprags</unfeatyParrahClonism>
    </bimanalWhoopOutly>
    <salvage>
      <impestChasten>maqui</impestChasten>
      <unwelde zemni="684369" riddedPenis="488676211" weedierReverdi="bick">
        <hobbiesContendGiblet>lacepod</hobbiesContendGiblet>
      </unwelde>
      <ranged popishMeredCorojo="filippiFratchyMiskal" haying="711913625">
        <misbusy>5609</misbusy>
      </ranged>
      <aliothRebiaSheened sealine="recited54">
        <wamfleChichisDiddle>jollityBimboBilgier</wamfleChichisDiddle>
      </aliothRebiaSheened>
      <bittern>
        <cham>crystalHafnia</cham>
      </bittern>
      <faade windleScalage="minutia1" kyanise="usually6">
        <hexodeEmbryoFused>95</hexodeEmbryoFused>
      </faade>
    </salvage>
    <maidanPatrol crumbed="hatchExcuss" zydecoSoulful="shinto9" sponginPulp="tapeti" begged="spicingDalasis" embox="unboxedSnodly" cement="822658801" babusLennySantimi="ambonPlumaSilvae18">
      <tedding>bladyAzteca12</tedding>
      <regivenNeatlyLookup>
        <molland>kilnedNedderPectens</molland>
      </regivenNeatlyLookup>
      <scalpel collinsRetinicDegrade="atoleUliconDulbert" ozoniseGeodicArmrack="pourersPyrrha" facet="jatFaulty" podogynLamaistDisher="679">
        <delimerDawson>spiliteRetial</delimerDawson>
      </scalpel>
      <lakatan monkessProarmy="uprisalRoseous" soapedTalpoidDibatis="nauntLagwortUnspit9">
        <scotinoRechaos>83841</scotinoRechaos>
      </lakatan>
      <marmite anestriEstuantGangdom="unsnowTaenialSanious230">
        <almasDiscost>5051</almasDiscost>
      </marmite>
      <titles sterol="scopet2">
        <joysome>searerDonovan</joysome>
      </titles>
      <sexismNutted yukian="3562" ditheryDinDave="exurbanMesse">
        <speltsFawneryCursen>mtg</speltsFawneryCursen>
      </sexismNutted>
      <adrowse bedlidsZirconApparat="yipesOutfaceKinker" felliesProtid="seiserWagh">
        <lammingFrogmanSestiad>factoDinking</lammingFrogmanSestiad>
      </adrowse>
      <woofer tylion="estabSlock5" rosesSakeKeratto="fylfotsSonnyTost" illanoSmatter="pleionWittols">
        <rimbaseNaether>boxtyScribed</rimbaseNaether>
      </woofer>
      <casino kills="kludgeForleitBast" retrade="sopsXylonic" chinik="cruelsQueller8" cosmosHardset="ung4056">
        <hwyLacertaUnadult>inquietSeventhKiddy</hwyLacertaUnadult>
      </casino>
      <acinusHaggisUmbrel doocotPropter="2224294" mantidsShockerEthmoid="47910788" image="tooartCrease">
        <herileFlavous>bummest</herileFlavous>
      </acinusHaggisUmbrel>
      <rep reflux="bonzeryPankNunry" anamniaConkers="infamyMoireCentre" facingsTimbale="hamster">
        <ghiziteRomerosEikon>bravelyDither</ghiziteRomerosEikon>
      </rep>
      <hygrinOometer>
        <cottiseJerqued>cocklet</cottiseJerqued>
      </hygrinOometer>
      <noritAngkhak afzeliaVug="gobi" handcar="harpingDomifyDigue" upupoidShairn="copistWinkledBaittle">
        <townly>coaxalDaddle</townly>
      </noritAngkhak>
      <hoplite>
        <beerilyAdjuteAlgodon>syneTelary</beerilyAdjuteAlgodon>
      </hoplite>
      <hitch romancy="douras" paoloLitargeKeymove="137864683">
        <koppa>gurgles</koppa>
      </hitch>
      <polymnyOrphism wansLakie="previse" cuddenProbataKorin="familyVivid">
        <gaybineBedip>laster</gaybineBedip>
      </polymnyOrphism>
      <scrog warping="bodgieAnciensDrassid" enweaveJusterForleit="lavic">
        <contrib>spatingUntimid34</contrib>
      </scrog>
      <bowMisshipScroo dogboltDelireMiscues="boucleJarlLedum" diploma="ethosRumple" decoBrrrNavvy="flanqueQuatuorDeja" tarponsBridget="usureUsage544">
        <woftSeededVaagmer>refireCapsian58</woftSeededVaagmer>
      </bowMisshipScroo>
    </maidanPatrol>
    <jellySacopeSubvert>
      <mistype>729583318</mistype>
    </jellySacopeSubvert>
    <smarty>
      <celliNeighed>ternateRevalue95</celliNeighed>
    </smarty>
    <skyedDelayerBudgy>
      <rockyCrude>tapaSatins</rockyCrude>
      <delay misc="11" spingelArided="debugBuswayGalut">
        <latcher>copolarFuried871</latcher>
      </delay>
      <ino writhyBrunts="76379">
        <misimaEpilate>curyingMusumee</misimaEpilate>
      </ino>
      <rodSeveral woodsiaAmigosNooky="blintze">
        <purgeryRivetBalls>reslay510</purgeryRivetBalls>
      </rodSeveral>
      <unridReweaveThreaps filed="hemiope" walkist="restisFillaDonate42" pone="savantRiblet9" dronesTuilzie="cackledLeghornFettler">
        <reraisePentylWessel>756312</reraisePentylWessel>
      </unridReweaveThreaps>
      <doeuvreOchreaAriana dacoitPenicilKindal="21414" leelangAmoke="4017">
        <colpus>thruoutCoheredBinghi</colpus>
      </doeuvreOchreaAriana>
      <unship demise="voluted" imagoesHamSpinney="hodadFeasantRighty" enwiden="aflare" sporoid="guiacSprad61">
        <kickersAftwardCankers>oaks</kickersAftwardCankers>
      </unship>
      <remanieMaxim>
        <etchantCuspidsDraped>dipheadFeriaGees</etchantCuspidsDraped>
      </remanieMaxim>
      <situsesCurtein igluGuaco="19640" present="polio" riftyRummageYender="shojoJamiFumed60" bibbers="560110">
        <whisted>peerdomCathect934</whisted>
      </situsesCurtein>
      <sophistGetCions badsHavior="bivialReturn37" pendn="dimeter" scurfy="hashes2">
        <broggerFlails>carding</broggerFlails>
      </sophistGetCions>
    </skyedDelayerBudgy>
    <plotfulAppendsUnnails smoreParded="beadyPaddiesStealed" larcin="releivo" ladhood="cajangDjinn" domoid="tigrineExcept" nimboseRewashEarmuff="dikerCraneSabadin">
      <bopperMoonier>charierKochia</bopperMoonier>
    </plotfulAppendsUnnails>
    <pretzel balmonyMalism="runiteDawk7">
      <oxgateBamalip>procrisOxhuvudNothous</oxgateBamalip>
      <rabidlyScendsEncense yttriumMockup="plott" droits="687">
        <notselfWhf>63845364</notselfWhf>
      </rabidlyScendsEncense>
      <samelyVariersGimmor>
        <ameluInwritTetrao>2522825</ameluInwritTetrao>
      </samelyVariersGimmor>
      <decibel slapsStrathsMakhzan="803769" satinsSime="32572" unbidProgged="stomionPhoebes">
        <bowsedSanpoil>untimidSmoodgeBoozer</bowsedSanpoil>
      </decibel>
      <sheat surreptMakran="blakePommadoUnclean5988" tory="simpersMizrach">
        <alepineSpuriae>813</alepineSpuriae>
      </sheat>
      <belinda spoleFayenceFerigee="isletedReckons" skreeghRecallMusquaw="orellin" billaBighted="kikumon" wrongedSixishShi="coignTheemim">
        <aced>demitRauriciTitlene</aced>
      </belinda>
      <gieing sunwayIngrown="hakoRustles9" panheadAcheronDurwan="burdiesCedens56" swattleCrisle="sensa3443">
        <trave>guijoAtlatls</trave>
      </gieing>
      <bomiKulaki claimedAlidadeTimet="discalStreepTamanu">
        <coaxal>99</coaxal>
      </bomiKulaki>
      <clerus housageTylosisWhorled="jalorPythiusJeetee" strownArbutinCeltium="farleStrewerShastra792" muchesBehight="hallowd">
        <pantle>92125</pantle>
      </clerus>
      <ansarieDippyEstadal odology="fractalSenhora" peskily="fettleInportKulan">
        <satemWhitsunGarten>dangsOrbitar</satemWhitsunGarten>
      </ansarieDippyEstadal>
      <lineageHartal>
        <wechtShaulPalgat>972165655</wechtShaulPalgat>
      </lineageHartal>
      <mootmanCasbah kallahEmpiric="8684862" fensiveWithal="lesser">
        <beknotsZymome>chirrsSolidoNockerl</beknotsZymome>
      </mootmanCasbah>
      <gerbera baccaVacateCytode="8180105" cobbing="duloticSuccussRoamer" yellowsRiotsGenoms="wawls">
        <suppRunoutsKenmark>hickeyChibolBurr</suppRunoutsKenmark>
      </gerbera>
      <rancorMezuzotBurhel treeyPellaeaNuncle="firelit">
        <tutorly>yephedeFancify314</tutorly>
      </rancorMezuzotBurhel>
      <ampyx notifyTalpineTsungtu="scraped">
        <unagedSepticsOrwell>unpaleLevator</unagedSepticsOrwell>
      </ampyx>
      <hyacine disegnoQuaife="824" saloonShirazBagwash="chafesLopedGumdrop" ganef="79583152">
        <tovaria>poutier</tovaria>
      </hyacine>
      <otxiAstartFract yonkerKabar="skellumWeaversUracil">
        <falunsFrameBoget>natronsVesicalTlaco</falunsFrameBoget>
      </otxiAstartFract>
    </pretzel>
    <galp saqibDudaim="inline" needlesFunds="607776068" swungenHelcoMelisma="beganTumboa">
      <thruputEmodinUprisen>decoctAffiantWizard</thruputEmodinUprisen>
    </galp>
    <keek>
      <galleryMibsJacuaru>deter</galleryMibsJacuaru>
    </keek>
    <aldayBeleafBritish>
      <isiacLepadidGunky>742</isiacLepadidGunky>
    </aldayBeleafBritish>
    <wudgeReetle>
      <cicadae>dryfootWifeismMaga</cicadae>
    </wudgeReetle>
  </glaiketRapinesAworth>
  <cabbage news="erenowWaywortSauch" carefoxAxwiseTozee="strepsAkkadBoneset" uretersOakumNubilum="slockerCunette" privata="undenPupateOsmiums">
    <annattoKinbote>
      <meters>tsurugi</meters>
      <mazardsBerried>
        <fears>carlageLalls</fears>
      </mazardsBerried>
      <callot thosClothyCarap="layery" weedersGirting="5" rimpiConcavoArghool="habitanLepridSaclike" asseize="96">
        <mitra>racing</mitra>
      </callot>
      <sandmenBlandFlosses bouserSwattleMein="glakedMargedHeydey" pull="gleesGlenSubpar" aniliidGoodmenGraine="emulsor" quisAisling="60820">
        <lpm>acritanTappit</lpm>
      </sandmenBlandFlosses>
      <hawedTeraph>
        <taenia>anchorsAnosia</taenia>
      </hawedTeraph>
      <lollupEnrangeOphelia snicked="whinger" rerisesNectarPulsers="pipet70">
        <heminNihil>laicityOxbrake</heminNihil>
      </lollupEnrangeOphelia>
    </annattoKinbote>
    <jaggaryStinted>
      <lokaose>8681395</lokaose>
    </jaggaryStinted>
    <toelikeArgala ker="17632" knackEuploidGarth="pwr" cystalAssamar="exodermVarsha" velarUpglideWidens="77104185" beteelaRustredLemuel="8054" aquilon="inflexKurtaFixing">
      <lookerEnduro>depayse</lookerEnduro>
    </toelikeArgala>
    <kickyUpgirtBlends>
      <gravedNete>nigh</gravedNete>
    </kickyUpgirtBlends>
    <therein>
      <adrianaLipworkKaliph>longeBatlon</adrianaLipworkKaliph>
    </therein>
    <leftestSlain lehmerHem="millmanPurringTimbrel" tapper="30" grayout="hurriedPomace" turdSwankedPhyllis="bouncesBruleKlops" sahUriel="fitchesMorling" gamiest="43">
      <veldts>askanceMillets</veldts>
    </leftestSlain>
    <unblestScrit>
      <spriteTremblyEvovae>reranEnalite</spriteTremblyEvovae>
    </unblestScrit>
    <codArriageLimu>
      <ruptureRedial>flyblewWooster</ruptureRedial>
    </codArriageLimu>
    <pardo>
      <thievedPickler>muskrat160</thievedPickler>
    </pardo>
    <jalet orale="sanseisAboutOmnify" sageerPodlerDuny="jobmenQabbalaTenzone">
      <stumble>kozo</stumble>
    </jalet>
    <scanmagDarbFidessa>
      <bessyRondelsFlout>burd</bessyRondelsFlout>
    </scanmagDarbFidessa>
  </cabbage>
  <myrrhic>
    <thraxLinkersMedize acheerTapiroAerier="armill" buggerPosho="ouija">
      <mel>heimdalSpicula</mel>
      <atomism falco="gyrocarFringedAlmonds8066">
        <pipeagePagodsGiraffa>90</pipeagePagodsGiraffa>
      </atomism>
      <whiting>
        <romaunt>wigletMobsmanSsed1659</romaunt>
      </whiting>
      <pimlicoSkycapTurgite perlidRostelWannish="pyruvic432">
        <sevumAseitas>funfair</sevumAseitas>
      </pimlicoSkycapTurgite>
      <pimbina prouderTwink="gorstArctan" acinousAcerolaPerula="14530" wenched="blurOcypeteWhelps" inkosiBuyouts="7982160">
        <sadhikaCarstenRoller>1974</sadhikaCarstenRoller>
      </pimbina>
      <calkerCloisonBabist gelidOorali="purdahsDrearlyTophes8" lagwortBedrownWoolmen="daterGuasa" acies="build">
        <quasheyBedsockVolante>vulgareBriberHoster</quasheyBedsockVolante>
      </calkerCloisonBabist>
    </thraxLinkersMedize>
    <unboneTangieNeopine>
      <khojahSlimingBombed>calumnyHoweaSundra</khojahSlimingBombed>
    </unboneTangieNeopine>
    <biloMinorca>
      <dryopes>60771139</dryopes>
      <unmanedAccurst trayfulNidingCenters="34484" sunstarMammets="casernsEgressHaplomi" kuskosGrike="aper" cheloidKabakasUnshowy="30">
        <stingMispledKorhmn>mule</stingMispledKorhmn>
      </unmanedAccurst>
      <coronel octineEskar="419" preknowHavier="yewsSkeipp" galeage="peachedPerine" arpents="raffish1937">
        <fiji>stonishHalakicMelange</fiji>
      </coronel>
      <intonedTipful josh="siusi" visaingHyoidan="bodingUncore" dibble="lancePinite" percussEvenedShirvan="complyCymblin1">
        <damming>admass94</damming>
      </intonedTipful>
      <whishtsFrundel skatsCombersTolsel="4" pulped="redialTorose" kegsHagseed="harrows">
        <lernaeaBooneAbyssus>puntersSpodes</lernaeaBooneAbyssus>
      </whishtsFrundel>
      <heapyThinned forces="mercian9784" cardecuSummit="ductXylariaEunicid923">
        <matar>dildosPossiesUnbroid</matar>
      </heapyThinned>
      <thetineColunarImburse>
        <tils>forfarEmbalmsSabbeka</tils>
      </thetineColunarImburse>
      <marliteEndite damplyDulleryRopeman="930" patacoWabby="argons" foggersBabyish="5" splintFatlike="victorKurtasQuoties">
        <sterned>649406031</sterned>
      </marliteEndite>
      <zymogen>
        <kinchinStylliDhangar>crimperEmeriti8</kinchinStylliDhangar>
      </zymogen>
    </biloMinorca>
    <tuneupsUsheen jobbetMuntSaining="7" vocabManures="yogurts">
      <pastas>cabbyTwitchy</pastas>
    </tuneupsUsheen>
    <sacatonSubhead pkgBurmiteGoxes="bawlyShelverLaudist666" wontonTripMundle="bikramTetched520" keyaki="halversMagpies" punners="freakDevelsSauries">
      <ewder>ochoneCynebotTutly</ewder>
    </sacatonSubhead>
    <dopaPrissesBalolo>
      <foxily>rouenDungier39</foxily>
      <xeroxed dangled="prosperCrivetz" dunnishPeartly="stymiedTamping" halogenVelaric="mibsPlywood111" caitifCuneus="updraftIrrupt">
        <setulePronavyLabral>310332</setulePronavyLabral>
      </xeroxed>
      <panningDrokpaAtavism zmudzYot="stradeChiantiGra">
        <trefa>doless</trefa>
      </panningDrokpaAtavism>
      <urologyScaean>
        <ascape>86323923</ascape>
      </urologyScaean>
      <babbieYakGibli petards="tinnenTrabuch690" scraped="ungildLimp" brittsMeebos="dewtryPated">
        <samekReseesAnnuler>peridiaBaringAffixer</samekReseesAnnuler>
      </babbieYakGibli>
      <giltcup icework="25" decadOutvoteGyrenes="distaffGruntle">
        <acubens>alkineMalapiAlmug</acubens>
      </giltcup>
      <disomus broosPsalms="joulBesteer" qiviutCantina="pardon" saddlerMassifsTelic="cableseStywardPumple2978">
        <perduesCaliperHuey>maltese</perduesCaliperHuey>
      </disomus>
      <ooralisOnrushPucelle cowkAmritasGeology="dandler" issuesPeriodOutroot="9">
        <vagantDress>groserAhimsasCouhage2175</vagantDress>
      </ooralisOnrushPucelle>
      <nemo cub="aquaImbeJurists">
        <surfmenSpiraea>monologAnicut</surfmenSpiraea>
      </nemo>
      <tourbeMafiosi solvesEastern="avataraDregsTisane" hitched="398723" shogglyWulkCreaky="37270">
        <chalehsCarotin>policesHerdess</chalehsCarotin>
      </tourbeMafiosi>
      <husk bushwaWindleUit="drawoutResownMeros" somatic="23" masooka="faunishSamurai750" abdomenLobcockStymy="pika65">
        <wistsSiddhiBringal>16370</wistsSiddhiBringal>
      </husk>
      <enhuskOraculaWadi agaroid="squall">
        <pipetFungite>aper</pipetFungite>
      </enhuskOraculaWadi>
      <pinyHevi glave="mooletCordiaPointy7765" rugIctusHoaxee="cindie" resawerBriards="revealKymric787">
        <dicots>229230</dicots>
      </pinyHevi>
    </dopaPrissesBalolo>
    <porc>
      <rumRurallyChambre>arefactPsycheThermae</rumRurallyChambre>
      <reutter churledPlease="adzCaamaCharm" dhobeeStick="bedevilEnamberEduct" zantePuduLasty="ricinThree" thruout="tzimmesMalachiRokelay">
        <wasogaMemoirWheals>spuffle5563</wasogaMemoirWheals>
      </reutter>
      <padouk soumak="numeralSambur203">
        <clock>apogaicHippi</clock>
      </padouk>
      <globesCurbash>
        <binateTalkies>osmiousHowdiesAphides</binateTalkies>
      </globesCurbash>
      <forgabSteakTef quaFrigageTinta="antjarDevchar" novusRokerCasease="reliesPnce" signoraRottersConidia="westJavel2">
        <weakest>ericius3338</weakest>
      </forgabSteakTef>
      <akuBuckeenKamass sniffly="haemony">
        <anmia>retellMiseat</anmia>
      </akuBuckeenKamass>
      <magotInfield daltFtnerr="tairn872" clacket="33" locator="ineyeCrierBoid">
        <geneura>mistookPshaHubble</geneura>
      </magotInfield>
      <sputtaChaum endmostColombo="apogeesTinglesOfflook" fewmets="intern67" chicagoHautRaffles="8900109">
        <scamlerUndightLupeol>29238406</scamlerUndightLupeol>
      </sputtaChaum>
      <unmeekSleek saperda="arrisToughra">
        <hoyman>isotriaPannerAhold</hoyman>
      </unmeekSleek>
      <yabbersTzars martialSkeippWaeness="bespout" nancesAponicJasper="4" abassiSolanosReomit="swarveMelvieDicks">
        <gleemenLenis>62894</gleemenLenis>
      </yabbersTzars>
      <velamen trochilBoko="ringer" globousPanthea="annat" raftyCamphoPlaces="sacculiFrillReeming" rerolls="63">
        <guises>unblownAnguloa</guises>
      </velamen>
      <scorerPatina belloot="ducato6434" etymolMagneto="bosomedBullish">
        <borasDasyus>giveyPuckers</borasDasyus>
      </scorerPatina>
      <scaniaUngraveRanular saris="singsBoulimy937" havaikiNumdahHenbits="890201" servoGongingUntimid="75548" rennin="yoghs">
        <pyronesErgate>pamhyTouts</pyronesErgate>
      </scaniaUngraveRanular>
      <unfactLinchet kylite="yawrootKarelMaffler" scroochAngioidVirls="toiles" sickensWhiterThowel="visa9">
        <oblastiServalGhbor>facialDurum</oblastiServalGhbor>
      </unfactLinchet>
      <unsloghDouradeWarden bileveNauseamLefty="onanism" upspurt="vibistsCommos" turkizeMakedomGerated="upvomitAbaditeBazigar7" mutterBottleAnagoge="passwayPursual">
        <goetaeEludeFicins>estusBowed</goetaeEludeFicins>
      </unsloghDouradeWarden>
      <unwholeBobstayTrucial>
        <matieNormansBewrays>bigg</matieNormansBewrays>
      </unwholeBobstayTrucial>
      <infelt>
        <islingBlankerSyzygal>ulnae</islingBlankerSyzygal>
      </infelt>
      <walachMudraCental sifeInknot="bilkedEatageBais" ebrioseBibbler="sirple">
        <wourali>688</wourali>
      </walachMudraCental>
      <coypou agelessAllured="cerevisGalloot6">
        <cites>stairsSputeKeckles</cites>
      </coypou>
      <larin clodsJutishBovids="geladasRevoice">
        <kantismHoselsJurally>diene</kantismHoselsJurally>
      </larin>
    </porc>
    <crepisImperiiEmption>
      <flybeltManolisUnslip>reusesSkatols</flybeltManolisUnslip>
    </crepisImperiiEmption>
    <swellStreetBibb>
      <cecileCuchan>treysFaked</cecileCuchan>
    </swellStreetBibb>
  </myrrhic>
  <kolackyHegumenNoshers>
    <waxweed>
      <tumbak>ulmus</tumbak>
    </waxweed>
    <sampledAttiredStrip>
      <whisper>knoll</whisper>
    </sampledAttiredStrip>
    <leds outplay="1401776" wissingFocus="celtistBemas" havener="morPurpose89">
      <lingier>kina8922</lingier>
      <palankFiremenSharpy>
        <quags>radialeMoment</quags>
      </palankFiremenSharpy>
      <mutualsLendeeImbibe glissAgaze="pulish">
        <succise>mexitlGabbro</succise>
      </mutualsLendeeImbibe>
      <texanDrabantUlmus iodineAnnualOutbeg="cavilerBaignetThyrse" oneidaShinsCheese="nervateLikinJotter" squegRifted="kissyPlayday" reshuntRambongLeban="agrufeAgency">
        <excheatCobegoTanghin>870312586</excheatCobegoTanghin>
      </texanDrabantUlmus>
      <dabby didymisPorkeryShad="jumblyPita">
        <unhead>subgrin</unhead>
      </dabby>
      <fellyTasked cantonAntigodSubah="4788" goyish="anoilTigeCivisms" sonsieInholdTurus="91127021" laramieDecantsDiswit="clarkKeg">
        <tannest>azoxine</tannest>
      </fellyTasked>
      <concavoResilia befavorLammerForb="idiotsSadden">
        <mastage>earlockPyrula</mastage>
      </concavoResilia>
      <askingCoactorRequest caroledWarworkGeese="coxier" naique="lawnletByrrusRousts" belivePollam="rang7">
        <umbrasReshotBareka>actaeaWhuzTabards</umbrasReshotBareka>
      </askingCoactorRequest>
      <letsXrayOrles kafizToadies="puduAusCheeter2460">
        <aimeeQuercin>leprineUroLogin5296</aimeeQuercin>
      </letsXrayOrles>
      <hoddenAuxinic edgeAlludedUmbels="ambitusQuidam" slab="2" thrangSneapAtone="ploddedSanablePegador">
        <goulanContentBahadur>hoofsGrossoBonair</goulanContentBahadur>
      </hoddenAuxinic>
      <piratic oransManihot="toluole" sofasOlax="bandlet">
        <bklrStruntsLyas>adigeiKelek2890</bklrStruntsLyas>
      </piratic>
      <bematMeaderHalms>
        <amylic>alkoranSennets</amylic>
      </bematMeaderHalms>
      <secondiYeomZikurat toraja="camails" kneadedIndicia="were" etaerioSnotsAmbitus="lambBewrap">
        <denuderOrary>lagna</denuderOrary>
      </secondiYeomZikurat>
      <staringBroncosShiloh>
        <headendRaunge>batisteLabBoarts</headendRaunge>
      </staringBroncosShiloh>
      <caapebaTepacheDurmast>
        <unpopeRebabJoola>71</unpopeRebabJoola>
      </caapebaTepacheDurmast>
      <rootletUrethra rewave="awan" bushels="kingingEfl" heapingMyarian="2">
        <unshrewPewitsQuirk>hogmace</unshrewPewitsQuirk>
      </rootletUrethra>
      <jibeUranicXylo argas="deadly1909" spileSaphie="warnoth" recurWallop="fuming" somitic="78498">
        <lineneIsodont>imperyLovelySneath</lineneIsodont>
      </jibeUranicXylo>
      <metzeZits>
        <dypnone>800806</dypnone>
      </metzeZits>
      <unrowed>
        <tiring>3</tiring>
      </unrowed>
    </leds>
    <oldersResexCambion promsAlani="584282852">
      <zendosTarpNovelet>stalk</zendosTarpNovelet>
      <lipinsFlneurShegets reassayPopulumBopped="puddle" incuseAssignsLattens="delftsMashlin" bruitsVoilesAnabo="7171689">
        <sunglowAnticks>hooves</sunglowAnticks>
      </lipinsFlneurShegets>
      <sleetsSewable jinrikiStop="684821987">
        <owlerSporedSennit>longer761</owlerSporedSennit>
      </sleetsSewable>
      <slitchAbaisseMoaned umpiredMalduckLapped="phantomMarxistBriming" abangaReflux="colleyPuritanBodiced">
        <leporis>backups</leporis>
      </slitchAbaisseMoaned>
      <rises meritCraniadBestead="regoShreddyWoodcoc" accord="oxshoeCombesSubgyri" morpho="penkKnocker">
        <roving>umpsDieselIngests</roving>
      </rises>
      <byrlBronco dielLocoman="288" bulse="vinewDepones" depthsDirectsPaction="3665324">
        <greavedTrouse>fetterObside</greavedTrouse>
      </byrlBronco>
      <adnexedYds thymeMoo="901" stiveReswim="coweredZingierKickee439">
        <scald>stativeCurarisWerwolf</scald>
      </adnexedYds>
      <unknown ziffs="styca" rusksLangate="mingeWhetSoulz">
        <anergiaPyropes>degree</anergiaPyropes>
      </unknown>
    </oldersResexCambion>
    <salada>
      <emoryRewardsDualist>99</emoryRewardsDualist>
      <swickRolpensItalici orarion="defusesEntombIngirt" leucineDawningTiponi="emissi">
        <enwovenUppileZeed>mom</enwovenUppileZeed>
      </swickRolpensItalici>
      <turfMinims bocasinKapaPorions="retemptSunway">
        <normsTumor>legal</normsTumor>
      </turfMinims>
      <nereidPeabirdSilico tinner="arrowedChorus" col="31757680" proceedStepper="3891">
        <vitrageMishmee>usanceThrapRaking</vitrageMishmee>
      </nereidPeabirdSilico>
      <unnobleQuirts skitsEmlenNonage="miri490" cased="inface9">
        <cecca>pavansGalatea</cecca>
      </unnobleQuirts>
      <kowtowsPunnerSanand taxideaBonitos="mirak">
        <radicle>ashamnu</radicle>
      </kowtowsPunnerSanand>
      <dromosSobeit viron="rhombicYohimbe" swathedTucumaCaffeic="halidsSwingelNarrate8897" saffronFinikin="skylookButaneBeckets" baresAsarta="trubu">
        <eryngosMelianRetread>gustingSkewingIns</eryngosMelianRetread>
      </dromosSobeit>
      <gybes outgoes="gunaArcsin9945" showerBumbles="658" treats="tonletsUnhateCrater">
        <plutons>41803</plutons>
      </gybes>
      <sodQuaich agreedNagnail="wauchleIsanderShoer">
        <osmerusCotingaCogs>clinic457</osmerusCotingaCogs>
      </sodQuaich>
      <virosesGaitingFrippet dazingWrabbe="323508" jeffery="taqlid" carvalUninn="panoplyOgygiaGonged">
        <xylemsFacingsFoozle>curns</xylemsFacingsFoozle>
      </virosesGaitingFrippet>
      <calepin hatMetesAchenes="cistedYajeninWharve3073" averinWildsMentum="shagbagElixir" kindles="banes">
        <moversParsons>fustleKikiDungs</moversParsons>
      </calepin>
      <isawaCornerLeavers pietoso="gobioAutoed3" peruHomageShaken="saoCouchesAgad" bipackLimniad="angekut" sieved="jesperLinitisHertzes239">
        <diabolo>spline</diabolo>
      </isawaCornerLeavers>
      <ginseng twinScoped="88081" twinkle="vernine" dynastsJawansMingier="beemen">
        <mycoses>sowl</mycoses>
      </ginseng>
      <pokilyVilifyBemeet sialoidOrderJericho="hamanEnsoul" inlaysBedman="33" osierPonhawsTeju="537">
        <lorchaEnvaye>pelotasSibby</lorchaEnvaye>
      </pokilyVilifyBemeet>
    </salada>
    <maestro>
      <lunula>thebGules83</lunula>
    </maestro>
    <kiterCribo>
      <scribeSofaneIsopoly>obolMusPayeny818</scribeSofaneIsopoly>
    </kiterCribo>
    <statuesHognoseLarikin>
      <xenon>8093</xenon>
      <missionAdjuresAlae bimini="159" habeSolanin="4514" crucianJays="junctorNatallyAnnuary" tusserThooid="ranular">
        <airdockOversow>exla</airdockOversow>
      </missionAdjuresAlae>
      <flurtLieflyLawner lowanceEnsiledMant="coughGradersAbcess26" hicacoVariant="whitretPadsaw">
        <resorbAmmeterSteric>879798</resorbAmmeterSteric>
      </flurtLieflyLawner>
      <ngaio deputedBewrays="crinidTikurTinemen">
        <ancilleLevulinTarand>subnodeGhats</ancilleLevulinTarand>
      </ngaio>
      <ziggingHeckled rehiresLipan="phonSatined" sluffMops="witchHomeJobbery">
        <olaxMuskily>288046</olaxMuskily>
      </ziggingHeckled>
      <availerMinyaeNowthe strix="bedeafSunhat3962">
        <tanaistCaddoan>lukanBiggerGuha</tanaistCaddoan>
      </availerMinyaeNowthe>
      <dryasLogilyLodged>
        <unuglyAtomise>probantStupose</unuglyAtomise>
      </dryasLogilyLodged>
      <dephaseCaser worrierVimfulReifs="brazier">
        <dedimusToetoePitfold>3</dedimusToetoePitfold>
      </dephaseCaser>
      <auntersDopants brusherBailees="garrons68" stddmp="cursaNavajo">
        <vannedLatinos>3455561</vannedLatinos>
      </auntersDopants>
      <panto tuilyieBiders="9" syconusFoghornKilled="765977663">
        <ctg>herdicsOughtntNanisms</ctg>
      </panto>
    </statuesHognoseLarikin>
    <litreYasmaksUran>
      <geer>wride</geer>
      <exitialRibozoBerogue hutungChrismDiobol="grittleMolpe" kirverKrna="personPlutons">
        <rattonsChem>paeoninSeityAmphora</rattonsChem>
      </exitialRibozoBerogue>
      <cen alonsoSkaffie="limnersBarbitaOchry">
        <quaeresChaetal>85</quaeresChaetal>
      </cen>
      <expwy egboBanig="hikerNanosecHypnody2">
        <morbidBomber>548267</morbidBomber>
      </expwy>
      <swotsCreasot>
        <lawtonInhumed>hailer</lawtonInhumed>
      </swotsCreasot>
      <chytridKauchChiffer alexiusAnnuli="blicky" tahltan="alasEncomic" baalathSnippy="lopsAlgarad" clerumWarier="blowze992">
        <sheerlyAscent>ephahs</sheerlyAscent>
      </chytridKauchChiffer>
      <aulaDipper douceur="regrantIceland" daikon="9" tetroleGlomiOvibos="frocksDekesChullpa3" newsierCrotylGebbie="mungey3">
        <reinerAxled>pawners24</reinerAxled>
      </aulaDipper>
      <ravener raging="barvellUneager" callatUngodDwarfed="utileLooming" sensus="tooSparmVeil">
        <ceaseCosieWhau>crozierZirakNoterse</ceaseCosieWhau>
      </ravener>
      <lowbredAffixes inswamp="cabletLaunces" talaingAstrand="bisons">
        <vulcanSagene>yakutatAzotea</vulcanSagene>
      </lowbredAffixes>
      <lavaboCrapedEight caelus="gracesSwangyRepl" efreet="monaPaddleBeento9" hexogen="officio6739">
        <upsets>refloodTweeted</upsets>
      </lavaboCrapedEight>
    </litreYasmaksUran>
    <desmonDosserGlaieul thalliGateageCosaque="affairsFallerEntone" omentaStrobed="slicingKurusIncudal" risbermMaplesIsnt="89867" lepageRumbo="sovenez" grazingReefy="comiteCycliae926" halimotBonsVase="686579" typhaCecityFrae="zantDandles">
      <lazingLisps>scuffedBundocHubcap</lazingLisps>
      <miseatsTombsHipe sondeliTinnedGleir="2976" fermiumRewed="salamatRodentMarhala" jollies="dewaxesFerruleKokia" cordateTeller="westlinZinober">
        <sternedEnecate>deglory</sternedEnecate>
      </miseatsTombsHipe>
      <chitty>
        <biotech>163</biotech>
      </chitty>
      <colingMasjidGnus lese="46737921" parget="pellasRoquerPonzite" nomen="sheriat96">
        <bubbles>droitsUnbled704</bubbles>
      </colingMasjidGnus>
      <izbaAdelphiPlatier>
        <rubigoActoryKeros>lithCrusadoPeacoat575</rubigoActoryKeros>
      </izbaAdelphiPlatier>
      <outffed stipoVespery="2562" acinarPissCrises="39">
        <podger>insueMonacid</podger>
      </outffed>
    </desmonDosserGlaieul>
    <gospodaEpodesBourlaw>
      <beest>ethylicRestio</beest>
    </gospodaEpodesBourlaw>
    <jeerers lokiAccourt="realty179" pepsisFurylShor="inlaid" jackassJihadCointer="turmoilCecca" attendsAttrib="495541" bechirpReomitSoucar="941803" whingerEmprent="showmanQuinnetExhumed">
      <halmAbos>poisonsChronolVinland36</halmAbos>
    </jeerers>
    <citatumNovice macauco="484588674" paiock="toupeedIodatesSuedes" fumadoUnfillHolders="ravesPenaltyTibicen" harleZootaxy="agit" manzasBaroiBrasen="ichebu" waxhawCanaceeVests="birsyKoryStipend" cenacleHormicSugh="pennonAllyicDereism">
      <iberisFraunch>gyttjaBatoka</iberisFraunch>
      <usneoidAsseal lieferApexCainism="77903" skeens="167933362" unfirmMotion="phoh" whangsDikage="rummily">
        <spooney>soakCanganSabras9</spooney>
      </usneoidAsseal>
    </citatumNovice>
    <alfiona>
      <bespeakWhiskinGagging>acnodeVenomed</bespeakWhiskinGagging>
      <abodedAlkaminFlushes ceroidRezoneMensis="suyogTonnerLangoon">
        <donzel>ofter</donzel>
      </abodedAlkaminFlushes>
      <winds>
        <faweNeurad>rollerFatihaTaroc</faweNeurad>
      </winds>
      <fanoutCesserRunnet gangism="atelic4" beatles="gripmanTriglidZemmi">
        <ashirZuleika>settlerWhetCredits</ashirZuleika>
      </fanoutCesserRunnet>
      <pirogiHardhatKnucks>
        <jocksFjeld>gripedNeverMashlam</jocksFjeld>
      </pirogiHardhatKnucks>
      <valetrySerry unsonsyAnusim="taxiingBoronsFiche">
        <tombolaBruskZiphian>and</tombolaBruskZiphian>
      </valetrySerry>
      <rethrow rotlCicadasEphebea="sludgedKirverLynch" assbaaTroth="familiaBalaoFirlot5" boneExilityMoppy="fedn" sankMarnix="execute">
        <dorter>retaste</dorter>
      </rethrow>
    </alfiona>
    <shuffleTampoon cranked="phonolUnstagy" paramidCaveats="syftnQuint3733" valmy="navetCistDolmans" coeditsFoemenRustics="abomaRankle" bisnagaCoperRipsaw="lochiRiparii559">
      <daltonGrimp>phrenicBugsha1637</daltonGrimp>
      <waviata tcharikBaryesLacmoid="peisesGanyie" byronic="ternletTeles">
        <liard>82670</liard>
      </waviata>
    </shuffleTampoon>
    <volentiExsertsCopain dapsonBangy="datismToreroClites242" gemotTwiggedBesouth="137316" arles="5466" wienerUnvoted="freeishPokiest" zapote="sosieLish249" promptsMusquaw="impaneDassieJink">
      <caulSmouseDewily>raia</caulSmouseDewily>
    </volentiExsertsCopain>
    <clubmen infume="knishes" spiss="moonbowHaggerBoggin" fanningInsolesFleecer="sighStapAchate8" thongaCheremMaiacca="yawns" nataleFirearm="damarJowlAreaway">
      <pianosPrepupa>lecamaRippon</pianosPrepupa>
      <taipiBootedViande azurous="minisub" unshownVowerBoraces="708057856" irelandGashing="aureusCofoundCorved606">
        <lardingAverral>encrust</lardingAverral>
      </taipiBootedViande>
      <classerWhipsaw ragerBehoneyCraned="98542371" kabuliRootedWicky="ashetTotery" outmodeRober="coolersAplCnicin">
        <manwayEupione>adoulieGrownup</manwayEupione>
      </classerWhipsaw>
      <spurnerTakahes wangunFenagleDrawl="clumUnstrapRaspis" maizeConiPeeved="kapasFrailer" nubilumPisces="cleftedInsteep">
        <climantGuzzleTawnier>cannilyYuanBirr</climantGuzzleTawnier>
      </spurnerTakahes>
      <agritoBisso upcurlsAtoxylMumble="6234474">
        <buttlePiscid>conusor</buttlePiscid>
      </agritoBisso>
      <iliadic miasmal="fiercenPothookAnted" myrosin="drummerMoatingHavel">
        <dekaresBoaedonWimpled>23617002</dekaresBoaedonWimpled>
      </iliadic>
    </clubmen>
    <disbarkCogie vestalDoxySniggle="kilpHinnerAvenge" massaWantersVelum="abrase" roanokeBota="fussesScouth" lioness="azuryVorazEagre" locknutLazar="785932947" cherguiLanternRackers="egiptoBulgier">
      <grakleObol>575</grakleObol>
      <lurdane>
        <chleuhNymphet>uilyYawnsSahukar</chleuhNymphet>
      </lurdane>
      <bicarbsEntrZakat afacingAlsMasooka="wastyGrimmiaSnozzle" didusKhalat="pagador5" calycesAbassiBulked="864613251" drutherAsthmaRepugns="goasilaNaevoidRuiner">
        <faux>deaveEncore</faux>
      </bicarbsEntrZakat>
      <wifeletSkidi>
        <bemusesKrypticNaucrar>1043220</bemusesKrypticNaucrar>
      </wifeletSkidi>
      <culpateCapless caviarsPhycicOzs="conusesNitinolGess213" unluteStructUrled="4322" stewbumBaniaPopuli="809281" munitePeroneiElegies="896253">
        <degging>gashlyMycetesInwoven</degging>
      </culpateCapless>
      <noctuidRoshi abattisLithate="alluviaKilt9">
        <loros>tody3</loros>
      </noctuidRoshi>
      <gluepot rereignDyspneaGrabbed="numbersCubicle">
        <thornOrisons>981858615</thornOrisons>
      </gluepot>
      <malamboEnbraveJemidar chumpyBewithTaupo="284200">
        <doormatMeeks>regainXystum3211</doormatMeeks>
      </malamboEnbraveJemidar>
      <heyday>
        <tanGardeny>couters</tanGardeny>
      </heyday>
      <gifted alsatiaKuehVicua="ownselfScapple1099" grand="diatomsHyneLattens" coombesBurstedPagoda="42605918" armada="alabama">
        <sullenMesitae>tempete</sullenMesitae>
      </gifted>
      <hornetsCerebraLignins>
        <inboardReseaux>reinterZythiaJaspery</inboardReseaux>
      </hornetsCerebraLignins>
      <keatTrigly rudderReechyQuinate="clankedAzidesCamlets" races="bennies" quizEonsOriform="slape">
        <biviousFlemish>81474</biviousFlemish>
      </keatTrigly>
      <inkra smearer="spousal" actinic="otozoum">
        <coaptHoeful>scrupleTeatherTanti</coaptHoeful>
      </inkra>
      <sinsDardicHamzah>
        <merlinsStringyCatan>beltian</merlinsStringyCatan>
      </sinsDardicHamzah>
    </disbarkCogie>
    <xebecsElisor croupsCholer="semifyConusorCloned">
      <mantapa>essiveEvelongBellote1844</mantapa>
      <shoutsFoodfulOmnes belcherTwinned="stheniaShantihRefroze" eery="crimp" reallow="29559297" reddledYippee="cocher">
        <jurataFurlLingtow>lipoids</jurataFurlLingtow>
      </shoutsFoodfulOmnes>
      <metabit wunnaCuproseSeedpod="decanol" ojibwayMarinaBenegro="sweepBureausTwink52" myopias="unfirmRpsMaccus" oukiaPectus="494">
        <zoqueMiranhaBiozone>clusiaExplain</zoqueMiranhaBiozone>
      </metabit>
      <resined myosinAvieRedear="zonkedBogginFargood" pial="389" maythesHydnora="storyToggelSlimmed837">
        <becunaPompier>ploughs</becunaPompier>
      </resined>
      <hurtlePeggleSambhur dishleyEssePygmy="gassersPiecesDextral">
        <waunerAvengesMestlen>6</waunerAvengesMestlen>
      </hurtlePeggleSambhur>
      <hayedBebrineArtery pistiaTotchka="gamerCamaron" beduin="bromine">
        <pichiPussy>beleave</pichiPussy>
      </hayedBebrineArtery>
      <conn durantShrug="pilerGyrates7762">
        <shoop>thienylPulKulaks</shoop>
      </conn>
      <haomaAkees outfall="coyanGalipot" sppEgbert="ablPuddyMommas">
        <bespray>cinene</bespray>
      </haomaAkees>
      <armhoopDystome sapsuckAbet="sinolog9836">
        <pincers>semeed</pincers>
      </armhoopDystome>
      <perils ducs="encloudArb" cobblyVermuth="parlorVilloid7298" misYipsSurfers="73" jinked="compdDiddestLayship">
        <lobedShumal>inlaceMalleeNarras</lobedShumal>
      </perils>
    </xebecsElisor>
    <granzaMohurs abanet="8">
      <devoirsUnmitre>207639872</devoirsUnmitre>
      <weightsRanee omitMacchieElberta="bulrush" lashkar="provenCyanol">
        <seamerBinukauImbeds>cedarn984</seamerBinukauImbeds>
      </weightsRanee>
      <wayingHogskin limettaIvyCarload="quoting" aditBayardsScopine="bousedGentooPherkad" coloursViridUntrue="leaking317">
        <escapedMudholeRadium>991</escapedMudholeRadium>
      </wayingHogskin>
      <cullageStentGales bungaPedroFaroff="735021">
        <turrion>czechsInkierChasse250</turrion>
      </cullageStentGales>
      <echoicMende niobateRebase="elkanah" lissomeSeabed="sharraPrimped" costingPanayanSikhara="iberiOthman" mahranYatters="areniteAbesse">
        <aridlyEremicBeleap>ankusesFikey</aridlyEremicBeleap>
      </echoicMende>
      <wasterSeemedPunyism barbasContoidTablier="flimpJinksGrabble">
        <poySumpmanBarking>anentChucksScarves9</poySumpmanBarking>
      </wasterSeemedPunyism>
      <smut elenchi="fizzesMazurka">
        <wharIniomiGaited>bedelHeroes</wharIniomiGaited>
      </smut>
      <cereusFaunalSmutted raananMhg="brays">
        <outwick>boreleYaupsTwinism547</outwick>
      </cereusFaunalSmutted>
      <oinksYaks mickyNaja="5785367">
        <gorseddDonuts>uruguayCamaron</gorseddDonuts>
      </oinksYaks>
      <ferie mintmanItoism="flacker" crusado="forming" potus="deicers" inwoodGimped="cafeSpiced">
        <nichtCouldn>cytasicTainosCornice</nichtCouldn>
      </ferie>
      <dyadsHassock>
        <attachOrlesImpound>denningCanille</attachOrlesImpound>
      </dyadsHassock>
      <proteiFroeCombs wansithPresign="bakliSparrerDeboise" gemmel="faradayAcerose760" sharpyScorn="bethsPartley">
        <orbitalPubal>haybirdGambasHaiver1</orbitalPubal>
      </proteiFroeCombs>
      <rammageClackOrdines oylet="yobi" bortzes="shapers">
        <bloody>shrill</bloody>
      </rammageClackOrdines>
      <belageMeedsAmbos pixiesSaucesPelagra="12303961" dewtryDesandsPaters="liza">
        <grafterClamp>obvertShegetz1</grafterClamp>
      </belageMeedsAmbos>
      <syruper marled="2" phrasalKolkozHoaxes="ladyAurated" allnessShewsJinchao="coolestReachEyah">
        <lungiCornerGuanos>outsungOverbowDanzon</lungiCornerGuanos>
      </syruper>
      <chidesImperDicot sopped="rypeckAmaine" akaroaLooplet="9243" loggatsRimu="bifilarChymifyRuck" gramperFolksayGreiges="6455">
        <yummy>ionogenAntigayRubiest</yummy>
      </chidesImperDicot>
    </granzaMohurs>
    <fanwiseWarner>
      <uvalManicPropoxy>letgame</uvalManicPropoxy>
    </fanwiseWarner>
    <caked>
      <unlink>68509</unlink>
      <shipletTsere atimonBepelt="tarok" rakerFlaviusSlavism="327107">
        <talcked>5</talcked>
      </shipletTsere>
      <beaterLagunasRosetta unpaledThesiumQuicker="aselli" awhir="palierAtabal">
        <noondayVerdoy>vacuumsTyphulaThonga</noondayVerdoy>
      </beaterLagunasRosetta>
      <bassiaSchmoeSaws>
        <mooleysMandlenNehru>461</mooleysMandlenNehru>
      </bassiaSchmoeSaws>
      <falkCeramalShear prayersIode="21" chapmen="troopedInula">
        <bernieUnamiss>enseelFilletNankin</bernieUnamiss>
      </falkCeramalShear>
    </caked>
    <cuddle vauxiteBravaSpong="myallInbredCrop" jembe="abiosisBitnet" squinnyCeasesCancri="oxidsGolillaCackles" jobbedSmalmedAurite="yahvehTickled" weldedInoglia="retunesEmbindTheclan">
      <horol>valuesErdvark783</horol>
      <ophite isopodaRivers="sozzlyZealand">
        <dander>laconicSaggarsIsotely</dander>
      </ophite>
      <minoraMaffle regalo="wagesUnkinDodos" lanazMatieAntiwit="emerick26">
        <rumpsAtmosWived>unjudge</rumpsAtmosWived>
      </minoraMaffle>
      <moschiGrailPali>
        <sulciAmpalea>ofays</sulciAmpalea>
      </moschiGrailPali>
      <faenaGorfly>
        <frenghi>yowlerCobossOffals</frenghi>
      </faenaGorfly>
      <defuses shakeTannaseMiry="ascettaBaalize" toko="gastreaZonurid" tragicCanzoni="goombayGyrator">
        <starchyPeotomyWhorish>famaSci</starchyPeotomyWhorish>
      </defuses>
      <khvatBelaudTabanus jamwood="sneererCaunus" simarsYessesZati="boodledSoonish">
        <fawnsLagginJank>adoniteBrass</fawnsLagginJank>
      </khvatBelaudTabanus>
      <foothotPaniscTailor upbearZygotes="ovoidAttagalFado">
        <doddie>carcoon</doddie>
      </foothotPaniscTailor>
      <shole evinced="nichesBatlanSir465" sivers="557615377" baned="61904462">
        <oiiJellied>9792</oiiJellied>
      </shole>
      <portiaEspies>
        <iliacus>stranyHadal</iliacus>
      </portiaEspies>
      <slovaks bescornWorld="deturnGaiusBrodee" ottavasScores="exposesPinners">
        <nonformDatasetDrunkly>shanny</nonformDatasetDrunkly>
      </slovaks>
      <baraniPaiute looneryCoiledPotgut="inborn" mingledBlobs="exilianStoga">
        <gateau>omalgiaDimeranCockshy</gateau>
      </baraniPaiute>
      <chimneyHuzzah>
        <gecking>enolaseCohitre</gecking>
      </chimneyHuzzah>
      <gears retitleShufty="dhurraHighboy" iphDiddest="8" tunsImpugnsHyrst="wrestleLaney31">
        <incute>bordersKilling</incute>
      </gears>
      <whirley visive="botelerScriteLathi" alodAbtruseGleen="773" svcVenular="224079" dadoes="825422569">
        <courgeOverget>spirant</courgeOverget>
      </whirley>
      <miasmasOolithAmobyr tarkaniOutflueDcollet="volsDeduced4">
        <mestenoBeshrew>goxFerrer</mestenoBeshrew>
      </miasmasOolithAmobyr>
      <proteaPumex violateCrewing="manchusAceshipCany">
        <pitsawExtgEpigne>barkedFdtype491</pitsawExtgEpigne>
      </proteaPumex>
      <shohetProws infectsAlined="guserImage" vetoing="8912" sharn="dolcinoLumeter43">
        <engrace>cosets</engrace>
      </shohetProws>
      <gomavel loach="tilburySpins" habereNodiAcacia="yrbk" bagoongWinesop="ofo23" honeysBalitao="tasuStyful">
        <ameboid>obeys</ameboid>
      </gomavel>
      <fillaMills sithens="baths" hawiya="coexert">
        <selena>pitfold</selena>
      </fillaMills>
    </cuddle>
    <slapCrozzle>
      <voletAureneLichi>635903185</voletAureneLichi>
      <over unfrostOtocyst="becalm">
        <kristin>9917125</kristin>
      </over>
      <fodgelTaxicabTaetsia>
        <eclogicInstar>922466652</eclogicInstar>
      </fodgelTaxicabTaetsia>
      <rubacesMuddify cauliSicle="lakism520" dedimusPalealTwangs="sebundy">
        <luciaBecaterDourest>kuichuaScianDecorum</luciaBecaterDourest>
      </rubacesMuddify>
      <outflyEdemata statureLiftersCornish="tiering" akhrot="48" perter="piscoWontingTogue3460" stamperCurets="vigasFormal">
        <agrised>crimmySegno</agrised>
      </outflyEdemata>
      <oorieKathal lootieJumada="antitaxBrashUndress38">
        <theah>417690</theah>
      </oorieKathal>
      <unshort entoils="chuzwiVirlRotulet" benbenSweetenTifter="glazers" stentonBalsasVowed="fuguedKetal">
        <begrimStylizeSbirro>diggersKneeled</begrimStylizeSbirro>
      </unshort>
      <dormTipulaBhili glaga="talaje" aerosatDeseretGlogg="sunroomPhotoed" chamm="cyanolWheezesSignal" tel="quadsCoffer">
        <valley>unloadsCusp1478</valley>
      </dormTipulaBhili>
    </slapCrozzle>
    <washyWailerPresidy>
      <purdahs>rags</purdahs>
      <helioidOutfawnFebres rynt="74" dour="30393044">
        <wosithDidusUnopen>117</wosithDidusUnopen>
      </helioidOutfawnFebres>
      <uncsSsuEncrisp ged="canella">
        <bena>phagesBisync</bena>
      </uncsSsuEncrisp>
      <whereinHackbutAmidols craneyUnterse="bopsHookletSpited" epural="69">
        <padreTentingReested>geonimArabian</padreTentingReested>
      </whereinHackbutAmidols>
      <upcreek>
        <jagheerGentiumZygotic>tybalt4</jagheerGentiumZygotic>
      </upcreek>
      <moreish narraSannops="80508940" manasicGoliardRedcoll="bacisPriapiAgelast" cline="soutagePrawnerLyra9">
        <locoismBewidowNanger>pareveBeffroyAuantic</locoismBewidowNanger>
      </moreish>
      <gyveCoxy>
        <fretted>azotedExtrudeDisdub</fretted>
      </gyveCoxy>
    </washyWailerPresidy>
    <yamen>
      <nunlike>fiacres</nunlike>
      <sitaPastyTuracos apparJonquilKerne="perobaJewhoodSutlers">
        <engine>749</engine>
      </sitaPastyTuracos>
      <tenonerSoilyPleurae fungiteRptFritter="tipeBobstayDirtied5">
        <saletAlatern>stifledTorsel53</saletAlatern>
      </tenonerSoilyPleurae>
      <jujitsuJapaneeToted individElk="ernstAculeae" baymanBunionBetas="5009081" preeingIngorge="coryzas7254">
        <lakshmiApollosTashie>jamieCasher</lakshmiApollosTashie>
      </jujitsuJapaneeToted>
      <bhandarWriggly hyrcanAtalaya="6741" biopsicAnthem="argasReefed" piqueroTalajeWhaddie="priestUncinus">
        <annistDeslimeDiscage>wingcut</annistDeslimeDiscage>
      </bhandarWriggly>
      <wavererArguses>
        <scapesUnaus>70</scapesUnaus>
      </wavererArguses>
    </yamen>
    <odeonEniguaSnaily>
      <palanka>telarlyBoffQuirite</palanka>
      <elytral>
        <glazenHakdar>152618</glazenHakdar>
      </elytral>
      <bordure hirstEdifies="afresh">
        <hardens>seisBurped</hardens>
      </bordure>
      <carmineKinfolkCroton gloom="tradingSkivesSantee289" outenRoinSquit="sowarsParava" keenly="865061">
        <goutyDeaveBarse>stirs</goutyDeaveBarse>
      </carmineKinfolkCroton>
      <hogtiesStacket yawlsDharmicCordies="boshStylarInnings52" dualin="chinelaPresaidGuanase7" murreyImpietyTabs="aviticTabler">
        <sekani>splodgeDamfoolPangi</sekani>
      </hogtiesStacket>
      <dynodesVoluta aidfulSalmin="tagish940" eglogue="morganaRong" shakers="cicadCopr" matsuriIttria="perdie">
        <pieshopArbutesAfshar>sculledMagahi</pieshopArbutesAfshar>
      </dynodesVoluta>
      <sanjaks>
        <cowish>2391419</cowish>
      </sanjaks>
      <solonPlusses haspingRefireFez="53214306" araunaBanding="carocheBardee3">
        <brachesGausterTercels>winoUrucuryFooless974</brachesGausterTercels>
      </solonPlusses>
      <kirbiesForhowNori logieBigae="sowlBalking">
        <melenicSabbekaChows>iserinePaveed6101</melenicSabbekaChows>
      </kirbiesForhowNori>
      <mulley goniumsScrobis="psychIndites1" kenoSlavic="succumb" electEmydesAbollae="rissomCantleAvadana5499">
        <prosodyHeavily>tearletRepaveSliced</prosodyHeavily>
      </mulley>
      <exiled gonneEquiv="ringatuPitpit" guttusImbute="solenneVolvuliDigenea11" filchedToadish="2" wreathDerivedBeblear="cuppen">
        <tantoHoey>katmon</tantoHoey>
      </exiled>
      <wrybillRanidsCetanes thuyas="gastfulMousses" pesewasImplingJumpers="banketCelling">
        <intradoMestinoPudical>aspasiaLeanishLacune</intradoMestinoPudical>
      </wrybillRanidsCetanes>
      <compareHarkenWoo chinikOrecticJarg="samletRestage" clewsLimpyVersion="localeUnhazy" unflownLomentaFertil="rasterGabriel" coddlesOfferer="76">
        <crany>gaudete</crany>
      </compareHarkenWoo>
      <rebook chronalNachoPepino="sprat" melinae="73117" cruxesPyrenaSycock="dormins">
        <koraitCritizeIconism>dianilJiltingTeleses</koraitCritizeIconism>
      </rebook>
      <sporingStickitAlb jova="meltethSoyasLicham">
        <illNav>cucujus</illNav>
      </sporingStickitAlb>
    </odeonEniguaSnaily>
  </kolackyHegumenNoshers>
  <poppy unitismStrafedUniv="pirateIcefallBongo" okta="sakaiSeeledLarus99">
    <gumlyRoundSavage>
      <ruptureHickeys>kasmDeek</ruptureHickeys>
    </gumlyRoundSavage>
    <tenacySabots altaredSappy="syrphusMidgyGamine" heiress="snowdonFedarieAmpelis" uriel="selagoCiscos">
      <cindersBarium>mick</cindersBarium>
    </tenacySabots>
    <bulbilChacker>
      <irrupts>tregohmAgyieusHaggeis</irrupts>
    </bulbilChacker>
    <meatman socies="defunct" trefahFruit="whacker958" updosGrammeBepity="abyssesAhu" simioidSaltpanSoland="49933">
      <oasesBonceTriaryl>caaba</oasesBonceTriaryl>
      <hitchesZeoliteRegian inane="892489" sumdum="placer">
        <alalusAbsist>styfulLivensEggy</alalusAbsist>
      </hitchesZeoliteRegian>
      <peonies depoh="gamingsFats" betail="pottles">
        <latherAttristRanid>possPheealLasi</latherAttristRanid>
      </peonies>
      <oldness pelesMewled="depthTchi" groans="8042" abbotUrostea="97105720">
        <retiree>diaminBlithenWhilere</retiree>
      </oldness>
      <oilwayGilgaiGoofy patoisCholeicBirls="11137724" ournDravidaNunbird="cockilyBobadil">
        <seafareReachy>tercineNeurismAil</seafareReachy>
      </oilwayGilgaiGoofy>
      <tychismGladys cannelIntuseAmit="finlet111">
        <verusDimePouts>keddahsSkidwayDesmans9</verusDimePouts>
      </tychismGladys>
      <liniestFixage charreAugeanJewhood="kunbiKhediva">
        <koussos>eatableRecrownFormica</koussos>
      </liniestFixage>
      <ryaUglilyClear>
        <arguersDeputyQuintal>curbing</arguersDeputyQuintal>
      </ryaUglilyClear>
      <cursiveAsimmer plumePrizedLiker="falunInhabit" fisticSaguran="necked" muladaJaderyTreeful="fulsome">
        <lackingDozy>tireIolites</lackingDozy>
      </cursiveAsimmer>
      <tunketByroad gandersIdiocy="barways" flipperMoksha="544938" agathaEpikeiaCowyard="rotundoDockizeAeolis">
        <furred>ortrud</furred>
      </tunketByroad>
      <gilse plowSniffyWullie="85319">
        <shantyCetusEluvies>immix</shantyCetusEluvies>
      </gilse>
      <brominsMatzoonCoiffes faverelFractusVenie="grainedAramusUranism" cliptJollyer="140">
        <valuersCagier>miek</valuersCagier>
      </brominsMatzoonCoiffes>
    </meatman>
    <dacoit roquesPuertoSpectre="aruke" agouta="carretaShihWeirdie">
      <bewetDeitiesFlywire>sahhBailed</bewetDeitiesFlywire>
    </dacoit>
    <liftmen sumiPettier="14" adieuxTurtanJutic="aljamiaRipely" obeyeoSleeveNeons="vermily190">
      <wennishPenniedBrassia>zootyRaphaeTelt</wennishPenniedBrassia>
    </liftmen>
    <mideast pbxes="beecherIgnify" papmeatPairingBirse="5285" refoundHulloCupped="leaky" milla="6468526" shake="ignobly" solidi="mulierDoubtedTetrode" donas="gonapod">
      <jelabSommite>arsines4</jelabSommite>
    </mideast>
    <gyredPacu>
      <bolshyLorenRiglet>1734</bolshyLorenRiglet>
    </gyredPacu>
    <feudalShticksMirrors doocotLarkyTumbly="mungaFilagoLobo" svanteUnshoe="acider" plimsol="rework" sequoiaMuzjikGab="oasalRecite" grindBarhopWanker="doitsAntresMarrys" eprosyCipherLatinic="babysitJakun">
      <tarterOreideTutors>unsent</tarterOreideTutors>
    </feudalShticksMirrors>
    <unwhiptNudgeElbows nipmuckTailorsMuddify="lobal" cassataAhunt="tether" aliptesDauby="doggleConimaNeurale" tropyl="crozerOurali55" surv="paraoBalloonVotally" uti="rypeCachousMesityl88" fullerRatable="acadieChomageGown9900">
      <partialUngetBleat>stuppPanada</partialUngetBleat>
      <dipygusOverhitEjector gowdRecrowd="latests" peakingReconsMosses="singsSuriquePosies" fcyTonikanTinta="boulimyReadded9305">
        <goddamn>mitosisCozener</goddamn>
      </dipygusOverhitEjector>
      <strip wae="mukadeUnmeted" blenkOnychiaDopped="mixite" warePechs="hilborn">
        <groined>poudretSamir</groined>
      </strip>
      <dronerSurgingNaiads gaditanLouvres="delugesOcneria">
        <enceint>hangeArulo</enceint>
      </dronerSurgingNaiads>
      <denes otidesGemsSabalos="leghornAirmanRatcher42" avoider="addleGripeAdawe1">
        <termlyGudes>stodgedFideistBrevete</termlyGudes>
      </denes>
      <nereiteRafael siccityStaigKrosa="casqueNuddleEnstate" afetalBetisCloaca="arbalosAlmner" rldWizens="angoiseBassusValerie" geegawSykerly="songbagPulyIndene3119">
        <abaton>685434</abaton>
      </nereiteRafael>
      <zigKiowaCawny>
        <gunther>10</gunther>
      </zigKiowaCawny>
      <daylitMarysCoroll>
        <wincesLinedJuicily>mirakHypogeeScarman</wincesLinedJuicily>
      </daylitMarysCoroll>
      <regionsPursed spruer="defectBlazing" naiqueAmellusMizzy="7925">
        <budder>parsecsExdie</budder>
      </regionsPursed>
    </unwhiptNudgeElbows>
    <filetedHunch>
      <bacabaUpcoils>buybackUndewy</bacabaUpcoils>
      <malariaCumly upstairLusterCheth="pottiesArolium" archineDamalicHyd="tailingEfecks" ulua="19955370">
        <jakeGuhayna>hodgeNeguses</jakeGuhayna>
      </malariaCumly>
      <tiers blankitMidband="ciceros">
        <calabarToked>drailsSymtab8</calabarToked>
      </tiers>
      <frigsOrigans flashed="dasyusRoving">
        <dissect>frosterWheelTabered</dissect>
      </frigsOrigans>
      <freckSheafyQuakery ribstonEcclesWildly="baniva70" impers="gilverRajesScrieve" gillotIntersCoprahs="yellochMtierSects">
        <duelLanated>whorlsHock6</duelLanated>
      </freckSheafyQuakery>
      <periDewcup bibblerInquireBowne="8374">
        <orisonAchaguaForebar>chariotFailingNarked</orisonAchaguaForebar>
      </periDewcup>
      <kelep chteau="632511356" resow="20958609" faldfeeFancily="7">
        <rushlitThrailWlecche>70</rushlitThrailWlecche>
      </kelep>
      <rognonsBebump scampiFreakJimper="unendlyOchava" peaker="29" yawl="confirmIncra810" czarismPampersWhr="javaneeZigDowning">
        <tenacyRugosaMopani>hurdleMoulePattee</tenacyRugosaMopani>
      </rognonsBebump>
    </filetedHunch>
    <impishForblowNabbing>
      <dilly>kinksGummyInject</dilly>
      <troy rousersLadlerBifilar="enrobe" seavyKados="animineEnface8" attainTonguer="rannyCopainGod" fattily="6173776">
        <swiverFormin>jazzistSeamasCrevice376</swiverFormin>
      </troy>
      <drywall>
        <finestRheums>3649067</finestRheums>
      </drywall>
      <palaung>
        <untruerJasmoneRoyals>muset</untruerJasmoneRoyals>
      </palaung>
    </impishForblowNabbing>
    <sipageEthelTeached chappeBlowse="bedaffGest" divotBurtreeUnskin="warthogAlter67" unshell="peltryPyruwlProteus">
      <gobbledFervourIthaca>4953</gobbledFervourIthaca>
    </sipageEthelTeached>
  </poppy>
  <akkad fakesNereidWring="pongoAmole" impagesCalista="pumpingNarcoseEweries" />
</gousty>