<?xml version="1.0"?>
<pensive>
  <fayalGradinoZootoca bezoars="20716002" visoredBoomer="becrustCambogeInsurge" gallifyRachisOrnes="ryepeckUpsendsNosite" outroop="386651" />
  <mekiltaBhagat marsalaOnyxes="hawserPorns2" indulin="inquest" />
  <sharker tenons="azulineZymite" outfledFugato="50023222" />
  <detrayParadaEmlen sunroomMitered="blurtsGanof8" />
  <burlersStomach tonally="hogship">
    <gliskyIdlebyLyas encraalPilin="rewinds" combeForrardMasoola="7846" parring="crwthRollersPalank" tutin="alem" fitzMashyAskile="lawingsWoodrow8795" histingSpoiledFop="libertyDigenic">
      <stipedAlloxan>alginsBeleed</stipedAlloxan>
      <toughraMinicab>
        <seleAbaft>altaian77</seleAbaft>
      </toughraMinicab>
      <dimeterMolalaHametz entwistBehew="boonkFotched" aldime="tumbekiThiazinCowardy">
        <ajenjoDomed>exister</ajenjoDomed>
      </dimeterMolalaHametz>
      <grudgedDozenedLait>
        <culexErgBendays>stipesDition</culexErgBendays>
      </grudgedDozenedLait>
    </gliskyIdlebyLyas>
    <pinionGateageSapsago belili="turnpinTangile" dannock="encoil" thereat="juttyCollopsBesauce" kilobitScant="gesanPeulJetter" annuaryJobsAbend="ergalPitfall">
      <freesSchrankAzurous>twixtCheesyEcthyma</freesSchrankAzurous>
    </pinionGateageSapsago>
    <unfitlyBakuHerders sorrier="avastMerkin" finnocOathay="caamPushtu" sunbelt="cablesOrfgild">
      <titania>imbaseMugwortCory</titania>
      <unethicHider kenosEdeaUmbeled="orillon" crawler="kudus2" laicizeLeproma="421402">
        <almnersCaulkerBushet>mahesh4</almnersCaulkerBushet>
      </unethicHider>
      <beigeArtsyBally inchestMishipsDogie="squalmOilcans" santoSchellyBalant="daunTarpPythios86" brashy="psalmed" okaying="cabasPyrrolPuds">
        <quohog>airiest</quohog>
      </beigeArtsyBally>
      <facadedFezzes twistsMortonAtonia="lowes" amatitoRenwick="86401956">
        <kinboteWedelnsSensate>jocoque</kinboteWedelnsSensate>
      </facadedFezzes>
      <lairage cir="8387" hamuli="gedacktAitsHart42">
        <getsulShilly>tapsmanBomosArbust</getsulShilly>
      </lairage>
      <enactExonian balloen="343531" eesome="scoters" barecaWitworm="sloydSuidae" peponid="155055674">
        <pallionMaracanProbeer>wallopsVausOutglow</pallionMaracanProbeer>
      </enactExonian>
    </unfitlyBakuHerders>
    <refits>
      <bebog>acopic</bebog>
      <strove>
        <slipwayBushelsKiwanis>agrin423</slipwayBushelsKiwanis>
      </strove>
      <icefall gneissyZaniahOffsets="eboniteHangups" noonDecides="fallerShamerPastor" purreicSpaningWayback="55341">
        <casusMumpDenver>donutApacheDibbuk</casusMumpDenver>
      </icefall>
      <mammeaRainoutSetback basan="dispopeButchaSeps" julid="1">
        <lurkingChimbePanhead>33</lurkingChimbePanhead>
      </mammeaRainoutSetback>
      <vailsBriner ruersCentena="warmups" foibleJazz="crudGingRach" scorn="cowish" copeiTalcked="randansWhereto">
        <pahleviOutbeam>earmark</pahleviOutbeam>
      </vailsBriner>
      <toba chummyCetic="nisusTrickleSteen" bacquetSkewer="scarpeRyotwarGawcey" doeEndentPlimsol="9109">
        <wienersBesped>unionChicot5</wienersBesped>
      </toba>
    </refits>
    <yairdFeatestPuttees>
      <probate>cellBourkhaNewgate</probate>
      <beltmenHupa gruelLens="vaccineBarrage">
        <clarify>haplessDerbiesLentner</clarify>
      </beltmenHupa>
      <silleryResentDryers tarkaniChef="hubbobSliteBootes" tense="willsMordTonier" incipitAlbireoBowers="toyKoolah" oversup="jordanTradingCedar1">
        <toluUngaudyMuladi>slackenShog</toluUngaudyMuladi>
      </silleryResentDryers>
      <kermesEthaneMal>
        <parsonBotfly>gnarred</parsonBotfly>
      </kermesEthaneMal>
      <chelemClimantCanopic gablesProbity="spleensSabina" exurbanClinidPhallin="rankedWhigs1088">
        <sludLerotBound>toluylHogwash</sludLerotBound>
      </chelemClimantCanopic>
      <bacciesCanids joltingCloes="skulksXiphura" akmiteChapper="seggars" amoyese="erredPopples">
        <tacklerDarenPips>dartFaresIridite</tacklerDarenPips>
      </bacciesCanids>
      <eirackScalfe pesahGowdyFluids="timothyBewrapFormly" fantasyComet="wigful">
        <obispoChiros>goldarnAnguloaCringe</obispoChiros>
      </eirackScalfe>
      <deignsButFameuse dewataTatterGoop="powderyHeddlerFurud" desmidsHexoses="uriAdducedUnwived" druids="arisingSuberinGagging">
        <slank>infightHorralCarpers</slank>
      </deignsButFameuse>
      <lamestToroth goyim="hugeIkhwanPolers" cameoPoppies="11">
        <aurumLakiest>cohunePlanumPalped</aurumLakiest>
      </lamestToroth>
      <argleKines aplenty="48" whinersTamaroaKytes="link">
        <wearsSpanish>dioxinHexosesHausse</wearsSpanish>
      </argleKines>
      <unbuiltCanaliEnnuyee testoon="strowSmuseTailors918" upkeepFinisPaup="miseats" tilbury="worldyOutedPursued" muse="grufflySense">
        <sobbersJadderTugs>154407572</sobbersJadderTugs>
      </unbuiltCanaliEnnuyee>
    </yairdFeatestPuttees>
    <hoeful jeweledFinkLerwa="9">
      <pimplesCurbashHikers>zongora</pimplesCurbashHikers>
    </hoeful>
    <reslayLoselHearsed cholosKamias="dusted7080" headful="scaladeCapsidHagden" aroid="hank">
      <pirayasElderManet>280189</pirayasElderManet>
    </reslayLoselHearsed>
    <ord clashedNulled="gradeOrdosChokeys" dhamanSparple="haemalCotoxo" begBaidak="amalDomal">
      <ousiaPaized>baggie4230</ousiaPaized>
      <geikiaSabatonIcework vernierExeat="modena" skulks="walletAlfakiScamper" dubber="klippenMoldingBunga" serviteLintAcus="hydrusTeest">
        <westme>feasted1</westme>
      </geikiaSabatonIcework>
      <leglenOutswamFierier colibri="parianIfree" lollyTerretCozie="acaudal" domneiAspasia="839442534" neptuneAor="troughsWashupAnger">
        <humeral>mightyKeyletPartly</humeral>
      </leglenOutswamFierier>
      <tronkAcedJacko hermit="60010836" quillonMather="hotchSpaddleAlane" missung="athymicFei" alcovedCrubCitron="wrafQuirkyMoneran">
        <ranjit>grousyLangue</ranjit>
      </tronkAcedJacko>
      <natlSilicon versusGloves="crevetTrigonsHells9" zoilist="abaticPotfulsArrays7772" besonioCalcino="paragonTrinaSporing">
        <asciteTrendy>859218755</asciteTrendy>
      </natlSilicon>
      <orchisWantagePfg studier="hesped">
        <layfolkSaivismTriuris>unfreed</layfolkSaivismTriuris>
      </orchisWantagePfg>
    </ord>
    <dangsUsentTobymen>
      <sampLobosTrysted>66798</sampLobosTrysted>
      <semifyTheet deitiesHorol="32" ruble="untipsyReichBooger6" taintedTyredBobcats="sandeepGyrose2738">
        <champer>psycheGconv</champer>
      </semifyTheet>
      <inbornGoosKolkhoz vectionWirerReamass="momeLayia58" expelsJokier="benzilLobelia" fixated="busy218">
        <catlineCakes>1805</catlineCakes>
      </inbornGoosKolkhoz>
      <piggyBryanTuxedos ionizeViand="pinkoesBagmanOime5646" lith="talliesToluidDaphnin">
        <stroldLatent>bergy</stroldLatent>
      </piggyBryanTuxedos>
    </dangsUsentTobymen>
    <pactum>
      <melasFimbles>cayucoDaltGlenn</melasFimbles>
      <bummest spinateNullSaimiri="reimplyPeoplet" histieRetinicYodhs="glitnirWhitmanTom" sluice="lucidly" expleesJiltishResized="copycat">
        <greylagBuirdlyPaas>deals</greylagBuirdlyPaas>
      </bummest>
    </pactum>
    <astaOliver>
      <pupates>rideAzygote</pupates>
    </astaOliver>
    <tapettaTennisyInviter>
      <yearock>gobletsCarpel</yearock>
    </tapettaTennisyInviter>
    <miaower>
      <fent>shellerLinensBehoove</fent>
      <oxymelTrapish podalKyakVisayan="alackSuicismVitrean" rattansAplome="apices" dasyure="hostile">
        <markka>810363</markka>
      </oxymelTrapish>
      <rakhalOutplayCantish>
        <nephricFugara>retare42</nephricFugara>
      </rakhalOutplayCantish>
      <orthron>
        <vauntTrysted>tawneys</vauntTrysted>
      </orthron>
    </miaower>
    <sludgedBatheAccerse>
      <ringingManbird>acquireCovin</ringingManbird>
    </sludgedBatheAccerse>
    <hylismGreen>
      <nuzzlerYarkandSwivels>caruageFraunchTewa</nuzzlerYarkandSwivels>
    </hylismGreen>
    <primarUnmoralGoolah slamNargil="forcepsGantVerset" releivoSaddens="coils" deeSkibbetThirst="lessee" pimelicDates="crested" atuneCashouUnwind="dandisBarksRescale" tapetalRechaosGenty="170688" sidi="fondledRondels">
      <leef>mutatisPortail31</leef>
      <acumensDentistLoghead achen="81267" latitatRebob="gonapodHoised" fontal="298650">
        <mesivtaErucicUnsight>mohalimHammals68</mesivtaErucicUnsight>
      </acumensDentistLoghead>
      <cintreBroilsNauseam mythos="poisson" ceruseBanglesIxtle="swornWornilOculus">
        <grapierRematch>housingIntrunkJanitor4</grapierRematch>
      </cintreBroilsNauseam>
      <uproar enaticWishfulPunlet="albataPlafondAsking">
        <tenthlySannop>7227876</tenthlySannop>
      </uproar>
      <lives tammock="tripotLiggat" conusesAxiateFort="salamatDecamp" acreDimatisCacana="filtersJufferArdito424" illth="guisedAsklent">
        <vengesBrock>duelersEscheatWitchy</vengesBrock>
      </lives>
      <pingingFoneAblude tweakCoblesParify="jactus">
        <sciotLepricWelf>braises</sciotLepricWelf>
      </pingingFoneAblude>
      <phone limitLoafletSwoons="hanting" foldyResiner="bummlePapayasBarbed" wappetBoozilySylph="dims21" idism="11447">
        <pratapIsomera>nymphly</pratapIsomera>
      </phone>
      <bothFlukeKurgan muckedHandarmPomaded="shrogsTassahLogans" humificTeleost="zoneGiraffa" adagy="spute" mutiveBacksey="dight7923">
        <naviesTonna>unornlyMuslimsThae4</naviesTonna>
      </bothFlukeKurgan>
      <almightReeject venulaNathanVainful="splite" sinamayOuterlyHogward="excur" rakisLedgy="vilela799" kayanOxbow="63007564">
        <roilNoshingPandura>squirkBugsSwangy</roilNoshingPandura>
      </almightReeject>
      <grieveTapperMistily uplyingDryer="golpEnterVicki">
        <abusedPissesBalt>azores</abusedPissesBalt>
      </grieveTapperMistily>
      <vizsla curioDeorsum="pillow" elechi="cocopan99" isotach="crusilePapaws">
        <gonophRibbierFoldy>perfin</gonophRibbierFoldy>
      </vizsla>
      <jarlsTellima holidayCardita="kipchak" tackledClavel="certis" marking="settledRostra" gresShearerEclairs="hainCoueRemaim">
        <levaItacistSaloops>gimpsRind</levaItacistSaloops>
      </jarlsTellima>
      <stogieOwl>
        <sklater>boomdasStachys</sklater>
      </stogieOwl>
      <blithen singfo="zabti" medicalConte="emceeIntlHaemic98" encrown="768795377">
        <cabret>34</cabret>
      </blithen>
      <hippiDobos chitted="cacaGuianaUrachal">
        <migrantBurkAskaris>besmileOralsSuguaro</migrantBurkAskaris>
      </hippiDobos>
    </primarUnmoralGoolah>
    <aniliidScragCustard>
      <ros>sloths</ros>
    </aniliidScragCustard>
    <platicTouched narcos="4382589" mochelIachimoImagism="hirsle" boodieUnbends="109" hellboxFuffitNuchale="7468" vassarCrocutaWiggism="ancones">
      <dimeterStickum>vincent</dimeterStickum>
      <henhawk yahTeamed="gastsLowdown" shintai="teererHondoLookers" sabaistCupreinFevers="nonmenAvital" dumpage="2">
        <unwooedKetimid>spuddy</unwooedKetimid>
      </henhawk>
      <mauves spoking="932952" tendoUntristProject="paviserGlint">
        <pummice>mezcal</pummice>
      </mauves>
      <autocueLazars turbo="wurleyTesla">
        <ugliDicingCalmant>200740790</ugliDicingCalmant>
      </autocueLazars>
      <kamika aureateKeloids="ferretyRowlockSkimped">
        <zymominTorch>usitateKingpinLure</zymominTorch>
      </kamika>
      <ruckedKris dave="limber210">
        <poredBrushed>befilch</poredBrushed>
      </ruckedKris>
      <heminaFilius shice="amictusMiauledKibe" nitrid="stealer" operand="sinStarter">
        <gropingPhilic>bunnUsagerYapp</gropingPhilic>
      </heminaFilius>
      <etnean>
        <laude>mautsCiseaux</laude>
      </etnean>
      <doyst>
        <metolCurchef>lappageOtomi</metolCurchef>
      </doyst>
    </platicTouched>
    <pulsateBusbiesCrimps vielleFinewTwangy="48" wilmerBeheadBagroom="umbreYaba336" aflatus="deplaceSalp66">
      <illudeGalluot>waukTanseyMushily</illudeGalluot>
      <chital>
        <ejurateUnproudCreeker>snakingFastiMayten</ejurateUnproudCreeker>
      </chital>
      <bhowaniSwobberPlatty ary="lessees">
        <boldin>lianesPiddlesGoutily</boldin>
      </bhowaniSwobberPlatty>
      <photsCsardas>
        <lituateFell>gritCestus</lituateFell>
      </photsCsardas>
      <beam niaisDuelledCattail="revomit">
        <hail>super</hail>
      </beam>
      <enwriteZipDecares scolionFurlaneHedgers="7" lioncelPropio="buttersFounded" thetisWaysDerby="wastriePendsRara">
        <sonicaCarf>chinelaAnmiaEssex</sonicaCarf>
      </enwriteZipDecares>
      <cochin>
        <winces>talbot</winces>
      </cochin>
      <sallBavian hexadsAbir="webwormSichtBeelike">
        <soilSomaten>bootieKinkingTottle</soilSomaten>
      </sallBavian>
      <fondlyVenustyPar dariusAliformCamuses="resolesHairstWowing" duffed="clownCamakaShooed3">
        <mottsOotids>ingots</mottsOotids>
      </fondlyVenustyPar>
      <ruachAlodia eloniteRuffler="sinceToustCive">
        <ingross>2382716</ingross>
      </ruachAlodia>
    </pulsateBusbiesCrimps>
    <midbandLibraeMarkkas signingOutseesGenear="mislayFiresRekiss" cenizo="vat" neil="popdock">
      <strass>56435</strass>
      <eryopsSeringJellico punkestAvowter="ternletAcystiaQto" recordChromasIter="talkee">
        <packed>4312112</packed>
      </eryopsSeringJellico>
      <glaireGladden yolkierHyrcanTaffy="pluvianLarkerCatasta" seemedBemourn="frogbit" callboy="9647849" zipXylonic="4648592">
        <somber>pilfreDemarchKinked</somber>
      </glaireGladden>
      <perterSambasStokvis soudansEspleesMisbrew="terrineBatherHasid6517" layers="kuvera7525" avertsUnshakyDecoyed="niduli379">
        <psalms>ecuelleUranitePudiano</psalms>
      </perterSambasStokvis>
      <kakapoHelmageToads vacuistShuteye="sanify" saeimaTweeterAmuzzle="foujdar" quedly="wirl">
        <chaldee>tamureFactoAlate</chaldee>
      </kakapoHelmageToads>
      <taringTarrify muscatsFeatlyGozzan="slows" curiousJarlite="castingPouffsJokey" backoff="arentCruce" violetyGaupMarquis="holderAntijam">
        <cordon>junk</cordon>
      </taringTarrify>
    </midbandLibraeMarkkas>
  </burlersStomach>
  <hemapod wrabillFucused="21" demurerCronies="amateTentureEmgalla" calanidLarva="zebub" />
  <sarsen ulexDropsBoundly="bodedUnswear69" creepsFlatsAmli="72991946" toodle="hillockMashRana7" baptism="25">
    <hadboteWhop caproin="840" pumaSloggerMenacme="phizAbuna" pionSquaryRicins="3">
      <genipaAhong>dern</genipaAhong>
    </hadboteWhop>
    <piroghiGradsAlcae>
      <asokaHoover>605136732</asokaHoover>
      <balchePontus mondsee="tokayDeductLobolo" anatron="comrade" arenas="rigoleBenumbs" barid="3946282">
        <recdValses>zaniesStubsBragite</recdValses>
      </balchePontus>
      <begazedExiteCallais epitela="sardoin" opposalAweing="formed" jawlike="uniparaParisis" pepFulah="5665894">
        <ingeneGrantor>221080</ingeneGrantor>
      </begazedExiteCallais>
      <abandonPaiock>
        <kaviVisit>cerreroRhatanySmudder</kaviVisit>
      </abandonPaiock>
      <exactlySummist>
        <ddnameDerangeOkapia>fally</ddnameDerangeOkapia>
      </exactlySummist>
      <inchant clumperLongrun="aitchesPuleJangler41" wirbleInermes="babuismFaitRealize" deforce="4" eumenesOxherd="12251">
        <girny>armsfulSherifaVoeten</girny>
      </inchant>
      <frogbitGaetuli epactsBenzoxyCheet="peptidEmbowel">
        <groomWryestBaalist>5235</groomWryestBaalist>
      </frogbitGaetuli>
      <acinaryPolerUmbo balatasVestMucin="scabbyFirkins" mohismAplanatTaming="pinhead">
        <caup>plashed</caup>
      </acinaryPolerUmbo>
      <groupMedishMyotomy rebec="mellowyGoalie2" kiho="dyphone53" enwisenFlingy="837">
        <summary>belgianZionismBlinked</summary>
      </groupMedishMyotomy>
      <cowhideBatta sheikByssal="moluccaWodgeInfamed" foetorsCornixSivvens="tuckChaule" unwigMoseysNippily="hermaeArango" untime="disposeChaui6154">
        <gimpingSoigneeTempehs>duelloBetone</gimpingSoigneeTempehs>
      </cowhideBatta>
      <skeinSloydsMobster deeTimistPotate="teleranRotang">
        <aramids>wrapsAnhangKeening</aramids>
      </skeinSloydsMobster>
      <applaudCill oakwoodTimorNonylic="82978" subpartTattler="puntistKhakisKerel" unrashDacesPigface="sylvageSoggilyAtabek5" eyefulOverestOrejon="tabooed">
        <isatidReesle>lobularMilsDaunch</isatidReesle>
      </applaudCill>
      <dungerHechtLamprel>
        <ligandsEtenResiny>juicingUntumidRio</ligandsEtenResiny>
      </dungerHechtLamprel>
      <fixatifUsine chagrin="whort" ennuye="96">
        <kirksAsinineBattens>lettiga</kirksAsinineBattens>
      </fixatifUsine>
    </piroghiGradsAlcae>
    <guaicanTypica terzinaSayable="mixesCharpitWorkshy">
      <lavecheSpoliumLikings>redeemHarbors</lavecheSpoliumLikings>
    </guaicanTypica>
    <decafidBabrootPalais>
      <urnfulRubible>90740907</urnfulRubible>
    </decafidBabrootPalais>
    <moleismEnfiefMatster acreak="incideJargle" testaePraiser="comby" trawlPinenes="2991">
      <frappesCoamingReparel>artabe</frappesCoamingReparel>
    </moleismEnfiefMatster>
    <gitalin>
      <ererNonskedDadaist>macacusStromalCumbent</ererNonskedDadaist>
      <israeli>
        <violistGalenicRecoct>cojuror3</violistGalenicRecoct>
      </israeli>
      <caftans slunk="lay" ogtiern="cainginHurrianSinter">
        <theurgy>masoola</theurgy>
      </caftans>
      <chastySlaitScale zemeism="hamaulVyrnwyReads" baisterSnubsFurnit="ixodicThwart">
        <fluxureCrackyEntente>coca</fluxureCrackyEntente>
      </chastySlaitScale>
      <outenSaporSercom reopensGloms="tocomeHoise" stogTinges="chidingTheticAnthela">
        <zumaticDeadishMaoris>isoporPoralSisal</zumaticDeadishMaoris>
      </outenSaporSercom>
      <amassesLures marxistEctallyBuriels="seralHaulerJamdani" horoutaLizardsQuicked="818">
        <temperaLitvakJorum>raphiaClaughtHabus34</temperaLitvakJorum>
      </amassesLures>
      <ofthinkBestockDonar foullyServing="layoutKnits5" impure="citternTaperSkuas">
        <goodbys>pintail</goodbys>
      </ofthinkBestockDonar>
      <damaskBusbiesLoe luckful="derms">
        <cupulaeErthly>cymeMalaccaKarite</cupulaeErthly>
      </damaskBusbiesLoe>
      <eupathyUramido woolieAbstortHarbi="midline" smirkyRemorid="ketenesAlleleArrame">
        <myocoelLogwoodWarmus>neer61</myocoelLogwoodWarmus>
      </eupathyUramido>
      <besayleMystify>
        <faucesBrood>13</faucesBrood>
      </besayleMystify>
      <lampf albireo="zincyTubae" lenderSmut="fareAvis" muffinsBelahRambo="riglingBolitaBoil805">
        <ketwaySkeough>bigha</ketwaySkeough>
      </lampf>
    </gitalin>
    <corounMiswireAcme>
      <veryCrambe>borshtBelder</veryCrambe>
      <coblesWinter whinedEmbryoYaupers="mennom" aligned="heezesDiddest">
        <marciaGummite>doweredWalkene</marciaGummite>
      </coblesWinter>
      <diazo nudgedCurledWryer="panocha" upalleySticked="unsameTriform4848" echucaLampistTawed="airflowBundler" fosse="62">
        <epil>coupureCamaronMaguey</epil>
      </diazo>
      <inmateBehovesVerbate>
        <bossdomLocoedUnode>97</bossdomLocoedUnode>
      </inmateBehovesVerbate>
      <molimen>
        <wispier>unshadyRewoundChicha</wispier>
      </molimen>
      <shunnerTimon nereisKursaalHillel="candroyReedily" shirleyCoreyImagery="rotta" instoreTucketLopper="dollarsProsperManada">
        <wifeVisierYabu>venite</wifeVisierYabu>
      </shunnerTimon>
      <spartleYoup semnae="wherebyAbohmsQuare361" oliosByssalPotomac="schlockWhiny1" consarn="kilubaStetsSuppl">
        <pakawan>duetto1411</pakawan>
      </spartleYoup>
      <expanseDjebelShilf>
        <lightlyAccentHumean>winrowComitalAlbatas</lightlyAccentHumean>
      </expanseDjebelShilf>
      <grano salty="rattlesFreelyPatonce" debellSagapen="74602611" petrieSolertAugurs="pyrola">
        <asyleRelostAshram>cupheadLoppardRemodel360</asyleRelostAshram>
      </grano>
      <avail shivsTiptilt="tineman" oaredFaunula="urbane" dacrya="ellfishCorymb">
        <alengeForelayFuddle>akhoond</alengeForelayFuddle>
      </avail>
    </corounMiswireAcme>
    <murvaPsywar caon="barkle" antiquaConnie="durain5885">
      <panpipe>tullian220</panpipe>
    </murvaPsywar>
    <grantsRetakerChappie oilersScalesBurgles="unramSiressGutnic" mindelShivvy="gyrousUneated" jinkerBisk="sadists" afritTmema="tanseyYagersCiters98" taghlik="bugalaConcisePrelims" risqu="cynaraLairdlyMudrock" dengueEntteSpokan="atoneGuttled">
      <bere>cleek19</bere>
      <amharic>
        <gullsDecator>dataSmashes</gullsDecator>
      </amharic>
      <coops riptideAirns="hattie6" azotateBibbled="parangsNybbleFuril" hunnicFeuarAlexis="scautHypoxic40">
        <strettoAnalystUnreels>injunTelical</strettoAnalystUnreels>
      </coops>
      <yanan furzes="encreelMotorStreke" domUrinateEtacist="1842" piddle="unairedRotas" cavallyCotiseDerided="cerrial">
        <husky>9622605</husky>
      </yanan>
    </grantsRetakerChappie>
    <ischiac ivaOarsmanHyke="pickoffCalean3" dekleAdoxaCurb="drifterBatule87" gambetRemold="7" skreegh="lepusZarf">
      <vaagmer>phobicAxoid6</vaagmer>
    </ischiac>
    <nori>
      <wishful>canty</wishful>
    </nori>
    <portate>
      <inlardAmchoorMinster>53374375</inlardAmchoorMinster>
      <fidelis>
        <abbaBundtsHaff>sateMinster</abbaBundtsHaff>
      </fidelis>
    </portate>
    <aiwanAtePredict bimanaSileneBrawner="ropeway6" resow="sneezyKunkAns" foundryOdwyerOffscum="nordicHispidKaputt" adios="mcfTombolaSusu" untied="820317284" reprune="zeesRacloir" zakuska="49632">
      <unsooty>steinsFiords</unsooty>
    </aiwanAtePredict>
    <clinah>
      <agapai>thung</agapai>
      <frogsMohair ramaismIcarusTripot="amazeBursateSunni" majaBesot="897642" satins="mindOptimeOutwale" izumiLipids="oxids">
        <sememesJigglesUnrated>radulae</sememesJigglesUnrated>
      </frogsMohair>
      <orients ormolu="ruttleCanted">
        <elidesWristsNargile>polycotGuinfoDaises</elidesWristsNargile>
      </orients>
      <collaud youngs="bastedOutshowHealing43" capronBardee="10103" securerVolarEgypt="rimersDregDiciest" tossedDiableDowns="spigFurudGnarls">
        <lumensPutonsMaffia>376342271</lumensPutonsMaffia>
      </collaud>
      <cooreeFud daffierBeelinePhilip="backup" thwartsLeveVielle="porismsPerkySubaid" quaitsoSkelfSpinage="darkly" bowfinTrismicLousy="gentleRoselleVenins">
        <turkmenStaynilAeoline>592327975</turkmenStaynilAeoline>
      </cooreeFud>
      <saharaSclerae>
        <robbing>ducatsBagpod</robbing>
      </saharaSclerae>
      <posteen>
        <kinahWisenMixers>est</kinahWisenMixers>
      </posteen>
      <truncal hoopers="uvicMussierStealer" uprootsHidling="yabaArakeSkelly2542">
        <rabalCanganIxion>pangiRemueUsitate8269</rabalCanganIxion>
      </truncal>
      <uppoiseOater>
        <sabalAristos>guebucuNigrify</sabalAristos>
      </uppoiseOater>
      <mispay arrowsDisknow="adownApplierBenzo" sincere="treeingRachetGloats191" unbanePamelaHohe="cavishYaoort" preemieCereals="chalukaRavages">
        <ceriphsFlimsy>rulesStreePutback</ceriphsFlimsy>
      </mispay>
      <kermessMusnudGifting semens="wavira633" fulgidBlaugasAment="carafeFossedTaupes9" strany="158">
        <extollsPantie>whisky</extollsPantie>
      </kermessMusnudGifting>
      <ayesCamisiaHellman huddled="wishly" infund="osprey445" havenedAugrim="guyotsHyphen" slaterNowtherRekhti="corpseIncorSpretty">
        <muddlePakchoiRecaned>remanetGanevBerycid</muddlePakchoiRecaned>
      </ayesCamisiaHellman>
      <grugousChimbleRuttier awns="notatesMyatony">
        <embostNougats>wetly</embostNougats>
      </grugousChimbleRuttier>
      <hexagonBotfly fibsterPoetess="ophic">
        <tatchyLegendaScar>gulchRamseyGoutte</tatchyLegendaScar>
      </hexagonBotfly>
    </clinah>
    <tubifer>
      <eyasesBaguios>stummedMeltethMuumuu</eyasesBaguios>
      <alewifeSossMullets>
        <valewResighSoftens>zowieLeksFridges</valewResighSoftens>
      </alewifeSossMullets>
      <tonganTownies orwellTaratah="annist" marxismShe="20">
        <pelopidMoric>88</pelopidMoric>
      </tonganTownies>
      <auget>
        <hakeemEimer>clepedDieses</hakeemEimer>
      </auget>
      <ratherBarms recombsJanapum="drusedMeth" mobilAcnemia="dhourraNonactFaying" snipeEnlodge="tuffingInsets">
        <bodkenDungIsiacal>humaServist</bodkenDungIsiacal>
      </ratherBarms>
      <swearMutuel logeion="sthenicKoreciTheow27" cinterWee="redated93" pulsars="conderFest">
        <byworkScoutEnglad>roaderSikhAradid</byworkScoutEnglad>
      </swearMutuel>
    </tubifer>
    <templesMerlon theatLoring="militYodel6">
      <pupated>striftMamluks</pupated>
      <rgen ningle="britanyMalellaPax9441" rancerFlauntsAnomie="sphene">
        <dos>lettAppend8939</dos>
      </rgen>
      <balboaOrigin humbuzzIchebuGreens="outbawlFront" aneath="73817230" spaitCrunodeLobosa="purines" frenchyAcoreaRengue="569927">
        <fallace>genomic</fallace>
      </balboaOrigin>
      <kashimSashoon>
        <basked>unflown6</basked>
      </kashimSashoon>
      <dion gofers="unclogsUnrightAnimous7611">
        <impavid>joyrodeCanautRother9</impavid>
      </dion>
      <bettyBates nitersTennisMatcher="crapesDilutorFaucals" chafesDightTolyls="solonYakman" curdledMinus="tilda">
        <dogribTomtits>artamus5</dogribTomtits>
      </bettyBates>
      <invokesBlat numdahPurring="kitman" xyliteTweezerSpacer="diamidoReputed" covert="lingcodCarratWiving">
        <wergil>combGazaboPhasis</wergil>
      </invokesBlat>
      <hawkery malgrCivetsSciot="decideMadtomGthite9990" atypicMotoryDotal="outdrop">
        <bebops>106</bebops>
      </hawkery>
      <rakeesItemSaltine cowlike="bonkedSevierLusory" gibel="cotylarPestlesCresson">
        <quilted>custrel</quilted>
      </rakeesItemSaltine>
      <crawlerDivviesPassay repugnSeimas="jondlaKyriale" sensoLipicGonidia="unfaith" odessaAcluCendre="lawgive" nosed="57378109">
        <sportlySettles>debind</sportlySettles>
      </crawlerDivviesPassay>
      <unlistScolopsAvant pecketHoulet="def9" digneValentPungies="creel">
        <sausage>dromons</sausage>
      </unlistScolopsAvant>
      <fother>
        <staiderEbbetsUlidia>bugwortLaster</staiderEbbetsUlidia>
      </fother>
      <thairmStummelLancer guazuti="hartailBonzery457" ferterBreengeBoleros="caribal">
        <vomitusYaboo>skeippBelcher</vomitusYaboo>
      </thairmStummelLancer>
    </templesMerlon>
    <firca>
      <amamauLacery>dobEmpiresAmylan</amamauLacery>
      <hourly>
        <gallify>wlatfulTath</gallify>
      </hourly>
      <pleromaWeenty paeanFlambeWiretap="curingSibylic4" myrica="zeistCiscoesIntime" propriaAbigailMobsman="oglingZymome2661">
        <unapart>primCootchVisayan</unapart>
      </pleromaWeenty>
      <causson ordVenture="1">
        <frill>outsum</frill>
      </causson>
      <unchokeBedayUnsteek umbosWeliSikhism="moormen25" aldusBrevets="gully57">
        <colphegMarkkaa>lemansJuvVastus</colphegMarkkaa>
      </unchokeBedayUnsteek>
      <deinkUnfondSooter>
        <tangsRemora>navajoLeadoff</tangsRemora>
      </deinkUnfondSooter>
      <hyracid feroniaStid="sinusBeldamHudson" etheriaMod="cabotBlanketBaboo" pausingEnmoss="sylvan" closEntropy="bubbyPombeSunyie">
        <teamsDrawoffOximes>licca</teamsDrawoffOximes>
      </hyracid>
      <surerEphydra janglesMoroseHarris="medleysChancelSpewers69" violinoSagapenShiko="deforsePinales" carted="ahomHolksPurda" medeolaDuntleTabers="lune759">
        <taggingAgatoid>639316746</taggingAgatoid>
      </surerEphydra>
      <eclair>
        <zythemBrecciaMedici>sclater599</zythemBrecciaMedici>
      </eclair>
      <forgieSaucedDills basnatViseingVainful="926208" trippetHumpiesPurist="ipecacDicedWafters" keaLatrant="orchard" antiqua="klavernAntigen">
        <nautherGorhenPremade>ploutStooked</nautherGorhenPremade>
      </forgieSaucedDills>
      <thumps donaxOzoneOuroub="27563097" invert="dumpageHomagedSithen" bkptValerin="misweenAcerCreches">
        <smiledKroonSinite>hydridsYuckedCracks</smiledKroonSinite>
      </thumps>
      <agoneMucigenStylite trachea="obtainsPurvoeSparch19" antship="shope85" victual="creeksCadoukBubalis156">
        <bebossAmbaris>debacleRunoverWafery</bebossAmbaris>
      </agoneMucigenStylite>
      <subcitySupplerEyess yeldLabaria="fundsTiers">
        <chukkerHippest>waheheSperageSudamen</chukkerHippest>
      </subcitySupplerEyess>
    </firca>
    <pencil bakings="inogliaHuari" headsetCesurae="fidelisKentle72" flodgeSpouts="trizoic" dicksTrankyFlear="glandsBringTaggers">
      <skyhookCentrev>biferLewieAccupy</skyhookCentrev>
    </pencil>
    <seroot preeing="provand" jereCum="suaharo" spetKrepi="wardageJasperyBatster">
      <scorserLefts>picoryHoopersTotyman</scorserLefts>
      <ayreQuoties saucersAneuriaDamone="blazersXenonsSecondi" evirato="154">
        <hempen>misteryYakonanSensor</hempen>
      </ayreQuoties>
      <couponsTetard bevy="aisPartim" clunkFinFasten="93815273" waar="sorgoCitersKorun">
        <derfJaconetSemoule>shinierSisithAwarder83</derfJaconetSemoule>
      </couponsTetard>
      <blowzedSnopMalars domba="bemealTorsileJos" sceneSchwaSmaller="merdNit">
        <deprestLeif>34</deprestLeif>
      </blowzedSnopMalars>
      <roubleFirlot almuces="4416" vaporyProre="hanifEspadonHonor" segouContoidCurple="eratDrove">
        <nettierHopples>lootingEauFunfair</nettierHopples>
      </roubleFirlot>
      <offerSlaWalty wagogo="grenada" torpentKeetKoppen="390">
        <dollopsSambul>medeaCubebsTuyer</dollopsSambul>
      </offerSlaWalty>
      <lambaleCheaplyHayne loury="508734291" dizainDoddleMedusan="5790924">
        <qintarsRandemRapido>salayTrusser</qintarsRandemRapido>
      </lambaleCheaplyHayne>
      <overbuyNeedhamBequote oraria="bedlikeCuskAugust9079">
        <roofmanGarbs>esrog71</roofmanGarbs>
      </overbuyNeedhamBequote>
      <vatClocher typo="hoofyFiqh" guydom="dinnedRazersGulaman" anovaWankChamar="gonitis" oscinAimful="lantumSauldPinked6244">
        <runoffsBugi>yentesSpelled</runoffsBugi>
      </vatClocher>
      <linins engild="2180779" fardageChego="euchite" artiste="spasAttacco">
        <yarwhip>cubane</yarwhip>
      </linins>
      <sash pylarGamebag="noshedBalu85" lienicPanisicLawines="irohaEnforth428" aquinas="loriusBuccina">
        <anisadoPlantal>niminy</anisadoPlantal>
      </sash>
      <fylfots sotweedWadisDissour="tutorly" accede="saxtenEuphemyStarker39" ladron="469584351">
        <dichterSunlessBowsman>tumble</dichterSunlessBowsman>
      </fylfots>
      <globoidEnvies boatfulSanctus="petkins5161" ebriousTraclia="pauncheJohnnie" expiateCauls="irishlyArgulusBiking6">
        <elonImmoralSentine>spinors844</elonImmoralSentine>
      </globoidEnvies>
    </seroot>
    <ensate>
      <introfyWarrenCate>metages31</introfyWarrenCate>
    </ensate>
    <ouzeSemiraw fannon="uppings" distnTonousOdyl="unstowPetuneBreme" brisureSowfootAbuser="53" nested="bizonalTheseanSignet" trishawChenet="27">
      <numdaRectorAcarina>swalerMuscoid4</numdaRectorAcarina>
      <lewingSortes outroot="7481" mappyStewyCanopus="lulus" ningHaloidsTubuli="566" maileAdored="centredMogging">
        <weanel>rudas</weanel>
      </lewingSortes>
      <syrphusHanover apathia="bluestYutuKeenly" thiamidPacota="drattedKillese" portateGuayaboWhiskin="wallowsDextrer" sabreur="9">
        <mestesoCavea>azotes</mestesoCavea>
      </syrphusHanover>
      <arguesNylonPhasor girds="woufPixesCarnage" tierceMidgy="bockey">
        <millsSperageEffare>marshsMegohms</millsSperageEffare>
      </arguesNylonPhasor>
      <witanPricier>
        <fibraTinkleTickets>skieppeSlavian</fibraTinkleTickets>
      </witanPricier>
      <scyth determa="versateMundal" trokes="314245059">
        <unhandySpies>farcyAgacantCoxa</unhandySpies>
      </scyth>
      <bawkeLeoneAsmile enticeTitters="rattyPull" valeurElopes="pore" linelet="chorialPainchBpt5790">
        <lerEsopgiBleb>boozier</lerEsopgiBleb>
      </bawkeLeoneAsmile>
      <dibbuksHawknutSequest bumbaze="locatorReetle" eugenyCakey="donaCaoba" logchipThuggeeMisbear="welshySkiviesKarstic5">
        <piccageChinlesKines>752865739</piccageChinlesKines>
      </dibbuksHawknutSequest>
      <tagetesBedewSlurred wickyClubby="encoredAudadEtacism" deposit="chapahSotweedAgonise">
        <likinMinyDiosmin>pillerUracilWomans</likinMinyDiosmin>
      </tagetesBedewSlurred>
      <timaua newels="nervingBillsLesche" pebblyAbsinth="paned" mussack="6286412" mudbankBrowisDroll="annetteBauchle">
        <sisalsSkirtsShyer>setoutVulgateLeck</sisalsSkirtsShyer>
      </timaua>
    </ouzeSemiraw>
    <debutsLunata piteous="jessantMatrice" exchFigoMedia="puna" verstsTuwi="pouffesEpizoic">
      <covite>thilly</covite>
    </debutsLunata>
    <whereisWath ouvrage="20126">
      <cdrSturkHotmelt>607</cdrSturkHotmelt>
      <topsidePeaches geebongDanaglaWaspier="choiakArdrighLoader">
        <alienly>rudders</alienly>
      </topsidePeaches>
      <smugBeep bunnia="murexes">
        <tinter>cammedMadhvaUnwan92</tinter>
      </smugBeep>
      <gidjeeMullockBoatman spiledReadsDevotee="7751706" veronal="reavowsAmoraSpudboy54" lauding="ultimeWroke" swerd="shevel5">
        <tidleyMuguet>inwardGersum</tidleyMuguet>
      </gidjeeMullockBoatman>
      <susan prismed="7021877" sighsHowsour="abridgeSavineRoit" juniorsLemuel="redawnKnopsDipnoid">
        <carlingTrizone>realgarCalvishDrowner7</carlingTrizone>
      </susan>
      <acidify dalteenLoulu="bayalScanned" larariaAimsDojos="cutletCroiikWronger">
        <sumosChimed>horoutaCojones</sumosChimed>
      </acidify>
      <flickTheriacBeylik>
        <outrageDamps>oxyphil7136</outrageDamps>
      </flickTheriacBeylik>
      <kinaHow hotheadChelasEpodic="culter">
        <ferFlyoff>sekereCyathiaLymnaea</ferFlyoff>
      </kinaHow>
      <dismissCasebox radarNascapi="podlikeSolidi" altaredSvelteClacker="scrapedRenames" crochet="limneryDeities">
        <cupolarAnytime>untrist339</cupolarAnytime>
      </dismissCasebox>
      <gaddersRecall massageSeltzerBund="encarpaSeringa" needfulHemmedDoctors="anymore">
        <residerMidgetyAcid>50</residerMidgetyAcid>
      </gaddersRecall>
      <scrathSlaveysWanting plying="8461259" sarkit="skeinedJural" octylsProheim="axelsProcarpMikvoth" digammaMyel="unmeekPlassonSkevish">
        <palasLeadman>1053</palasLeadman>
      </scrathSlaveysWanting>
      <tastilyTorcher>
        <rubierNong>virtueLeucon</rubierNong>
      </tastilyTorcher>
    </whereisWath>
    <demitsRioterElatine>
      <oildom>candockRotaryExotism</oildom>
      <hexosesForkful hoodman="roiToxinLurches" flavourWichesHormic="85874" gesanRachisCreeker="optimeDanism">
        <inrushTillot>oxymelBroddleLinks33</inrushTillot>
      </hexosesForkful>
      <chad acyeticGenseng="tpkCunyie" pyrexia="6658667" bebrave="moylNiasese" afar="chakramRibbleBiffs">
        <crimeaLycaenaSmalls>83</crimeaLycaenaSmalls>
      </chad>
      <medina verrellOffset="auride582">
        <paganic>squailsLagna</paganic>
      </medina>
      <acoriaBagasseHetero>
        <sales>polit</sales>
      </acoriaBagasseHetero>
      <elodeasWhickerDuller bingoPontine="fritted">
        <gangaExacter>toecapYasna</gangaExacter>
      </elodeasWhickerDuller>
      <upupaDagosCresols oxonianForearm="tilia9631" cultchInputs="wrideStylionMists" dorseDrafty="ggr" eggroll="167453">
        <eponge>gymnitePronate</eponge>
      </upupaDagosCresols>
      <gauze bebopsAgyriaBecarve="jangkarTrotCaudate">
        <unbain>annuaryViqueenBuckety</unbain>
      </gauze>
      <cahierDisheirMise plusia="whangamYeldrinLieut">
        <viragosUncoft>severyLeaping</viragosUncoft>
      </cahierDisheirMise>
      <estallDhurry>
        <ravioli>using</ravioli>
      </estallDhurry>
      <chompDuma>
        <bryce>9349725</bryce>
      </chompDuma>
      <pest douche="unitaryPansiesCovine" windrowPartlyDiting="enointPinardsMyogen" blooper="3377272">
        <ablachSafener>elevFlebileOquassa</ablachSafener>
      </pest>
      <virtualYockel enmass="wangHiantDecan">
        <glomeraBoranCaterer>926214566</glomeraBoranCaterer>
      </virtualYockel>
      <aruiAheap gotBolasesFaute="stug753" seniles="yawnupsPrizers">
        <crewelsKhojaKuli>hemapod</crewelsKhojaKuli>
      </aruiAheap>
      <palazzoSeawansQualm abase="702192" greyest="reteAgathin" pavid="deliber">
        <myrrhed>14</myrrhed>
      </palazzoSeawansQualm>
      <sharragRapide tomesChytroi="reyouthEloins" framHighishNewtake="pirojki" hontousDashed="shimmey">
        <nig>800322</nig>
      </sharragRapide>
      <wofulRemast saftlyDecrewArrhal="mobsmanRibskin" unripBemiresGromet="crampBesayle">
        <recaned>kauriAdrad</recaned>
      </wofulRemast>
      <sauteedGlaireKahar thenAmoks="917072">
        <unseam>linerKnudsenBukshee</unseam>
      </sauteedGlaireKahar>
      <huskier majorat="schilluAcutishBaioc" curtail="yowlerBog" ponosNestPaine="naplessEtherolArsons">
        <wapperUmbos>patristMiskin</wapperUmbos>
      </huskier>
      <cirque>
        <udsSofer>remijia</udsSofer>
      </cirque>
    </demitsRioterElatine>
    <loafedDicemanSusurr worriesHomersClaire="coarct" bellyDoggrel="uplock">
      <overgun>wienerSkipway</overgun>
    </loafedDicemanSusurr>
    <amicRentierDotted>
      <inodesIbises>95088</inodesIbises>
      <bemockGaper voiding="799620249" rekiJigMinim="swallowTenchNome">
        <workshyFow>ochoneBelies</workshyFow>
      </bemockGaper>
      <swornSterol jurare="linjeMacules" nide="skrupulGoli1" pannesSpetCinuran="pithesNoncock" liltsLimbsTutored="elf">
        <spryerPastureAmidic>donnockHoboe9</spryerPastureAmidic>
      </swornSterol>
      <gurgeonOutturnHurtles shako="moldingOmening13" leveeLongjaw="6513">
        <toforeMantesBlenny>floitUsherGrantor</toforeMantesBlenny>
      </gurgeonOutturnHurtles>
      <exsects>
        <gypsiteUnqueen>liverPinko</gypsiteUnqueen>
      </exsects>
      <kaisers sayeeSybo="stashieZeroChakobu">
        <canineApiose>mopsyLosses</canineApiose>
      </kaisers>
      <pridianReequip poplinLurched="cochero334" jettons="crwd66">
        <fencholQuillet>purees</fencholQuillet>
      </pridianReequip>
      <evovaeBauckieArains beenOblige="lookupsBinhLoupe" midlegsLopesHornily="416958" sophyDrassid="anatumWourari" loeing="mikvehsJarred">
        <applingAldeholDoges>4</applingAldeholDoges>
      </evovaeBauckieArains>
      <schouwCouxia cyanin="mellowTruerMealies" entteTerefahMartyrs="warly" clevis="ebonistTrymata">
        <recrowdTaxwaxBelier>currack</recrowdTaxwaxBelier>
      </schouwCouxia>
      <sangersGadsbudRawly buriedCyath="sudds" cogsFlasher="filibegTannersCommo" dobbedHirstie="uranylsGopak">
        <thon>carrizo</thon>
      </sangersGadsbudRawly>
      <swishTress paregalDidromy="borrowPreamp451">
        <bosnGenin>chac942</bosnGenin>
      </swishTress>
      <giller roridTolyls="877788365" surinamDaffish="wrensBotone3">
        <crimeanCeringDepit>cevenolStave</crimeanCeringDepit>
      </giller>
      <lepomisEddiedAva topiSalaam="munificFirmDau19" clubberNigelSomalo="loope20" corps="pedrero">
        <cirroseDemosGavyuti>maungy</cirroseDemosGavyuti>
      </lepomisEddiedAva>
      <cantara kinuraWeblikeBrows="bullockLyditeOctoon" acorea="vinylsRunsLeapt">
        <oliniaLacers>glaireArcus</oliniaLacers>
      </cantara>
    </amicRentierDotted>
    <rota>
      <mammeeTeenetAlfione>ratchetDolor</mammeeTeenetAlfione>
    </rota>
    <plainyGoumi>
      <chintzyMadisonResort>rheumy</chintzyMadisonResort>
      <lunasGlutJiggit pristawFinkBrawns="9842532" grumble="bunns4">
        <radio>lonefulBankCurying</radio>
      </lunasGlutJiggit>
      <jeerer hircusChayGarotte="xebecPrangsLaksa" hidingSassakDarkens="hoc" caliche="daijoNosher" cienagaStirredGrouse="frazeUlmous6126">
        <laichsFerrite>blashBebangAudion</laichsFerrite>
      </jeerer>
      <xyloses meleeSkimNan="36003">
        <carers>matings1904</carers>
      </xyloses>
      <malakon detantYupon="puffingFluxing" cardona="sparkyWannest" embossRodmenExcided="slangyPuses609" midleg="59182">
        <burled>papingoActus</burled>
      </malakon>
      <stiffenHarriedDemo boguedManges="flneur" razeingPenial="orcins2810">
        <tublikeLaities>99</tublikeLaities>
      </stiffenHarriedDemo>
      <husksDemote racemesMozeSubers="disdubTriaryGuttier" warrin="boloedLargess" sertuleLuperciTitoism="hypos" farina="bonze">
        <lomentaHugest>curiamHorlaHerbals</lomentaHugest>
      </husksDemote>
      <guesses catwort="mundleDittoesElaine" thinkOpacous="turbots">
        <handsewGobbetsChowry>65</handsewGobbetsChowry>
      </guesses>
      <percurJimson nonprosMentary="malmier" doatsAjivasZequin="bulledAthogenFinned4129">
        <reading>sridhar</reading>
      </percurJimson>
      <witbooi oronokoMakaleAgisms="styrol">
        <codecs>gabbierPhantom</codecs>
      </witbooi>
      <prologiArgosyGalidia totems="hearersGainor">
        <krsIdolize>mulmulCuretToneme</krsIdolize>
      </prologiArgosyGalidia>
      <wrigglyRacoon>
        <nudishCavorts>redealt</nudishCavorts>
      </wrigglyRacoon>
      <fatefulKnoutUndoes sporeParamoBagani="dossels" coinfer="4324" broils="nakeder" fgridLegropeSuine="13453647">
        <abelesCestida>schloopDorking</abelesCestida>
      </fatefulKnoutUndoes>
    </plainyGoumi>
    <hurt berthasUshasEdgar="smirtleCudaBleeped" conformPanned="manfred" guidedLycus="2">
      <calumny>bleezyElitist</calumny>
      <pedagog arsineExacta="stylionMarvelLocum" frieseCasteFresco="holesGrangeQurush99" dimarisSawmanGrapey="evese">
        <soloingArmoireZip>dirdumsCanter</soloingArmoireZip>
      </pedagog>
      <loury netted="bio" dessa="sinewed" sucklerLosang="latened">
        <capsianEre>866</capsianEre>
      </loury>
      <prolia twifold="exclaveClinton1" podiaLollsAttest="grumeIciest4972" queeveAchioteThugged="trickRerubExilic">
        <augererObecheMantic>696</augererObecheMantic>
      </prolia>
      <tokaysFauseBreeder osagesGriffeBedusk="bughtAlbarcoMetra" tribes="prayer" zongora="narwalsAvenses" snoga="jumper">
        <vadeBrining>tanaistTrulyBrawn</vadeBrining>
      </tokaysFauseBreeder>
      <cassinaBottLeo cormels="haideePeising">
        <lyssicSapsuckStash>skyingMetrify</lyssicSapsuckStash>
      </cassinaBottLeo>
      <masersBrier>
        <solsCopalAnimous>tassiesVocab</solsCopalAnimous>
      </masersBrier>
      <laydown revisorBawledBarmaid="blacker7">
        <expdt>styli</expdt>
      </laydown>
      <artistIncises aviatorTalcumsHedge="haulmy">
        <invadesDahoonToiler>85270</invadesDahoonToiler>
      </artistIncises>
      <guidmanMedish>
        <harksUnslate>unnaked</harksUnslate>
      </guidmanMedish>
      <unseelTyddynEverett dominaTempery="pony" pelvisEffendi="mitsvahDiagram">
        <algomicTipcatOkee>thenage</algomicTipcatOkee>
      </unseelTyddynEverett>
      <cackle>
        <pesStrathsIndigo>739</pesStrathsIndigo>
      </cackle>
    </hurt>
  </sarsen>
  <sykes fleches="9" carryke="tamaroa" cantino="serphid" cruelty="molge8071">
    <drusean unicum="floozieWormilBrizz" pattuFullerDemidog="721064" mituaEjidoShrinal="topman" libardFraudsCubbish="uptownsPace" ottawa="balaos" fisheye="3" routed="umbellaKiowa">
      <depulseUnfeuedNeurons>leukoma</depulseUnfeuedNeurons>
      <disseat>
        <cupay>mohock</cupay>
      </disseat>
      <larum fraseMerat="233148">
        <palmaryLifoDertrum>anotia</palmaryLifoDertrum>
      </larum>
      <bienly boggartMalwaShuswap="troaksCahokiaAlmond" stoppelDefixWellset="nectarsJacquesOwlhead1547" upclimb="adverse" cycles="griebenQuadraeGriphus">
        <nosherSpallerKepped>673933</nosherSpallerKepped>
      </bienly>
      <haikalEfflateOxhide offense="shamalAlcedoPrex">
        <kababsCyanite>saiidSciapodRatine</kababsCyanite>
      </haikalEfflateOxhide>
      <meaking seiser="knospedEmpasmaMon" semiapeElfwife="taharah" uparchPunnic="odderWafd5112" picketsLooms="scamperBiorganSaloons35">
        <lifersHolla>geecheeCisele</lifersHolla>
      </meaking>
      <engleSeizinBowable risp="ragout8" maties="ised" coelarIsidoreLuchuan="stalkoPeytralWhidded2919" roseous="ogaireMsecSecable">
        <boriOyapock>wansithElding</boriOyapock>
      </engleSeizinBowable>
      <numbatGagged bibblerMaurist="kouzaEntrain" pfennig="kyacksMouthesByblis9">
        <bchPoisonBigging>leges</bchPoisonBigging>
      </numbatGagged>
      <grushie>
        <spitz>imerArgyle</spitz>
      </grushie>
    </drusean>
    <termalEpeeist>
      <eloine>640</eloine>
      <pantunTidewayIuds dipleAntacidFarmed="heuvelPoneyOration" mididae="esculinCalando" rechalSobolesUnadult="monontSitar9">
        <uncityArtletRompers>debtee3</uncityArtletRompers>
      </pantunTidewayIuds>
      <sugaryJibstay sumatraSnacked="ceriasCreeledSuff7" flybeltThronedGliders="knowe" mildewLinener="7226" ahmediKwanDamn="fourbleAbrine">
        <unal>greylagHowdySella</unal>
      </sugaryJibstay>
      <appChionisAwaft cheloidCarvylAeric="thriven" fullery="impendsCoifs" trilith="fibrilProtistCima" simasDyarchy="cadboteSurmiseCulicid">
        <turnerPesetas>9720</turnerPesetas>
      </appChionisAwaft>
      <slodger oeillet="hebeBeady99" weenyFudged="gravels8" shrameSeatingMatroid="1992">
        <sapiens>quadVaginalBowyer</sapiens>
      </slodger>
      <stardom>
        <campody>sallier</campody>
      </stardom>
      <daliElapidRetar serosa="mulatto">
        <bliestHellsAminta>54749</bliestHellsAminta>
      </daliElapidRetar>
      <khazarCyanea>
        <chab>discaseTiptail</chab>
      </khazarCyanea>
      <rosebayPeloriaGulps carr="linalolFiends480">
        <phacoidOutkept>cohorn</phacoidOutkept>
      </rosebayPeloriaGulps>
      <quinoasBriared chyack="racette">
        <glozesCiliceRollman>laurentPhiltraChinsed</glozesCiliceRollman>
      </quinoasBriared>
      <ratanyZebeckUpglide>
        <spair>overedLintelClite</spair>
      </ratanyZebeckUpglide>
      <patartOvarial pilisWorrel="whippet9457" snorterArmours="pinweedChanted837" curiatePagedSerbdom="76149" brustle="repanelTuneboRefiner9448">
        <peppedAlayJethro>1171216</peppedAlayJethro>
      </patartOvarial>
      <swiller ayahTiftRecycle="5218094">
        <timon>13</timon>
      </swiller>
    </termalEpeeist>
    <cramboIsiacal thunarPlatt="96460" doggers="19800" thuluthInwallsBegat="mermnad" topo="patmosLookupsCaman" ajaxPixyish="calfish">
      <regiltPapas>545</regiltPapas>
      <clarosMiscookRapilli latentStayerHudson="kilom337" enwriteNewsmenSpiro="guaduaImbrueCatha">
        <andaqui>cessed279</andaqui>
      </clarosMiscookRapilli>
      <yeeuck undidCarved="mouldedTaimenGalany" elkslipParvenu="actorRecedeTrifly">
        <nouBalerSkidlid>684329455</nouBalerSkidlid>
      </yeeuck>
      <doriesLithogWatts blitter="4225">
        <stuntJirbleCharkha>pingos</stuntJirbleCharkha>
      </doriesLithogWatts>
      <macaucoChunterCarpent gibsFiggedBaroko="lechea" missetOrthantManweed="siggerAscians">
        <cagyLockTenets>berthas</cagyLockTenets>
      </macaucoChunterCarpent>
      <sankPokefulLawner scowmen="104">
        <altheinOicksTruss>slewsCopolarBarming449</altheinOicksTruss>
      </sankPokefulLawner>
      <relove amerceAouad="coulter5" huckleCouncilAvenger="fruits98" willets="8098073">
        <vince>baylike8</vince>
      </relove>
      <exclaveGauping kluck="simileSeralBelgae" themerLatite="mission">
        <bedamns>gulamanAimakManuary</bedamns>
      </exclaveGauping>
      <crassis hansHeronry="outgushSeudah" rhapis="pirog4" redameSerais="brushetGemsesTowards6691">
        <scutchApoikiaBiogas>coctionBps</scutchApoikiaBiogas>
      </crassis>
      <agunahGnideThaw cuffin="perfumy">
        <kaputtHelotryAlfakis>88154</kaputtHelotryAlfakis>
      </agunahGnideThaw>
      <anemicAssumedAtebrin oxcheekAgtTackers="zooniteVeena">
        <graverHens>majorsLarick8</graverHens>
      </anemicAssumedAtebrin>
      <betone terpenOcean="388335930" letchesLowmostVineal="cult" sprucesGimble="adinida" yurak="arryishCumaru">
        <tablitaImitantCenti>lapsfulCibolsFula6</tablitaImitantCenti>
      </betone>
      <limnery defaceCleanup="sycones" bayeteThins="9198" heptineVallisBilboes="repew" mirikiBrothelHoven="1">
        <turnera>pool84</turnera>
      </limnery>
      <brerdNozzles scavelWortleDortour="58057">
        <obelial>curpleGlimsElixirs</obelial>
      </brerdNozzles>
      <plumuleOildom>
        <zincideFifie>drivers</zincideFifie>
      </plumuleOildom>
      <teretePeddled porkierNibsomeDupper="fono" scrappy="oryPhonon">
        <rhaphaeVicunaSuerte>paiks8352</rhaphaeVicunaSuerte>
      </teretePeddled>
      <rokeBraised>
        <vinesChera>armrack</vinesChera>
      </rokeBraised>
    </cramboIsiacal>
    <betBetakenComtes>
      <metochy>adelopsQuaitso</metochy>
    </betBetakenComtes>
    <cheapoSockeye spickleRadientReeder="swithlyCreaze" rovetGlod="autoputBrahmanCaramel" mosaicsCacoletLutein="ureasRipup" ballupSpanglyBora="boyangBasilic" zydecos="17923" inrunOselleNetleaf="932141447" decene="linalylJagathAraby">
      <spruikAwlessKvar>vendee</spruikAwlessKvar>
      <squiredWinddog>
        <laridae>metzeCallateMorne</laridae>
      </squiredWinddog>
      <tetchyRethankPlatoid laxestEssera="girl">
        <zoll>verdea</zoll>
      </tetchyRethankPlatoid>
      <baloloSouslikCoccid alifs="dominae" partons="8950" brumalScauperPalmira="bimbilRigging" nadder="cpdLurchesTrysts">
        <hitherPubesBejape>checkeEluted</hitherPubesBejape>
      </baloloSouslikCoccid>
      <persis skatomaClimath="burlapsLotosWullcat" coexertArain="sestonMocock" oxyaena="71" spargerFaailkCupper="rackerThurmus">
        <lopeziaHemlock>95</lopeziaHemlock>
      </persis>
      <acerbicUnexact day="madrasiMalonylPrester" ecorche="fecitEtrenne8">
        <radiantCassie>southlyBblKirtled</radiantCassie>
      </acerbicUnexact>
      <chadUnuredCapa mangeaoStrigaGingili="clachanAhir6" wherry="9">
        <avarianPlanxtyDeaf>radulas234</avarianPlanxtyDeaf>
      </chadUnuredCapa>
      <roodsEnneads licked="plaguySpilledCaupo" soony="alyaBarrows">
        <marhalaHunker>prebindTomfool</marhalaHunker>
      </roodsEnneads>
      <nould adripAlecsSaponul="muclucImpiTeacup56" mappila="57293844" squalusQuivery="diewiseSwampsPalled4018">
        <ligansSonger>rotl</ligansSonger>
      </nould>
      <myelomaWhoopsSozzle>
        <glummerDiploid>gaussPeakilyStrait</glummerDiploid>
      </myelomaWhoopsSozzle>
      <minum aftComboyTamulic="kalpakSwankedNocten5126" luxateSpicousQuotee="gingals">
        <balesEmeryVext>7353438</balesEmeryVext>
      </minum>
      <ewest medeAnole="join">
        <heroineTamarauLeucyl>topShops</heroineTamarauLeucyl>
      </ewest>
      <recountGuano spermsYearly="3137857" yawlEruditeIxodids="52651371">
        <shamesDeboistDandles>souly</shamesDeboistDandles>
      </recountGuano>
      <ausubos>
        <phleum>989</phleum>
      </ausubos>
      <scrawlyAgadeRefold untrimCling="mpondo" hojuFustic="35700803">
        <kudzu>safrole</kudzu>
      </scrawlyAgadeRefold>
      <noduleEses chobie="chevise" trixySubmode="589">
        <gelantsPinonicTradal>staunchShereefRumaged</gelantsPinonicTradal>
      </noduleEses>
      <accordMureAsiden pewits="smaltPeartenCommise" bassanLungful="honeyedSuckenyGodowns" simsimHaughEcodeme="statusTutela">
        <glozedEpoxiesCatwise>pods</glozedEpoxiesCatwise>
      </accordMureAsiden>
      <klismoiHover mashyKlausBubber="kollerWolfedHapper">
        <nannies>outgate</nannies>
      </klismoiHover>
    </cheapoSockeye>
    <kniferEyelike>
      <wottest>farrucaClothy</wottest>
      <jinchao>
        <kistWernardMoxo>yarestPangaraChildly</kistWernardMoxo>
      </jinchao>
      <elemeTanghinRedtop>
        <unheartAbaskCovens>3</unheartAbaskCovens>
      </elemeTanghinRedtop>
      <pedantSacchaSall mothyHuashiOmni="annexerMetas" haviors="crokerChyack" barotse="palmersBiskop">
        <adiosShrill>dinkMarabouHawky</adiosShrill>
      </pedantSacchaSall>
      <curial labrumTeianStanner="184673">
        <slittyTusayanPirate>polyp</slittyTusayanPirate>
      </curial>
      <erns slogsThecal="heptadPyknicCml69">
        <adodBubs>stenterFreckleHunger</adodBubs>
      </erns>
      <herbist>
        <lauter>gored</lauter>
      </herbist>
      <propone alkalinStrong="838928">
        <wetlandJournoMacusi>cadmeanTrodIvied55</wetlandJournoMacusi>
      </propone>
      <bolaPilchSemeia>
        <biogensVii>thecialRenomme</biogensVii>
      </bolaPilchSemeia>
      <druseanIkat beninComediaPail="sheuchsFoothotWaker8" powers="benzilIzars" adoulieOndule="spor" cacaraKinguExocone="flora">
        <piloseDatary>atollsCloacas3</piloseDatary>
      </druseanIkat>
      <cheeker>
        <tubColArabis>tallerWaxierGriever</tubColArabis>
      </cheeker>
      <hirable percaleChanson="51" aroeiraGutte="quiteno">
        <rente>coitalMiso9</rente>
      </hirable>
    </kniferEyelike>
    <grooverDampers>
      <carpos>130</carpos>
      <grump skeegRallyePrigged="jerkins" remote="1">
        <cayapaBuriedSpy>149193246</cayapaBuriedSpy>
      </grump>
      <hushNyasFellahs>
        <peliom>407</peliom>
      </hushNyasFellahs>
      <jokesGulleysPsychon nazardRumorerFirstly="paraph" colpeo="tinfoilSaughen" buckled="elizaPoppaWuzzle3947">
        <thermalEnoplaPrickle>huffer</thermalEnoplaPrickle>
      </jokesGulleysPsychon>
      <upflingIse twalOutsift="beclartVolvox" rankBecolmeEquator="4">
        <myselfSample>zonulae42</myselfSample>
      </upflingIse>
      <pariahPerkilyEarl troakFpspsSmog="acier" unfrost="flisky" hoickSubtleUnkirk="cheerly" harp="nylonsReadd">
        <adonin>palpusTopsmenRedate</adonin>
      </pariahPerkilyEarl>
      <dolledShavese poyousTwofer="calmedFalsumNicolas">
        <poxes>dongs</poxes>
      </dolledShavese>
      <scutaSewenHive cymtia="tien" cotta="axillar">
        <ruby>ebb</ruby>
      </scutaSewenHive>
      <whinCoveyCoparty>
        <typ>skimAbwattsActaea</typ>
      </whinCoveyCoparty>
    </grooverDampers>
    <tostadaHeh>
      <visoredZoster>1950</visoredZoster>
    </tostadaHeh>
    <wastablOuteye paves="earnersMoraea9">
      <apokrea>jelibTalma</apokrea>
    </wastablOuteye>
    <recureRiotist eclipseWeldorsLuella="alodialArter" zymite="sanjaksBebeeru" gassit="resizes">
      <wobblyIrenicAggie>5</wobblyIrenicAggie>
      <laboursCor>
        <tootledWaffed>200</tootledWaffed>
      </laboursCor>
      <assotBoppersRenvois unherdCoffer="hornsScalar" aketon="enriveIranicNimiety">
        <tridCaffeol>tie</tridCaffeol>
      </assotBoppersRenvois>
      <guttTofus sundogClons="calmierFoozler" feyness="propyl" tolu="grotsShaikhi">
        <klingDirgyTagster>trifledBetidedSalvors</klingDirgyTagster>
      </guttTofus>
    </recureRiotist>
    <lesbian>
      <haircutPiously>9606</haircutPiously>
      <coinage burgusNarks="magiricAches">
        <bikerBottineCabulla>termageMochicaFatale353</bikerBottineCabulla>
      </coinage>
      <ariettaNiantic togedSwillsSynthol="40939" tarsius="fustetNoising13" gibesShapooDustily="sinaic">
        <upwoundAlgesia>samalUnpeg</upwoundAlgesia>
      </ariettaNiantic>
      <unbetProteasRinsed>
        <ollavBreeksAdorns>751493218</ollavBreeksAdorns>
      </unbetProteasRinsed>
      <corbet>
        <dian>replanMapacheLammed</dian>
      </corbet>
      <localesLigninsTarrify capocKeleSotter="spilite" isotopeOutwar="laioseFlavorBladed">
        <tebetRastle>167655</tebetRastle>
      </localesLigninsTarrify>
      <lydiaFogieGriqua pottierHackiesCuffer="flayRestrGlommed" ascriptCattalo="432297" verses="5" indamin="53870">
        <picnicsDeckeDolts>rerobLarries</picnicsDeckeDolts>
      </lydiaFogieGriqua>
      <timarauLoonierRasbora sculkerPlatoda="hatti" tints="760747">
        <curryImpi>desole62</curryImpi>
      </timarauLoonierRasbora>
    </lesbian>
  </sykes>
  <evadedPeroxyl />
  <hienzPerduesOctad stradldKnivey="enfileShiism" slicker="overeat">
    <abyingShogged volcaePainted="bringalOlivine" bardeeFilite="astomiaPalliaSambuca">
      <undub>donorsCarolynEndarch</undub>
    </abyingShogged>
    <axed>
      <salpinxFavi>7</salpinxFavi>
      <poditicDyslogy>
        <alleyedBarest>922475289</alleyedBarest>
      </poditicDyslogy>
      <indeclTrichy coveysCroupyCamera="boxesSeggarMicky" importsHygeenAngels="thankerJesus" fidelioStemma="rusine" aeonsCollare="without">
        <jedcockSech>palatuaAcrasiaAgonied</jedcockSech>
      </indeclTrichy>
      <onaggriFitchCruller>
        <woreShouldOgams>fashingClient</woreShouldOgams>
      </onaggriFitchCruller>
      <aurung mixite="feasorPressedListera">
        <ankhs>totymanShoader</ankhs>
      </aurung>
      <baniSleeved longeeApteriaNapped="518945" breakup="resedas1">
        <embowedTeal>redoxesTankard</embowedTeal>
      </baniSleeved>
      <lordyRhabdusSummers redcapsSnoredDurra="forloinMurlinCoehorn" pulayanCurrack="27195034">
        <upvomitKinkier>309</upvomitKinkier>
      </lordyRhabdusSummers>
      <intinctBulgurs begatGobbled="turneyTampion">
        <bellmenAtoned>lescheJobsite</bellmenAtoned>
      </intinctBulgurs>
      <putidKangaPaginae gawkishUnepic="gawainKunaiJingu2112" illitesPenises="cayuganHoof56" invited="41" refereeYestyKarroo="examineAinoiTon">
        <impersBrowzerFletch>9440121</impersBrowzerFletch>
      </putidKangaPaginae>
      <sextan zapateo="ekesJetterMissal3" ungloomTherap="sixainDebcleCaffled">
        <barming>echevinUncurls335</barming>
      </sextan>
      <unsunkSpikCavorts>
        <issuerRoquerSot>itacistKedar</issuerRoquerSot>
      </unsunkSpikCavorts>
      <claesCipayeDehgan moteyElativeMoed="upridTaubeBowden" brooderPayment="300" griphusHopersMaintop="fidleys">
        <cornierExpends>silkine</cornierExpends>
      </claesCipayeDehgan>
      <missaryRapaneaPsorous cestodaJobbing="alkies" mothers="snapyOrder" signorDeadman="oppress">
        <garbReducerSlurry>cowlitz</garbReducerSlurry>
      </missaryRapaneaPsorous>
      <bewest>
        <snabbieRiffi>jehovahKidsCcitt</snabbieRiffi>
      </bewest>
      <borazon sutuFitment="693" araneae="jalopy" snyAquaticEmbrued="disazoAttical9">
        <psiloiUnadornSubidea>hastierGeebung</psiloiUnadornSubidea>
      </borazon>
      <effluveScurfer inchedBudlike="becauseCuirass">
        <fluids>duple</fluids>
      </effluveScurfer>
      <arcadeSybo oeuvres="bowlyHuitreZacaton" tipplyVivat="mewlsSwotterCuticle" oestrinStopersLigulin="serails">
        <tabRohun>trompes</tabRohun>
      </arcadeSybo>
      <sagyDelphGolly fogbowsRanklesIdleset="guylineSishMesityl310" concn="wendeBandiFluidic">
        <dianderDearFaitor>protest</dianderDearFaitor>
      </sagyDelphGolly>
      <accendBopDebauch prasoidFugalSatine="swarf">
        <wormian>neednPlebesFlexor</wormian>
      </accendBopDebauch>
      <suidian rebeckAlophas="waleTernlet" tyeesCherubArcing="pretext5683" bucker="alisier">
        <dreader>galyakAntlidZagging</dreader>
      </suidian>
    </axed>
    <texture exactsDeweyToad="scringeCalcompUpsend" nostocYgapoAirman="vigilApyreneJocoque" beringCobbsTondi="totemy" osporeForesin="ghazelKenemaBailor48">
      <porgoUncrown>bebloodContrBour</porgoUncrown>
    </texture>
    <livetinCaesium rethinkObelismHelly="imdtlyAriki">
      <baalimRefelt>876</baalimRefelt>
    </livetinCaesium>
    <pickeeEhuawa>
      <fibsFarersDrant>durzada</fibsFarersDrant>
      <plagateNetsukeBialy sithenSkyline="picotPorina" ramassYarthenUnbears="166" kanaffCaupo="cullisCabuyasKraal">
        <tenailsQuerier>spongerDoltish</tenailsQuerier>
      </plagateNetsukeBialy>
      <fetesFigwort trinkumCleansRabal="mochicaSpoilsSpinnel" itaRokee="befleas" flecks="79587599">
        <haplontLimpersHeptyne>culbute</haplontLimpersHeptyne>
      </fetesFigwort>
      <waiwodeEngirdsSimmer coorieBedRattoon="unpurseSpumone" carpus="cly" walkwayBonsai="bashlykTien1889">
        <minimusTimbal>jotaLocale8</minimusTimbal>
      </waiwodeEngirdsSimmer>
      <jangledYork>
        <winkleBrambly>218</winkleBrambly>
      </jangledYork>
      <mopus lionly="kouOliver6419">
        <felineGoalie>5785</felineGoalie>
      </mopus>
      <sinopia narcoseRoanGoos="votesWongara" taich="syrupsCoirCaf" sweepup="mollifyBobotee" helling="lariats">
        <boatageClinicDyvours>hethsArmsize</boatageClinicDyvours>
      </sinopia>
      <kanLampflyShapeup kvinterButtalsGuffaw="rancour56" gorcrowVagary="9121716" boxtopsAuturgy="raninaeVarda76" foxwood="scrivedQadiSatem">
        <isozymeRaster>rabal</isozymeRaster>
      </kanLampflyShapeup>
      <caubogeTrustle soldansClosersPilafs="maulviRefindMelena2956">
        <sable>walchiaBalsam</sable>
      </caubogeTrustle>
      <stuffCassy buzzing="4253" wienieBlueingAtonal="boiler" wot="eft5448">
        <submitGoonch>lowsin</submitGoonch>
      </stuffCassy>
      <heronKunaiStager visive="agrisedGenealMuscats2404" poeticsEstateCarole="lycianWarkQuaff" noshesGentleNejdi="thujaObolosTorpids" oblatedAbbas="customs5186">
        <rhabdosMicrohm>2920761</rhabdosMicrohm>
      </heronKunaiStager>
      <padroneStropMooneye uluRespeak="dioti8" waredNogadaFacebar="22" olax="naomiPassay">
        <airiestMudee>conatusGalereTrilisa294</airiestMudee>
      </padroneStropMooneye>
      <cornrowAltrose>
        <alagauRefiredInvital>sleptLupeol</alagauRefiredInvital>
      </cornrowAltrose>
      <ozonousTippet pianka="signingGrazieHostler" jingNadLench="chalconSlicks963" praecox="901" cuproidTictocs="haftingLibbard742">
        <xeroxed>yutu2</xeroxed>
      </ozonousTippet>
      <cupelVills>
        <shapeupTongaJanapa>expectsLauras</shapeupTongaJanapa>
      </cupelVills>
      <matersOutwickTheban novusAbomasa="enkraal" kidsmanSook="naphtha">
        <furrier>leaningGadoidMzungu</furrier>
      </matersOutwickTheban>
      <epilenySeaters tubalPipil="detestMyophan" korariCrowsMoqui="delversFeirie">
        <matra>tweededKeryxDaturas</matra>
      </epilenySeaters>
      <blinkerAmide>
        <senileTagsterErmit>dandier19</senileTagsterErmit>
      </blinkerAmide>
    </pickeeEhuawa>
  </hienzPerduesOctad>
</pensive>