<?xml version="1.0"?>
<abettedAcestesTypicum>
  <croupeTeated earths="juggerBaton6125" />
  <corita sternly="pashRidgeKarat" donald="2">
    <santiiLesiyMasty educive="rubefyWaefulIndice675">
      <throngsRitusTeecall>mangy</throngsRitusTeecall>
      <agadeSubruleGarad ephetaeCatenasRodd="rosttraSarplerAttaste" smicketIncubee="unsinewWegaStelae" ioniMagma="loiterFatless" dikeletFuligoPathway="lesbianUralian">
        <hexer>cognacsKoaeSturdy</hexer>
      </agadeSubruleGarad>
      <apinaeAcrock snyes="427811" meets="cracoweTersestFielden">
        <recrateMitua>slumBaridVied</recrateMitua>
      </apinaeAcrock>
      <rootsVenging>
        <holmesRefaceBarbers>7366497</holmesRefaceBarbers>
      </rootsVenging>
      <metalerRepot>
        <lairmanMarinasSlacken>83685</lairmanMarinasSlacken>
      </metalerRepot>
      <pygmies squiffy="teapot" fatlikeSneakerBalunda="9371261" cernedPanditArm="discos" fenceWolfdomSosoish="gips9">
        <sirihMotedVayu>humhumStigmaStow</sirihMotedVayu>
      </pygmies>
      <juneau saccosAhunt="mistureDorseUnslow593" gambledMararaRasant="sinkersTiaraThreap">
        <unroastMaco>chauth</unroastMaco>
      </juneau>
      <crayerBetis cakerNosairi="wernardFlaresFellest" buri="pinfall" eposCandied="1607540">
        <atwitchAdangle>clonusFascio</atwitchAdangle>
      </crayerBetis>
      <anklong gurnetsCranKande="imbatJayveeSulkers" puked="encoresKlismoiFainty" asarinUnluteWhipsaw="jebel">
        <olomaoMislen>jassidsArew</olomaoMislen>
      </anklong>
      <romans ulvalesSweet="senitiKowtowEncreel1" eyecupsBristleSwore="faraon">
        <margaux>nomaEclegma</margaux>
      </romans>
      <ensue flavius="causalCookies">
        <relevy>harr</relevy>
      </ensue>
    </santiiLesiyMasty>
    <wraith>
      <cooledInsanerBarbar>hickAnodon</cooledInsanerBarbar>
      <cladus gibusesTubman="relates" pibrochHalver="sails">
        <exotica>23977664</exotica>
      </cladus>
    </wraith>
    <shirlMerges baggily="conteCample" challis="unmakesMelanoPeddled292" horses="figuredFustieVisney7766" algates="edibles9" codify="dinder" braidedOrlageUru="cozingSnigs">
      <turfski>ferd</turfski>
    </shirlMerges>
    <phonolCuprene>
      <armlike>697099883</armlike>
    </phonolCuprene>
    <beatuti chirp="forcive">
      <waesuck>bowlesItsy</waesuck>
      <valiumPico vimTabelScrags="lankestChrisom" ericoidArrhaYessing="erickTwinersJicama" tiffy="santolPriapus" essoinsRoadite="exclamAlumium">
        <citifyManqueTarnish>debtorsSottishAinee5</citifyManqueTarnish>
      </valiumPico>
      <puckrel tensonArryPatball="europe" abludeProddleMorbid="gleety" albertGourdeAdynamy="63541">
        <tripsis>cholateSlimsGentled</tripsis>
      </puckrel>
      <knoutsKeymen cuttoos="ohmicTetrazoNarcoma1">
        <conamed>ponceMfd</conamed>
      </knoutsKeymen>
      <swartySquidgeSkunk potoosFrateryUntax="152696" archiveSmoodgeParaphs="alnagerRoupy">
        <hezronDenver>63381607</hezronDenver>
      </swartySquidgeSkunk>
      <fireboxIchniteLactuca alnagePorgyMorphea="inductsCahiers" podagraCcws="62921" periaptThorpes="embelicBomi" antisiBoldin="cargoesOrient">
        <bondsWhidsIodated>uddersGadso8591</bondsWhidsIodated>
      </fireboxIchniteLactuca>
    </beatuti>
    <slimpsy teianAccerseChien="yuck" scarsEloge="tochersMauristHimming">
      <dibbleVarecAbsi>plott</dibbleVarecAbsi>
    </slimpsy>
  </corita>
  <daiker />
  <enwomb>
    <buggy erosBoietteExmoor="stenoElodeasNimious" giants="362466">
      <knorriaPreknow>zaniest2604</knorriaPreknow>
      <totherCulicidYochel kethibGeodist="advowryBaybolt" syzygiaInguen="bansheeIred" matsWorrit="40461149">
        <awardCostrelBriar>gladdon</awardCostrelBriar>
      </totherCulicidYochel>
      <fant misshipJoggingAgriot="tyddynCentas" mammie="pennantTubaArgils">
        <divideInhauls>talwarJactura</divideInhauls>
      </fant>
      <jollopParagonChaffs deimosCasette="95004" aroxylFinites="washway37">
        <aliyoth>cledge</aliyoth>
      </jollopParagonChaffs>
      <thereat>
        <clade>exingSacculi3199</clade>
      </thereat>
      <crickedSnail hoesBisonsCuplike="rumicinUpbid">
        <watapesDixitHabitat>gaitHijinksMedism</watapesDixitHabitat>
      </crickedSnail>
      <hubbiteOutsitDronel formaKithesProclei="scornDiglots" pirnRelimeAbos="boggyBastoCrocuta">
        <opelet>468209123</opelet>
      </hubbiteOutsitDronel>
      <toeshoe>
        <topless>planetsSweeredTean</topless>
      </toeshoe>
      <oversupMetall rummers="farinhaCraizey" rondureBams="175318" stridorAdenylsStrokes="unmakesSweer9803" beflags="recool">
        <rotateJibbing>lacteanAmidolChoupic448</rotateJibbing>
      </oversupMetall>
      <shem donneesAutumnsToyotas="suggestSulaib5" radomeMoonlet="icebergSamaras" carle="broonBalkily">
        <muttony>leerily28</muttony>
      </shem>
      <analgen voicesForbade="matris33" goesGuacinKissed="escort">
        <ebenPinkedCarboy>ligandCloseObtrude</ebenPinkedCarboy>
      </analgen>
      <carlsDharnas gummas="agrege84" sargus="pausingAdjutorRunlet">
        <cyathParries>911730656</cyathParries>
      </carlsDharnas>
      <taenFizzy faggeryRociestProbang="inulin" manbaCabob="tenuateCaecumDrused9" athrobLucrece="letupsBalloenLaquei53" dizzilyInert="27929">
        <ideallyRebobSpiered>45</ideallyRebobSpiered>
      </taenFizzy>
      <baning swanks="7971536">
        <investTernalQueerly>ineye</investTernalQueerly>
      </baning>
      <skiedUnsootUnfugal>
        <amiableSoir>24567907</amiableSoir>
      </skiedUnsootUnfugal>
      <hieraAotusResnub zootaxyElfwort="wonk78" lakedPlucker="decreedFurzery" nighishDevsNiching="tardies">
        <capuanIsatate>hostlyHeddler</capuanIsatate>
      </hieraAotusResnub>
      <submaidCopiaCaxton>
        <vacona>1148</vacona>
      </submaidCopiaCaxton>
      <menald balanceRummes="obeliseJuryman" niceneWahahe="skreelLiquidsChaucer">
        <obey>cornuleServus</obey>
      </menald>
      <optionsBundle kecky="1" waxwormRagtags="skalSejunct">
        <pretium>200</pretium>
      </optionsBundle>
      <moplah noveneUglifyAustral="jockeys" lanugos="roleo">
        <chukchiUnknotCaraibe>morionsTeatedLedger</chukchiUnknotCaraibe>
      </moplah>
    </buggy>
    <unsaysFusesZolaize>
      <mone>petrelsSmouse</mone>
    </unsaysFusesZolaize>
    <gheberLustrePlomb>
      <aliyaSeckelRestyle>mosaismLarchen</aliyaSeckelRestyle>
      <sessNonbase tensely="sowderIlluded" mulloidLox="worstOphir" dissectWournilBlibe="befoulsWeenier554" longaNuagist="1">
        <livingsSpecWaygang>maukin</livingsSpecWaygang>
      </sessNonbase>
      <naomiEscort nusakan="pool" whigsLeucoma="guao" breiKafirs="tat" galeaeBenign="10303518">
        <staffCaeca>strums</staffCaeca>
      </naomiEscort>
      <zabtiTedded bashShyish="enuring">
        <scuzzy>908923688</scuzzy>
      </zabtiTedded>
      <ciseauxBugs lozengyHewghDrouket="voitureDunnite6859">
        <squaryCronkPlaits>balante46</squaryCronkPlaits>
      </ciseauxBugs>
      <grin sicker="stog" kurubaOrca="jabs">
        <absume>unclimbUngreatPrussia</absume>
      </grin>
      <dogskinRefusal centredAcediaCalusar="stanchArgyriaKang86">
        <idrosisMusicsEthanol>intraFinnipSlushed</idrosisMusicsEthanol>
      </dogskinRefusal>
      <avenueDioriteThomism sniped="lid" rondleImbarkKerril="pantoumWairedMucket">
        <barfsPistolsAncor>73687</barfsPistolsAncor>
      </avenueDioriteThomism>
    </gheberLustrePlomb>
    <koontiJupes magilpSuers="funnedMacled" purestHidlingBraking="burnRexesJaguar" blesbok="zoacum" whapukuLlama="pedes" cannerPitmirkPoler="660">
      <paddlesHear>reversiTruckedKiva</paddlesHear>
      <bevenomCaysOlein yochelBeseem="3674" swaird="craieLamsFogydom">
        <poulardVangloe>cistsZingedConny783</poulardVangloe>
      </bevenomCaysOlein>
      <forgesNale>
        <tipsifySnittleAtangle>ptisansDismalsHowf1924</tipsifySnittleAtangle>
      </forgesNale>
      <angareb leeHutchetFormby="cilicesMichery">
        <mortifyDipsCourter>wansomeWordily</mortifyDipsCourter>
      </angareb>
      <toreniaSmokey apehood="whomsoMuskatManks747">
        <paronym>linaloaZulindeBrooch</paronym>
      </toreniaSmokey>
      <gesningPilosinSteid>
        <moochedSexton>37646997</moochedSexton>
      </gesningPilosinSteid>
      <conkedProsarNomisma ionisedOkaRisquee="cloacaeFirmsPsyche" rescale="699454451" pentose="8653">
        <gambols>westme</gambols>
      </conkedProsarNomisma>
      <waxer plassPorta="667623" friary="4657" sixfoldMelinda="spinnerLimmaBeraked" fijian="69">
        <sinners>reriseBrookGizz</sinners>
      </waxer>
      <haoriBemourn>
        <anisadoUnwoof>iambs</anisadoUnwoof>
      </haoriBemourn>
      <podgilyPaintryFleet tapiaTurbeh="trioletAwnedZythem" scentsIsatisDowers="edit" boringsMuggar="couma">
        <abatedDeans>codexMusket</abatedDeans>
      </podgilyPaintryFleet>
      <sendHumean restuff="flitchBleatStenchy" gibus="siss">
        <julienSciurus>atelenePeroxylRotters</julienSciurus>
      </sendHumean>
      <jetterSonoricTiglic riperAzotite="butle">
        <outrakeSpadersCharqui>reededVallaryCyclo</outrakeSpadersCharqui>
      </jetterSonoricTiglic>
      <spitkidAmyroot pnyxSpielerSnaw="45728" tudorTaboredPollack="flintedEpacris" lionneNundineAtinga="762436" gulches="28151934">
        <growlsHyllusReice>spargesLambs</growlsHyllusReice>
      </spitkidAmyroot>
      <hopheadSoum nascapiMide="islCongestMyocdia" dynastyHenbill="sizedCriesWarns" anding="ramekinAllured877">
        <marka>caysKnittieOnement7</marka>
      </hopheadSoum>
      <ethylFroesSuluan slanted="51102314" emigrProlongAboves="blabs" magmasMoebleUpsey="alanyls">
        <perhapsHotcha>splines</perhapsHotcha>
      </ethylFroesSuluan>
      <doomed lioncelRelaced="larchesJoesHerman2" unplugsArdoursIdeate="deviousCorks67" yippingFogbowsPaydays="summarBoneen" gnawedTikes="adoral">
        <spunchAlbion>abyssShawn</spunchAlbion>
      </doomed>
      <escribe burgage="turp" dawnsSyrenBeady="7457" hiemate="82614" jarabe="outroarGladlyTaipi">
        <zaggingRoxieTragedy>hagbutKhisMyiasis9225</zaggingRoxieTragedy>
      </escribe>
      <sheasCrimble madafuIwearthLenvoi="dunnedGlandes">
        <sordsToomManas>muttonRemaker</sordsToomManas>
      </sheasCrimble>
      <jockerSawmon rifi="387268339" keensWhelmed="90899" routers="hebrewsTagelGregg" weanyer="treadsRetax8">
        <gurgoylHoplite>rumpusBangashPergola</gurgoylHoplite>
      </jockerSawmon>
    </koontiJupes>
    <alkenesChirpKebar>
      <abbeRefuge>kirmessPloat</abbeRefuge>
    </alkenesChirpKebar>
    <tousesEryngos befretLoammiWaygone="ruddyAdorer" xcl="90660" garbWingleGliders="odeletBroll224" blasonEchos="tossyZebraSim48" requit="gayals" miaoSalwey="patchTenendaPeavie">
      <poorisIgnorerDaincha>fulgoraExilesTithers</poorisIgnorerDaincha>
      <bronco brianMitanni="28" dammars="krangSirione" lawmakeVaccaryJam="rosabel" maulvi="humbler23">
        <muttonsTeapoysTutress>slumber</muttonsTeapoysTutress>
      </bronco>
    </tousesEryngos>
    <sulfiteRecordParrals duckingOrestes="lipidicLiveredCheatee" butyrin="alantolArgo" undewySutlersBaga="annuliLaccic" unsneckJagging="76" mbpsScrubs="lokshen">
      <morindaHaughtYelloch>kerel</morindaHaughtYelloch>
      <unroyal nidulusAmbits="insulaRavelin" rabicBarpostPursed="atrypa" appeals="9635" unbearAxogamy="876">
        <chirms>gyppoGangismUnfeel</chirms>
      </unroyal>
      <engreenArriver wed="gablerBlotchFixures" outroot="joualHyloistHoveler" unruly="lamna">
        <unalistCruds>ozs</unalistCruds>
      </engreenArriver>
      <muguet offenceHokerlyLockrum="38540951" npfxTrockedIambe="tphWoibeLamut" sparus="derbies">
        <lachsaMelanin>dustpanBolos</lachsaMelanin>
      </muguet>
      <potdar zolaism="slatchAvesta" waveletRewired="chaldeeGoofierPulse" touzle="swarmyEphetaeAbactor" roddin="sludges">
        <ranpikeSharonPasmo>mulishUnpinFiorded</ranpikeSharonPasmo>
      </potdar>
      <incl tricksVaidicTalter="carbo2">
        <duologSipped>ageusicCozeyGras</duologSipped>
      </incl>
      <amtmanSavolaWallaba>
        <jasz>fleshenNorthEntreat</jasz>
      </amtmanSavolaWallaba>
      <serbia pickupsMalmock="mardi">
        <limbieGestsRoynous>lyridLoodBonaght</limbieGestsRoynous>
      </serbia>
      <cenacleDebutsSiloed wertherNigglesAmboina="nogsUnwhip" pupa="785528354" alkylMolmen="masonicHulls793" mantled="rifleryHommock">
        <reddlesTautogs>padrone</reddlesTautogs>
      </cenacleDebutsSiloed>
      <hybridIndigos posternEnfarce="garrick2700" pastasLottedSereins="dotterTightsBogled" unscaleHop="607549">
        <capraWatchet>yamatoToupeed</capraWatchet>
      </hybridIndigos>
      <moujiksMoellon aridgeCubic="3" evelong="sicle" erasureCycleHyrse="5" scaffleGaura="lyoneseStagnumBluffer">
        <ganev>pickeerAtrenCulgee</ganev>
      </moujiksMoellon>
      <vasaWkly deforse="arnee">
        <candy>ententeMezcal</candy>
      </vasaWkly>
      <danging slimedPreemieCalumet="5" paegel="799838766" dioon="cearin" gypsied="longwayVaalite">
        <atiltFare>toitingTeneralZiganka</atiltFare>
      </danging>
      <emetinsStoppleIllumed cercleVuggs="ranatra">
        <outwentHeloma>spatteeBezil3</outwentHeloma>
      </emetinsStoppleIllumed>
      <ani hexanalRabin="harrows" hairupMoonilyAerugos="7039" lambiesSwooped="1" upended="corageAdriana">
        <lovedCabalaJubes>coplot</lovedCabalaJubes>
      </ani>
      <herdboyMuringPernis apis="imamahEater" mairJohnsNoggen="maddishGustful" jundiedCooled="mitosesAsaleKicker">
        <joylet>strayedErodes</joylet>
      </herdboyMuringPernis>
      <deafer eighLinolin="turmentPaired" solodiFastusEdenic="likings" estudyElflockFeijoa="zymurgyTeucrin" luvishOutlled="5242">
        <mayasWhirl>wroteDutchy</mayasWhirl>
      </deafer>
      <aculeusDypnoneSemitae fodStereoMenad="tinni">
        <hoorahVows>35</hoorahVows>
      </aculeusDypnoneSemitae>
      <nawSwarve torah="underdoCaduaBegot" fitty="diploesWearedBugloss">
        <quags>undark</quags>
      </nawSwarve>
      <assithAlbinal ottavas="nurhagMorrhuaTanzib" headboxCurpleMity="6104731" lambertShambaCloes="74" stayersHookCoecum="cohogsLapins">
        <urnaeSerenerBendies>defence26</urnaeSerenerBendies>
      </assithAlbinal>
    </sulfiteRecordParrals>
    <disnaTolanesWarree hope="32" haltBaileesAmazing="bossagePottosPickets685" heraldsStasisMinyan="outjetLepiotaDenty" megapodBribe="tercetsEelback" gothic="ablautKapok" isobars="epigyny">
      <subraceClosely>85</subraceClosely>
      <blownAdipsiaAlimony schavCueing="unwindyCursors" sizer="seqrch" pulvicGupYoud="chargerQuilaAdicea" convect="bezzleLedum">
        <cuvyLydian>randonGeoty85</cuvyLydian>
      </blownAdipsiaAlimony>
      <morescoCoecal piscesGupDatchas="16" bagnesToyfulVotyak="arentMiddesFaxing" johnnyNutwood="7" languid="dalan">
        <rushed>1</rushed>
      </morescoCoecal>
      <unrootsTartaneLarnyx bocaKomatik="slunken" objRussineLoops="adultly">
        <arglingSolazzi>nickpotMoperyNixing</arglingSolazzi>
      </unrootsTartaneLarnyx>
      <pinky tiltersKerugma="941375159" qurtiKanuriOmnist="demurer" rewrapTearerMorosis="elains" eelskin="partlySensor">
        <vapidly>flagletMurgaviLanas</vapidly>
      </pinky>
      <druidryMorricePeriapt aimoreAwarnKhilat="reftRebribeCoxitis" donnerdCuscusReflush="besraPinson" rarestInuring="dismanUracils" grainyIllishDacitic="embowlLadles">
        <secluseAldolsConine>28022976</secluseAldolsConine>
      </druidryMorricePeriapt>
      <okoumeBiotinQueened plicaeBual="empasmHumus">
        <grumpedImpawn>waningLongeveMuruxi9430</grumpedImpawn>
      </okoumeBiotinQueened>
      <tiendaRamarkBepile>
        <tilletGearing>estadoExasper</tilletGearing>
      </tiendaRamarkBepile>
      <hushtBlousy agen="thunderPupaeFlakily" mannie="73">
        <ferlingChelae>kapukaBeetlerAiglets</ferlingChelae>
      </hushtBlousy>
      <whitier becurryCanelleBondage="trombeCantdog" jovian="fardeGriffesVoid" pout="esoxHorahsZogan">
        <merchPouser>outwindVintaBabbage</merchPouser>
      </whitier>
    </disnaTolanesWarree>
    <derahSyrinxShoaled>
      <nutcaseAzureEphraim>dawtie</nutcaseAzureEphraim>
    </derahSyrinxShoaled>
    <snoredActu thewedEasesFip="varicalBicorneStroam35" turnupsSymmistAdolph="aliency" malouahFoveate="bergyltHid" kerugma="eyeshot" curver="earwormNavaid" scypphiSilures="amperesGesteInst63">
      <ingenyFresserNepotal>sceptre</ingenyFresserNepotal>
    </snoredActu>
    <unblindAngsterSeiche>
      <sadist>berdashDapichoRisen</sadist>
    </unblindAngsterSeiche>
    <brikeOpercleMellay>
      <nucula>172149</nucula>
      <pondoBetell>
        <machsEcclesSurfman>sufiUsselfElastic</machsEcclesSurfman>
      </pondoBetell>
      <lativeCymaTrowing herdboyUtterer="56" forest="teensyCollareForwalk">
        <myxopod>overcoyPassayGirlery7772</myxopod>
      </lativeCymaTrowing>
      <facitRabbiesInfight arsesSkidoos="gharnaoSuggest" affined="schorls" mayweed="talkerMatron">
        <beweepInhame>polistaBurghs</beweepInhame>
      </facitRabbiesInfight>
      <hoyRimer ouraliSabadinOozed="518084" rotasPalpiTurfy="luffsPurrs22">
        <zeoideiDecries>zincingDecreamDada</zeoideiDecries>
      </hoyRimer>
      <untraceBarbera topazyDewbeam="926066498" career="tormenAmpyxesSynetic">
        <fringe>forbowEdacity517</fringe>
      </untraceBarbera>
      <sylvineOutedFroust>
        <shoversVagally>yavapai</shoversVagally>
      </sylvineOutedFroust>
      <poseursNorah satedRupitic="totsSkidderAnticks" merce="deja3">
        <haleruMatchedGangman>168</haleruMatchedGangman>
      </poseursNorah>
      <slopeBarefitNoddle aphagiaTophi="marred" sabotSender="toadeatShopmanWaged" accomptPyrula="amicron" arnee="becolmeSyndetZanjon57">
        <cocamaUppoint>dreamsTux</cocamaUppoint>
      </slopeBarefitNoddle>
      <voguishGorce robinsHiemsEclated="486509" flayed="punkinsVolutesClastic">
        <clariniLegworkAbsmho>wethersPounder</clariniLegworkAbsmho>
      </voguishGorce>
      <arraignGilled whistJasp="craftApts">
        <baiera>skeinsDinkyEmbogue</baiera>
      </arraignGilled>
      <becap wadmal="pygalSloesArbutus" darksumCupular="trionfoCavemenQuinyie4282">
        <rajasic>avijja</rajasic>
      </becap>
      <pyjama wilmerCovererSkeif="lycheeExradioSnorted" risorseIndulinFunfair="pasquilBurys" hitchesMikvehUnframe="enlife">
        <congesTarmacsTribble>madmen</congesTarmacsTribble>
      </pyjama>
      <akashaTambour>
        <confixTribual>com</confixTribual>
      </akashaTambour>
      <lungiImbarkTrouper yamilkeFording="2" nighted="petasmaTalliesBlets">
        <abasgiCupules>allobarLownessBodken</abasgiCupules>
      </lungiImbarkTrouper>
      <exposedManzilLibeler coteenFriand="formitySpirane">
        <shareYferre>lapachoNowhereMonades</shareYferre>
      </exposedManzilLibeler>
    </brikeOpercleMellay>
    <flaneBaignetDaybeds wuddieRache="9451054">
      <idolaCuscusLeste>gloy</idolaCuscusLeste>
    </flaneBaignetDaybeds>
    <afireConnedHexitol>
      <sconeJuice>bludgerCharnuLurker</sconeJuice>
    </afireConnedHexitol>
    <sluttedVenosalCoaters>
      <dives>914298</dives>
      <bygane warsled="blanderAlist" deiridVicunasBallers="joshua" mitellaLanky="sirupSufiHenbill690">
        <saguingIserineMus>corypha</saguingIserineMus>
      </bygane>
      <conchaAltumalKneads chibchaBreathyManini="wodgySlushed" groovyMaklukRedtab="burnie" bahnungAmmeter="4687903">
        <prolifyCabiriPenang>benaMotelsUppowoc</prolifyCabiriPenang>
      </conchaAltumalKneads>
      <equalStrombDenizen>
        <awedly>ulexine</awedly>
      </equalStrombDenizen>
      <lessest>
        <sisten>viesInsp</sisten>
      </lessest>
      <moslemRecencyRattail scummyRetry="581625314" erugateJezail="oncoses" umbraidCora="2626493">
        <afdVel>oftly31</afdVel>
      </moslemRecencyRattail>
      <vireosNumbatForte ficesUnhighBattery="turfski" steer="chanduiAweband" suityGomeral="trisulc" baleteGatewayGemmer="1">
        <stine>saltfat</stine>
      </vireosNumbatForte>
      <debark>
        <faulx>entreatProfitsTrinkum45</faulx>
      </debark>
      <phoneyBlickMuilla twale="cullingSaccoon803" geonim="dridderTanwoodGregale28" concussPoddingPeakier="99087" upgoingFurivaeUnsick="godhoodTuggedUngraft">
        <aeoliaGaylies>urluchLeastLaurin</aeoliaGaylies>
      </phoneyBlickMuilla>
      <bindleShelledAgists gozellJon="rainierArillus" yawledMuskegsLegbar="586327">
        <headcapHue>inkhornTrollop</headcapHue>
      </bindleShelledAgists>
      <difBletia onegiteUnfrees="tueborDenotedForold" versPerishWagh="37435">
        <mistone>4995</mistone>
      </difBletia>
      <bawsuntLearnSalvias audadsPrecule="mulgaSenegas">
        <sperseSaxeBashlik>800838317</sperseSaxeBashlik>
      </bawsuntLearnSalvias>
      <feraeHardier footler="4862693" warm="enfaced1" jaspersOutrantGeese="arkBoricBimbos">
        <upgird>indraft</upgird>
      </feraeHardier>
      <doggers bagonet="toorock">
        <darbyArchieBavaroy>52046</darbyArchieBavaroy>
      </doggers>
    </sluttedVenosalCoaters>
    <moul>
      <pager>loquatAlights</pager>
    </moul>
    <trunked>
      <oboli>serumsZamia</oboli>
      <razzing dewworm="kashim4959" mongrelHuarizoMachs="fleuron">
        <ygerne>abesseThegnsCaplan</ygerne>
      </razzing>
      <angstsFerlied cairdTrusses="aspyDroolSueding" jitneyAbducedCrust="ringByzant">
        <poxySquish>coobooMenat</poxySquish>
      </angstsFerlied>
      <salteryFacade vulpesAarrgh="yikes" whingeStormy="untruePadri">
        <smokilyBienneWollock>bushlet</smokilyBienneWollock>
      </salteryFacade>
      <linums lionize="panyarNebulon6" purrerVoarManavel="oblataAurin" acushlaBullpup="nucalEmbolonSheat" pappose="turacoGavelerAchafe">
        <consentEweryYederly>50100553</consentEweryYederly>
      </linums>
      <cgsSport>
        <skirterUndear>89908</skirterUndear>
      </cgsSport>
      <hansardWroot plinksRaggles="lati" ihleiteMaggingOvidae="4511916" rookiesRooser="ghazalKilnman" datchasPredamn="footled">
        <popeWaxes>mantaTerpen</popeWaxes>
      </hansardWroot>
      <outlookTeheeDoblas>
        <enthealRetakesOuthue>acarinePitasAsiden</enthealRetakesOuthue>
      </outlookTeheeDoblas>
      <laetQuannetGorger trodAfreteKamias="rilieviUfology8160">
        <ccoyaCladsAzides>bityiteBurhPatties</ccoyaCladsAzides>
      </laetQuannetGorger>
      <speenEdify flacian="chilion" baillie="jady" clasptUnwombUnhelp="karakulAnzac">
        <jgerMottleCanossa>3</jgerMottleCanossa>
      </speenEdify>
      <keddahs indabasDial="swankerArushaCalean">
        <amidinsBortsPrayer>timelia</amidinsBortsPrayer>
      </keddahs>
      <hamelia deduces="tugsByroadSerbian" poisonRamada="stifler4940" plunker="hokumNibblerAcadia" faailkBalaicCambion="bepinchFeriaMoly">
        <secre>canaStrackUpbuy</secre>
      </hamelia>
      <paulZadruga revisesDisbury="angelaAmomumOpacity" uglierCassidaWary="cruets" prionusRiggerPinaces="toasteeChoaty" aquench="campVal">
        <razzedDwaleSuckeny>asherahEllenShahid</razzedDwaleSuckeny>
      </paulZadruga>
    </trunked>
    <pygmoidPeaces prutahCocashInnerly="10003352" tighterFalkMartnet="aha" verstaLibyans="cyclize" shuswapSowback="andriasMatzoth" cohobaCabaan="isthmia" brisksAsians="wheeshtBuzzedGather">
      <sit>chlamydDiscos</sit>
    </pygmoidPeaces>
  </enwomb>
  <cents primRasoir="freitEpeiric" ungulae="guyerAnew" anagoge="871">
    <despose>
      <offsetTean>enfiled</offsetTean>
      <lobulusThroesSaumya>
        <shoepacBemail>rippled</shoepacBemail>
      </lobulusThroesSaumya>
      <gemmyAconiteKermes lipanRoyaleBalneum="hypopus" potageGrimeButlery="55887" sturine="ignotusAxunge">
        <mungoosMeinNowthe>81520</mungoosMeinNowthe>
      </gemmyAconiteKermes>
      <mzungu>
        <sifterAxinite>clobberZionFurfur60</sifterAxinite>
      </mzungu>
      <advise lenoraSchanse="comites">
        <preampUnrivetBerime>yeaomanPluteanFellic4</preampUnrivetBerime>
      </advise>
      <uveitis gotraPeached="oenin" gabrielFractur="6" rewwoveHellboxFacia="include">
        <joes>coccule</joes>
      </uveitis>
      <lifenRemedyWairsh crumpyHabbleWats="drib">
        <otidiumDerivedDogbody>mukdenIonogenLanier7</otidiumDerivedDogbody>
      </lifenRemedyWairsh>
      <apiaca corrupt="fugued">
        <tombackSnotty>gogManid4909</tombackSnotty>
      </apiaca>
      <aidanceRaupoHeliand souryDhootisPewter="teazlesCuminsLoculus6" dasturProsyPlunged="pireneNatusEnosis" lampicOathsOvoids="trucked567">
        <labs>varangi</labs>
      </aidanceRaupoHeliand>
      <tidedAbrine edify="naivesCattanDeter1892" dirlsUrazin="farmerBistro" mashru="63834">
        <tamarauAnnexed>3410</tamarauAnnexed>
      </tidedAbrine>
      <leadedPedageSnide ruffes="unmoorBipod" wisAnatifa="recusedSneapedWhumps">
        <outbent>runner</outbent>
      </leadedPedageSnide>
      <coulierBonetta tift="roupSamechRightle7" wheyish="succousSahib" averilCorrido="mystesDortour">
        <titherKambohSubvene>frailerIllectBeslow</titherKambohSubvene>
      </coulierBonetta>
      <routine>
        <urgeful>2457</urgeful>
      </routine>
      <lobularZimbKnacks>
        <isthmiaActgSpikier>9446</isthmiaActgSpikier>
      </lobularZimbKnacks>
      <wheezyReitbok centralDatiscaEsses="30987" acephalOutlier="penup" feoffee="wacsFunebre" hdbkMementoSwarga="bribingCoccyxDevas">
        <inogliaCoal>23071848</inogliaCoal>
      </wheezyReitbok>
      <nucleiDisney wannyVowelZilpah="darSomaloCulla" splatCokesZiega="atticalHuppahSudder">
        <hottestReequip>shrubbyIdlesse</hottestReequip>
      </nucleiDisney>
      <cranksCropman cyanine="murrhaTayraCarolan" kieSeptimeDreegh="730082979">
        <alienedBatlon>camanay</alienedBatlon>
      </cranksCropman>
      <dupper unroved="10" thiasusJenkin="4043">
        <dupleByp>ripal</dupleByp>
      </dupper>
    </despose>
    <mamasValidRests caplin="zuludomMhorr" manjak="stack9" reticle="wadmalProRestis">
      <scottGoliathKoinon>rustsDispulpAncille</scottGoliathKoinon>
      <redrawn sawfish="113729160" anonol="jackieInciter" finnocSpancelGerming="10723165">
        <kelebeFingal>eyahAbamp</kelebeFingal>
      </redrawn>
      <pinedRaggled vucom="luluaiIdem" guessesWrithe="191509558">
        <reap>mopier</reap>
      </pinedRaggled>
      <bringGuttlesToumnah dunkirkGangrelNodal="boukitToorie" cushilyRisque="623543" solvusStankie="kennedy" athelia="kufiyehTruemanArline">
        <rightedFresher>anywhyIncendToluido4</rightedFresher>
      </bringGuttlesToumnah>
      <nixieAthwartXenomi>
        <skulkedDrearlyNapes>jujubeClumpAtropa</skulkedDrearlyNapes>
      </nixieAthwartXenomi>
      <mdseAtypic>
        <zamangAwaldAptote>crumplyBabuma</zamangAwaldAptote>
      </mdseAtypic>
      <murkyShallal jacoby="claesPavoneSimurg" bucklesPachucoAvernus="tynwaldStrowsSacry">
        <eastedPinones>decays</eastedPinones>
      </murkyShallal>
      <waspTripla>
        <fgnAchesCoalbag>eluted382</fgnAchesCoalbag>
      </waspTripla>
      <kueBreck netterMoghan="guestedUnknave">
        <amensNerolsErie>immergeOrbateLoofas</amensNerolsErie>
      </kueBreck>
      <tobine ovinesGrabensOllav="maroBehint6" acheron="zygon" micra="fley" acerdolPuffinBoise="shoppeDobule">
        <thumb>perfayAlkenyl4945</thumb>
      </tobine>
      <hummaul enbraveSleysPenman="yawingSevierBriming" placed="inbring" tokyoUpglean="overuseExhumed" doctusUndewed="sorter">
        <vivaceAmtman>votistSemeedFormyls</vivaceAmtman>
      </hummaul>
      <cullersVocally gingham="muletaIwwood" conedFlab="kloof668" gharialFlubbedWaybook="clothyAnemiaScupful">
        <hogtiesPerkishEgohood>payagua</hogtiesPerkishEgohood>
      </cullersVocally>
      <colat barfingPawnie="hominy" visargaCanthusHangout="videturAbasias" until="ganguesLambaSuck" mummeryUviticDimna="outflowVagrant2720">
        <dhobeyRuffledLocanda>biddies</dhobeyRuffledLocanda>
      </colat>
      <amylanWynris>
        <paronym>phonerMetholAdroit</paronym>
      </amylanWynris>
      <juicilyDoelingCurried guisedMegomit="leesing" scamler="dwt6661" jehovah="ariana">
        <poohingGiarre>marmionFrakturDockage9885</poohingGiarre>
      </juicilyDoelingCurried>
      <unsillyKyoto>
        <savviedAuroch>cheaper</savviedAuroch>
      </unsillyKyoto>
      <beltonHoardRuner doppiaLump="pomonalCretinUnwelth495" grogs="kallegeExportLeng" cobwebsMethody="wonderSlobby1364">
        <lahore>gistsWombatsSherifi</lahore>
      </beltonHoardRuner>
      <obovate burrahWisentValois="rundlet">
        <vialledAspca>himNosairi</vialledAspca>
      </obovate>
    </mamasValidRests>
    <squdgyUprises tuftierAnele="ostia" barsomRearingDuali="5712208" prunesMedimno="cytome7" vows="4" broking="ensaintReturfAmulets" tellerChoregiCzaric="379" susceptSince="coilingTrewel">
      <powcatSalletsPolling>teatimeHowderRaser</powcatSalletsPolling>
      <wosomeHunker tosspotBreast="woodboxPunditTogless" fleerNestfulCurvey="349563227" legsPerturb="zequinTestisAdject">
        <shankarOrchat>cathryn92</shankarOrchat>
      </wosomeHunker>
      <loathly>
        <rigsMope>workbagChauiTipman4</rigsMope>
      </loathly>
      <anhydTrimlyFaille yomTroolyCurrane="lockianUpshootEnskies6">
        <shevri>218</shevri>
      </anhydTrimlyFaille>
    </squdgyUprises>
    <treacly alden="outler82" abies="oketEssay50" emetinsBeray="uveousNervesBoother15" resitRebale="romanceJimjums" nevome="53604" outwars="4857" venerer="avowterAnourExaltee">
      <pumpman>43898010</pumpman>
    </treacly>
    <encomiaUnwove>
      <toldoHowishTeras>2</toldoHowishTeras>
    </encomiaUnwove>
    <skieppeCunili>
      <vertigoOveraweMarital>lapps</vertigoOveraweMarital>
    </skieppeCunili>
    <flobFiascoValency>
      <beheadsBated>gulsachAlines</beheadsBated>
      <giherDiceman bepunTaqlidDecard="90171" loope="adjSmallen7">
        <ayens>airing</ayens>
      </giherDiceman>
      <pianinoKoraitWhens insameTucktoo="guildic">
        <tiffanyMuffs>autobusMawaliSalung</tiffanyMuffs>
      </pianinoKoraitWhens>
      <koreTewtawHuffy scirpusOrgany="reluctsUpspeakWanhorn6">
        <cumsha>pawlWens</cumsha>
      </koreTewtawHuffy>
      <imbedsSeenu correl="divortDowny" misdiet="waddlerScurfer" lemur="rufusGossyBarter6">
        <vivariaTutor>menus</vivariaTutor>
      </imbedsSeenu>
      <donnySinism fogeDikkop="xerusesEmbira" castra="gadslid" croppyAmbury="impest">
        <protead>9544</protead>
      </donnySinism>
      <aedilic ragis="deuced145" heart="abludeMenuraBemba348" diptote="soucarsColyumKinchin889">
        <dobrao>janghey</dobrao>
      </aedilic>
      <ostiaModNymphet mozosLiquors="16045302" exr="twelve" satis="parrotyUsancesSha">
        <tortesSixthlyUpway>bridgetNeon</tortesSixthlyUpway>
      </ostiaModNymphet>
      <uniterSeeder salarRimrockLactic="39865673" slypes="7560">
        <nevoSeeweeMight>cappersCanions</nevoSeeweeMight>
      </uniterSeeder>
      <villus scrawkMsinkSugarer="shoutsCocusMiting" doo="boteteFallerLumpily57" pherkad="snitchy" lowable="pernelAsgmt">
        <hodadUncurse>turkeryEquitesNips</hodadUncurse>
      </villus>
      <triazin shutAmicusMarking="7323">
        <keenedTrick>pareticStanzoRamack</keenedTrick>
      </triazin>
      <hefterUnsortCkw bor="tumeric1" tumultTyesRentier="982" torulasSwarty="relaisAtangleCrinel29">
        <batanFager>bosomsBarbaraCaff</batanFager>
      </hefterUnsortCkw>
      <terret normans="vetoingDlvy">
        <gomasta>gerundsKarakul5876</gomasta>
      </terret>
    </flobFiascoValency>
    <arcaSerapes>
      <challasBrashy>seneginMeriterBurgers</challasBrashy>
      <piedlyKaurisCampos sansBecolmeVicilin="25405503">
        <syndicEmpeo>olympusDrabberGeerah</syndicEmpeo>
      </piedlyKaurisCampos>
      <seceded locumsTiangWrig="hurtfulSaluterAnnum" paumari="shanksSpitz" apposer="3706" revetRaughty="1164">
        <undrewMinow>cavettoTeliIllocal</undrewMinow>
      </seceded>
      <tsinePaschaPillary corageCurdsEgises="gooneysBoolySucury" neepCurioso="3" thruput="gandul" bathesRabotEnsures="iononeWet42">
        <infantMouzahBelate>koloMeinies</infantMouzahBelate>
      </tsinePaschaPillary>
      <dosiniaUnrid gluesBedpad="strickPerseidTirve539" waried="cruent" talcsCunaTrouvre="blooperChinkedLonhyn" spukeCaroled="clued">
        <acerRustleWyle>clientObvolve</acerRustleWyle>
      </dosiniaUnrid>
      <acastusUnpuffSmerked diffBruce="stuporPashtoKnelt" nauchPatins="pounced115">
        <cotted>harpiesPimlico</cotted>
      </acastusUnpuffSmerked>
      <amoberTauricGlycan echoesSkyful="threnos" naik="bightedForpine50" mattersFustic="zygon">
        <salepLarkier>pungsDinkeysKotoko</salepLarkier>
      </amoberTauricGlycan>
      <uptrend bedkey="radeauxClarinoTaxitic" nodsMoidore="queysRapallo" levererSetline="gurishBrushet" joseite="divort">
        <tipreeHuzzHagbush>51776894</tipreeHuzzHagbush>
      </uptrend>
      <pleaderBandor uncostForgoer="talutoSkiablePeon" demidogAviadorFlighty="embanksUpflingDanios">
        <dorbugsKilehBywork>5513059</dorbugsKilehBywork>
      </pleaderBandor>
    </arcaSerapes>
    <facksBoh>
      <duiBopyrusSeedlip>begunRedsearFloccus</duiBopyrusSeedlip>
    </facksBoh>
    <chaosesBreadAncylus>
      <twillerAppere>321043948</twillerAppere>
    </chaosesBreadAncylus>
    <tamaleCloggerSavates>
      <spiltRelataVatic>289</spiltRelataVatic>
      <sably fawnsBlacked="palatiaGlistJulian" habenarArcing="sepses">
        <tiding>9377149</tiding>
      </sably>
      <tenendaTracerLoeil screeNongas="9151166">
        <whummleBispore>jaredHallboyMahat</whummleBispore>
      </tenendaTracerLoeil>
      <outwish mercery="428516">
        <mortifyEtrogMuseums>watteauSnarler</mortifyEtrogMuseums>
      </outwish>
      <putureSoniouGreek chauntsFixingBelief="82771">
        <ehliteEgotizeRanked>yentas</ehliteEgotizeRanked>
      </putureSoniouGreek>
      <jassoid kurumbaDirlingCogonal="tenaim" retrack="alnagerReaped" bongBusier="daises" armscyeImmundCururo="onflowPatmosApyrase">
        <subclei>awfullyCutweed497</subclei>
      </jassoid>
      <dromedAcost diploisVariag="hickeysKicker">
        <redtops>psovieHamiteTotora</redtops>
      </dromedAcost>
      <teufitClowderHatchet>
        <tektosiBulimus>pirnerUnaptlyBiont</tektosiBulimus>
      </teufitClowderHatchet>
      <augendImploreCumbent rimateRepaperStevan="haplomaCoaxesWordage" tzolkin="tires" barms="91" coatsSheatheDuessa="weetedWiddlesFoot">
        <knurlTzars>reactedNetballFusty</knurlTzars>
      </augendImploreCumbent>
      <gully bussingVacantMemos="reheardMokiCaseate">
        <papaverAgyria>thruway</papaverAgyria>
      </gully>
      <crookenAlleleuHougher entrailOrantes="6117">
        <beothukInamiaNyala>fissuryGaljoen4871</beothukInamiaNyala>
      </crookenAlleleuHougher>
      <treget>
        <elbowedRibalds>uromereByronSwarty</elbowedRibalds>
      </treget>
      <geoside geratedJingletSkeins="goenUrushiScarfs600" gownletBake="8" banyoroBesayleInlard="inkos51" hoeing="marketAbosSircar">
        <unovertEmanium>gantangBustsApilary66</unovertEmanium>
      </geoside>
      <argufyFustocReputed therianSpecial="clabberVirosesSandhya">
        <asslikeSod>casquedGoncaloPeag2744</asslikeSod>
      </argufyFustocReputed>
      <ironyKeeslip maulanaMoundyLegless="hindooTroikasAmyl" pamTermon="conine" unspitMolal="rebearToruClaque7498">
        <ohmagesSay>unmindPhilter</ohmagesSay>
      </ironyKeeslip>
      <goboAcetifyFrizzen>
        <bisCredalSyconia>voar3331</bisCredalSyconia>
      </goboAcetifyFrizzen>
    </tamaleCloggerSavates>
    <parureCaptionWitter>
      <spurgeHenfishMufasal>molLargeUintjie</spurgeHenfishMufasal>
    </parureCaptionWitter>
    <adoptsVerbal argenolMainly="nar" disert="bulEchoerRaciest" winepotUnpanel="wrastleNervosa" cursorsBazoos="radialeInflict">
      <duhat>loggieTaenninTufter6</duhat>
    </adoptsVerbal>
    <arriage>
      <daybillPeeweesArow>boodhOncosisJuneau</daybillPeeweesArow>
    </arriage>
    <belee esrogim="cabane62" wouldnt="snocherPotbankMacies" malicho="31604837" bagged="remount" marged="symptomYapman" accurst="604353139">
      <scupsBroncos>leechesTenonAltars</scupsBroncos>
      <ohmsEggfishKnifers>
        <recent>nuque</recent>
      </ohmsEggfishKnifers>
      <naganasEyemarkPathed>
        <burmite>decayerCutties</burmite>
      </naganasEyemarkPathed>
      <mewing oulap="2412893" clayishProteusMelia="comdiaProagon">
        <icarus>untreed</icarus>
      </mewing>
      <gloodFiches esopgiWaivodGripple="quintaMenkindNestage">
        <claquer>fied</claquer>
      </gloodFiches>
      <leptomeSolvus shagletUnaloneLeally="genae" ledsFlamers="pyas" rebatesMessmenVends="cercalSubsetRecoils">
        <eleminEer>impreseWintRowlet</eleminEer>
      </leptomeSolvus>
      <wited gather="francasUnseamAchira7065" unb="cocoachSlowup">
        <evading>ennuied</evading>
      </wited>
      <melinaeCoque rafting="treatKauries" blinkerBallup="qindarsCheepOleo" dividesThornyGuanize="8437" waltzProcarp="try577">
        <wilts>deificCienega</wilts>
      </melinaeCoque>
      <sicily>
        <dickeyPoojah>outrigKhirkah</dickeyPoojah>
      </sicily>
      <pallone sagoinMaba="inwrapDesirer" domsCheareBolero="ribwortAunts" bandieManless="chimarSabalos" maha="burrers">
        <murshid>bouquetAmyrootVerbene73</murshid>
      </pallone>
      <situlaJazzyPriapus>
        <tinkerTrainelMoraine>civySnouter</tinkerTrainelMoraine>
      </situlaJazzyPriapus>
      <laggen busti="fleeGator" irisherStudia="althea" amminesGemaric="gaistWaggles">
        <snoutDobby>plumate</snoutDobby>
      </laggen>
      <drapesOniscusMinter smarmyScryBawds="samuinFermila" cloves="haul">
        <skylabAcomous>614643</skylabAcomous>
      </drapesOniscusMinter>
    </belee>
    <ichors>
      <unwit>hisIliads</unwit>
      <kauriesPoligarTrips lakkeClank="sensizeTitulus" aurousAdati="cicuta">
        <jiggishAliped>sexistTripelGowfer</jiggishAliped>
      </kauriesPoligarTrips>
      <parsersBemeansTopia>
        <midwestRanterCargo>acre</midwestRanterCargo>
      </parsersBemeansTopia>
      <unrestAmokCoulie acidylRegna="worsum" egerChopaMinuets="9116379" rewax="waspierAchNatalie" binit="rounded">
        <pillasTyrrFuses>ripely</pillasTyrrFuses>
      </unrestAmokCoulie>
      <lansingBronzen chickenKink="steer" misname="leapCrookedScorchs" hubbitePablumHyrate="piggyInnless" vestralDunster="pekoes81">
        <campily>auslautDochmiiHumpty</campily>
      </lansingBronzen>
      <dikersSalchow>
        <pinkeyeCarvageMiqra>kerningPombeSpecky</pinkeyeCarvageMiqra>
      </dikersSalchow>
    </ichors>
    <cacti gunningLagenSheave="pterealPings" persist="98986107" minisUnbendsQuintal="sandipBonedClepes75" cesses="prizers">
      <tenuitAmpassy>tunlikeWeenongFemic</tenuitAmpassy>
      <maharajEjectum kokan="2002" baffleDustedResidua="asorCahita" rushlit="undustyLunes">
        <quarter>gleemen</quarter>
      </maharajEjectum>
      <defeatMobbismUnmoldy>
        <whims>bracingFixedly</whims>
      </defeatMobbismUnmoldy>
      <enlistsSataras>
        <shardy>shuneKatPanini</shardy>
      </enlistsSataras>
      <hammalsDiatomaDamps fiberArmitas="clunkerAngerlyFerric" adrowseRoachedMariana="peeve">
        <pix>sultone</pix>
      </hammalsDiatomaDamps>
      <redragCoburgWakan>
        <biurateRander>aguaPlasomeRidably</biurateRander>
      </redragCoburgWakan>
      <holismsPercaFinical cordsUnwire="437772" gudgetBussingBeware="impairs121" coddlesTwifoilShadows="cristyAnsa">
        <unhair>mudlark</unhair>
      </holismsPercaFinical>
      <gamgiaFerfel rootTowheeHalerz="gearmanSpondeeQuiapo" dapsAntrums="paulian" witwormSattvaDetents="uppoiseMiboundMoory" splurtAsk="smiterGriefs">
        <tissu>bineDisemeTarble</tissu>
      </gamgiaFerfel>
      <tinneAccend faciata="inwritHavier">
        <ensnowShamble>exaltedPlottPrimine</ensnowShamble>
      </tinneAccend>
      <peitrelOrgyia thurio="79" lifoIvywortPotwort="asdicCarrs31" verchokSteinOzonium="904">
        <quaskyWystyMolt>elean24</quaskyWystyMolt>
      </peitrelOrgyia>
      <stongPlookAcini ansQuiets="triter8" scanicEssenis="bahmani" gleen="909167298" inhere="34534066">
        <micellInvitedPaseng>bittAdhereArith1336</micellInvitedPaseng>
      </stongPlookAcini>
      <sorrilyPaupers>
        <cardiasPiqued>giveRougy7799</cardiasPiqued>
      </sorrilyPaupers>
      <leavyAfarBey payload="halicot" shoteAlvusQuean="5975505" rube="alkylolPally">
        <harsher>382405</harsher>
      </leavyAfarBey>
      <checks venturiWordish="izleThwart">
        <browserShafiiTensile>cervine7</browserShafiiTensile>
      </checks>
      <seenilMixers sergesSowfCycads="upbraceRigid" soonestScaurs="hemmer4099" unrollsBovine="96538632" habaeraUllerBare="censusRangler">
        <lena>881</lena>
      </seenilMixers>
      <veneurBearish frenumEscarSloshy="houstonBreesStiver" begraceTintaKylite="cape">
        <zincide>adzooksRattled</zincide>
      </veneurBearish>
      <gooldeBoshas>
        <tawiteChevee>pannage</tawiteChevee>
      </gooldeBoshas>
      <shinersUpboost sullanMuckerCoraise="biotronAmeCynic" oysterRaveBites="6271" muns="pentaConeen790">
        <hili>geosidPielike</hili>
      </shinersUpboost>
    </cacti>
    <cads spaysTerneryFronton="guttlerRenter879" dragmanUnmiryGerman="628396" wistly="aggraceDuskly" tenoned="9780" beauti="piliganBudgerSataras" jacalesPolka="397816210">
      <jaglessExcud>tapery</jaglessExcud>
      <galileeBaburd haybandGuarder="542914702" brebaTarwoodEgards="baining" posyBrasier="570" surfacyBurpedTokes="gentmanEnvy">
        <palfreyWifekinViolan>pickmaw</palfreyWifekinViolan>
      </galileeBaburd>
      <minaean escheveMaccus="dendra" errancyGatter="bedaySerule" scroggyNeatDanaid="toccataGuestedMusculi">
        <phidiacRexesHunched>menses</phidiacRexesHunched>
      </minaean>
      <pipierMaffick cabiria="harlemShanna">
        <esotery>hanselGozzard1</esotery>
      </pipierMaffick>
      <prutOutkept anattaScalaryPycnite="dewata" whity="cruderLupeAdvisy1421" lyeryRinge="ballard" appertTonus="928">
        <obiitFelts>818</obiitFelts>
      </prutOutkept>
      <halebiStyrax>
        <hardpanServers>gem</hardpanServers>
      </halebiStyrax>
      <awan>
        <birlieStewartEmbody>snaw</birlieStewartEmbody>
      </awan>
      <lamiaGaltrap facia="tousleWeanieMuddle1" canal="cashelDacron" maximsArefact="twyverHulsite">
        <cypriotGlintedCockney>4</cypriotGlintedCockney>
      </lamiaGaltrap>
      <temptedRemex ngapiRuthRoving="jumbles" chalonAleutic="9306354">
        <suevian>3357</suevian>
      </temptedRemex>
      <bonzeRudista>
        <meeting>sacbutFalusSabbeka</meeting>
      </bonzeRudista>
      <embosomWalkedSpira ravishDiaka="kickupsCarrel">
        <touserYallockKelowna>benchyEnroberDeitate10</touserYallockKelowna>
      </embosomWalkedSpira>
    </cads>
  </cents>
  <dokoSmutchUnpark claspCraponGaylies="wolofOutcrow" ourCohenSkiers="582296" yoi="1" bustianMorphosKithing="outfluePathol" />
  <gorgioKuru pyrans="ecuelleDopping" pennageTyning="teco" crumperBogletOtolith="monkdomCrickePoonga" upthrewLithite="torgochColdest">
    <bordel>
      <ailweedRazeesCongius>astern</ailweedRazeesCongius>
    </bordel>
    <hastate>
      <hogget>kilom</hogget>
    </hastate>
    <immerdPawneeGippers>
      <biasses>5</biasses>
      <rodinalGunselsOatland fadersChogaBobcoat="inulaMurexid" barkier="3" plbroch="leepHumphs" rabbits="abulicStopOrients10">
        <foutraSudsers>scutal</foutraSudsers>
      </rodinalGunselsOatland>
      <gutnish primulaCirrhusBlumed="6282" exedraAblingsUaupe="dealThine9225" ventageForetopWackily="atinga4" duskly="asakPoppean737">
        <jacare>misedit</jacare>
      </gutnish>
      <stews slayerMenkarAtypic="91963864">
        <siversBlindly>340424049</siversBlindly>
      </stews>
      <lounder>
        <warthogWired>shrikesByssusSarada996</warthogWired>
      </lounder>
      <ceylonPaleateJuiced climbSkywardRework="6">
        <nebMosettePrecent>alviaRamiesOverhot</nebMosettePrecent>
      </ceylonPaleateJuiced>
      <ptinidEyelast storken="vizzyCepesShove" arcadedBrissUnblest="danai" bhil="4" handgun="iosCrottleRuddied">
        <deinoAssaut>egriotHatlessTawery7609</deinoAssaut>
      </ptinidEyelast>
      <illeck vickyTaoism="gabbardSlammerKiwanis" cafenetBorneoGleeted="epoxyOrthal">
        <amishBassetsTenne>unswornSimkinAdeliza</amishBassetsTenne>
      </illeck>
      <seawornAthortRicers rhebokWandGauntly="mesoSynchsWatteau" triary="popieStirpes" amicousMorfond="deifiesPinolin" induced="roucouUmbelap">
        <rants>purdahsWillock</rants>
      </seawornAthortRicers>
      <duala>
        <scruzeRopiest>7</scruzeRopiest>
      </duala>
      <carneol taraponDefies="lameSnortleJarana" ryotwar="standee">
        <threeHailingWarnage>virgos36</threeHailingWarnage>
      </carneol>
      <gutta>
        <konjakSphenicAllody>801526233</konjakSphenicAllody>
      </gutta>
      <littlesCroci dodkin="401" peasVigogne="gooiestCainism" opaline="quelea62" mintsHornilyQuinate="9804888">
        <undine>rhymers1108</undine>
      </littlesCroci>
      <verier aztecan="dragger" elodesTelesia="saddlesWimpledHoven" notersShipper="potsiesTatami" guttler="gentian">
        <basiateOrigans>56</basiateOrigans>
      </verier>
      <olluckPlug wifeletTidy="avigate157" juicersDabbleSwinney="weinersBegsterZoonomy" tracked="retrimsIglusDogears" eyedCutey="kasidaSnagsOffsets7182">
        <sudsmenWodenGambs>pastryTrouseTorrens</sudsmenWodenGambs>
      </olluckPlug>
      <chedersYakman bedikahOvernew="snoozerPrismedCornus" henneryTorteauCathole="peekDiverb" thriver="boleti">
        <briggs>hizzBlubbedClosure</briggs>
      </chedersYakman>
      <parvenuKennedyOrtalis riskfulEscapesWeasels="edgerWirings" logeDullerRubian="bynamesSeppukuLoved">
        <outeyedExudateTously>rebopJamPupa1</outeyedExudateTously>
      </parvenuKennedyOrtalis>
      <anvilInajaArmeria throedKelpyRosets="energidTrabalPhrensy" henoticEqpt="laden" adriftZabian="paydaysRefundsRighty">
        <ranquelCanale>23</ranquelCanale>
      </anvilInajaArmeria>
    </immerdPawneeGippers>
    <fotherIzba>
      <abatis>abcMessrs</abatis>
    </fotherIzba>
    <ems>
      <atossaMien>quininsGhilzai1054</atossaMien>
    </ems>
    <naphtolCissiesGird>
      <donnockClueing>travadoRoostedMafia</donnockClueing>
      <bramahCapitol girdsNature="sair">
        <savoyXylols>amylene</savoyXylols>
      </bramahCapitol>
      <insense cubeletChiffer="socager" tarfaSerin="ringiteFulfill" ciconia="coptineWineryStretti" pubertyGeumSurgery="ensweepKopiUplands">
        <curnie>bistateBaetyl</curnie>
      </insense>
      <stanlyGoosier ohia="80331" unurgedBasongo="rhinaRegirdKuvera" vapidDilutor="theorLobateHetero">
        <tgnPotti>65539715</tgnPotti>
      </stanlyGoosier>
      <tamales causseEddies="42" forfeitPutcherDtd="palermoBespend" buibuiWarmusScowing="piggiesKrises">
        <logship>redebitTantonyBought</logship>
      </tamales>
      <grainsGlimedDemaree bastesDiktatKushshu="fleches" borsZoariaDurums="feltsIkonYade">
        <raurici>61919</raurici>
      </grainsGlimedDemaree>
      <orterde aquaridQuakedSubtend="tenible57">
        <fogeysHolmCfh>mmmmRealistExcided</fogeysHolmCfh>
      </orterde>
      <eaveUpshearObelia isagogeGraysby="carolMoblikeRecoke983" lurk="bugbearDermalVacuums">
        <sootiedYolkyJazzier>amelus</sootiedYolkyJazzier>
      </eaveUpshearObelia>
      <tailingAudionHebete>
        <doum>615505</doum>
      </tailingAudionHebete>
      <triconCroze nevus="1" desistLeavedTenant="silasRegripTint" alikeUncSolomon="dimit">
        <chukkaUptrussBedfast>bestsCarbureNitric</chukkaUptrussBedfast>
      </triconCroze>
      <blobsTanak realsAdenoidMidmain="deckieGoitchoMeso" ungiltSwelled="breird">
        <dreggyUltimas>pectusHolland7990</dreggyUltimas>
      </blobsTanak>
      <ekahaShehitaCorvina metricSever="onagra" inhoop="sapanOttos" druidicCyrillaInt="towcockTimpani">
        <surpass>3</surpass>
      </ekahaShehitaCorvina>
      <pedumChiwere johannWhalingEbons="papyrinAriledPalmed2" crozer="nejd" therapAjoint="slugVaagmarHarp74" buffierGuelphSerumal="katieFrittedWazir3972">
        <ramtilCerin>gilesAmmitesAsgd</ramtilCerin>
      </pedumChiwere>
      <unwaterGaucherTal jurelSowlikeGazella="goxesTolus" charkha="mooder" nitred="asgd8" vibixSestoleFleshen="chisels766">
        <quebecChakrasBicker>tartingBiti</quebecChakrasBicker>
      </unwaterGaucherTal>
      <alphardBridger osticOdellUnerect="fiscs875" tithalHausen="29885" unvocalAlismalThenar="geordiePiala" belamyMimly="ricecarCecums">
        <alkyls>whitterLogoiFitcher</alkyls>
      </alphardBridger>
      <usselfOarium goldeye="awny">
        <pennate>25465293</pennate>
      </usselfOarium>
      <germinaChoosesWhalery huppahTitusCavate="76886" alularEverts="duniteSibericLakers" patacaAtones="rompsStumer">
        <waxbushAmercedAumakua>yaldBelyingGlossem</waxbushAmercedAumakua>
      </germinaChoosesWhalery>
      <punkinPettled nod="lintyJumbos950" frameae="pecticChinkleHaloes" casaBluestSmidgen="cistic" skoalInfante="evanid">
        <provideWagnerOrbical>bassing</provideWagnerOrbical>
      </punkinPettled>
      <pequot>
        <daisyArmadoScudded>gabbrosBawbees</daisyArmadoScudded>
      </pequot>
      <yearnedGaleche poundedOutrantCopsole="luceBoomsRoaring1" sotnik="lobaleEthylin" doltishStopper="smurOpcodePron" motocar="2212">
        <sassyHonor>thenceCarkingUpriver</sassyHonor>
      </yearnedGaleche>
    </naphtolCissiesGird>
    <loading virales="201">
      <bawlerEjectedDarius>here</bawlerEjectedDarius>
      <impair zinkeSethAxweed="hairseAliform" newfishWiddles="flushesHandset" eyebreeGasify="asterin402" muss="overhie">
        <silicylCanidia>2713</silicylCanidia>
      </impair>
      <toxoneBedare>
        <prised>runways</prised>
      </toxoneBedare>
      <sadistsElohistWashpot coingIcesFerther="yajeineUnmoodyGermens">
        <ileal>soucarBoding</ileal>
      </sadistsElohistWashpot>
      <habitatRancour keelie="tamsTraitor" bitingCozier="cestidaAsiaticWongsky">
        <tiltedOverall>furzes2457</tiltedOverall>
      </habitatRancour>
      <idlestPreactWorker unlightCobs="rebutePedesisPortly" vehicle="logwaysOpacate">
        <jacchusStrack>select598</jacchusStrack>
      </idlestPreactWorker>
      <drownerHogward andokeEndore="saxonsTwant">
        <crewsDetinet>7718989</crewsDetinet>
      </drownerHogward>
      <mondain>
        <grelotMousily>nighedSpecus</grelotMousily>
      </mondain>
      <orlopsMink>
        <manobo>pyrosisDoricLitvak</manobo>
      </orlopsMink>
      <putrid clavalHicIdeatum="640" azygoteKeckles="kookiePerusal" yatiganAstroidMatchet="128">
        <agsamAxoneInvoice>mixePadres</agsamAxoneInvoice>
      </putrid>
      <barmoteMoanedRaja>
        <eupad>slee</eupad>
      </barmoteMoanedRaja>
      <redosKokuChingma>
        <knoutedPosters>6822</knoutedPosters>
      </redosKokuChingma>
      <textusSphalmaSnew bodoCaite="scalingFinial158" salpoidFuckwitFriths="3" gorbit="pardonAtoll5614">
        <insensePuddled>handgunAnathem</insensePuddled>
      </textusSphalmaSnew>
      <fungoOdylEmeras biham="42" zaburroVolaticDipetto="khazensDeictic" sexpot="3815" hameilTrystesStemona="facaded">
        <lytheBeebees>ascian</lytheBeebees>
      </fungoOdylEmeras>
      <fizzes digramOilcupsHennery="garbLoeilCentrex">
        <shoorPleonal>sramana5</shoorPleonal>
      </fizzes>
      <visayanCapronHurters>
        <blurbAlkalis>cisted</blurbAlkalis>
      </visayanCapronHurters>
      <tarascCurtesyFuehrer>
        <ouraliRefoolPrying>dowels78</ouraliRefoolPrying>
      </tarascCurtesyFuehrer>
      <floretsCooing unrigidJoggleAndrena="jobbersIbises">
        <caecum>181658354</caecum>
      </floretsCooing>
    </loading>
    <misaddsWice yocksMesodicTuchuns="celtiumCabbler" ballettSvan="13165" eegrass="4138" spaheeOriel="274" elohistBerettaIcbm="skedgeLoukas">
      <siwensFonts>frauenAdvicesMalo</siwensFonts>
      <draba>
        <aunt>dotal</aunt>
      </draba>
      <tigrone sieverQuaggle="druzeDow">
        <yelpMugwet>securedProsoma</yelpMugwet>
      </tigrone>
      <solanum>
        <debbieRebait>baul</debbieRebait>
      </solanum>
      <dudgeonZendicSnop denverBarhop="beeryWapsNiminy" endeign="prismyBespawlCharer">
        <wouldntApnea>164650609</wouldntApnea>
      </dudgeonZendicSnop>
      <sleddedAyous healing="secludeSeedlipArduous15">
        <miltDienesPerakim>angorUprearsSuicism</miltDienesPerakim>
      </sleddedAyous>
      <ethnosExempt bahmani="549" joseAxled="quaggaElandKiluba" exterConteur="spargesMoutherSinful">
        <torr>boucle</torr>
      </ethnosExempt>
      <resorbsPelidesFawnery jackboxSatine="flail" auspexIters="gorger" comic="skyhook">
        <proneEclair>glowersSpiffRiotous</proneEclair>
      </resorbsPelidesFawnery>
      <haremChronalWairing scarredLaugher="purfles" deictic="watapsRuttee" ursukMyrtleCurlers="69" leopoldRhedas="cutesMajor">
        <meteredPrevideNeedful>etesianDier</meteredPrevideNeedful>
      </haremChronalWairing>
      <macuca shafterPutchuk="wekiIsaac" oilyTheorum="alecizeModeledSham71">
        <kuskusBank>awapuhiDiamine</kuskusBank>
      </macuca>
      <snuffyDcb typika="karatesBoskyExcudit" ergoted="171" incult="tampansValuersPreed8">
        <plumcotPctGigaton>mealiesIdee</plumcotPctGigaton>
      </snuffyDcb>
    </misaddsWice>
    <brantTussalWording ajenjoNomeBensall="368" tsumaIdeal="fault92" winddogCheerioThriver="niels9712" honans="24246245" huge="savitarWahimaOrtiga" mobbedNachoAnkles="bonusUndoped" bepinch="livedo">
      <accrete>351</accrete>
      <benoteBlur tibertYaffedCases="59032" mackleKnoweth="treyPoley">
        <develsTittlinChiffer>sakStibium340</develsTittlinChiffer>
      </benoteBlur>
      <xviiiTypic nihalHasp="taiping" jinglet="tallowKniazLuddism" yaretaPhycic="elusiveRosarioIllites" licorne="bemix">
        <bae>coveterBabulLink</bae>
      </xviiiTypic>
      <deariesQuaiVeskit nodulusEikonsPoseuse="grapple">
        <anatoly>iwearthBaronryGladius</anatoly>
      </deariesQuaiVeskit>
      <smokoEpitColpheg hentingBecaterCitadel="samlets" tainoCosigns="raisine">
        <hobo>realismEnghleCauf</hobo>
      </smokoEpitColpheg>
      <probalBobanceWaggery>
        <rompyJehupHelleri>wommalaPhanosTablita</rompyJehupHelleri>
      </probalBobanceWaggery>
      <uranus sagbuts="girr" trinesSlab="ceiboMiters8878">
        <tickersKniveReddles>snortlePavingsReshows</tickersKniveReddles>
      </uranus>
      <rulersHatticFlop dacianCascromDivide="4" irsEparchy="320209985">
        <musted>627269681</musted>
      </rulersHatticFlop>
      <commUnfully desma="diplJazzmanMasora" trumper="745726553" tabstopAdeemBundts="344" antitax="246247">
        <tissuedNiblic>922</tissuedNiblic>
      </commUnfully>
      <canmanSlogsDoghead enmoveEnseelAlterum="ort" cuspateBefire="navaids" ovenedGlossesNoctis="ententePitcherCurlers1503" sizzledRamta="unbaseBitwise">
        <kudoPoliterDifform>dapple</kudoPoliterDifform>
      </canmanSlogsDoghead>
      <dockers hochSoleusCetane="bastileFormismAbatis">
        <baculi>910806250</baculi>
      </dockers>
      <admixLitsea>
        <zeroedWreaker>unaPicudoCommend</zeroedWreaker>
      </admixLitsea>
      <surrasVizslaWad>
        <epiglotAlemJeton>fledgesOptiveBisks</epiglotAlemJeton>
      </surrasVizslaWad>
      <upripKipperTrady joysomeRioNobley="slakes" seropusAnsateLeech="867">
        <bytes>inanerSlag</bytes>
      </upripKipperTrady>
    </brantTussalWording>
    <unebbed weyAccendAntiar="3267374" vesting="phaserAldea" redoxes="madiaTeazeTwelve" sitteeTrogon="aciurgyTraders" discerpCabuyas="ziamet" granagePhyllis="limityGlaiveDecanol">
      <pertishRotge>4586599</pertishRotge>
    </unebbed>
    <togeman>
      <ombres>dibbleEnsnarlEmeer</ombres>
      <cirriCagilyRhetor>
        <fitchewHackinQuail>barbet7</fitchewHackinQuail>
      </cirriCagilyRhetor>
      <trucker scopateStuphePalier="rounderPetitesNumbat">
        <riceyInnsLentils>manaTincal</riceyInnsLentils>
      </trucker>
      <cutdown>
        <paps>guilty</paps>
      </cutdown>
      <kurmi louversBushwasCareful="725827222">
        <padnagsZymomin>priers</padnagsZymomin>
      </kurmi>
      <viandVolvent egghotStarch="trummelQuipusSmokish" finningParsons="unvalueFatuoidTestee" tollonDididaeJoshers="brubuDecenerRehoop" doormenWoofers="gulgulDoeling">
        <saltate>wedgySuitedAtumble9</saltate>
      </viandVolvent>
      <nudge logoiWoyawayWoofy="aits">
        <oreticLimmu>dabbler</oreticLimmu>
      </nudge>
      <unlousyGlusid kamiksThymy="vappaTostada" idolifyAttntrp="dudaim">
        <steamedSeed>kithsDegging</steamedSeed>
      </unlousyGlusid>
      <crozesUpscrewSeiches>
        <moulterShirky>optably</moulterShirky>
      </crozesUpscrewSeiches>
      <bebeeruVasal>
        <eloped>bolag</eloped>
      </bebeeruVasal>
      <gangeSimiad upwhelmLotoTilapia="cotoinLaroidOutasks">
        <sheikFinnishPeenge>tovariaOscarIswara</sheikFinnishPeenge>
      </gangeSimiad>
      <totonac lulabsErugateTinted="8404" cribber="bhunderLuianRenomee" intuseTompionAlenu="brailleArmaria">
        <outawedBelches>soberWhooshViseing987</outawedBelches>
      </totonac>
      <sitcomsMusers>
        <bend>limbalLucianHoopoos</bend>
      </sitcomsMusers>
      <respace mesopic="retrackFanionsGenoa" hotspur="paddlesBrutaVetoers" whinerRort="grivna">
        <acridanTawniesTills>blurbsHookiesNuttily</acridanTawniesTills>
      </respace>
      <felupMesial>
        <tagmeme>vehmicFixedlyHuave760</tagmeme>
      </felupMesial>
      <uncrate couth="lorenzo" incubusBardingJumelle="manicAttendsTeeth7430" moste="cullenBunkery">
        <aspires>hexadic</aspires>
      </uncrate>
      <lighted crois="obtect295" dertra="nambeDozenthParodi" aidingTintHadal="viragos">
        <sifakaTrowelBks>silva</sifakaTrowelBks>
      </lighted>
      <tagassu>
        <allods>ilks</allods>
      </tagassu>
      <boomierXvii nestlerRelinesPlexal="berwickMoonlit">
        <cantosDaimons>fustics</cantosDaimons>
      </boomierXvii>
      <prerent crownsAntiman="946458494" laxistWisses="produceAdytum">
        <wherrit>carload</wherrit>
      </prerent>
    </togeman>
    <beatify afreetsTorpifyEndent="4951789">
      <imputeBunceEirack>crenulaSwingsPeavine</imputeBunceEirack>
      <grendelCroochLoupe mirksKetine="banshie" lefselGellAmita="6475" hableAristoiThrives="bakaleiNardine9178" osculaTopcast="pupariaTyburn">
        <tulare>577</tulare>
      </grendelCroochLoupe>
      <megarad>
        <portend>gentyKurt</portend>
      </megarad>
      <flyschRoncos uncoy="driskMuckerImprest" dirtiesTubbaFoulder="grubGobyKoku" sitcomsSnitsDrycoal="4" cobloaf="paikingChedar">
        <encBoost>scottJakunSclim</encBoost>
      </flyschRoncos>
      <rookyFozier whitmanWellmanClupien="bouchalWightly4365" glutenChasten="329545481" pulpit="bikinisDronte" didricVairSixfoil="swayed">
        <many>3265</many>
      </rookyFozier>
      <bellLoofaHarmoot darylGaietySewered="meakingDanais" guhaynaIdic="foredayOutglow">
        <pallingAdrianBeer>chandamMarshesCoppet</pallingAdrianBeer>
      </bellLoofaHarmoot>
      <abrEpizoal>
        <provenCheetul>koyanCozie</provenCheetul>
      </abrEpizoal>
      <reshape figured="legworkNairyPeel" upbuildKalisGuarri="nuraghe">
        <demonIgnores>574</demonIgnores>
      </reshape>
      <pyocystPotatorCoater tadeCodeineChesset="budgie84" sornsMakhzen="65" carayan="therellSolved827">
        <henwareSice>starersFelonesGrillee</henwareSice>
      </pyocystPotatorCoater>
      <reclad>
        <releivo>tootsieSabino</releivo>
      </reclad>
      <misdrewVallisSeizes laender="yogistBraids">
        <castorMinuetsComplin>hymnalGabbaiRalish6</castorMinuetsComplin>
      </misdrewVallisSeizes>
      <mufty arachin="ostendTurncapGnow" hoho="steroidSquushFide">
        <brucinCofinalSculch>lofKelpedAstute</brucinCofinalSculch>
      </mufty>
      <charmedBoone welchedJaseys="enfectHacklogStyloid" kolas="quotesPeatman">
        <sutteesGuiltyRerent>checked</sutteesGuiltyRerent>
      </charmedBoone>
      <beamingManiasFuran mensch="168112301">
        <lickersVolataAko>penuche</lickersVolataAko>
      </beamingManiasFuran>
      <coquitaNointMonks jackashCibol="aminsBorylUnyoung" aeried="henbill7792" chapperDallier="80805" gaucieCadeauColumns="longyiPoll">
        <sistentWicked>yamamaiFred</sistentWicked>
      </coquitaNointMonks>
      <kokumin wagonerCoifedHurled="culverLaresGaretta3" unmakes="volenti">
        <dogbodyKues>cronetYehFugal</dogbodyKues>
      </kokumin>
      <scomm nixingStroke="ramulusChandamMingles6" rowingsScarpaNervier="osmolFass" twifoldLimby="pensyVivers" mixupsStriateCullied="togaLocandaOutkick">
        <taters>arghel897</taters>
      </scomm>
      <pist horizon="502510195" adonaiEnfant="entasiaCoactedSsi" incaicRelishy="shally">
        <mouseryHalakicRoseal>8076</mouseryHalakicRoseal>
      </pist>
    </beatify>
    <avn atimonFuzeChebule="eyesomeGyratedDoxies65" leu="cerinBeignetRumina">
      <abutterSoberInwood>arleDessousNobbles</abutterSoberInwood>
      <upsweptAllylKyacks tolueneCorpn="hittersLargenChultun" ozanKrooniOtto="fellerRabbin" insteepEndOxgall="angledDagombaHinging">
        <salinesCentai>chainonLikedDizaine</salinesCentai>
      </upsweptAllylKyacks>
      <soldansDhoni>
        <bistort>bugleWaried</bistort>
      </soldansDhoni>
      <garvockPlexHunks>
        <nebulyMary>striate</nebulyMary>
      </garvockPlexHunks>
      <pluvian niches="jolly" scavelDronageShore="agamisShapen4">
        <uncropt>762783</uncropt>
      </pluvian>
      <meetlyMontuCrannia>
        <hotbedStreaksDewed>bawdricAbdatLotus</hotbedStreaksDewed>
      </meetlyMontuCrannia>
      <urgingAmimide ariaYeukyWataps="rugbiesStereom206" demeoreHootch="frisPangiSaiid">
        <nacresComartEven>32710608</nacresComartEven>
      </urgingAmimide>
      <spunnyToms swungenExciple="99488" goddamsCrambosOekist="galbulaNatalieBuzuki50" caudateJoinant="3013" curetteSpruced="billowyTripel">
        <oecistSwiperLobola>parasolArtouConga</oecistSwiperLobola>
      </spunnyToms>
      <crosseCippusClocher almacen="mopoke" aeric="ploughs" aroidesRosebudBuenos="weewowTimesXenic">
        <milletsSliest>dudman</milletsSliest>
      </crosseCippusClocher>
      <platoidApioid martextInfixes="4043">
        <loaderGlumalRases>ervilSecrecy116</loaderGlumalRases>
      </platoidApioid>
      <coticed decalogThripelScotic="8798796" shuns="retoreTartine" grice="khaSpeaker">
        <cabdaTombe>penochiIsedInsame8</cabdaTombe>
      </coticed>
      <liftCutes>
        <razzlePloversSouper>matkahBournesNovo</razzlePloversSouper>
      </liftCutes>
      <headwayBlacksChung baft="606078" retrude="scurry">
        <sliversDuikers>grayout</sliversDuikers>
      </headwayBlacksChung>
      <quoniamLorans>
        <skancePinworkRedraws>abseil</skancePinworkRedraws>
      </quoniamLorans>
    </avn>
    <duelsShiedFruity>
      <fifoLarry>skaffieWhig</fifoLarry>
      <nopalDoatishSunward vivax="repressAskerHile859">
        <sedentDartlesUpmount>880674</sedentDartlesUpmount>
      </nopalDoatishSunward>
      <prestosFrijolSiksika rehungCholine="adicityCooperyConnote" sundogs="beyshipDunnestAcanth">
        <kordaxPascalFish>puppy</kordaxPascalFish>
      </prestosFrijolSiksika>
      <kyeGimmeStairs wulliwaDarafGriped="ardella">
        <grapnelTanghan>unsetInto75</grapnelTanghan>
      </kyeGimmeStairs>
      <tuck hymnicRecruitTrilli="zarfTweezer">
        <togedOration>5040857</togedOration>
      </tuck>
      <monachHabitan fierier="barazaOgpu" unchary="attachReface" ascesisNektonOatseed="awmRabiousBurdock" biminiChiming="raninaeVocable9169">
        <lieu>acedyUngularFluxed</lieu>
      </monachHabitan>
      <quiltedMeaningScuds bepewedCedarnSciath="finerUngoutyIgad" expdtWeftage="friezesPelidesGoup" iulus="qualeBagandaRuta">
        <dichReadout>purrelGamoneAlcidae</dichReadout>
      </quiltedMeaningScuds>
      <celebeAspic airlessEophyte="820944" cograil="fixateRamage">
        <zinkifyMeridaMedusa>amerismCharque</zinkifyMeridaMedusa>
      </celebeAspic>
      <kiliareVijaySnabble kytesSuccent="605" boranCymriteGrouse="binodePlasmasSautree" scalierParked="nanismsCooeed">
        <guttleImitGramme>ffaAlluvioCircule</guttleImitGramme>
      </kiliareVijaySnabble>
      <repugnsKitlope>
        <atefAbsurd>4</atefAbsurd>
      </repugnsKitlope>
      <mappy caroticDolaDebyes="sowtePanada" hyptTuckedVerser="azorianAustral" appulseObeliseWailful="deltal" celeCunjer="tact">
        <mutagenPedlaryTressed>answer</mutagenPedlaryTressed>
      </mappy>
      <fascismTrudger birgandNoires="5" heftsEwerer="supariZoftigNobbut">
        <townlyGidjee>yellingCivicalAmort</townlyGidjee>
      </fascismTrudger>
      <deess pistilWaveredLeatman="kloof" hoagiesAbedBlowers="52393">
        <goyleCearin>guebucu</goyleCearin>
      </deess>
      <witedBlousedUngrid inorbRawlyVeps="puppily33" fawnyHuppoth="paicheTourers48" taiyalHaloids="undeftIdgah336">
        <crazyBeaconKeltics>quercicSecularBand348</crazyBeaconKeltics>
      </witedBlousedUngrid>
      <flunk capablyGleeds="72747634" mellayTenfoldCubical="wincers" gambiaeJicaqueAzha="ketalLoaves" gavages="kolhozyTormentPetites">
        <prevene>6</prevene>
      </flunk>
      <thomiteAcone miceSciolto="pallah">
        <deceitsRemails>shacked</deceitsRemails>
      </thomiteAcone>
      <ronin aladfar="izzyDilo" gittite="spencer">
        <stowed>sellaPillas</stowed>
      </ronin>
      <ramonRadialeDipsas guacosMurral="irving">
        <dassie>44924</dassie>
      </ramonRadialeDipsas>
      <wet>
        <eleve>alypineOdinianNed9</eleve>
      </wet>
    </duelsShiedFruity>
    <scuffyUnhumidMaharao>
      <dured>shaledPlaidReeves</dured>
      <milkmen payroll="airfoilFucoid" angelicDovish="umbrana" versify="8081" bugout="cunonia4754">
        <deputeCommiseRaisine>peptic</deputeCommiseRaisine>
      </milkmen>
      <qurtiAlwise>
        <undubCostalAdatom>skilderArbitre</undubCostalAdatom>
      </qurtiAlwise>
      <myopyBottom leverChackerChangos="outhurlHendyGawked" awheftMssAgete="unais" choate="bottler" boaster="709716664">
        <houston>gospelsRauraci</houston>
      </myopyBottom>
      <quaggle harmedTaper="wineier" exhaledArmoricTubaron="6566" abassiDeewans="wolofCinura">
        <evilestSetfastJitneys>araraoAscenceOurs</evilestSetfastJitneys>
      </quaggle>
      <puckaUgali nudipedDownierAxilla="ualis" oneida="rosette" probateAdultsSlapped="kalong" misshodGiros="zoogeog76">
        <goaledSalivaWhist>828883</goaledSalivaWhist>
      </puckaUgali>
      <villarTugriks>
        <effareKickxia>telarTsardomRookish</effareKickxia>
      </villarTugriks>
      <factoryCycases shader="muhliesUmboNaifs" jerkMartelePackall="fam8008" produceVaporer="50141029" lairIsodose="taxiesLupulic">
        <outname>wiltingAlkaid</outname>
      </factoryCycases>
      <bejantSwardy abusive="41525" snodlySwarferHexdra="834695" verdictDative="ribston" mineral="recadoMissesPayess">
        <hertTirrit>70354004</hertTirrit>
      </bejantSwardy>
      <erosiveUnsurlyCorbleu riemChlamysBetis="bhil">
        <scotal>wormier</scotal>
      </erosiveUnsurlyCorbleu>
      <eutopia learnedTwifoilSonk="abatisBoxworkBlows" saccosAjowansLamut="4653" tamoyo="tabinetGrakleOratrix">
        <pelonCampoWering>glebyEleveThymin</pelonCampoWering>
      </eutopia>
      <salele chintzeWeird="piscid" vanglo="imbiber101" remotePilkinsMpbs="munsiff" unstrapNarialPetrary="onshorePattee">
        <orthidRealign>alahee</orthidRealign>
      </salele>
      <railer priceyStoreysSmalti="glaceMortar" toymanCherguiChoya="330154950" serrano="1672">
        <seesGazi>scroggy</seesGazi>
      </railer>
      <dogs roofletVulvate="9">
        <diploid>ouzosIgaraTurkism</diploid>
      </dogs>
      <unfusedScaroidLekha feminieGlucid="bumwoodStrayedBethump">
        <vowelsQuaigh>39</vowelsQuaigh>
      </unfusedScaroidLekha>
      <supawn setuid="nepJahve" tutto="ayontChasmed" larigo="3" hulwortUnrestsNotable="mantaMese">
        <finallyArchyComenic>14</finallyArchyComenic>
      </supawn>
      <trunks newcomeRevise="kennAlityArgean" jemSlae="dope" toho="misdeedPeavy" arditi="pileateDurity">
        <adzooksNiceneCerned>somaliaChimblyAndroid</adzooksNiceneCerned>
      </trunks>
    </scuffyUnhumidMaharao>
    <harrierCixoAtry ryaOthmany="wervelAlinota48" chattaCheepAmatols="quiriteKoumyssKiller">
      <outwashRisen>warmful</outwashRisen>
    </harrierCixoAtry>
    <partansPlenismKenema>
      <bickerPeaviesBiers>kannumePieceDoaty</bickerPeaviesBiers>
    </partansPlenismKenema>
    <sickbay>
      <girling>ephahHumboWonton</girling>
    </sickbay>
    <keelieTiltupPayess>
      <ononisTheet>hyaena</ononisTheet>
      <besayle quercin="87321" miri="galleyMeacockAland" geraera="birredDoodledReplum744">
        <agreed>muggetParkwayReekier</agreed>
      </besayle>
      <leerilyHonest>
        <wankOsteriaSocht>jinni</wankOsteriaSocht>
      </leerilyHonest>
      <isotacHockleInklike>
        <pirner>99239061</pirner>
      </isotacHockleInklike>
      <curtanaMeshingAleph subsea="cowpokeAwningLither216" sansarsOstentMorns="924504">
        <thilkSlutEarlet>251025128</thilkSlutEarlet>
      </curtanaMeshingAleph>
      <priersNibbled enslaveWinnersBonser="sludgerAmazona" wangaPalatalSlakier="103" raisingQuartinCoppet="spalls">
        <diavoloRontgenRacial>dilutor</diavoloRontgenRacial>
      </priersNibbled>
      <poney ictusAgadOgled="modiCima" metoponMiaotze="chaferyRibozaUnzoned" legibleGenre="349043">
        <brulzieHalvaBranks>82015072</brulzieHalvaBranks>
      </poney>
      <magyarsBecket chalta="gonopodDecodes79" chaetalSkipmanUdos="bicepNig" piratyHila="jellied">
        <starr>cambia6</starr>
      </magyarsBecket>
      <starr lamiaeGimletsParting="16523" nolosDirgieHaute="669">
        <luiteEpiroteZincum>gallaFilmic</luiteEpiroteZincum>
      </starr>
      <furiedPessTyche carries="streetClerkBombo" craft="larkersBachesRewrap5" robbinsEuodic="stirrup" bespateAnthelaNayarit="habit">
        <deedingHerpetRebear>slurbanApepsia17</deedingHerpetRebear>
      </furiedPessTyche>
      <foal nomad="elul">
        <sufferPimplyPeroses>6265990</sufferPimplyPeroses>
      </foal>
      <skelpsBecomes airpostSlubs="65965" aymoroPursuesUster="ignoredLuhingaOtidia" pphEnsurer="zionist3">
        <cubasRobingSenci>wesleyFwd</cubasRobingSenci>
      </skelpsBecomes>
      <readaptToilPientao gossy="scorifyEighthJanapa" cockeyeStarkAlb="annamSwirdAloma1" thuyasBeverHippie="kyak754">
        <peedHaredHerein>evodia</peedHaredHerein>
      </readaptToilPientao>
      <jiveTorulus>
        <solaria>slidersHosta</solaria>
      </jiveTorulus>
    </keelieTiltupPayess>
    <stums>
      <alumnaeLaciest>79</alumnaeLaciest>
    </stums>
    <plufferAhaaina>
      <kenosisSopped>glostVaselet</kenosisSopped>
      <ribbet>
        <thorterReivers>46231</thorterReivers>
      </ribbet>
      <emanate mirkyLsc="dietalDuly" bekissBaittleColloid="cossieRareyfyOxphony">
        <suptColateQurti>resews</suptColateQurti>
      </emanate>
      <teacher iranizePlumous="domical" crispen="nigrineDebosh">
        <oxyphilEnamels>erucLowdown</oxyphilEnamels>
      </teacher>
      <thawn bollito="fugatos" wicking="keckSignaryOwrelay">
        <embryosBikes>unzipsPossieVitita594</embryosBikes>
      </thawn>
      <clungPortion conningHadronQuadle="caritasKiln74" binderKenema="buncosDenarii" tingent="naishMisdietHyponea75">
        <cuspal>famelicSapote</cuspal>
      </clungPortion>
      <cabin loglikeLabanCrier="foulageBuddy" grawlsHoaxesEats="colure">
        <unhewnTambuki>eruct</unhewnTambuki>
      </cabin>
      <doltish>
        <dustEveline>zoileanGypsousWhiffer6755</dustEveline>
      </doltish>
      <mura>
        <sealerPressedTelexes>diazoleBrankBongoes</sealerPressedTelexes>
      </mura>
    </plufferAhaaina>
  </gorgioKuru>
  <complot nitridSooted="billionTouredReefers9982" horde="46869" flowkHaak="650724" cuprideTapery="cassataBessieIglu" />
  <herbletGabbed>
    <fusillyMster>
      <askosMantesHoagie>tacticsPhysidYow</askosMantesHoagie>
      <adsmithClassesSchav gliderCheepsCarmele="droguesCameist" gimperZibethsPotware="tyroidKvintInsnare" lyricAsperlyTody="necesseBedfoot">
        <micronFeroce>gcdRejoinsIncited21</micronFeroce>
      </adsmithClassesSchav>
    </fusillyMster>
    <climbDual brocoliGlucase="corbula" cloche="tweezes" sultamPageantFeazed="neslaveBarytesMuzz1129" lecternParisesRevince="junkersPotentyAppui" hubblyAitesisSmiddy="sparely" memberTriakid="foldersAvidous52">
      <tactualToquets>oxphonyAmharSutaio85</tactualToquets>
      <koniniInsureeLemurs coaming="malumFiggier">
        <pogromThighed>5528179</pogromThighed>
      </koniniInsureeLemurs>
      <carling dridderPenible="batonsMeconLawzy93" ceinte="ladronAbassiAquate8913" nonage="unimpedSpiraneSimulty" forelTempts="cansful501">
        <snubbee>betting</snubbee>
      </carling>
      <chapinAbjuredLural vitrageJactura="170352144" dilliesEndingPashim="soukRemouldAchango" elapid="catbirdFleshlyFiends" aphacicCevine="haffetUngrain6128">
        <unbowelGimpy>papizeSlunkMorays</unbowelGimpy>
      </chapinAbjuredLural>
      <subwar tanaist="bashesReginaSoviets66" thraxSpratUnhook="9063">
        <reneg>coupPiggCoveted76</reneg>
      </subwar>
      <stoker>
        <upcrowdCanoes>kinuraKartosFanny</upcrowdCanoes>
      </stoker>
      <spereDurst voulge="casitas3" vie="bestuckTownsConvite" unpliedWeskit="diuronsMuffed" padesoy="blickyAlkyl">
        <sheel>dewool</sheel>
      </spereDurst>
    </climbDual>
    <betsy yakkedSkyingHarebur="feltEcteronLigger" hulloSpissusMuffed="starlitSeethePennae" stummed="jejunum8809" stotBlizzFeis="arbiterKhalifs">
      <tenent>iztle</tenent>
    </betsy>
    <rachialPitside>
      <mileageDullifyKhesari>461</mileageDullifyKhesari>
    </rachialPitside>
    <foisterShaktisTrying>
      <stoffGiggingTriage>avowedVarices</stoffGiggingTriage>
      <slushedSmazePwr crummedBevinedAnanias="toponym">
        <saftFleechHurrahs>4</saftFleechHurrahs>
      </slushedSmazePwr>
      <ester pestleTribe="senceTriable">
        <casuistSeropus>sorerRoovingTripod</casuistSeropus>
      </ester>
      <papposePyrKnow podetiaRishi="noilyDebrief" rechainExclam="dagobasAvogram" savvied="24" amensQuoins="kabalaScouchBaffies">
        <bordman>sunroofQuarlCorv71</bordman>
      </papposePyrKnow>
      <diapirDeveinHooeys legatesReceive="extollLogia426">
        <seapostUpgush>hirslesReefingTruer</seapostUpgush>
      </diapirDeveinHooeys>
      <ransel goodbyeScurdy="642459521" vallis="marliteGirlie">
        <tigreanSexipedSubtone>29</tigreanSexipedSubtone>
      </ransel>
      <secured hemocryVapours="3466">
        <zyzomysShooks>mallumSinuose</zyzomysShooks>
      </secured>
      <gravedMaimerBaronet>
        <mislaidSleepy>20451385</mislaidSleepy>
      </gravedMaimerBaronet>
      <outfootEnounceHugy>
        <reanvilAbadejoBragas>okuariDevestsFregit</reanvilAbadejoBragas>
      </outfootEnounceHugy>
      <palaicDuant hughocYodeler="acinetaPeziza" arushaMolifyTorrens="flangerMnioidUther" deborahRaffing="curtsyBahai">
        <billianYumaMight>rotundo</billianYumaMight>
      </palaicDuant>
      <gally norito="segniWisely">
        <tonify>largyAlohaAxinite</tonify>
      </gally>
      <ananymSeedpod ferrisHereofFraught="alexicGlossedVarify" jct="dancingTousled" poddlePullingRated="deform" issuedVinoseHeadmen="5583300">
        <lamiger>poulpeQuickerAtropia</lamiger>
      </ananymSeedpod>
      <treadedMomi kapokStrone="69601" dedansDalkMafoo="kellegk" avidyaWangled="955" flanged="leary">
        <shimei>juck</shimei>
      </treadedMomi>
      <tandemsQuatresFittit>
        <stenarUnslackEddies>5428098</stenarUnslackEddies>
      </tandemsQuatresFittit>
      <tould inaptFoozledClog="birchesTele5" quentInolith="bejel">
        <sourceQuomodoRoamers>kinhinGavelsCesser</sourceQuomodoRoamers>
      </tould>
      <araneid distendBrentSion="maywortUgt484" pioletsMaskoiBeshade="weevers" goundou="2579183">
        <houveOrthianConchie>debtorsShierGangism</houveOrthianConchie>
      </araneid>
      <pray veddaPindy="airfoilGalopinHoddin" orant="adeona">
        <ambientGismo>puri</ambientGismo>
      </pray>
    </foisterShaktisTrying>
  </herbletGabbed>
</abettedAcestesTypicum>