<?xml version="1.0"?>
<fooldom>
  <kassite bulbineRedhoopAmtrak="lineman5" greitPurloinStrode="wieldyAjoureDumous">
    <rubbed haulage="pishaug737" cavorts="verbeneEscrimePly">
      <drawerCatwortMayduke>tidiesDich98</drawerCatwortMayduke>
    </rubbed>
    <sorbicZonta privityOgamCorach="787412">
      <muscone>lairyKatmon</muscone>
      <sistrenLeiger frijoleZerdaShilf="tensestApolarArbith" aholds="657783">
        <antsierUntasteBlowby>mashierHalversHayband</antsierUntasteBlowby>
      </sistrenLeiger>
      <sekhwanIsogen boxfish="alpen357" beclip="9" lapelPanorpa="146363383" wauling="cofane">
        <nongold>1931</nongold>
      </sekhwanIsogen>
      <taysmm>
        <cyanoPorkpieDrawl>khirka52</cyanoPorkpieDrawl>
      </taysmm>
      <leeseDodd upholdsSputum="wimbleCarajas8555" felonyScammel="19442480">
        <steepenJaunderBurbly>betasVadoseAstian</steepenJaunderBurbly>
      </leeseDodd>
      <punnierTangka daterVivres="6775982" gagersKeckle="8252" filtCassinaAdvaita="8607484">
        <humaLessestMend>cupelsMallow</humaLessestMend>
      </punnierTangka>
      <smurrCereal>
        <rifiPlato>jingkoTeraohmFamulli</rifiPlato>
      </smurrCereal>
      <jubiliPetTalbot>
        <laronSpaesClosely>inuresPothuntInvites2321</laronSpaesClosely>
      </jubiliPetTalbot>
      <cunts unhingeLemmas="holl" arhatFumiestUntorn="dandisFriskin" dorbieGreg="tziganeTesack" onagri="16427423">
        <gyne>cocas</gyne>
      </cunts>
      <wifelyKeckledRosied biddieToozleAnchusa="verbalRinge" ungoldEzra="nefNitsVenite" doina="katinkaFleerer" bromism="upgrows">
        <keyseatMemphisTola>kallima</keyseatMemphisTola>
      </wifelyKeckledRosied>
      <cousinsMelagra brutLaddock="3566665">
        <vetoistTerreMoric>longing</vetoistTerreMoric>
      </cousinsMelagra>
      <honzoTwp oltunnaBoreenCocullo="294" gassyThroedLetty="moires" klom="genesSpoilVanning" piute="sunk">
        <plumps>860776</plumps>
      </honzoTwp>
      <wineryAuletic memphis="outpipe" parietSnarled="571757" arbute="letups" cirquesIncastNudnik="995">
        <immaneKikiAltrose>830511773</immaneKikiAltrose>
      </wineryAuletic>
      <teepeesEnsealUpsilon boullesPinfoldOkey="katsupJaspisReveals7" jivaran="chemmyFociThuluth708" watchedBrawn="305335">
        <jungleFishify>151</jungleFishify>
      </teepeesEnsealUpsilon>
      <wachagaDozent godfulAlmost="dusk" cozyFijianViscum="yente" stagey="koprino4">
        <joles>tophHamePupfish</joles>
      </wachagaDozent>
      <azonicRayanSuppute crowderAudion="largenGaunScurfer">
        <indylicCaissonFripper>deles</indylicCaissonFripper>
      </azonicRayanSuppute>
      <jerkOraria recksNaggedDoulce="30558" winned="arabit63" safrolStauk="goggaBoxtreeMessman" conidiaEnthral="32094">
        <gyrator>paleBrachiaJuniper7106</gyrator>
      </jerkOraria>
    </sorbicZonta>
    <knaveryDowelDecks kiboshAlbergeTumasha="motykaBynameConter" toecapPesah="544637" hiplessCohenPsyllas="wow" syedLoaner="cosmoidSpasmsEpiboly29" bloaterMaioli="petary2" pomadaJobbleFaailk="flood">
      <picrySkoaled>stiped</picrySkoaled>
      <insipidLapsiHienz>
        <unlawPledgedTanaka>machoFemicLarunda</unlawPledgedTanaka>
      </insipidLapsiHienz>
      <schmoeMirkly laurel="24661638">
        <domus>emmettSkatiku</domus>
      </schmoeMirkly>
      <colateCrowed lut="rhapheCasave" buzServing="centred" coggie="potter96">
        <absentMid>aglowZymic</absentMid>
      </colateCrowed>
      <brakier finback="punto">
        <uplitSwallow>tonjon</uplitSwallow>
      </brakier>
      <odious sabotsKubongAdiated="856" wunteeCutout="oneism2390" palsy="felling" toetoe="jetsamMets">
        <tallierMutablyAkoasma>loverly</tallierMutablyAkoasma>
      </odious>
      <existerPeckle rewelds="24" chorineCoch="dubheAmunam">
        <lunetCyclone>tangierGolds</lunetCyclone>
      </existerPeckle>
      <jasies eggnogsReknowNovella="furlers" angrilySouth="carretaMarmotaDruxey28" decorum="drongoVermixChebule">
        <sheenyPhlegmCesura>540883</sheenyPhlegmCesura>
      </jasies>
      <wigansSquadsKoniga bepillKidnapGondola="bayalMiasmicFeigns" vassos="gunate" mazyOak="harelda27">
        <attests>barge854</attests>
      </wigansSquadsKoniga>
      <fordyBursera newMolal="775283" unnice="cubasAgates">
        <bowyangOnstage>randonCropsCitrons</bowyangOnstage>
      </fordyBursera>
      <atwindRickyGodetia bobacheBicron="963" ovendryRhinosCarlin="feroxEtheriaMisread" unformBougieTrilobe="933834">
        <cowtailEntally>rimedLichensUni</cowtailEntally>
      </atwindRickyGodetia>
      <rayedViva>
        <monomyaMoroOdz>bottoms</monomyaMoroOdz>
      </rayedViva>
      <unprint worlds="jeepScattyUtopism" longyiSansarBeamily="neoKnackerPocan" reeditNodule="kakanHatable" mayda="elymusGateage62">
        <amatitoBraxies>claith</amatitoBraxies>
      </unprint>
      <smalter>
        <sanetchHalibut>workboxScolog</sanetchHalibut>
      </smalter>
    </knaveryDowelDecks>
    <gesith>
      <noddyWappoImpaint>3165</noddyWappoImpaint>
    </gesith>
    <doggetArnCockly hamiltAnesis="dogsledSubitem" whirryUayebJarble="twindlePinkoes" mightsPatamarBaiza="cowlick" gigglerStudent="tokopatJusto">
      <poddyBedkey>taluche</poddyBedkey>
    </doggetArnCockly>
    <clayenSluffs requeenBrogSpicae="mibs" taxlessFoxiest="rupiticUnmiterAbulia1" sprawls="99706123" organa="anounouBendys" vergesHister="zillsTenpin">
      <cavity>tendonsExtremaAkees</cavity>
      <wifish archletQuiller="spirousWaffed" abomasaWimbleDesume="148779512">
        <slavic>weakerPastis</slavic>
      </wifish>
      <nunc fluemanAttarsStrick="cavallyOutgush1532" earldom="387310650">
        <workout>passingWorsens</workout>
      </nunc>
      <frothProbesArchil assuade="griffinVei" chester="bateauxBoobery">
        <zoistic>amperyMouldsAllium</zoistic>
      </frothProbesArchil>
      <ester indrapeGlamSparsim="198241" waste="hickeysUnlit8503" swinges="knowethBiggish" pulsarsSurview="lycineLinagaDavis">
        <koftgarFrixionDrovers>diluvyUnspoke</koftgarFrixionDrovers>
      </ester>
      <ackeys leuconSahras="comfreyInlake" machanPomaneNazi="559" outpaceMuzoonaMawed="mutably5">
        <volansMaskoid>methylBepray1</volansMaskoid>
      </ackeys>
      <bellaSaxonsFer wheezyMien="jervineEcad" zoogleaHovelerSlutch="caskPeakily" deprintTombal="tehsilUprun" cutlassCamansi="rosebud">
        <apagoge>7</apagoge>
      </bellaSaxonsFer>
    </clayenSluffs>
    <causals>
      <expend>shandyOrison</expend>
    </causals>
    <luckful distuneHulwort="punchedHubbaLockers" charsPravitySurgers="pantyProzone" glucideBabasuSafely="jabiruReverse" byelawVrouwPolygar="73">
      <beleaf>secrete</beleaf>
    </luckful>
    <tearyOuthireFrizers>
      <ournBasify>quintsBuilder</ournBasify>
      <biforinSamletLiposis bute="unbitJordans" xixHedeBonbo="mpretSirupedDirgler">
        <gulpHalved>nuagist25</gulpHalved>
      </biforinSamletLiposis>
      <zamarro praxis="deuzanArundoInfang" mensisTrudgen="brutifyAttestGlick" numisWhidded="sopitesGluten">
        <actings>735201</actings>
      </zamarro>
      <gaboonPager umgang="9885" thenarsSeller="jockosTidy" melasYonnerBrummer="6" obiasAcher="lurg">
        <timpanoKnappySimlin>mouldFaroffDakoits</timpanoKnappySimlin>
      </gaboonPager>
      <sidrachCasinetSniper pterylaBrotelPleck="behavedToned" rabbiesLegionsOlm="8087" meadowy="stra" sociesTehsilPlanned="boroniaEggroll5476">
        <dekareIsogen>sickbed</dekareIsogen>
      </sidrachCasinetSniper>
      <tardyWaylaid wolfian="punning" croppieGaudiesGinnier="itself" anisal="598119" tabstopAnilide="scrieveGerusia">
        <lesseesNeven>quizzedHutcher5440</lesseesNeven>
      </tardyWaylaid>
      <wartsTenuredClours matadorBrushupNunch="rooserWakes4715" monachiUsine="haulingHichtInsist">
        <daunterToursHelotry>prismal</daunterToursHelotry>
      </wartsTenuredClours>
      <noir complex="9" dartedFlummox="divortLocksEncharm">
        <miseatDruidPriv>osmolar</miseatDruidPriv>
      </noir>
      <nursleInduedRending sectRenes="pomeysCutieGuttery713">
        <frisadoPotwareMolles>weismDiduceBooksy</frisadoPotwareMolles>
      </nursleInduedRending>
      <enorn mergusAlk="emodinsHeaumer" blimp="8" louiesAvania="cermetsBlotchyTortil">
        <palloneWinded>gildenSmuttedCopyism144</palloneWinded>
      </enorn>
      <ecart>
        <ladinBedeaf>308859</ladinBedeaf>
      </ecart>
      <caserioSpewer rumorArmary="mameyPodurid">
        <lactoseBikesSofa>6</lactoseBikesSofa>
      </caserioSpewer>
      <brinIsohelAcrock enlimn="kidnapsWants5" uphills="5" sartishSowars="baal">
        <alexiaCruise>cutinZebu5835</alexiaCruise>
      </brinIsohelAcrock>
      <lividCurbing mizzenPiastre="mailieDueness" fedsCotlandPhaedo="bedelveVoltage1">
        <sightMovedClassy>3</sightMovedClassy>
      </lividCurbing>
    </tearyOuthireFrizers>
    <doxie>
      <rhemaTwittleSeptole>80960</rhemaTwittleSeptole>
    </doxie>
  </kassite>
  <dodges unsneck="fibers" ressort="snyed" backwayResinBrahmi="colter" exarateKnowing="17101">
    <barbaKermis>
      <chirkedRallyExile>9328</chirkedRallyExile>
    </barbaKermis>
    <pokers>
      <tallisValvae>362371</tallisValvae>
      <agnatDollier dinge="furoicJamaicaLoth" skipper="hernsMacucaGranule" unrake="fumer" plushed="vergery">
        <favelaHighsPlim>tylariBoxed</favelaHighsPlim>
      </agnatDollier>
      <bonallyAurora tattedMortal="isotope" pargetsVomitsIsatin="mesneManteelPapered" elbowed="cocksReshHalved">
        <mutismAhchoo>8017513</mutismAhchoo>
      </bonallyAurora>
      <golochUnwont pipagesStrigaeBedding="inermiaGalecheRegrate496" pablumTinnierCanap="peakierHeezesLiti">
        <amora>leniticRegains4100</amora>
      </golochUnwont>
    </pokers>
    <kashas inworksCombing="saniousGranadoLopes" ataghanArabineCosily="wynnsStartly" shrunk="spiegelIndamin">
      <corsair>upswing</corsair>
      <enigmaOffalKnopped>
        <vijay>shairds19</vijay>
      </enigmaOffalKnopped>
      <confineYodles grainerHisserVitrify="weiBlaringDirhem" dhotiSpouts="citersScowed" awed="tea" pennonBankeraGaloshe="hurdis">
        <palmaryDagged>bines</palmaryDagged>
      </confineYodles>
    </kashas>
    <kainitsPahlavi welfareChoiler="208" woozyOsseousBought="dowp638" thinnedRegion="fettingBirlingGavots" unbentLamentsSolves="61082713" rurbanDixSyrupy="heuchs" wedeln="ennedraCotte">
      <agal>anoxiaZebrulaKabobs86</agal>
      <durrie teer="outflux">
        <remeltsNotself>555137684</remeltsNotself>
      </durrie>
      <blotePoshlyHirudo marrano="bihariLido" lariWalkwaySeqed="politicBattled">
        <bricksAffaIntend>3614338</bricksAffaIntend>
      </blotePoshlyHirudo>
      <dabblerFluxion>
        <namingCarites>agitateDecorJain</namingCarites>
      </dabblerFluxion>
      <saulFlavous choicerMayapisQuass="cancriGlancerSynchro" poinardBurdashTriol="feyerCeroma5" scutchsLimmata="hydrazoLimbic" kajarGigglyPrioral="herberFigurerBotchy">
        <bezels>prowessPommiesNearish</bezels>
      </saulFlavous>
      <snobol>
        <eutexiaHelioid>988</eutexiaHelioid>
      </snobol>
      <fungalsJungled snowmen="527858" jocantCrowdedGled="caraipiOboistShoon" stopen="wharlFigwortSonny">
        <vira>spondilHordein</vira>
      </fungalsJungled>
      <undeck athwartHeirdom="ameenShivery78" lammockDitesPrlate="subsetsWidget" tenendaLayoverWale="linages">
        <elms>moatingTooterOstia</elms>
      </undeck>
      <bilkerVervesPicarel sel="tueironBoresRaggy" cutlass="godsentCoudeeDiem" moonrat="alkenna" iglusBlockyCryogen="nuculeStuditeFicin">
        <presterCadjanFunctor>thuliaLatencyVese1</presterCadjanFunctor>
      </bilkerVervesPicarel>
      <turgors euconeProlix="quinoneDefilerRealia3" squillaTransitZurich="untipsy" payoffOnymizeUnstate="bartBrocks">
        <schoolsUnlockOstara>biriani</schoolsUnlockOstara>
      </turgors>
      <windupsRacemeWitan humitEncheerLaws="revilesVespine" pnceArachic="peithoHawingClosky">
        <prahuEuxine>chatonScotinoNectar</prahuEuxine>
      </windupsRacemeWitan>
    </kainitsPahlavi>
    <btiseHotterMyotic>
      <hagboat>intext</hagboat>
      <cushilyTominesCleping funkiaSimars="largy" houve="withdaw" tururiBestareVomit="petitioWordily">
        <nitricLikers>288</nitricLikers>
      </cushilyTominesCleping>
      <flaked>
        <luce>grafter</luce>
      </flaked>
      <prunellFleam>
        <boluses>mouther</boluses>
      </prunellFleam>
      <rosedSimousYowls scrow="elansAlloys92">
        <maestraVariosPrudy>snipeTackies79</maestraVariosPrudy>
      </rosedSimousYowls>
      <rampickLemeProvoke sabayon="51723">
        <tainosTrilith>hershey7</tainosTrilith>
      </rampickLemeProvoke>
      <ivoriesTibbu>
        <polyeneMinumNatural>590325460</polyeneMinumNatural>
      </ivoriesTibbu>
      <toxemiaLipoma jigsMartianAcolyth="sked98">
        <usurers>scowlGuemal</usurers>
      </toxemiaLipoma>
    </btiseHotterMyotic>
    <hajjiFigo>
      <togueWethersReshake>sejoin</togueWethersReshake>
      <fossWhiteysSaperda peasyMueddinMaskmv="batfulSiena" avichiQuotum="mahaPanned" uvic="deadsCravatsCycloid" toiletBemeanCapon="neuterCotylar">
        <aefauldPacer>teenerEnsurerWagoner3</aefauldPacer>
      </fossWhiteysSaperda>
      <necksWinteryKepped caelusAdiate="khotUncialBrazing" colpusZokor="jujitsuJoskinBeerage" yarding="greable">
        <airwaysLaurateWanigan>tinemenUnity</airwaysLaurateWanigan>
      </necksWinteryKepped>
      <wakariImmense wagandaUncope="utopias3" ruffles="bump">
        <arcosHarpyLinkboy>chaftedKingpinRadials</arcosHarpyLinkboy>
      </wakariImmense>
      <eunomyBuzukiaEverts bichirOrcs="280864" antaean="hoversGuid" tag="navewAlmemorAres" strife="amurru">
        <nuttery>traipseHaziest</nuttery>
      </eunomyBuzukiaEverts>
      <expurge etcStenHalvers="114932" ploughNostocCoucal="spaheeEavesTougher" tuskarVogul="alchem">
        <zapota>sitfast</zapota>
      </expurge>
      <zineb crabberGlairinErliche="overlowApprize">
        <ledaSemiKerchug>beblainArboresCongous</ledaSemiKerchug>
      </zineb>
      <laeliaLabroidEslabon chuhraFiadorLoo="takeoutNelsons141" upfoldJauks="satchel" rafikGlist="bashkir">
        <yawlStondGascon>querido</yawlStondGascon>
      </laeliaLabroidEslabon>
      <yuechiDinsomeMarae jirbleBortzes="lile" stoae="utrecht">
        <emerActionsDuali>denotedArbith</emerActionsDuali>
      </yuechiDinsomeMarae>
      <somaticPloys>
        <ducatsWhupCicadae>enrageGraneTears</ducatsWhupCicadae>
      </somaticPloys>
      <dali daratNakedly="hind">
        <lyse>menkibSecreta</lyse>
      </dali>
      <hamotzi>
        <wambles>vulgarBoatBoobook</wambles>
      </hamotzi>
      <tuskish gyppoEvertor="teneralCliftsAdieus" alichel="verdantVolcanoPussies" whishesNagelBar="rediptCandentDeiced">
        <klatchGudge>830681022</klatchGudge>
      </tuskish>
      <socCoffret krapinaGanyie="apinoid3" alleleuRotalaCareer="giveyOtyakStewbum">
        <roquesSlavify>gloveCavumDurocs</roquesSlavify>
      </socCoffret>
      <upbandModuloFungusy talioEltCanvas="pintadoHardhatAnoas" netherTiponiRechaos="novices4887">
        <touzlesInseam>labbaPterianScutty</touzlesInseam>
      </upbandModuloFungusy>
      <ternery danianIncomptMokes="5775768">
        <coadapt>pardesiPinedOphidia</coadapt>
      </ternery>
      <hiving cellarsUrol="cladsMethylsMagna" giblehSturnus="melanoTiredlySlummed">
        <feuarsExtreat>4770</feuarsExtreat>
      </hiving>
    </hajjiFigo>
    <primes dioti="7539295" primulaDigraph="heehawQuamashJoe" lesseeSinglerDisamis="585908335" berakotPyrenes="60439">
      <shoddenRehookShivahs>sylviaGoitchoCuartel</shoddenRehookShivahs>
      <bhaktiAgency waiataCobloaf="friggleLiparisBubbler73" crenaOutbredChn="9402124" subdueUptillSinewed="pinkiesBiwaGrittie" billete="cistoriInduces">
        <tiu>harkensBracae</tiu>
      </bhaktiAgency>
      <mnemicTrueman>
        <cofoundSoarer>charpoyKinksDeinos</cofoundSoarer>
      </mnemicTrueman>
    </primes>
    <endable pinetaGeosideServed="1" bubingaAgroofHeling="mortar" mycosin="wastsVadose" hissers="949767025" vilhelmSizzlerAkan="drevelWhaddieAskari" puccini="brumbee">
      <spainSanhita>tampoeJinxed</spainSanhita>
      <winchesCoulureSolay bromousBecladWithed="gristyPoyous" troll="crambleDogtailTontine" arisaidWany="arter" giaourOxygensDepside="fishify">
        <putonsCuddieKnosps>vibrion</putonsCuddieKnosps>
      </winchesCoulureSolay>
      <midnoon>
        <engild>steghNumbest</engild>
      </midnoon>
      <tectumSpreath kilanBandogs="143" bensail="tithalInstrPalate" regentsTiffing="veeRooting55">
        <battel>pepticsEmda</battel>
      </tectumSpreath>
      <tappersContour salivan="mapperUnprint34" forbidsReseal="chokoDavyneRetrust" prinksBelfryPraises="catkinsStarikLotic">
        <valericIsobase>dohterOrbicle</valericIsobase>
      </tappersContour>
      <turbosSnatchyPaeonia peweeArgentsHodure="systoleKonsealPadle6732" spleenJuntas="8">
        <grubsZuludom>darafTunnage</grubsZuludom>
      </turbosSnatchyPaeonia>
      <pipaFlawed solfgeFodBowboy="swipe" soueakPalamaeGinnle="tundraLoweredIntrust" nankeen="bowlinArgasWarmus" preday="8137">
        <groomsIntowerAgers>indict318</groomsIntowerAgers>
      </pipaFlawed>
      <tolylFirmsSparse geullahLucific="partookJowpyBabbage" elev="5627977" sonarsWemlessDsp="86380248">
        <pedesesTornade>outrungWoneganSagas</pedesesTornade>
      </tolylFirmsSparse>
      <parietSwaggi limiestRegave="tappetsLegiferZygaena" murrainAti="677" waivod="newtsBezoars" drungAescNito="83492">
        <verry>5</verry>
      </parietSwaggi>
      <friezyXerarch>
        <nitinolRelayFrowsy>cellar</nitinolRelayFrowsy>
      </friezyXerarch>
      <storing combleFaunuleMaleate="mandateKokamaRenin">
        <dowedOutpostDomina>pavanePyjama</dowedOutpostDomina>
      </storing>
      <dryrotHubbies bimetalLimbeck="guyersGazelle">
        <jaguars>rehemsGondite</jaguars>
      </dryrotHubbies>
      <jaseyed>
        <cymbalsGareCandled>paulie</cymbalsGareCandled>
      </jaseyed>
      <bakalai pollyBagworkDogtail="tubletKharajTasse" macrosWaiving="7">
        <phrasyDaysmenIchu>3200</phrasyDaysmenIchu>
      </bakalai>
      <namingFlb teemedDithion="crozes" existUspoke="miniumsEscrowChiefer793" umlandBetaken="afaraTrashes" prowarLairs="58">
        <iodates>16</iodates>
      </namingFlb>
      <limidaeCancel thujeneDamagerTembeta="bedroom">
        <aionialMaoriEnuring>depure</aionialMaoriEnuring>
      </limidaeCancel>
      <imputes envelopSoddyApices="hoyleBraker" punnedDobras="zoomed" jezailsHymnody="ascots" dynamicBeamish="katipo">
        <wirraYessingReacher>dinersSchmeerHippi</wirraYessingReacher>
      </imputes>
    </endable>
    <brittAbhorsIngulfs>
      <deesesEllan>kayles</deesesEllan>
      <contempReactBriefer platterBlues="albarcoRubrailRescan">
        <unsidedAgnosy>niflingFiletSlasher</unsidedAgnosy>
      </contempReactBriefer>
      <gotBrocard abamp="307008449" ruptionEprisFarth="gryde" chiding="gilgulIsseiResolve" sprag="corninTeapoyXiv">
        <rumdum>pikemanYerkingRudolf</rumdum>
      </gotBrocard>
      <nohShammosProach startedCrink="balluteRunby" selfingStomion="606325" warlAlmacen="parelPersist8681" luggageHorstes="toufic">
        <vide>styanMeminna</vide>
      </nohShammosProach>
      <dampens>
        <gazedOverawnHerero>coarsenCocaoWehee</gazedOverawnHerero>
      </dampens>
      <trapesRetramp grasni="kneltFlukily25" parvenuEverest="torten">
        <drilvisSnoods>kantele</drilvisSnoods>
      </trapesRetramp>
      <groDetruck camaka="colmarDalasi">
        <embaleLanyardEke>sneezeEnsaint</embaleLanyardEke>
      </groDetruck>
      <fleyedAwn>
        <teentsyMeuse>delvedCalebPayolas</teentsyMeuse>
      </fleyedAwn>
      <clavuviHeydeys gametal="umpires" woodsy="chainedFellSpodium">
        <pilawsAtteal>poutsPeles</pilawsAtteal>
      </clavuviHeydeys>
      <chuanaMeanlySteak amapaArachne="umbonicCuspalRenewed7" mahdistMooress="shapoo" timeliaLituola="brans2" mistle="gauderyCupiuba">
        <whiskSatai>inclipHulchLoosing</whiskSatai>
      </chuanaMeanlySteak>
      <extents punishUpwellUme="idoliseDeeveyLuxuria5" bogyismLenora="522131" frokinNests="926402083">
        <cabildoAbitibiBuffle>emperor</cabildoAbitibiBuffle>
      </extents>
      <nuclearHadiths presellMiseatZenanas="kelownaTerne" ramtilNappers="solandScreech" fogon="veneneBoody">
        <toros>99</toros>
      </nuclearHadiths>
      <brutus tushieRanketImmute="refulgeLowan" foehnTenebra="timistDab2">
        <gefilteKoussosGimlet>haltereSqually</gefilteKoussosGimlet>
      </brutus>
      <contendHumping zafferUnisex="scisselBedegarPlacid">
        <herd>grenierFurcal</herd>
      </contendHumping>
    </brittAbhorsIngulfs>
    <ancillaShoatsShirrel backletBryonyCubes="gliming" garconBalmonyPelade="bicchedRafikGuhayna1662">
      <nitsDenaroDiazoic>8</nitsDenaroDiazoic>
      <maddenDobl jabiru="simarsMoiley">
        <gasoholArmlockHoti>crushesRumexCooba</gasoholArmlockHoti>
      </maddenDobl>
      <atsaraScupful toddite="tintyBlaflumKneelet" silkySpeck="353">
        <scarps>erenowTwirk</scarps>
      </atsaraScupful>
      <sault>
        <skiersArablesGlop>gozellFuttockTotquot</skiersArablesGlop>
      </sault>
      <taikihPrebindWrithen zealand="shaggy" ungaro="undonRelot" lolaBlahs="foxyPlacid" downcryMbira="58932">
        <erinHefting>opalsBefavor</erinHefting>
      </taikihPrebindWrithen>
      <parures>
        <haiver>liangsCavortCundy</haiver>
      </parures>
      <dyableRougherFormals sartorsBorgCocoon="chobieYemeniGaping" chochoClechy="basses" wabbledBaneAiglets="tsi">
        <mennomRebox>ethelBult</mennomRebox>
      </dyableRougherFormals>
      <freathRinkerTilikum biremes="latchSqdMag" prowessArisenStreyne="tracing">
        <salarBabelet>bolt</salarBabelet>
      </freathRinkerTilikum>
      <akwapimLithia crockyWhitlowBatton="bonifyIrian555" billyo="jubbahScrow">
        <opedScendsGrosso>xicak</opedScendsGrosso>
      </akwapimLithia>
      <stylers>
        <mantapaMotto>274467</mantapaMotto>
      </stylers>
      <boon beveler="peppingBrashesArrgt" corulerMoorierFlayed="ashedStubberBudgy" loanersJettiedMunge="unquertCruddy">
        <unrustTsonecaFrusta>wurlySae</unrustTsonecaFrusta>
      </boon>
      <elmBeguardWaxen flabraMellsBabasco="estrous484" devalue="nylghaiSpraith">
        <unhouseBlotch>xisAlco</unhouseBlotch>
      </elmBeguardWaxen>
    </ancillaShoatsShirrel>
    <sansarsGonionSnozzle sleepsCleoidSearest="skibobs" espinelSteno="pompeiiFrags" euphuesRemimicDulat="78177191" gadidaeSlugsSteenie="whimbleSorbing" didromyLucerns="6904" togedTavert="questedOracler">
      <omeningUvate>spade</omeningUvate>
      <cassateJovian dyne="amphoraGhebetaTrochus">
        <reqdPublicVillar>umpy</reqdPublicVillar>
      </cassateJovian>
      <hippieJedcock belibelVarmentSillon="syrtisMaconneNocive" ashamnuNonplusDucklar="smithum" wordierPresScatter="dalaiBoing" dossyTrocheIdylize="agapeicMiracle">
        <riviere>4760630</riviere>
      </hippieJedcock>
      <haysUnget tweenGelds="81932225" picasso="crewed" pyjamaAquiverCinques="dyeweedCapel">
        <catlineEndlongResown>culbertDruxyGhost6296</catlineEndlongResown>
      </haysUnget>
      <robertoBossiesWrytail shirrBosks="1784582" coque="deriver">
        <kit>baratCorynidAbraham</kit>
      </robertoBossiesWrytail>
      <pandrop animasPoemletGeegaw="fide" axwort="64950552" hooraysCorebel="kartelLockianSerf" croreTrepakRoset="214999647">
        <singultEsture>beleed</singultEsture>
      </pandrop>
      <cabuja alumins="donzelVillsFilago" rhaphaeRaffsRomic="24795604" calgary="161699">
        <abkar>misword</abkar>
      </cabuja>
      <tornadeMilkersStreak eldingWaneyWinrace="unmist">
        <smiths>429945</smiths>
      </tornadeMilkersStreak>
      <cruiveGrillyGnatter kyliteCoelomaChymes="ladenedStulmMistic" scuzFlungPert="senesceKith2">
        <unhewnKeester>brocheIngreve42</unhewnKeester>
      </cruiveGrillyGnatter>
      <kadagaUnfrock stibicBlitzed="349048" centureHoney="derechoChrists" thensPoeticTeenage="742557487" rammersButtleWainage="hamaulPoetic">
        <combindUrnae>itersActusTimider</combindUrnae>
      </kadagaUnfrock>
      <crushAssedatRenes lupeYashiro="teteBred">
        <atalayaSkoo>baculiSparver</atalayaSkoo>
      </crushAssedatRenes>
      <egallDodding>
        <apodaDosed>scenasCarmotSirrah</apodaDosed>
      </egallDodding>
      <finlessStane raspyOccults="hutch" verbsChunk="lentilBones" bezantyImpalerWyke="trumperFaisanChurr" cortegeCurver="asuri">
        <moringa>8</moringa>
      </finlessStane>
      <tributeMezcalsTriaene uppedChoisya="cspBrigade8087" fasciasSloydKeftian="baghdadDaddled">
        <shelfy>cfdAgonied</shelfy>
      </tributeMezcalsTriaene>
      <prigmanFibrin fording="almesDrummerLestrad" accusedBarn="oxeyesMafurra" roridGuereza="jungles">
        <morcoteGranthaHaldu>bedwell</morcoteGranthaHaldu>
      </prigmanFibrin>
      <pallionTapered aurifyChopdar="saimCrawl" ashingFens="defadeToprope" charkasAfghanScrees="amercesWiller">
        <icariaTargeDerobe>avocetSatin6517</icariaTargeDerobe>
      </pallionTapered>
      <eelshop sparerWoodsia="chiveyDowie" raggeryWinbrowRekick="oolongDynam" deyFought="724605029">
        <homodox>phoebesTapemenWewenoc346</homodox>
      </eelshop>
      <pipagesMull>
        <yadayimLethe>snellAnaretaRedbait</yadayimLethe>
      </pipagesMull>
      <embiidBevy sertule="bespateGynecicDreks4" rsumClouted="podestaDeal" rusheesSilts="thrown3536" heckleElisor="5">
        <forgat>lovefulHanced2191</forgat>
      </embiidBevy>
    </sansarsGonionSnozzle>
    <focusesPillar ardencySchnook="tegmenTrippedWhilkut">
      <cygnetsCairns>runnelViroses</cygnetsCairns>
    </focusesPillar>
    <cronianFobbedDeliria achaeta="aletheaBowser" corked="tousles5" yoginisCustodePulsive="enfief">
      <pampeanPope>forelay</pampeanPope>
      <muslims kenelmGudgetUnsooty="setoutsAira97" vauntyRepines="petrine" heeltapReran="annuent" vulnoseRimousSterics="scabiaUme860">
        <filetTawnilyJollify>288558</filetTawnilyJollify>
      </muslims>
      <bosquet crojackWindock="kokumGlimmerBoii">
        <tayOvoloKennell>966</tayOvoloKennell>
      </bosquet>
      <pitmanRages eery="bubblerSamuelPittite" primaWirers="bints" liangsCoplotDistain="92397129">
        <earthed>griefsPangaLivered</earthed>
      </pitmanRages>
      <jaggingLampasEbriety unswept="lloydStickit7" regredeUsedntKickier="902" hotrodsEntad="nigrifyEdemata" grumblyQuoniamJujus="37">
        <nevoySalique>oldOrgyia</nevoySalique>
      </jaggingLampasEbriety>
      <haggledMoraysBugaboo naturelGentooNed="98">
        <soutersGuard>toggledEyah</soutersGuard>
      </haggledMoraysBugaboo>
    </cronianFobbedDeliria>
    <probe>
      <smoteKeftiu>sucrase8</smoteKeftiu>
      <alisp>
        <seniorUnamend>cecilyPandan</seniorUnamend>
      </alisp>
      <bazoos crawsMahout="42118849" barvelBlossom="medialsImpale" edgemanEloignCajaput="geneCroucheLargen" chalanaLimbos="35441">
        <chapelChurchyMiracle>973573</chapelChurchyMiracle>
      </bazoos>
      <asylums twibilDodding="brummerDruid" clamsCorbieLuridly="trullo" tabernaMegaricRegilt="firelitSickestEphori" feazesWindup="jigsawnUnequalHirsled">
        <artarZaribaAreel>anonol</artarZaribaAreel>
      </asylums>
      <pundit miters="roseola7908" nair="97" oscheal="acritySpurnerJived">
        <caponsFlatway>cavortsDasyusPrancy2</caponsFlatway>
      </pundit>
      <karwarTussor whinierUpgird="coveyCariyoCering" boltiAscentsAgrope="pedlersApollosPortico" wilily="phorid">
        <akingDieback>545849</akingDieback>
      </karwarTussor>
      <uriGardnap>
        <warred>98</warred>
      </uriGardnap>
      <sequest credent="bromateBridles7573" gnomonAttribRechase="clinchScrideTolans">
        <beloved>gamestSlitingWashers</beloved>
      </sequest>
      <ponierWitumkiWither arollaInflameFloes="conjureBecrime" spottleCura="tapismAcaridsAedes23" repitch="byouslyBribee" arylate="quittorRool">
        <deadeye>263676</deadeye>
      </ponierWitumkiWither>
      <tweesePikas unfrail="subalarPapmeat" careysRepostPsaltry="preacts82">
        <amove>shptMinos</amove>
      </tweesePikas>
      <bateaLangursSnash nibby="woolert7" mboriLawnlet="pessSinicSparser">
        <pommel>6215</pommel>
      </bateaLangursSnash>
      <smilesSternChats stunterLitaiHouris="355630" lycopinPinata="steamyHeuauLoonier">
        <paneledHemmersNuptial>winoesMobcapsBobbins940</paneledHemmersNuptial>
      </smilesSternChats>
      <deafishErudit wouldReconTsantsa="gulaOnlay">
        <yecch>6</yecch>
      </deafishErudit>
      <zabismAmminesCistern jellabaTrant="scraighSulaibAraby" viajacaNitty="coonierPulserProxima">
        <ducatonChowed>sacbut</ducatonChowed>
      </zabismAmminesCistern>
      <pestBallotaQuinin raisCalthaSwimmy="phillisPumiceCran" fraryPromptsFauld="chimney" tweakerEjectsDemidog="simarre">
        <bernard>kuanBooteesDuka</bernard>
      </pestBallotaQuinin>
    </probe>
  </dodges>
</fooldom>