<?xml version="1.0"?>
<pursedBoltersCytase>
  <drogh colinusStarkleSerific="headsTarry" ceston="yesesLapelSimply" pleromaFellies="hajjes" reshareAnchatAbnet="6484" />
  <cowlsSpongerModest />
  <vappa eradeVinca="87759503" haems="loc" macledShim="sumacs3666" anointSapanAstel="feniteNanisms" />
  <charadeChokes shamaGumpusPokier="verdour" burgsSeamost="975408" />
  <notatePawmark>
    <alagaoDuco>
      <gulpsBorylApsis>zaqueCaviarEmbed</gulpsBorylApsis>
      <frissSlumgumAxenic saddlerZebedee="animoOsazoneTwant" witing="906102" carvyAvitic="333271">
        <dailHydridSulu>dozerThishowExudate</dailHydridSulu>
      </frissSlumgumAxenic>
      <redocksCorita disrulyGaugesEnode="labelsBabiana" uresisTossupJune="ecodPomaryQuintan">
        <pawdite>19170798</pawdite>
      </redocksCorita>
      <inbdClipper veneris="grilledScream">
        <relatesRefugedUnqueen>colmarBarilla</relatesRefugedUnqueen>
      </inbdClipper>
      <exciter mayanRibatBurrhel="tympaniWiddyUrocyon" vitrinaBandi="syboticJibbaFolding">
        <sequin>makersAlytes</sequin>
      </exciter>
      <kranKiePrissy>
        <fage>venomy84</fage>
      </kranKiePrissy>
    </alagaoDuco>
    <versineTone titmall="lordkinCrayonSuedine">
      <pageantMagasin>entomic</pageantMagasin>
      <terminoCamoisInv caffeicButsu="bumpeeMustierAlumin6" flipedBarbas="bagful6" disliSwifts="senatusOhone11">
        <toqueGump>jaborinNeoteny179</toqueGump>
      </terminoCamoisInv>
      <rousterSaulterDister voteenChechia="glyn" saperda="deers">
        <stapledAttila>eblis</stapledAttila>
      </rousterSaulterDister>
      <socmanRusineUnskin gisantSaxonic="sloughMoppetManiple" paddlerTroth="516355">
        <kernsDoudleQuirked>aracheUmiacks</kernsDoudleQuirked>
      </socmanRusineUnskin>
      <coacherMoresOlenus plaidyQuasherKeruing="cleverPaprika" uraniumShaman="slotedCoteen66" alture="pianismReindueBecard">
        <wakwafiAconineTie>dolorsChamferSeafood</wakwafiAconineTie>
      </coacherMoresOlenus>
    </versineTone>
    <standby recordsInkblotTupuna="mistermEclegmeJollyer8770" rigolet="stared">
      <collingDeimosPerched>885680313</collingDeimosPerched>
    </standby>
    <pulmentPickers>
      <jetsomWeigherFixated>divanKeaweBogs230</jetsomWeigherFixated>
      <jurists faunulaHurty="yuckle" starverGormand="wepmanBalsamyBienne">
        <cyprina>3753</cyprina>
      </jurists>
      <hederalBinmen atriumViolistMts="dharnaRheebokLeap160" nullahs="detestAzulineTamil" docsBekahMalheur="390" chalta="alazorPsychic">
        <kochabPokeout>grummerMikronsPithes2</kochabPokeout>
      </hederalBinmen>
      <gelilah autarchPattingBiles="illanun">
        <padigeEpeira>soubiseSchnitz</padigeEpeira>
      </gelilah>
      <axesDipnoanLeucoma bangs="preactMaboloBlunket" tanyoanDaer="hombreBezoarsLadling">
        <reinaZhoAdatom>thummin</reinaZhoAdatom>
      </axesDipnoanLeucoma>
      <torneyTettixModels upmast="inaptVetch9832">
        <mucigenBib>papish</mucigenBib>
      </torneyTettixModels>
      <crinulaCannelsCace matthew="venireWaniganMbuba" liraRibozos="detrainFeculae" lobo="864329579">
        <mowable>geniiTeacup</mowable>
      </crinulaCannelsCace>
      <soutarTacnodeFren marmiteMysticsMoonite="sarcasmNausea" hellenChiruVioland="poyouWomaned">
        <andaquiRupiah>10985</andaquiRupiah>
      </soutarTacnodeFren>
      <indicesPibrochMarques alpheusPanseOperand="volvoxOctyne" bultell="761">
        <besmile>triviaUnshopDarkly</besmile>
      </indicesPibrochMarques>
      <helicesMachaon misc="spillsPacosBothros">
        <perHoodlePeenge>huntDingiesMerd</perHoodlePeenge>
      </helicesMachaon>
      <poindedUnglaze sirianSalukiOoplasm="rillYetter" columnSneckWost="9605445" biopsicFossage="chronal">
        <subtendMintingIntwist>3482</subtendMintingIntwist>
      </poindedUnglaze>
      <tannestFevered bibiruMeaking="63384761" bootyEluting="80231574" secus="tairge" abasing="brownedHieldColonus">
        <quakingDicer>1286</quakingDicer>
      </tannestFevered>
    </pulmentPickers>
    <slaggerBonaciBiacid>
      <apertumSpicate>biotinPigmy</apertumSpicate>
    </slaggerBonaciBiacid>
    <cumarinSaba>
      <squdgyDimoricOrlops>lemansIwaiwa13</squdgyDimoricOrlops>
      <roxburyGondite>
        <manocOutjuts>ghatti</manocOutjuts>
      </roxburyGondite>
    </cumarinSaba>
    <alfionaKapok>
      <setlingModiYawper>443016</setlingModiYawper>
      <sommite italy="160864279" caudaeScawlEnodate="1">
        <enfraiSyntanBipont>terranMazard</enfraiSyntanBipont>
      </sommite>
      <snappeMuckleIctic primaryTacet="arado" pisan="vigors" dcbname="atrophyAdwardBridal" roadbed="quassin">
        <sortingElvet>desmoidShelaShlep</sortingElvet>
      </snappeMuckleIctic>
      <miswireOotids mulmull="blitum" dernierDarnMalta="moaning" echardsVirgulaLumpmen="urgerEmigr" tastePeelExpires="244">
        <noose>garred</noose>
      </miswireOotids>
      <sued unpeaceHounderClastic="586213692" linguaeOutsinPlaneta="patter">
        <enfoldsHayseedMoues>unstripWeeEmeries</enfoldsHayseedMoues>
      </sued>
      <mesua tautogTutulus="correaAguadorTuliac" bojoCanisCider="wellmen" amarine="morseStapesPunjabi">
        <vanityJerkerHulkier>pptMithanSaho2</vanityJerkerHulkier>
      </mesua>
      <palamaEndopod>
        <tidiesNestersEgoizer>israelParr</tidiesNestersEgoizer>
      </palamaEndopod>
      <roloway inbyeBlade="araraoDesmidElboic" outsSpninx="genalCinereaKinch" cainiteGloboid="balloCallatHomarus" anelace="sootGustedCoendou">
        <djehad>torqueSalwey</djehad>
      </roloway>
      <arolia teianStripeCaproic="reduced" discampCarrizo="imbibesSaltie" dhamnooPerplexIcky="7522198" huthold="psorous840">
        <crozesEffie>peccavi</crozesEffie>
      </arolia>
    </alfionaKapok>
    <sartishWades recado="denies" hovererButyrylFresher="smithamLockageSecondo" proface="86305" saynayDiscantSulphas="hexaneJourn" mervSivaiteMarfire="80" lavehrWatson="elampBurtreeJim1" artize="humify">
      <heildFrenateOurebis>tenailsExultet</heildFrenateOurebis>
      <murrinaBailoKrepi>
        <dyvoursPutlogOrcin>inwardsBobecheDanaite4163</dyvoursPutlogOrcin>
      </murrinaBailoKrepi>
      <skuaUnhand algyStannic="whambleAlthornBora" besanTapas="reoiledLoggie" parada="unbuskJosipSternal" finned="abv">
        <bastonConfideHurried>purloinHaybox</bastonConfideHurried>
      </skuaUnhand>
      <clow senecanDarkles="lalang5113" avgasCubbingMurph="lioncelDuco" mugilInjectFurze="310" incused="637">
        <venaticBedsit>bakutuHeaded</venaticBedsit>
      </clow>
    </sartishWades>
    <pinnuleGuttleUnstrap>
      <jeffreyShimoseVacuist>toggerLaccaSuncup730</jeffreyShimoseVacuist>
      <fizzle cpt="busesOrson" erbiumComers="quai" homonymCroaks="7217">
        <humidorMorraBiorgan>makuaAlesKinins45</humidorMorraBiorgan>
      </fizzle>
      <xylan>
        <ostioleFelons>badgeOrias533</ostioleFelons>
      </xylan>
      <topogEterneEmbar sequelaSitkan="1569" skellyUpriver="lessens" sobolesLidiaMutual="stylize">
        <unsawnPictishFiot>sonatasTussehs</unsawnPictishFiot>
      </topogEterneEmbar>
      <lichis thooidHiddelsBlew="embraceCliffedNeurad" cawkerKainite="tunketHassle2" gumi="ufo" disemeGynecicBusmen="rudity">
        <forboreCowponyKinboot>rattlerMobsmenNestler</forboreCowponyKinboot>
      </lichis>
      <waddiesLunger>
        <hecaticMightedMaught>resolve</hecaticMightedMaught>
      </waddiesLunger>
      <filius pupaAmentyMaids="46822">
        <jhvh>uvealNombles</jhvh>
      </filius>
      <klickUmbrian upsetIngests="518026565" unbExigent="amuck" persue="angriteWidget">
        <juglarTemaBrazee>annam</juglarTemaBrazee>
      </klickUmbrian>
      <aggry>
        <lenduExpy>tsere</lenduExpy>
      </aggry>
      <bobstaySwick acrita="seawife" bailersChara="oseLawyery3" ungown="bridelyEndlongSighty">
        <pomadeValvule>bionticBienneSandbox50</pomadeValvule>
      </bobstaySwick>
      <averseSubtend noxaCrisplyFriezed="blessAuryl">
        <iridoNonomadKnells>astraea</iridoNonomadKnells>
      </averseSubtend>
      <dessert>
        <ruenMoeurs>airdate</ruenMoeurs>
      </dessert>
      <garbled sagosInserveAurate="grex" batisteDumped="legal109" tiedDermis="539" pinardsAntaeusWhids="lastedViragoRasa">
        <ration>chytra</ration>
      </garbled>
      <tutinNuncioCauline retrierOutbond="add" bogmanDuchessNigged="tphUnrope" porogamAlphos="8922" mebsutaNavahoAbsit="assnSax">
        <auride>89170</auride>
      </tutinNuncioCauline>
      <mazilyBarringDaylily laboresGarialBotan="298557" lammedStarwIntra="quieted">
        <acerliArroya>naim</acerliArroya>
      </mazilyBarringDaylily>
      <haflin stepupBensell="hornetsBedamn" braxy="25566429" freityBabuEskers="bilgeHilling">
        <exaun>boriAoife1803</exaun>
      </haflin>
    </pinnuleGuttleUnstrap>
    <nukeRankleWar denotesNunneryFeather="kickishBenCepheus" cristy="hawkeryMahbub">
      <simplum>bosky7773</simplum>
      <stators alumnaeSwaird="481">
        <bandboxAtrousRugger>11</bandboxAtrousRugger>
      </stators>
      <shilledNaplessFolded aphemicSeorGenie="tough">
        <astelicMartyn>cappaeTigella</astelicMartyn>
      </shilledNaplessFolded>
      <stillArayne rodsman="midironUmp" venial="pulpitClimateTessara1075">
        <outrootBalante>dannockLycea</outrootBalante>
      </stillArayne>
      <putherYoldia tariffsCopularMaut="972" uniquer="buncoedIliads" heteric="nobleNeednPandrop">
        <miswern>nina</miswern>
      </putherYoldia>
    </nukeRankleWar>
    <bosses>
      <nomeSellar>denguesTofore</nomeSellar>
    </bosses>
    <tweilMannCruse leases="kieRata" uddered="xxx" gallies="scoopedDelateLimns" anchoryTimeous="voitureMalva" flyers="daweUnmadeWhopped" anticusThienyl="51">
      <dorlachOverdry>1</dorlachOverdry>
      <rusksStobJazzmen isomery="spurdogCydonHogweed" kantist="coendou" toupees="martite" dottelUnweldXxiv="powcat">
        <joypopMishnahDamned>betelsWiggler</joypopMishnahDamned>
      </rusksStobJazzmen>
      <latinicJazzedApostle mon="triglaBemuseJinsing" cressesCrozierXdiv="escribe">
        <picketsMultani>17</picketsMultani>
      </latinicJazzedApostle>
      <humbleYakmanForesty pornos="oboe4">
        <lahuli>bitumenShadSeries</lahuli>
      </humbleYakmanForesty>
      <thusly cuttler="obovoidWornoutStunt" thriftHippusBlabbed="93" scholarCurnieMajorat="eprosyAntrumsSilken">
        <rapidMopiestCiboney>affairRosales3</rapidMopiestCiboney>
      </thusly>
      <lineupSerpula bruckle="mihrab46" fusspotSputeReesle="ascianWhirlyFelon" baffing="shastraJerryScutage" wigletsPigdom="dohterCodders">
        <totterEgriot>57</totterEgriot>
      </lineupSerpula>
      <kembTiphia archway="11" nidViraWonting="71" sowableYanks="453" godsendDauncy="cupeled">
        <orleNemoralOuzos>beleaveApaceSpaded</orleNemoralOuzos>
      </kembTiphia>
      <bhutFangyRodster patulinMust="witham">
        <blinger>onsightBrisket</blinger>
      </bhutFangyRodster>
      <sevresMoieterSinaloa hobbleManetti="196">
        <zorils>9450435</zorils>
      </sevresMoieterSinaloa>
      <godlingRighted>
        <khalifRieversNoghead>hatress</khalifRieversNoghead>
      </godlingRighted>
      <gainsetScopus spumoniLigatorRajasic="instalsCoatiYom">
        <fabaIrenicBaths>radiiKytoon</fabaIrenicBaths>
      </gainsetScopus>
      <prepack vacuit="flierWantageOvology" vibists="bounds" unmastSinningOrcas="objectsBunkie">
        <clasperRfb>viner</clasperRfb>
      </prepack>
      <hokingYawler brocket="quinoaTownlyBuxerry">
        <salus>marcia8</salus>
      </hokingYawler>
      <fummleStickumGully>
        <brosyMultUnroof>mysticTrad42</brosyMultUnroof>
      </fummleStickumGully>
      <seamerPruners>
        <haverel>ticalReferedMother</haverel>
      </seamerPruners>
      <dispone nannieCamelidApluda="annuent">
        <merlesEnsate>vultur</merlesEnsate>
      </dispone>
      <leppyFitlySangers>
        <mummifyUnlegal>bicornWoadwaxDepulse2</mummifyUnlegal>
      </leppyFitlySangers>
      <spoky xicak="3369">
        <carnousPostage>meldingBezelsRotge</carnousPostage>
      </spoky>
      <leewaysKoshersMowers>
        <findingSnoekMacrura>piwut</findingSnoekMacrura>
      </leewaysKoshersMowers>
      <gappedEverwhoPess unsurlyPricyDoorman="ariotSodden" pouts="abasersCowboysDaphnid" nitsSum="ritelyTentory8">
        <loviers>thsantTabesRosetum</loviers>
      </gappedEverwhoPess>
    </tweilMannCruse>
    <palpsMuskoneOutwing sashedAbrus="kasherOgdoad" custosProverbShamoys="discourPodatus5469" mafoo="mucosae" style="19" saithSacred="gardenyLastEviller" cynoid="artifexJacture509" genetorNaibOrtman="teaingCochief">
      <geysersWanigan>chacra</geysersWanigan>
    </palpsMuskoneOutwing>
  </notatePawmark>
  <caddieCeromezHabuka elderAetat="507458" plumeryClop="chamferHumpLock" />
  <sports />
  <geld locoman="scarfyStageseSokes" doweled="83024" />
  <debtorsPaperyMuggar thrangPrespurDirect="4655139" cruseConfact="musting">
    <snootLeakingEmbrue>
      <hippishParsnipGout>alleyedCalced</hippishParsnipGout>
    </snootLeakingEmbrue>
    <coakOreStows breedUpcomeCrony="avgasesDedimusTambour" bambute="99256" myrick="popalCahoots" grammarIsopod="flimp" overbowWreatheWalloch="burboltPaqueLenity">
      <certisPartan>83854</certisPartan>
      <reverdiAwsharOverpet caseSarlak="globuleBespurt">
        <ejectorBakubaArgils>fittestLupulus9</ejectorBakubaArgils>
      </reverdiAwsharOverpet>
      <pituitaFlenserAutist valving="fowlerInsipidEmpover">
        <saulNabbyBonity>demot</saulNabbyBonity>
      </pituitaFlenserAutist>
      <tarpeiaWincers doughyTrisect="458" pendentFungals="agist" shiiticKolkhoz="glazingInmatesPrao">
        <belyCrakeDeprive>tythesGarages</belyCrakeDeprive>
      </tarpeiaWincers>
      <drumKaf padlike="bursal" stabberTaberTawnie="moujikTaslet" juttiedKokila="crawtaeAgioChaouia">
        <amper>309521424</amper>
      </drumKaf>
      <lidarNarkedPunster pulkaInvoice="4598" dibber="syncOmnistDrouth" inshoot="arainsArachne" oxblood="nonsine">
        <outcropIdes>mires</outcropIdes>
      </lidarNarkedPunster>
      <agauFrijolMelis undernSkisDolt="deicesAbed" waisted="culls" oscellaAuspicy="skyfte">
        <surlilyAnsu>pallets26</surlilyAnsu>
      </agauFrijolMelis>
      <aberiaAmarin wared="williamSplodgeNol" byronicQuotum="strivedHoster" crozzlyZoopery="cutelyDamplyCubics">
        <choise>trompeMowhaAppals</choise>
      </aberiaAmarin>
      <spealStasis coders="3" dowries="gulReshipPlugs" abroach="angekok">
        <gobletsJussiveMildred>belsireBegsterRevend</gobletsJussiveMildred>
      </spealStasis>
      <angry increptAlesan="xerox" wobbled="98546979" brughsDeems="regius">
        <calSpilesDouar>poppySqq</calSpilesDouar>
      </angry>
      <wambubaJalap strouds="62648707">
        <wystyJunkmenFeijoa>sues</wystyJunkmenFeijoa>
      </wambubaJalap>
      <manasTroched denoted="musciSyncom" whirtleSippedFulcrum="havana" sirpleUnital="cullisVawardBego">
        <dosadh>stichShimmy</dosadh>
      </manasTroched>
      <chalons theekerAbitibi="moresco" lexicUntriteYeeuck="847783" rilly="tropicsKapp6" depermCession="palish">
        <keyless>garthIleitis</keyless>
      </chalons>
      <ganzieNutsCusped cablets="amidoxyTuataraHobnob">
        <loanersExposit>460</loanersExposit>
      </ganzieNutsCusped>
      <willFlaser bugganeValericMelling="shiceMis" russine="155">
        <melianSaeEclated>1020774</melianSaeEclated>
      </willFlaser>
    </coakOreStows>
    <ordureJawed>
      <boriAmlacra>alison</boriAmlacra>
    </ordureJawed>
    <duceSuablyButment>
      <guanay>lodhaFurors</guanay>
    </duceSuablyButment>
    <echelon consuteCoiffe="enfork" muckLuceresTendon="disgoutDakerCots" pternaAmusias="vissSaucyPleases" congree="clootieToting" phaedoTypos="9" carsSairlyGalanas="pestify">
      <psig>biprong</psig>
    </echelon>
    <demissGizmos fence="561" bassusTummiesHalutz="dorize" novelet="39887904" thurstBaizingSlent="944">
      <myoxus>theosMungos</myoxus>
    </demissGizmos>
    <ternerMooningNympha>
      <saloopRepines>somitalTutor</saloopRepines>
      <basalt traneauSprotJejuna="disgigRosetty82" poemetSasteanWarluck="chewRiffedEyepit">
        <lascarFurbish>subheroHacked</lascarFurbish>
      </basalt>
      <bitchedBevels prooTwingeHadit="oralerDreegh4" rhymersOrbityAlinota="unpureMettarEbcdic44" etwite="874" hodadsEludingDadoing="207283409">
        <galenaBaa>royster</galenaBaa>
      </bitchedBevels>
      <hucho saningNewing="kishkeExormia" greylyChacate="3506">
        <mamzerHyenoid>bicyclo</mamzerHyenoid>
      </hucho>
      <samsaraKeacornOrmer effare="890963183">
        <ramschMayey>6</ramschMayey>
      </samsaraKeacornOrmer>
      <walesWeerishSnooked barfedSorbus="tenuredHexosanCoolung" loupedVetust="chablisDewtryDanders">
        <cervusHydriadCrinose>tolingAshcanPlumach80</cervusHydriadCrinose>
      </walesWeerishSnooked>
      <coots atlanta="cesuralCalappa74">
        <anoraks>lynceanCopeia</anoraks>
      </coots>
      <sunnilyBant>
        <prescanEnfile>barring</prescanEnfile>
      </sunnilyBant>
    </ternerMooningNympha>
    <heckles deckenSwooned="swabbedKairin" byeSwitzerOvary="falcade96" outsideBelinda="rewaxedJulia" ripe="aioli" curtlyCerataBorean="chicsComadeKief" bluntedGreeneyKnops="lemon" dynamo="changosLeachedCordage">
      <dolenteOutlookButtony>asprawlLaborBeaked</dolenteOutlookButtony>
    </heckles>
    <kilim>
      <dutchPeucylMerer>pacosVermilyOmened</dutchPeucylMerer>
    </kilim>
    <aimsScroll>
      <gooroo>unclipFumantUrazin</gooroo>
    </aimsScroll>
    <certesAlfaqui>
      <healedAsci>raughtMeile</healedAsci>
      <safine reestleSeiseLineate="shillsNumeros" couchedDuree="ukuleleSowbaneTozer" hostryVelured="cavalPrenote" faraday="yodhRepaves">
        <looby>rudder</looby>
      </safine>
      <deliesBeezers gastrinComdiaMisters="amicusHemolAvenue" leapersHagmane="tiptoedMaillot16" jitneys="squealsMacauco">
        <beswimSinicalAlinit>2722484</beswimSinicalAlinit>
      </deliesBeezers>
      <motheryTagrags huggleYessoIcaco="caaba" yeseValgoid="salvedNarial">
        <lodeBeaut>130701422</lodeBeaut>
      </motheryTagrags>
      <sbloodNowhit>
        <studiesHaying>9852585</studiesHaying>
      </sbloodNowhit>
      <spritesFlakedAmmine nerves="halloos">
        <jeu>cowbarnRashing</jeu>
      </spritesFlakedAmmine>
      <uncakedSepsin curbedBurnets="sondItchy6" plummyAcerbicAgadic="beldam" bankmen="moduliOomphsKindles" mildishSubplot="scripsVisarga">
        <peroral>slitterUnheavy</peroral>
      </uncakedSepsin>
      <colBumbassGuaco aerobeAlannah="lobfig" cutleryGruffGarland="versine" inexistOutgiveSpud="parkwaySlimpsyBandeau">
        <wereassYawneyCzarina>jewhoodPlodAminish503</wereassYawneyCzarina>
      </colBumbassGuaco>
      <mixtureFools chevise="672">
        <uptowerTzar>wysty410</uptowerTzar>
      </mixtureFools>
    </certesAlfaqui>
    <wiretapPree>
      <pinkyRelache>97278327</pinkyRelache>
    </wiretapPree>
    <teetersOghams>
      <tapsman>buskleBegarieRajesh</tapsman>
    </teetersOghams>
    <nizyTelae sahGrazersVioland="daunton2401" sherris="ectasis" avowingFraistCretism="quoitedFurlers31" veneersTired="5455" weseFestonPtt="ungated" ooralisUnname="cocopan">
      <baieraVelureAdat>146</baieraVelureAdat>
    </nizyTelae>
    <koreciDraftedTweed>
      <ons>epimerYellsPalfry</ons>
    </koreciDraftedTweed>
    <factorsFishnet iterant="oxesRhodaCompte428" donnerdInpourPogeys="denningSchwarzSemese">
      <abbasid>chewerBleauntMowha</abbasid>
    </factorsFishnet>
    <swingelPervial>
      <bevetoPuistieMangles>pawpaw</bevetoPuistieMangles>
      <mashingWarrant geums="faithed" poggy="518" dinars="stichoiLinnsSalvoed" bleach="apotype">
        <hyaloidBrekky>reboastLim</hyaloidBrekky>
      </mashingWarrant>
      <sciaraTarnishCestui amorua="molaChoralsGrazie" tripackRepinesUngirds="hooplaJochSeljuk" aizoonGhazism="amusgoOverrimPotwork">
        <recklaHumistBegone>animateMaybeInwove</recklaHumistBegone>
      </sciaraTarnishCestui>
      <cockles wellsetSoosooAnthryl="tensomeSenior" rotteEnseatUpsolve="bugre" asternEutopiaSnuff="hoiseSaxishUnsets328">
        <bariumsAdagiosNektons>popeyePeinedAnomic</bariumsAdagiosNektons>
      </cockles>
      <sanctaeOoh snirtleThalamiVainful="towelry" shevriGrimesAbetter="crapulaRecheatMutch" hussyEpiderm="corneumBoomboxAbos458">
        <apiole>cinchTalced</apiole>
      </sanctaeOoh>
      <zayinsPaludic>
        <amineDayboy>redhoop8</amineDayboy>
      </zayinsPaludic>
      <pinto punnage="roofsCydippe">
        <forz>rewaxedThew</forz>
      </pinto>
      <sadistAbadejoHemes belgaeJeepers="stiffRiel" sanely="calzada">
        <favors>idest</favors>
      </sadistAbadejoHemes>
      <cymlins atrialBastHows="53977009" modeled="doggersSoyotHogbush" bagonet="armscye">
        <anurousUneatedCleaned>kakarTimed</anurousUneatedCleaned>
      </cymlins>
      <fub talookaIdahoDevotes="merino2">
        <tancel>ungiantUndosedDecuple</tancel>
      </fub>
      <racemes>
        <tauriniOarageOmentum>deparkNeeger</tauriniOarageOmentum>
      </racemes>
      <starets lexiaBooteryMeiji="whaurSeirenEncoach">
        <doneesBifer>gelofre</doneesBifer>
      </starets>
    </swingelPervial>
    <mosan>
      <cecaBoarish>racoonsBallamCowper3937</cecaBoarish>
    </mosan>
    <amebasAnna eelpoutUpswell="unsolarKnucklyFoy3347" musiveHirenOutpay="kaylesRumen" aristae="arctium" swerveOolongs="cokyAminded" shpBettaDemount="31520" gristlyTanoan="gageitePurl">
      <hazeled>sodium</hazeled>
    </amebasAnna>
    <sinusUpswell>
      <preemptLanoseHernsew>obley</preemptLanoseHernsew>
      <previze uraemic="pineyBowpinAssary" assautOutbredCandids="tembeRoburUnhelms">
        <amniniaJawing>abigeiFrieda276</amniniaJawing>
      </previze>
      <burlingMoco reshipUnbaseRaftage="forgetsCraverTribes" brugh="83" wyandot="lendSquiresSmirk">
        <adoxyCentLauans>axineShinilyBela</adoxyCentLauans>
      </burlingMoco>
      <billonSensum gillingPurshiaDash="niftier" bassosParaibaWhom="gums" auksCollisCarped="giggingMaycockGezerah">
        <damagesJoola>auloi</damagesJoola>
      </billonSensum>
      <auraGrulla>
        <midpitSkittleCrest>parureJockerVaadim</midpitSkittleCrest>
      </auraGrulla>
      <thrawedZeinWritten sibylsRibSilanes="27210901">
        <tajiki>doatyAcred</tajiki>
      </thrawedZeinWritten>
      <interneAbroma limps="clodded" jackies="roonKadayan">
        <meany>reloads</meany>
      </interneAbroma>
      <amentiaSipple slayerBedMendy="allegeGabbierEchoing815">
        <kimuraIpseityCedary>ravellyHuelessAnoints81</kimuraIpseityCedary>
      </amentiaSipple>
      <siksika prizes="suttaTetrazo11" misknow="stichidSirups" auletesNotcher="wekeenSaveloyDresser" gray="mately">
        <alleve>biassedTrivvetQuetsch</alleve>
      </siksika>
      <measledDeicing marlenaDod="derridLibriAngoras" phaetFreezeCroppie="vedetteJokeyVerbid" babootOutherEnvire="bergCurves" divusBilio="3">
        <hippestPoiseYun>holierOverdyeIcy</hippestPoiseYun>
      </measledDeicing>
      <gaseousSpelunk cleatsHumilisGrated="2" assyriaLittlinSenecio="68669" atomPhobySunbird="merciGouty">
        <plateau>noachicDavis</plateau>
      </gaseousSpelunk>
      <upswungSaros>
        <touzlesJockHind>bosser</touzlesJockHind>
      </upswungSaros>
      <yirthLassetSerang allooJurymanDentist="747" escrime="nided84">
        <imbanFavelaBacile>anonymsChullpa71</imbanFavelaBacile>
      </yirthLassetSerang>
      <tenonedTillerPeptics scudo="cav" outbookOldwife="jarsInflame" gazaboEmoteEclegma="clupien">
        <rille>54032317</rille>
      </tenonedTillerPeptics>
      <fouGeomJewship>
        <atomiesBeaufin>cathay</atomiesBeaufin>
      </fouGeomJewship>
      <hostalAmalArtou avicideRains="175019">
        <asyleLotuses>eyraNake232</asyleLotuses>
      </hostalAmalArtou>
      <coobahWaxbirdSeginus nybbleCalemesCalvary="sneezyRoleo">
        <biminiMesskit>bialisRuddish349</biminiMesskit>
      </coobahWaxbirdSeginus>
      <sparky refloodLaminae="retrack">
        <toastPallorFlustra>duckpin</toastPallorFlustra>
      </sparky>
      <collops iradeAcroticDemaree="adigheMinnyNoncash571" punnageRedoutsRemand="24" rooklet="linley" galore="carter">
        <fasciaMatins>20</fasciaMatins>
      </collops>
      <ethane dobbins="6022">
        <unhalePlatted>aments</unhalePlatted>
      </ethane>
    </sinusUpswell>
  </debtorsPaperyMuggar>
  <renegedKankrejKnew steekDumbcowProdded="4" chingma="dentesBesoot" obrienTolylCloison="begorah" />
  <anankesClimbYoud beinlyRosal="imperyKlister" selahWarned="desex" comedosAccinge="trendMadcapsUnisex94" />
  <wodgyAcosmicFoe>
    <loriSantimsMacram riles="crusetAiawongGuasa94" scorzaTanti="ovicell24" taxableUptake="subarid" pyroticHexerisRapidly="diamberCrusta" nacelle="forfend">
      <filemotAguesNonpros>tarinPacify</filemotAguesNonpros>
      <darkie bandle="mahranFumify">
        <swankeyFeasedFrise>fylkerKha</swankeyFeasedFrise>
      </darkie>
      <grumpy avensBootes="dysuric" pawlJerbil="11493" sportsOrbicCannat="zinckyBlasTops" shillsSawderReister="derthKassuSings">
        <hokingRedwudTikkun>arcanal</hokingRedwudTikkun>
      </grumpy>
      <exacumLndg kumbuk="peel7" hattingReladenWaygoer="18185" carleGrout="alpheusBroncs" boxbushTropAloofe="audings">
        <tag>bondmanFibula3338</tag>
      </exacumLndg>
      <snirtle>
        <sabaism>heedfulMetabitJulian</sabaism>
      </snirtle>
      <wurmalBulkageDaijo grushie="clonicSubadarTollage" acquit="glimeNagualAnnotto429">
        <hond>poppedPlanedCamenes</hond>
      </wurmalBulkageDaijo>
      <gnomonCrispen bluejay="ned" exilityBalau="macksTret" efs="bonagh">
        <smichGerbils>wastingLaagersSantir</smichGerbils>
      </gnomonCrispen>
    </loriSantimsMacram>
    <baccateMerry>
      <keckleSore>jabulesKago</keckleSore>
    </baccateMerry>
    <rummle ghastly="brasqueKurdRanging" manege="beautyNipZoarium" lintenTideway="ellipse" schemeDuddies="nesokiaCairdsFawned">
      <vip>219635987</vip>
      <punierFluemanMagics subbedMisledKemp="quacksFormule958" eurekaRavener="caeca" bulbels="78" jangheyMirateOuroub="clonsVedaMogdad">
        <boodieMotmotsKlafter>onces4228</boodieMotmotsKlafter>
      </punierFluemanMagics>
      <qindarsSmudgerHostry affixedBeltedDelawn="biga" purplerCacaraCarida="4736356" vexedly="gaetuliPraiss">
        <lamboys>leechesProc</lamboys>
      </qindarsSmudgerHostry>
      <aerates>
        <derthYournInaner>abattueGabbardAmtracs</derthYournInaner>
      </aerates>
      <crampyGiggitFaon shake="annotKidlingUpland" icodStarchEntice="shambaHeptadSuppute" tarse="slanged6093" swarveHighlow="cubiti4319">
        <cavortsClitiaXarque>stroppySorex</cavortsClitiaXarque>
      </crampyGiggitFaon>
      <meows>
        <dirges>3393</dirges>
      </meows>
      <iodizedArmadaBuret miotics="91" magboteIambi="wopLockramNeedful">
        <finewLowlandMawseed>487</finewLowlandMawseed>
      </iodizedArmadaBuret>
      <mannide kachinWithesEpigee="6808664">
        <mureins>nore</mureins>
      </mannide>
      <soilierAnalyseCrs homish="learStofGroucho" emptierFei="hydrous">
        <widdy>siccantHackmen4267</widdy>
      </soilierAnalyseCrs>
      <metrosOffence airtingSnaggleElector="cebid" alumna="romanRegains" huntleyMarver="sarif" brinieCocainHorse="mention2">
        <mindful>chinwagMadresKinship</mindful>
      </metrosOffence>
    </rummle>
    <rangingZenith oxetoneStopway="willes">
      <nais>cockeye</nais>
    </rangingZenith>
    <timnePisoteNibbed mourns="iortn" sopperFoundTinged="tremaAbdalHardier932" maenadDudismSaveloy="4391777" pallid="meacon13" aeolusRabfakSkive="woftEelfare" pontacq="98188">
      <whidsCulver>479054</whidsCulver>
      <deplace brisesReawaitWun="20846711" bosnianSutured="monomerWapata238">
        <sexier>smeathBellyerDespin</sexier>
      </deplace>
      <isthmic toccate="1287" transomPeopledMenaces="tenoner">
        <dargahProtegeSumach>podeonExarchyRegards</dargahProtegeSumach>
      </isthmic>
      <schloss somitesRestudyPater="308458" zingCreesOarlike="5095" ejidalNemasGelder="tumulusMilia" trifly="outsend">
        <steeply>darya70</steeply>
      </schloss>
      <swales deluge="flotsamEnsure">
        <bienMoseyedSumdum>78</bienMoseyedSumdum>
      </swales>
      <placate>
        <tentsTheedom>chinikTurncapDourest</tentsTheedom>
      </placate>
      <patmian forbarLiknon="juffer">
        <unhairsKeckledOutcame>maliceGahniteDipppy</unhairsKeckledOutcame>
      </patmian>
      <mignonsPeuhl celtiumForleft="44">
        <axones>huluShipwayLocales307</axones>
      </mignonsPeuhl>
      <pikingFuzzy wimples="6494059">
        <isotachHuastecButsu>barberyPetalonStereid3</isotachHuastecButsu>
      </pikingFuzzy>
      <noticeModioli shovelDegassPlantar="lateenIndris" hoorayShafts="nozzles" barekaBacked="onusesSchickReginae" pucesHwanBeerish="sawpit">
        <pagrusIconian>anukit</pagrusIconian>
      </noticeModioli>
      <ilvaite>
        <cratesCuff>resoleOrderedGap</cratesCuff>
      </ilvaite>
      <slaintePootherTeedle>
        <mabutiSyncarp>nonion</mabutiSyncarp>
      </slaintePootherTeedle>
      <willawaXanthic swackenManropeVirose="argasidTog62" jibstayHouston="minawaySkidoos" emery="rajahsCodetteDiasene">
        <enstamp>dunkedDyads</enstamp>
      </willawaXanthic>
      <bigas>
        <gadgerCrustalDiodia>leathAfeard</gadgerCrustalDiodia>
      </bigas>
      <ongaroMangelCollyr papagoUnjamMonase="rockmanScouthsWhereup588">
        <proagonFaultyDisbury>nuchalMaremmaSuspect</proagonFaultyDisbury>
      </ongaroMangelCollyr>
      <toatSignify tranky="635778743" creese="6647" betsey="averyVocably">
        <pimpJokingOrians>seraisYesoNowness</pimpJokingOrians>
      </toatSignify>
      <hoinAsoak vowelly="wivesDeemVaisya920" unsatin="1892">
        <gussLesionsBetray>carping271</gussLesionsBetray>
      </hoinAsoak>
      <stratalShouldnLayland erasersBeestAmorini="kilnrib" insistKisanMyel="relideCalkedRheum">
        <twittenAdelite>gularStuRoofers</twittenAdelite>
      </stratalShouldnLayland>
      <saporsEcandaDigging jakos="pages" kitties="354591715">
        <bktCysts>coneysPloukyCibaria5005</bktCysts>
      </saporsEcandaDigging>
    </timnePisoteNibbed>
    <formy simas="61183" matoke="colonsWillawa">
      <rasing>shivahsChemics</rasing>
      <crowedAvolatePhrator>
        <derf>419</derf>
      </crowedAvolatePhrator>
      <wairScopaPutain eseManlily="scarthAwaiter974" blereRapter="unready" casedErectlySheng="auturgyCuds" jummaBipolarRaphany="waly">
        <voyeursGauss>skilledSpuggyTanned</voyeursGauss>
      </wairScopaPutain>
      <montia>
        <busts>outseekDurgen</busts>
      </montia>
      <pinksAmoral lungerCateran="striperHelasRevisit">
        <unshy>oompahTwosFlimmer532</unshy>
      </pinksAmoral>
      <hasterBernBeclaw finialsPiddledGlowfly="aweekStudderYaguaza">
        <mmmmRotlsVicia>jeffery9888</mmmmRotlsVicia>
      </hasterBernBeclaw>
      <mactraScrinch ornoite="stalaceDhava" gaeldomVelatedEpidia="sellout" belder="610299127" usanceCuneate="wassieAmman">
        <revests>coude</revests>
      </mactraScrinch>
      <wardmenRosins>
        <kirsch>aleak</kirsch>
      </wardmenRosins>
      <bassingRistSlice claysCharpai="6670421" phoney="23166393" platier="teeting">
        <chufasScalene>sepawn15</chufasScalene>
      </bassingRistSlice>
      <seasanScalped>
        <schriksSulidae>jiberTribrac</schriksSulidae>
      </seasanScalped>
      <sirdarsSurcoatCubans sensus="joypopsSylvineRhombic62" zaqueBambini="nichingBebledCadmide" byway="577346" lunt="judgedTetract">
        <cineastUlanTextman>228739622</cineastUlanTextman>
      </sirdarsSurcoatCubans>
      <relift>
        <outworn>ochranaUnslip2</outworn>
      </relift>
      <chrismaSkere feveryCymraegJangly="7270251" bbl="ashiverBegariBulge1303" fasting="noyaded" upbring="3156">
        <loftilyGolfs>palea</loftilyGolfs>
      </chrismaSkere>
    </formy>
    <amarna>
      <boweledJurist>minnieFire</boweledJurist>
      <poisureMouches restyEmulgeLoomery="guarderGemless" cockish="insiderBahada" disomicDadap="refresh">
        <lempira>41</lempira>
      </poisureMouches>
      <bagdadSpotsUncore douceUndightStringy="charlie" island="kukuFuhrers">
        <skatersDebatedWindage>baillie</skatersDebatedWindage>
      </bagdadSpotsUncore>
      <stong>
        <coldAdipsia>oraon</coldAdipsia>
      </stong>
      <dilliesYelping>
        <jetsamPatballBegohm>loamilyRerub9336</jetsamPatballBegohm>
      </dilliesYelping>
      <tidder radiumsSpirateMiauer="tracksSeekers5352" avgases="valvataWinesap" hish="69801249" machPleach="5">
        <liveth>tommer</liveth>
      </tidder>
      <borough rouges="4">
        <bemadUnhazed>knarsCarbide</bemadUnhazed>
      </borough>
      <omaniChokyXref>
        <geogen>cumaceaFconv</geogen>
      </omaniChokyXref>
    </amarna>
    <xerafinHavened>
      <ttyNavviesWrongdo>5864345</ttyNavviesWrongdo>
      <assizeGaggleTrapeze>
        <deludedShout>zingaro</deludedShout>
      </assizeGaggleTrapeze>
      <glucose bypathHetchelSedilia="brujasPtyalinRussia" fylfots="8725539" hemase="334" pinacesPudgyChegre="langkaPasts">
        <buryAlviaFaults>89566</buryAlviaFaults>
      </glucose>
      <echo fidleysWistly="5069371">
        <sudanicIstrianLiassic>jab37</sudanicIstrianLiassic>
      </echo>
      <flustraPtilota kapaiTantoPraise="aridBoyausScooch" bairnCalciFlews="hairenSkeeg" bragerHansels="bokos90" dampestGiliakHealful="sinologSulfato">
        <nosine>pichi</nosine>
      </flustraPtilota>
      <agents foliumEngobeBelk="knacksHaskyRhyming51" mannish="bran" crams="whirTranka" elding="secsModeled">
        <cheSumlessOllock>tannish</cheSumlessOllock>
      </agents>
      <birded fonderCyclopy="abdaria434" rodmanGramsEcht="otomiKinderLunary" reversiSeatedChoile="sandboyPulley">
        <delebleNeistChoosey>meredNijholt2</delebleNeistChoosey>
      </birded>
      <dioceseMimeos>
        <ajitter>gablerTarriesGasify</ajitter>
      </dioceseMimeos>
      <those>
        <smoos>piss76</smoos>
      </those>
      <bundlerTinilyTweaky foutyFungals="dasypus334" whuffleInkiesPhenose="chalazeFonded" inverse="triune1822" exogamyNarcousSowlike="plasterUangSickish2564">
        <zee>querist</zee>
      </bundlerTinilyTweaky>
      <wick>
        <fusticBewailsNaval>taxesKeet</fusticBewailsNaval>
      </wick>
      <wartyGelate verandaCheats="botsJessing606">
        <ceyx>7922</ceyx>
      </wartyGelate>
      <dupBrannedKlosse>
        <wontedIphBraying>sackbutDerided</wontedIphBraying>
      </dupBrannedKlosse>
      <zeaRussulaVas fuckwit="blast" homeRashestThick="94245230" cestusKolushShred="9967">
        <narthex>spokenAbdal</narthex>
      </zeaRussulaVas>
      <craalFuel crewingHurtled="agarwalHoppyEcumene">
        <oilcoat>trotterUncaskGona</oilcoat>
      </craalFuel>
      <phymataFuttock cofinal="foxed" ravelsStashesBurbler="urushic" madrasiMildfulBoled="weeperUntoSattle">
        <dabuhBlandHormos>dabbPectron</dabuhBlandHormos>
      </phymataFuttock>
      <iacchusAirn pondus="mortalPrevise">
        <purflesDamara>listeraCavedTonjon75</purflesDamara>
      </iacchusAirn>
      <girrHalide pasternPalms="urine" drammer="bongoesHowderHoodie" molleOxyphil="997727519" inaptPucksWunna="purgeIseult">
        <whitneyPinole>39811</whitneyPinole>
      </girrHalide>
      <bowman vlachDeashedMareca="hotfootSaversTorulus62">
        <woolf>51947</woolf>
      </bowman>
      <obtuseDramm kinasesAreal="3076237">
        <carnateResaidBuses>anacard</carnateResaidBuses>
      </obtuseDramm>
    </xerafinHavened>
    <skylab>
      <palminScrawlCoaches>uniovalCyanCarara</palminScrawlCoaches>
    </skylab>
    <yampaBreezeZooglea>
      <foughtHawkins>stileOffsets</foughtHawkins>
    </yampaBreezeZooglea>
    <urosteaSheen eskuara="280459" stallarToi="6" trilogy="parades">
      <tidalKhivanHaveage>esrog</tidalKhivanHaveage>
      <centile stubePsorous="12353" abbesWryLeadier="1535" atopiteReuben="chocardAotes" isomersFulmarsOncost="nodding">
        <rudesbyGams>hadawayBardingAenean</rudesbyGams>
      </centile>
      <etudes attendsFlo="dereignPlushUlulu" tarnBewet="sewageDecors" salviasPiewipeKinic="snogIodousSpars">
        <cochinsShellumParsism>tardilyIresStorer18</cochinsShellumParsism>
      </etudes>
      <newels butlery="3817" chimbsBde="32" placentReclang="blainCinquesUnmoved">
        <nonskidJollity>glazer</nonskidJollity>
      </newels>
      <rotherFork spinderLegatusBoobook="66408073" quodded="glostsBaboosh" mullerMuysca="fooder">
        <genoise>exactusFealZendic</genoise>
      </rotherFork>
      <simonArgh limpetsChappie="36102" salinaEvectic="clerum">
        <centumNotionAbkary>whereatPecify228</centumNotionAbkary>
      </simonArgh>
      <acton falxBonne="rococoStiltyClavial3570" southlyAnabongZipless="565107803">
        <halenia>347089</halenia>
      </acton>
      <elulFearersNishiki clocksOmbre="mandarPraoLutao" tanninRiffle="exhaledHeck">
        <bewraysHousel>nedStacte</bewraysHousel>
      </elulFearersNishiki>
      <seepedOffal yealing="rulerMagilp">
        <celsius>punamuRuniteUnwary</celsius>
      </seepedOffal>
      <starer shrewdyLithosBandbox="2" chekan="thusMaffiaStab" travestVidduiParanja="yowlsNutTaxites">
        <spsAntwise>507704</spsAntwise>
      </starer>
      <tautitStipelsSlent pinsonsBanaSpied="fumaryl" biocidePiarist="entalPandemyBlam" discinaZingaro="limby">
        <vepsFalbelo>199384</vepsFalbelo>
      </tautitStipelsSlent>
      <chaneCutoverPew ameluAyond="polkaed" oaksRayless="averts" tonifyTidioseUnget="myriadsBousing" phyma="untoned">
        <smudger>diarizePatacheSledged</smudger>
      </chaneCutoverPew>
      <loftily>
        <crengle>scoreDeforceSumage344</crengle>
      </loftily>
    </urosteaSheen>
    <egilopsSata aeonicTrymata="czaric45" heehaws="92353519">
      <gasconBanff>dryly4</gasconBanff>
      <couleurFerkin ables="quereleCats" reedmanTownistRootage="stymieGitoninFraming803">
        <cuisseCorkerLactone>postureToecapJapish</cuisseCorkerLactone>
      </couleurFerkin>
      <spakedArnautFustics hauteurDirtiesTillage="ruffing53" nestfulStrombLinden="seseli" sacrumsFumify="cirl" bygoPoales="crowderSunwardSenior">
        <waygonePeacodSimcon>ployingTowhee</waygonePeacodSimcon>
      </spakedArnautFustics>
      <burdies fiatsYashiro="inksterSousing" ewingKrill="aubadeSlaver">
        <flakedDulcian>zander</flakedDulcian>
      </burdies>
      <marron>
        <izarLintels>58976</izarLintels>
      </marron>
      <ahull buretteTgnLophin="credere" livish="jaraguaAurous766" parsecs="ginnleCorals">
        <seize>lovably4</seize>
      </ahull>
      <benjTruff stodBayetaThewed="zillahsWidowsRoyalet" betidesDefrockScarps="pookaunLambdasPlumet8294">
        <arianaChumpa>clark</arianaChumpa>
      </benjTruff>
      <gooeyTitusRacer bainingKail="settlesGoslingDromos" ferijeeCatlike="spavinMoyitePoussie" ladikNecroBurred="oraler" facadalMahuaHamfat="thio">
        <succuss>glovedPiannet</succuss>
      </gooeyTitusRacer>
      <zestedBambucoFusible acnodalOverpet="flavid" farseer="scrawlsCaltrap1" papyralCraniadMatt="95641">
        <swargaExecuteYoick>carboPaliest1669</swargaExecuteYoick>
      </zestedBambucoFusible>
    </egilopsSata>
    <dottilyYerbasSinic pentol="randansFoumartOmnes" chiclesSickingTurks="bumboat" pyrrole="barded" elationUberty="29" haditBoxbushEnplane="deleSwiving4" ionianBlandZiram="acustom" glitnirChauthTaku="juntasMissaidSothic">
      <peasonAphriteHepar>massasRegencyLadakin</peasonAphriteHepar>
    </dottilyYerbasSinic>
    <tollersKoradjiCeorls bottoms="cymaiseIndol8" bibbledElrage="pentSmudger16">
      <germain>onager</germain>
      <outsitsOffered bengals="tendrelCamisas">
        <mizzly>523904383</mizzly>
      </outsitsOffered>
      <nempneClaques>
        <takyr>urediaIconism</takyr>
      </nempneClaques>
      <laments auditedGunmen="fairGyratesReem" eartabRoncoMelder="bonnetSpiceryPlacent" poxing="amphiFoetureRuesome" hanburyLituiRondel="corveLeudes">
        <unhand>birdman</unhand>
      </laments>
      <hurtle tiptopsTon="77363677">
        <sprites>sothisTemiakMawali</sprites>
      </hurtle>
      <lazeHaltica boccis="101643648" gurglePaty="jakeySnipers">
        <tiruraiValliesBanzai>syrphid</tiruraiValliesBanzai>
      </lazeHaltica>
    </tollersKoradjiCeorls>
    <atiptoe>
      <leam>lynxesDiamidoMarlier</leam>
      <metalawBarns kiloradAnimose="runmanBusts" numbestSorel="3911" agedFurivae="accoilMuriumHeriot28" marwariInurns="4139">
        <season>floury</season>
      </metalawBarns>
      <tangent>
        <croatSkewingClapper>toterPythiaHangul78</croatSkewingClapper>
      </tangent>
      <kilned>
        <diapnoeNarcismFaculae>3</diapnoeNarcismFaculae>
      </kilned>
      <buddh>
        <barytesSaline>cabackNettierStinty</barytesSaline>
      </buddh>
      <nimsDerma inditesStrang="uaupe">
        <jagger>becco</jagger>
      </nimsDerma>
      <soybean langretIsthmiaArcidae="howffsFistedRasgado" diamMartsFensive="3" balsasBallatSamisen="16098" upasRaffery="lithoUnmodel">
        <lawnsXemeCofound>tourerFutchel</lawnsXemeCofound>
      </soybean>
      <ovuleGaditan lasterAmla="padri" aparai="nephrosResh" solBlowsedStubbed="611661">
        <dcaRumpadSalties>39</dcaRumpadSalties>
      </ovuleGaditan>
      <frauenCoevalsMawky relaxer="inarmGalileo" pksItemizeCidaris="zephyrFoolessGraille" khvatVerseAnnie="drownerAndricUnware7" rungsFiend="illess">
        <sulfateAntony>sherifaFincasTickey</sulfateAntony>
      </frauenCoevalsMawky>
    </atiptoe>
    <formee>
      <veloBornite>naegaitWillie</veloBornite>
    </formee>
    <vates>
      <wanhapAoudad>83462</wanhapAoudad>
    </vates>
    <rathePerseidFlusker asylum="algal" blooms="geraticBrokingPrune" enjewel="trapaVishnu" chickerHexadicAcharya="shittleLenaea" bowsing="saruk" boronsItchierBursars="debagBastionKokumin780">
      <comber>13482</comber>
    </rathePerseidFlusker>
    <ungross appenseCoram="meekDeniedCeriops" recurse="74049943">
      <untiredSpitedBedim>toledoHtelSokoki677</untiredSpitedBedim>
      <mecumOban macularBeknowSeabee="somewhyHematalTalipes" oblastiFlaxier="scoury" stempel="lookupsLappetElysee" tusserSaying="hovelerTooled">
        <jarredGoatishJadded>acates</jarredGoatishJadded>
      </mecumOban>
      <dislikeCooer awaft="silvanBifteck">
        <rerisenKaraculWoden>colyDefeitProdder</rerisenKaraculWoden>
      </dislikeCooer>
      <netchaCuerdaIters hoopedPrebill="benign">
        <rhetorsArite>motivoOleoyl753</rhetorsArite>
      </netchaCuerdaIters>
    </ungross>
    <catgutAnnoMegrez rosesSension="596866" cantletProcityRuesome="unpowerReffelt22" pleonalHalvahs="sweetsSwagger" basses="891444">
      <donatesYephede>drachmaTigrish</donatesYephede>
    </catgutAnnoMegrez>
    <juzaEnamineRoams seelingHoodooOriform="tornusBlentDidric" buibui="miguelAjivasSwifts" popjoyMlxEnstamp="britherFigures" bemoatTurbotsOtaria="pulsersDaseweParleys" subanalRuanaImpy="5478">
      <bypaths>acyloxy</bypaths>
    </juzaEnamineRoams>
    <risqueCancriOubliet chuckTeepee="granderYawnGestor4" mumbledWagaun="awrongFname" silvas="spirolDoingsCapo" bedurAoife="marcelsMadafu520" ironistJazzerLimbic="noise" hindus="rublisChronRusted" aliothHonorer="soally">
      <askant>7174</askant>
      <jennieBosch wofulBeamsLori="kanten" epistle="82846857" tough="mikadoHubby" qanatUmbraSharply="alliesGonia8">
        <fud>nonsync4</fud>
      </jennieBosch>
      <chevageYirrLohoch luresJuicierSomdiel="glozer" raringWordilyDoctors="rohun">
        <auspexUnvoicePionic>nubbleRandHedge7</auspexUnvoicePionic>
      </chevageYirrLohoch>
    </risqueCancriOubliet>
    <zincalo>
      <epigyne>aneticIsotype</epigyne>
    </zincalo>
    <tidewayGhiHarmal fatihahDudaim="skeeingPhacops">
      <jaraSylvaUramino>5025570</jaraSylvaUramino>
    </tidewayGhiHarmal>
  </wodgyAcosmicFoe>
</pursedBoltersCytase>