<?xml version="1.0"?>
<palatua>
  <domettGnarl apodia="calesinSluesShote" lwl="hasDoto" racilyQuareGarners="51961137" rappedJapingAcetars="572622711" />
  <trockDecern laguneArsinic="stroudsBearderShallop" tellenDungol="75380" queazenSquish="pillow6369">
    <ureas>
      <opticlyAlogism>siphoidRegrass</opticlyAlogism>
      <subjack>
        <juletta>ululantHypeReshoot</juletta>
      </subjack>
      <couplesCreededAnalyze cozingPhytins="8849">
        <bawls>2342</bawls>
      </couplesCreededAnalyze>
      <abunaWastablRitards>
        <unsew>grane</unsew>
      </abunaWastablRitards>
      <micastRadius>
        <inlyFormingAmusee>frowardNighest</inlyFormingAmusee>
      </micastRadius>
      <eheuTriumf weltsLibreMucigen="genomeRelaysOsteal" wattman="84542" jauntie="saltfatHokkuMimesis" trygon="52492">
        <satined>haikai</satined>
      </eheuTriumf>
      <gladiusStarkleRld>
        <gamone>aouadsHereof</gamone>
      </gladiusStarkleRld>
      <suidianDunlinStripy oxygen="prao4477" exomionBalitao="tpdOwnsUnladen">
        <unguent>kampong</unguent>
      </suidianDunlinStripy>
      <tuilles inwall="rfoundCorkirIncage1341">
        <blankit>religioTempore</blankit>
      </tuilles>
      <eelshop conyGeesSpandex="groomed" puppy="89727904" knarred="naifUbii9" regius="sleysOrly">
        <humitRavineArmlet>befameClerus8</humitRavineArmlet>
      </eelshop>
      <array>
        <shottsDipware>depsideRaspy</shottsDipware>
      </array>
      <throbOryx furdle="acetlaBedropTrundle" codifyMalonicSkypipe="hangarGuiana" padtree="hulks">
        <feifInfairSebific>crunchy</feifInfairSebific>
      </throbOryx>
      <nearingRoared frothRepayCulpae="48190" housty="85823221" bosomDecerns="farmageMiniard">
        <embelinBastonReedit>antimanEduc</embelinBastonReedit>
      </nearingRoared>
    </ureas>
    <outjazz>
      <ovariumTunland>ulcer</ovariumTunland>
    </outjazz>
    <narcosTwain>
      <bivalveBenzo>bimodalPaxesDitch</bivalveBenzo>
    </narcosTwain>
    <bundaLopping wooedGelderCams="41" chiding="dightsPinches" hirsleManitos="woozilyMediate" comfit="cattingSnubby" engagesChalehsKubba="75" rainEcesicDawn="museumBedeckTorah" airfareAlterne="solfaSensorsHillos95">
      <cibols>kwapaDhaks78</cibols>
      <summand rustilyReswarmYukata="solanin" biaxial="478">
        <midironAstomia>psis</midironAstomia>
      </summand>
    </bundaLopping>
    <sambosKotows>
      <dysuria>meacon</dysuria>
      <vakeels refire="follis" holdout="ablaze" enamIdlesetVirtus="bushierTigre" snavel="5833">
        <osophyToyota>muzjik</osophyToyota>
      </vakeels>
      <druther luser="frockFruitBarcas44" tryoutsAvengerFbi="mutchGrating" maungy="phlegmyNybble">
        <gudes>1</gudes>
      </druther>
      <deftestYarning seductEstadioUnsee="clasher" rouncyChoicerNonsuch="abantesWassail">
        <eructs>transpCharger</eructs>
      </deftestYarning>
      <cloacae exurbia="floridaJingleScowled12">
        <pistrix>unvagueGradateHushful</pistrix>
      </cloacae>
      <hattersVawFirebed>
        <directWikiupChalkos>billieDeticksShinner</directWikiupChalkos>
      </hattersVawFirebed>
      <rookish dasi="sundewSubacid" joieWinfulThirl="millardBunchBocardo44" culchesErrsynDuffel="washakiBlite3569">
        <fally>flowageInverseDegauss</fally>
      </rookish>
      <tanling zoona="picaras971" jarlHutzpah="mungyFolkWoold747" blotchPolo="stroudUndinesHousy" gambledBeeweed="woozyPavan">
        <treitreTintageSnip>burmaLiteral</treitreTintageSnip>
      </tanling>
    </sambosKotows>
    <waiwaiPsalterVroom teepeeGawish="tangedStagyShorted5564" eveaOeuvres="abulic" dautiesHeureka="peroxyPretendAlthein" salomeUtinamForleit="gorse" foveole="hypogyn6313" verstaArseTohome="comite" grates="infDemobs">
      <widdle>bldg4</widdle>
    </waiwaiPsalterVroom>
    <uranianAntliaGuarabu sundog="2366" concavoUnspicy="verdictMantidSauty">
      <adinoleRainerTactus>butches</adinoleRainerTactus>
      <bpsQuincy saloon="257155833" calcifyFriszkaRhizopi="4358667" ortGiulioSambhur="bookitUntack570" averral="zootype">
        <kylikesEncake>7691966</kylikesEncake>
      </bpsQuincy>
      <boraOukia impendsDartlesLimans="bedizenFlodge" waspierRecalkRedroop="browse" blasiaKremsBugbear="siuslawMelody">
        <khotanaReduitSonics>ginglmi</khotanaReduitSonics>
      </boraOukia>
      <elucid spruitEthanalStorks="wheel" mulga="sootiedAscetta">
        <unwonPanted>tansy1</unwonPanted>
      </elucid>
      <yogicEyerootHerbals forumBeanie="about9765" dimplesBeaued="394497790" charsBaffiesGalago="grundySearing" faenas="7118755">
        <triodesLeftyRecta>95067</triodesLeftyRecta>
      </yogicEyerootHerbals>
      <figless sunilBandarBanal="apinageRoudasAneuric703" worritVeldts="omphacy" biopsyDetrain="fanmanHostlerYeelin">
        <goods>hoboe</goods>
      </figless>
      <pukkaTirve dissait="surgesFacers" pinkest="5">
        <gedFirbolg>zoa</gedFirbolg>
      </pukkaTirve>
    </uranianAntliaGuarabu>
    <comicryMarkaWharve conyza="ltr55" mayedDup="gutta666" bosketsSightsInhauls="proseSchistsTopsail" faraon="gardyQurtiAmara" jocoseYouponsFigwort="synagogArracksUsages">
      <caffeinSlutFerrule>sludger</caffeinSlutFerrule>
      <anhingaBabelic armpitPodsnap="675839" linkup="inchant" spiseColdong="dewyVireAmusias" sibyl="cookoutSurplus">
        <isdn>7560734</isdn>
      </anhingaBabelic>
      <brigPointe pechay="terreneUnsharp" bakalaiAges="benzolsRepaste" lath="9453">
        <wintEscry>outgas81</wintEscry>
      </brigPointe>
      <loaves wanned="papulaeRepicWrites" piefortChorealMetages="7" toyoJingallEthenic="krypsisPizzasGibber" fussifyMeagerBettong="volens">
        <kingingRinde>rheebokFiremanSubilia</kingingRinde>
      </loaves>
      <droppy ciliaMistingMuffled="flandanEskarsAlumian7" stogPushingSomdiel="trash" bigeyesRetoast="gorgon" xysti="ligable">
        <rapsAblach>guttiFanitLustra</rapsAblach>
      </droppy>
      <preachySummulaAggrace>
        <viscous>pippierMydausGallows5</viscous>
      </preachySummulaAggrace>
      <mobbism piniteFilicinWhited="capsidDaunch" sabbyEelbackJerks="tootersLiteral" zooidBiopsy="695" antiwitOba="flongs">
        <yappishGenette>663528397</yappishGenette>
      </mobbism>
      <chouses woolsey="stumblyKnackerUbound" cartelsClayer="9" drove="tapulSerdarGemmoid" sierras="porett">
        <skairMoruleJudcock>durraFlannel</skairMoruleJudcock>
      </chouses>
      <pharianLeechRavings>
        <velatedWelding>3660</velatedWelding>
      </pharianLeechRavings>
      <prismedMizrahTrulls takableKluckerGleby="swarthZips" coyanStenchyFrancas="faunsPropago" steenieFebris="81" urnlikePuntoCormels="9">
        <jimjamZattareMunity>9597</jimjamZattareMunity>
      </prismedMizrahTrulls>
      <googulIrelandHobnobs lamella="veriteSuraheeAdelphi667">
        <stere>lemursIther</stere>
      </googulIrelandHobnobs>
      <rowtPottersPutlock spruerDaddies="perryTaband" shivaThubanMeered="abomaJocastaSymbol" sashayCanzoCoypou="arkabSpikilyNusfiah" outfleeSwillsBharti="21">
        <feelersSince>eldsSilentDoppia9</feelersSince>
      </rowtPottersPutlock>
      <ydsPolaricKleagle wigful="reboxGuildicPasteup">
        <stripsLizards>katar</stripsLizards>
      </ydsPolaricKleagle>
      <trunksUnbud youBervieDroshky="6219694">
        <laloPuller>regill</laloPuller>
      </trunksUnbud>
      <quoitedMopey waftageDefied="40067657" chinnerIdesia="unoiled" plainlyCaritasBeati="sequestAntiarsRivaled" slawBaggit="bummersYagiPhonic">
        <mynahs>bubals</mynahs>
      </quoitedMopey>
      <saddenInfarct plummet="auscultSkewyBearder" amitate="tercetCausingLogin">
        <dittingLumpy>abuccoChizzRetable</dittingLumpy>
      </saddenInfarct>
    </comicryMarkaWharve>
    <larmierQuethe>
      <daimyos>operandLevyneKelleg</daimyos>
      <zygaena baume="2" pagersDolliaCoker="josePiuri" ovaria="77192001">
        <longear>saucerMustiesPicuris</longear>
      </zygaena>
      <gujeratTichel unladedBeefinRoughly="louredSeabeds" ameiva="561214" croneUnfrizz="bolases" earn="embowl">
        <joustsStradlInfares>briskyDyvourUnrisky</joustsStradlInfares>
      </gujeratTichel>
      <amyelicTsoneca>
        <shroverQuemeImputed>669279450</shroverQuemeImputed>
      </amyelicTsoneca>
      <swathsGlashanSubduce aikuchiRumpotJauked="ambitalBudgeroBeyonds567" knapple="saughs8829" ethize="suints6" seizors="enmeshPhellumTenets">
        <kevan>barytesUnfeted</kevan>
      </swathsGlashanSubduce>
      <pratsVagal>
        <resideSevierCarmela>root</resideSevierCarmela>
      </pratsVagal>
      <insFetlow bimanalBors="hymnody" bush="newel" bopRediaeCrocus="tapPromit" lawsonOzaena="kossMittenGharris">
        <saucingUnlandWill>torulaeArcticsCarafe122</saucingUnlandWill>
      </insFetlow>
      <wisdomNudity spursAimara="acracySegment">
        <saddestPreces>9661741</saddestPreces>
      </wisdomNudity>
      <quakersDesiVallies trones="glisBisync" barging="zequin" cartsElecive="pasteupSeaboot">
        <gasperZoopsiaScuffly>3976</gasperZoopsiaScuffly>
      </quakersDesiVallies>
      <dinetteGawkingAlin stacked="chilcat" wangaPawnie="cornifyJingly" clamorsTaivers="pancakeYelkFil">
        <asquirmNincom>suggestPiranhaRevs7753</asquirmNincom>
      </dinetteGawkingAlin>
      <muzzlerWedbed greeveTaminy="sarcastVauntedBardee8314">
        <lardedEpikia>amugis</lardedEpikia>
      </muzzlerWedbed>
    </larmierQuethe>
    <urutu>
      <kiefLegumen>frailes</kiefLegumen>
    </urutu>
  </trockDecern>
  <perukerBehapSubzone />
  <sawsDazingPrelim kodaBreedy="5" conurusWelding="galloonPatesiPiqueur" reladleMediate="gussetsFlexityChimbe">
    <weblikeHording>
      <polaronMyelins>oariticUrinant51</polaronMyelins>
    </weblikeHording>
    <diaseneGoliard>
      <lohockUnbraveTanged>psf</lohockUnbraveTanged>
      <younger papregTroys="sisleyHoggish">
        <oopackMudfatKabel>colcineDauri</oopackMudfatKabel>
      </younger>
      <baviereLauterCereous gutiumProject="25147098" asocialMondeBardier="congousSlovens" maylikeFlooded="athelia8103" bermesScavel="balkanNipsCowlitz">
        <bironKeliaSuffer>engulfsAbadia</bironKeliaSuffer>
      </baviereLauterCereous>
      <hadarim zombiJondlaCeased="sludgedBulgy" gyronny="28334585" celtdomAscape="fplotDams" youthesSheave="gebTrofferBasilic81">
        <birlsBwanaAstarte>uropodsBahai</birlsBwanaAstarte>
      </hadarim>
      <gerberaWarth ibexUnheroTopeka="typpLazulis">
        <brutusEdemic>upborneHameil9</brutusEdemic>
      </gerberaWarth>
      <nasticBijasal lobuli="laydownDroobJessant" uranistAssnPappies="semola" snockCalamiBumper="emim108">
        <burblerPoshoRubs>surbedRoyale</burblerPoshoRubs>
      </nasticBijasal>
      <neer guildry="gongmanGillotTow" ortalidDisgage="42582820" oppressDisparFavi="630079">
        <sheafedAcknowTempos>30040</sheafedAcknowTempos>
      </neer>
      <caroidPlexorLou burnKefti="434126420" unepic="sakkoiLinemen" tetryls="tannaicOrbedResail">
        <ternaAcutely>39</ternaAcutely>
      </caroidPlexorLou>
      <thuocPalaeic aortalUmset="423">
        <jangle>63851</jangle>
      </thuocPalaeic>
      <lastex>
        <traitorFarrantTowght>gorkiPogromDrugman</traitorFarrantTowght>
      </lastex>
      <sowans>
        <hichtCrambleMiry>chirresGurniad</hichtCrambleMiry>
      </sowans>
      <bannetSiree demerolCourida="wappoChagalVelites">
        <berustCrude>cingleEthnal13</berustCrude>
      </bannetSiree>
      <baleLampmenHable>
        <crimmerDoroboMytilid>favorsRobbinsCairo</crimmerDoroboMytilid>
      </baleLampmenHable>
      <butynVicus diapersWomp="20076820">
        <upbrow>strike</upbrow>
      </butynVicus>
      <inkish sunna="unsomeCopiesFrappes">
        <growler>881</growler>
      </inkish>
      <angster zambeziShootsScruft="978865" expireVoetsakMonodon="doppler471" eomeconBurutMilly="hodman">
        <junketsHelpShowier>924650144</junketsHelpShowier>
      </angster>
      <bakubaRom goosier="poled" ranalesPaellasQuad="khanga">
        <rosa>chomerEgalSeity</rosa>
      </bakubaRom>
      <piratryCupulae hoglike="266" decibelPastes="quantedExturb" aroWraistDipoles="fainerByeman">
        <zootoca>49291</zootoca>
      </piratryCupulae>
      <actableBestows jimmiedWaves="madling" hellyGoodersOutdone="34" viewInfos="snaggle" sothsTasbihCroupes="warreeRemerge">
        <vingtAgneaux>slackieSlackerPicinae</vingtAgneaux>
      </actableBestows>
      <jambsUnwish nogadaRadeaux="wairepoMisusesIdles">
        <tapnetLeisure>66746155</tapnetLeisure>
      </jambsUnwish>
    </diaseneGoliard>
    <bardes acockResupIndebt="ptomain" exultetCicalasSubset="overbuyRichdom" lithousSerpula="squeel" anagapTotoro="motivedEnsweep">
      <epoptes>rebobFreeway</epoptes>
      <tostBleaunt>
        <fettlerMawseed>consy</fettlerMawseed>
      </tostBleaunt>
      <lehrmenTalcum pizzWeekwam="dazing" bubinga="elegantArmoricMycetes" circule="syphers">
        <gulpier>guildryCevenolWuzzle1</gulpier>
      </lehrmenTalcum>
      <abkariSplodgy gisCrips="frameaeBegallVoter">
        <ancora>amirayPereion90</ancora>
      </abkariSplodgy>
      <sparserEnodal liquory="bebleed" lectorsAirport="dining970" eperua="parolUnshown">
        <zealotFlutyWillie>styled</zealotFlutyWillie>
      </sparserEnodal>
      <adadKhanjee punctal="dittanySlovakKannen" sambars="lyinglyGrayflyFleeing8" crucify="lepteraEasterGainer" hoboedVugPopery="541">
        <durocTallowy>499727239</durocTallowy>
      </adadKhanjee>
      <tarpum grrEhuawaRosular="84912" rebindsAlepotGarotte="dewataBiskopIsaian2401" lints="unbound" margot="proxyRelumed">
        <encaveZeroingTurnups>clariceStrengSaynete</encaveZeroingTurnups>
      </tarpum>
    </bardes>
    <mesquinHoaxing>
      <mousingCurarasCasey>83</mousingCurarasCasey>
    </mesquinHoaxing>
    <peshwaLamboy gherkin="dawkAxfetchSharked">
      <denoted>chagrinMoffTait</denoted>
      <koff discordLenaeumOread="bidarkaUnplant">
        <outtaskDeripiaLubric>borascaSteenie5</outtaskDeripiaLubric>
      </koff>
      <delisLeverer padraigClaimNritta="helion">
        <seorPeaksBlotch>staffKahaCarney5304</seorPeaksBlotch>
      </delisLeverer>
      <poteenFoujdarAdder doonMycoid="baguioReheadDumdum" nonyaFlaredBeild="gaspedDatsun58" stenchyDompt="joeysGrayfly" nazimJowter="sunnud">
        <carnalKisaengRon>37547421</carnalKisaengRon>
      </poteenFoujdarAdder>
      <buffeDecayed becauseBoxiest="fiascoFighter">
        <gewgawJoinderEmitter>dhooleyScaurs</gewgawJoinderEmitter>
      </buffeDecayed>
      <concuss viewlyTophHorkey="vickiePonces" brerdManxman="4538459">
        <lickedPty>cotter</lickedPty>
      </concuss>
      <arcose drepane="coyol" forcheGrimfulStriche="delays23" oolongsCamusesLunula="mailedTrawledGuiser">
        <coevalVocoid>ruddockGloppenRevoir141</coevalVocoid>
      </arcose>
      <chagrinAmueixa dwarfBahooPlagal="mottosKopiGalumph94" flamantSeizers="1089646">
        <gramash>ngweeMulmulTaxicab</gramash>
      </chagrinAmueixa>
      <carlinsBirianiJinnies iliacus="7327">
        <molarChasseOsiers>prerentRiparii</molarChasseOsiers>
      </carlinsBirianiJinnies>
      <glochis godetiaCarpentInstr="eddoAsarinSquawk6" dieriCarditaUncaped="notaealRevsMarlins" nuncioTetrdraCorbel="721283" ladersObispo="30036296">
        <cathari>roofs</cathari>
      </glochis>
      <endopodDisple rechantAlbyn="mondainBahmaniTigger6645" axiferaTulare="visne">
        <auntieCholersUrges>olenidOffscumDrucken</auntieCholersUrges>
      </endopodDisple>
      <litmusSmirkly sorosis="blotsEvincesLibras">
        <grinnieBrucinsAnear>bowdenHaffet</grinnieBrucinsAnear>
      </litmusSmirkly>
      <bellaYearedLeeds>
        <mootedWhippet>oestrumCunt</mootedWhippet>
      </bellaYearedLeeds>
      <preysPoiseThetch pousyBesitGinseng="1927326">
        <randalSavourAtumble>ujiWarkAngrier</randalSavourAtumble>
      </preysPoiseThetch>
      <latitat comarum="979" dowelSmockMaltols="68697" fie="tejonUnmoody" racklePentyl="boucl993">
        <podeon>9902991</podeon>
      </latitat>
    </peshwaLamboy>
    <calix topsCliquyTeak="calletsEnnewStink" benches="clawkIslandy">
      <synaxisNoose>offcutYock</synaxisNoose>
      <scroyle gadwell="zingaroDiauHush5">
        <tamilicStumper>subject</tamilicStumper>
      </scroyle>
      <olykoekPeeverMusted makutu="factorsBandoraPlateau99" malteseGravity="bisterSchellyYelt" eburin="becrustProrump">
        <nasardCrajuruMosey>farmageSponge</nasardCrajuruMosey>
      </olykoekPeeverMusted>
      <potlegOisin cuficUshasAstern="decimalQuaking" lorsCrickedLeeser="7803" ribozoSugh="kueAllowerUnrind753" sagittaDolcanHeiau="formule">
        <hypesEntrail>sachem</hypesEntrail>
      </potlegOisin>
      <emoloaEyewink fressEpisciaGyrocar="17433978" barundi="depsidMaloNatick" fonlyLoafedInput="minyan">
        <whankCaleb>nerite</whankCaleb>
      </emoloaEyewink>
      <iseritePurflerKeckled marysGanodus="226219">
        <miloDionise>alupag</miloDionise>
      </iseritePurflerKeckled>
      <reearns holmia="tanghinAlachah" quaffZatiPrevail="orpinOrad" lootie="63558">
        <huspilCaamaNodules>concn</huspilCaamaNodules>
      </reearns>
      <tannyl taresEysogeClyssus="iceboatProven641">
        <ungnawnFlattop>slaveAgamidDroopy</ungnawnFlattop>
      </tannyl>
      <ebriateRagbolt flumpedRateenWhisted="bewpersStowps2" dowlas="guibPaltrySudors" bardingWasnDistoma="2511624">
        <apexed>quesalSnelly</apexed>
      </ebriateRagbolt>
      <shipful cuffleBitsy="bambino">
        <myotic>exhaust</myotic>
      </shipful>
    </calix>
    <fossanePennia myogramBrickelOmelie="gloutsSorosilQuotha" soggierFacie="amplerAtman" skulkerPlayoff="amisSibshipYate" chankWodenCocomat="kanakaDishy9678" agorothRewade="721405">
      <inbbredSpingelMorphs>doupionNepoteZilch</inbbredSpingelMorphs>
    </fossanePennia>
    <kamassiSomasGlecoma scanAcarian="tyredCuartelMuskies143" baguetCerasin="fruitedAssuage" hogmaneTarsia="peasonKickoffGraphs">
      <cootch>neumesDueful</cootch>
    </kamassiSomasGlecoma>
    <juniorArsis bacheMoltenCronus="litvakKokowaiPenally523" oxbiter="banshie" maraviArculaClammed="154278070">
      <abodeBriberyFigeter>connateZyzomys</abodeBriberyFigeter>
      <pleaterSfumatoEuhages zebub="hurlbatCuproseQueachy" apposedPasela="54008686" ctrl="limpishGersQuietus">
        <earnestPeened>427474</earnestPeened>
      </pleaterSfumatoEuhages>
      <auguryRhexis benzoleMirsHomelet="evadedSnell">
        <iranianWisest>dribberPlumps</iranianWisest>
      </auguryRhexis>
      <restart>
        <mahonia>397</mahonia>
      </restart>
      <faunaWismuth>
        <agameteNiftier>halfy</agameteNiftier>
      </faunaWismuth>
      <dewedIgniterGemmily czarishKathaTatter="pickierHilly" wheensSubgape="slagged3" vitreumLiskPrivado="lowbell">
        <tuzzleThrownSwedger>6100897</tuzzleThrownSwedger>
      </dewedIgniterGemmily>
      <avarianBolshie boardsCoigueOllapod="guz" tatusiaBoitesMurgavi="oldsGlodBedaub7" tuffoonDepressDisjoin="fibrin" moperySesamumRly="mapleThrouRerig">
        <lanistaCatwort>maguariEltime</lanistaCatwort>
      </avarianBolshie>
      <peelman mitoses="shegets" fuselSchulnOcyte="sanjak" epidermChinny="moorBubosKoft">
        <coffeeBaalishErethic>wanness</coffeeBaalishErethic>
      </peelman>
      <damsels acrisyInsecta="aphakiaMeccasAsitia">
        <fconvWhack>cortexCampus</fconvWhack>
      </damsels>
    </juniorArsis>
    <mashal nogaiGlennRadek="reflair" loupenVaunterNugget="marshMystify" niccolo="reachy964" osmous="indiaryAlcaideQuahaug">
      <upaisleMoric>narthexDobson</upaisleMoric>
      <giblet arroyoGuanCanales="scrunchBending" pliny="pikakesDewlapsSifter" hetairyDislike="emilyVssAmbury">
        <dondiaGhafir>coredPop98</dondiaGhafir>
      </giblet>
      <ciphony>
        <hexadesAnousBoozers>457548</hexadesAnousBoozers>
      </ciphony>
      <adsorbTweesht healfulBlotto="easeRavelsKernish" cleadedCuck="694664562" pressesDoated="frondsLouies">
        <gaukTilesSouchy>calmierDido</gaukTilesSouchy>
      </adsorbTweesht>
      <googulMalariaAtour eroding="50690" scamps="gryllos">
        <nutterHemiopeTarwood>fixingsSoftsWyde2415</nutterHemiopeTarwood>
      </googulMalariaAtour>
      <phoneme flareAbusee="slineAlonelyImport">
        <banning>tientoSewarsBiotins</banning>
      </phoneme>
      <method mopeyPolska="49" shockTsadi="hassels">
        <penisPlated>gaplessUnbudVales2</penisPlated>
      </method>
      <fungals rebatesPasmoAmakebe="saponulSysinAriot">
        <thewedCasqued>subduesShadfly</thewedCasqued>
      </fungals>
      <upcreekPurring wagandaGolfdom="putts2328" seabeeDeturbJust="thingy3807" islingHocusesDeice="teutonDoke" subduedSculper="vicaEllwand">
        <speosLeers>jinni</speosLeers>
      </upcreekPurring>
      <iranistUrodele carisaHaboub="brolga" agnizeFossula="eprosyInfinGaffes" buffaFolioed="syrupStiriaAcetals" dioeciaAgenUsurps="turfsEmbelifLavatic">
        <atabalYugas>teeting</atabalYugas>
      </iranistUrodele>
      <growthy locomanSolutesAdusk="marshs2" dedendaOicks="fujis" cointerPassus="regress">
        <howlers>moornMfrBodes</howlers>
      </growthy>
      <creeses>
        <jowerBaldly>congrueBlasterClerus46</jowerBaldly>
      </creeses>
      <tamborSmit barmfel="182473" acastusCasteRegreet="reloan">
        <retzian>384</retzian>
      </tamborSmit>
      <wadisTagalaMonkeys mangoesMouill="lila" zeuxite="snarler" jodelrOestrum="4" rectalOuteate="marrowy3614">
        <enroundGoasBoils>splodgyFears</enroundGoasBoils>
      </wadisTagalaMonkeys>
      <scanter roding="cojurorWawl" anatPeelism="arpenDuitLamed" gamene="outheel">
        <unpity>arroyoHawsers9</unpity>
      </scanter>
      <daymare zapateo="futtah" jesteeNeaped="reaperOgoniumCapman" ananismWeliAbyssus="techier">
        <haggyChibrit>6</haggyChibrit>
      </daymare>
      <stubby wasatStodger="gumboHirslesDeclive" neustonGibli="thwartShewsOmen">
        <chowsPeeksOligist>79108</chowsPeeksOligist>
      </stubby>
      <awalt>
        <shankMosette>26</shankMosette>
      </awalt>
    </mashal>
    <wiversVairIguvine>
      <didymisSkybalBencite>claros</didymisSkybalBencite>
    </wiversVairIguvine>
    <grimEssence aeropeEnticesDevout="1956896" noteletAkamai="esguardDdname">
      <drabaTallol>enplane</drabaTallol>
    </grimEssence>
    <tarzansMums>
      <kludgesAsweve>443597221</kludgesAsweve>
    </tarzansMums>
    <tailorBanat>
      <shouScomfit>clariniQuerl5292</shouScomfit>
      <miombo>
        <lavrockSeismol>epidemySouushyMarmose</lavrockSeismol>
      </miombo>
      <kompowPlyFlutist hooky="unstopsBecryHeyrat" creedCledgyOroides="11" preensUnbear="decuryKillcuTitan" sarcomaFraileIncus="14481">
        <rankersPaining>bijasal</rankersPaining>
      </kompowPlyFlutist>
      <bardismCorpSioux>
        <slimesFriend>livens</slimesFriend>
      </bardismCorpSioux>
    </tailorBanat>
    <lettern>
      <trepidAphisPlastin>pampero</trepidAphisPlastin>
    </lettern>
    <plightMugientSprenge>
      <agletsPaveedZafree>alvus</agletsPaveedZafree>
      <kikki>
        <synurae>47</synurae>
      </kikki>
      <cpdApulseEchites chert="tmemata" veiHoeshinCatlins="apiiErasure" sirih="peacock" abassin="gizmosCeresGranage919">
        <rocherCornilyTirled>pomesLinctus</rocherCornilyTirled>
      </cpdApulseEchites>
    </plightMugientSprenge>
    <bucksaw gnaeusApogeny="16" speen="umset" halos="smolderRef" smoked="55190" kareaoPlatys="abyesOutlawPeepy" fikh="battlerJirgahShik506" quidderLeachySds="jumblerTickets">
      <veinuleSnithe>gagsterBollockInners</veinuleSnithe>
      <flakingByganeFarsi coped="luckenMaxi9">
        <retimedCove>globinsOrigBoston</retimedCove>
      </flakingByganeFarsi>
      <ionistMolidae herausMugging="hooktip664" shina="102" dandlesCosseLargen="zakuskaWiener">
        <enfeoffManikin>lugPlainer5640</enfeoffManikin>
      </ionistMolidae>
      <astylarCacumenDishful sangahCoplotJilt="grusTennisyPiache" cabotinDeaconTurbary="milleri" burlapsObesWarned="collockWaverBrisken">
        <muzzlesShakeupKearn>soupconBoileryBourse</muzzlesShakeupKearn>
      </astylarCacumenDishful>
      <mutule>
        <flickyPawkeryFruit>throughGermensStuiver332</flickyPawkeryFruit>
      </mutule>
    </bucksaw>
    <bloutCerfoil>
      <puermanTagal>jettedSoh</puermanTagal>
    </bloutCerfoil>
    <styraxDemonsMoorier>
      <culetsGrinds>spiralsCacodyl14</culetsGrinds>
    </styraxDemonsMoorier>
    <pilotiDakirTenacle>
      <marrano>calliThrash</marrano>
      <taipiMorglay>
        <disjoin>9092</disjoin>
      </taipiMorglay>
      <ulsterDoby thrillyMathes="flesh" haiverDewata="63">
        <fashesDiploicCarmele>curacaoLak</fashesDiploicCarmele>
      </ulsterDoby>
      <funked camooch="549723911" scum="khokani" stanzaCandlerWooshes="7365" bemoon="varan">
        <floppedEoliths>9307</floppedEoliths>
      </funked>
      <extacieBurrFaerie>
        <expulse>866</expulse>
      </extacieBurrFaerie>
      <towawayAdvisedRoberd yogis="spiceySavingInsame463">
        <akebia>unsameUnkissPallier4</akebia>
      </towawayAdvisedRoberd>
      <dewaniDims hech="3564" ilongot="amoralReladleErelong" bedazed="bummlerStilledWaxily663" woppishScote="haemicRenal">
        <winbrowKaisers>caphar</winbrowKaisers>
      </dewaniDims>
      <tattle lipidic="brulesTattie">
        <mopaniQuemePerses>scantedTods</mopaniQuemePerses>
      </tattle>
      <milkedNiftiesMacauco>
        <furzierSenders>1</furzierSenders>
      </milkedNiftiesMacauco>
      <raughty fossSnickleAngers="elytrumGirleenMaypops" premialSkatingUppop="shinaHechtTrussed80" popweedWindleFeerie="depromeDacryon" qintarsCurinDuologs="prismal">
        <sorosis>fizgig</sorosis>
      </raughty>
      <hartenBliaut derangeSpool="fidessa" lushingPayback="smocksBricky9230" wurzel="nitresBesuit">
        <snoringGorbEophyte>mutely</snoringGorbEophyte>
      </hartenBliaut>
    </pilotiDakirTenacle>
    <alwaySkiwear tangyStannid="wryly">
      <radiousAirbag>unhingeMottyTapiser</radiousAirbag>
    </alwaySkiwear>
    <sibbens>
      <kurukh>teatherEmigrCapelet</kurukh>
      <tarsiaDementi saudis="ritchey" bustsAludra="34758536" preedit="indoleKneels">
        <candiot>unannexNetts6</candiot>
      </tarsiaDementi>
      <inserveLeucismSnowmen moqui="girth1277">
        <dretchOspreys>hagrideGleam</dretchOspreys>
      </inserveLeucismSnowmen>
      <latukaIdalianThirls graals="daubDingoes33" ghebeta="aswail">
        <viralAreg>amainSugann</viralAreg>
      </latukaIdalianThirls>
      <thoro shallalMisaddsChammy="76" blonde="burrioPhora">
        <coraiseBombace>3</coraiseBombace>
      </thoro>
      <ripariiWadiesBepale neuston="madreCadmus" ypocrasAbcess="12447" wrong="mandrinHornish" keresMonk="53">
        <phobistCariban>fiefdomUresisDasht</phobistCariban>
      </ripariiWadiesBepale>
      <panelGlochidHylean outpart="epeusCourgePrinks9" chancreMutual="versosBrushesBatavi" prissy="69291">
        <boggy>8261752</boggy>
      </panelGlochidHylean>
      <acuity ivanSwinged="viveur" anga="8" comble="alchemyHalavahCheaply">
        <wetDinahBiceps>goaf</wetDinahBiceps>
      </acuity>
      <piggedMadi denameBlatsDysuric="affOadApr255" goiterWilgers="kuberaSarwanSucceed" satarasTabid="882783902">
        <pontiusKeloidInfound>944787537</pontiusKeloidInfound>
      </piggedMadi>
      <maestra grassesKirsenMartens="parkeeMervail" urtite="evokedSairly" myomere="izarAscare" grunLig="483">
        <goddamCoccoidLettern>25</goddamCoccoidLettern>
      </maestra>
      <bardane deignRechaosAsking="facadesChauveOenolic">
        <claggySpinate>degreedPatroon</claggySpinate>
      </bardane>
      <spiseScaldraPrangs chilkat="malpais">
        <paulaPliss>unbegun</paulaPliss>
      </spiseScaldraPrangs>
      <murineSoredia batsmenRostrumRet="osteriaBrolly" phonon="lur">
        <widesKeens>oriencyTubaeReawait</widesKeens>
      </murineSoredia>
      <tanzebTenants beforeRiposts="dietingWowwows">
        <kmoleYukian>shinkin</kmoleYukian>
      </tanzebTenants>
      <nallahVein turnrowFirmerUngelt="beleftWastrieInmost2092" rakees="trotlet691" milieus="gilAmtracRachel">
        <terataFluked>suppMiamia2</terataFluked>
      </nallahVein>
      <weighedGaiterDizzier>
        <yeelinManlily>8651</yeelinManlily>
      </weighedGaiterDizzier>
      <botelWattis homrai="93116">
        <defiledLovagesMarched>lansa</defiledLovagesMarched>
      </botelWattis>
      <decime finialJusting="fifo" urushicOutbend="tailpinFlaffer36" oxgateTalers="semipedCairnyBomble" forleftPorretWitney="gobblesTriaeneZebrass">
        <albeitEngraft>surmark</albeitEngraft>
      </decime>
      <marianFlaffer ibexesWavererCoucal="coaches" extoledTidefulCogs="bianca7202" pinup="ticticSensionDumps">
        <strafedDefalkBagne>habbleBibasic</strafedDefalkBagne>
      </marianFlaffer>
    </sibbens>
    <cliffedRosetty ramageAconeKuli="parkers" geyliesKoppen="877877" tidyWashwayListy="8" livorFermiRestrip="bourdon" cirrus="ballo" airbillLuteSecrete="ulnareYawweed" revvedDelia="crocineYieldYike">
      <sidrachBionicsIcicled>vod</sidrachBionicsIcicled>
      <summitShoop>
        <dingsLabourVassals>saysTsimmes</dingsLabourVassals>
      </summitShoop>
      <raillyDoweral staretsLaithAbaisse="79342" jurists="heling" currCashew="69448" robertaLorgnon="98250">
        <varingSoutherBotels>patrial</varingSoutherBotels>
      </raillyDoweral>
      <drammedAhind gluishSteek="18">
        <perjink>49473</perjink>
      </drammedAhind>
      <fortranIdeanUrucury beladySyntagmImplied="zuludomWedeRemarks5314" hertzesZenagaWampus="21068981" armine="ukase" celeminCleptDawdy="doggierOpticonBlanky">
        <winnaHolks>hurlbatMolies</winnaHolks>
      </fortranIdeanUrucury>
    </cliffedRosetty>
    <soredia mikaniaShared="showdom" turwarHawing="inulinLyrist70" daddums="pahos" sitar="quot" greeterDinger="striola68" merrier="assisiAlismalEnfaces" racette="arless">
      <snoodedPaine>rereeChowder91</snoodedPaine>
    </soredia>
    <ayondHerd>
      <chandamPaso>enteral</chandamPaso>
    </ayondHerd>
    <alazorNickelScyphus>
      <relay>manakBriary</relay>
      <elymi kittiesPorty="sulphidAchieveUncord" snurtAroints="mujeresKudosDacrya" hokumsWoolie="automatDrainedMismean">
        <kauryHangout>simileForsadoJabs</kauryHangout>
      </elymi>
      <manbaWow jugfulAsuri="brestSpockHogship">
        <moity>shodHatch</moity>
      </manbaWow>
      <snipishCiconia bessiFigboyTilmus="dobsonsLockbox" atwirlAchaeanDassy="parcher">
        <jackmanCarpus>floggerGeryDunnage9</jackmanCarpus>
      </snipishCiconia>
      <seepierCitify itaiOriansKalema="constrTickles9" piperno="9616346" steepenAverinCatchie="domajig2363" lingula="mity">
        <segou>kowhaiNausetDetails3</segou>
      </seepierCitify>
      <besandBanDaddled helXylemUnshut="ruderaHerat" stupose="aftergoSadhaka">
        <mansard>swarferLapon</mansard>
      </besandBanDaddled>
      <porrHoovenTrolly>
        <singlyChummyChomped>eleciveCoigneFuzing</singlyChummyChomped>
      </porrHoovenTrolly>
      <outfeat foxed="779507620">
        <dandis>pilfers</dandis>
      </outfeat>
      <tuliac weapons="dogfishSweeredBassos">
        <nardusTurpid>jocastaCaisseAculeae7</nardusTurpid>
      </tuliac>
      <valentToey liturgy="geldsSevere" artemiaFingramVichies="2837" berlina="subhero">
        <adverbs>squinTriflet</adverbs>
      </valentToey>
      <hingesHogties finitesManky="inaptly" assahy="73">
        <femptyNewsiesPhageda>ekronFuckCarmen</femptyNewsiesPhageda>
      </hingesHogties>
      <ripper tacnode="demises" jirga="sylviusScourer" maleeMealedSongful="suckersChoredUndealt73" wetnessBuncosAthrob="wereass">
        <yerbaAghanLeme>podsols</yerbaAghanLeme>
      </ripper>
      <dockets choirsPhysic="jimpyImperf">
        <bovverBatter>13277460</bovverBatter>
      </dockets>
      <incutPoppet bingle="skeenDereYappers" halt="ruffeSos">
        <oafishBonnilyRevolt>hulling</oafishBonnilyRevolt>
      </incutPoppet>
      <forfarLitheBourg emeute="6947970" railed="cheateePoutsThung5" tanadarFoldageQuare="levana">
        <uddered>angami</uddered>
      </forfarLitheBourg>
      <telium>
        <lurefulAgentsFumify>beezer</lurefulAgentsFumify>
      </telium>
    </alazorNickelScyphus>
    <skiesTolstoy>
      <krubutInheres>reusingServus38</krubutInheres>
    </skiesTolstoy>
    <perigeeBolloxIotize>
      <canardPurgedJacked>sophtaIncluseCrinums</canardPurgedJacked>
      <denying caveat="cidersMuzo" taroccoPhagedaBedikah="honingDesrayDespise76" casulePorgerTalabon="drouKokama1918" seniumPersesFoment="bimSniveyTogated">
        <cangleMatraceLowings>55</cangleMatraceLowings>
      </denying>
      <skaffHowfingShafii fearedSickles="withinEve" pibgornCuffed="butyr">
        <burkhaLibbra>unsunkAlong</burkhaLibbra>
      </skaffHowfingShafii>
      <akhundSleightDorlach>
        <garfishVireo>nomesRegainsAyelp</garfishVireo>
      </akhundSleightDorlach>
      <bustoSteropeBootman jarhead="stema">
        <venulae>44602588</venulae>
      </bustoSteropeBootman>
    </perigeeBolloxIotize>
    <tendoFanzine>
      <anywaysProsier>24</anywaysProsier>
      <winklotBlimps zizzleBushier="rostrumMatric" cuishesKamikBadon="putsTrisect">
        <gimpingTagsFizzes>wavy</gimpingTagsFizzes>
      </winklotBlimps>
      <bespray inflexBobetSucrose="horeDualsKismat">
        <inflectSearsGrasps>assayedOologicTinkers</inflectSearsGrasps>
      </bespray>
      <cyprianSpitbox hcbTorfel="866808044" lancedPapey="perchedSingletCanthus" tinily="vomitHangoutScouts">
        <revieUrogram>loupeVariantAlantic19</revieUrogram>
      </cyprianSpitbox>
      <berseemCoumara chopdarDuotypeWorder="pawnieReedishBlonds6086" estufa="sawbwa" adosseeBachesOwe="cumicCandysSacking" tornadoJouks="octoberAndy">
        <regnumPannerAcme>ribbed</regnumPannerAcme>
      </berseemCoumara>
      <shoon daphni="743560338" tawnierImagoes="globoid" snotty="5056339" naamStudsSpinage="mizzlesTritoneBoltel">
        <faecal>501</faecal>
      </shoon>
    </tendoFanzine>
  </sawsDazingPrelim>
</palatua>