<?xml version="1.0"?>
<testao>
  <cariesBanally birdieAdonite="uphungAttagalFogy" fylgja="humbledBinodeAlleger" bonceCacklerScams="4" lineas="bewigsZayat" />
  <yawpingUnravelSaily maskedAntirun="enrootsFuran" chelideMullock="173677088" />
  <robhah lapsedGestenAzimin="19535" />
  <edgyKnosp debbies="kumrahTaluks7103" resealCest="engoue" teanal="nocenceTytVulvate" />
  <barcooChitra />
  <petroSubness fealty="diploidTurcism" tantraAddles="gigbackReefed" coelect="tannate" adroitEeyuch="37">
    <soho>
      <merbaby>baniaPeabushChiels</merbaby>
    </soho>
    <verdYclept>
      <endaze>aldayThioninOstent781</endaze>
    </verdYclept>
    <coombe gabbing="aerobicTimiasBaggier5" indow="bodingTritoneAssiege" betorn="beauedSmallyKasm" spurl="dandisLopemanPlebby" fidalgo="holcusArmpitsPistons">
      <kydKoombar>dornockObclude</kydKoombar>
    </coombe>
    <whitelyLimbal caxiri="tarpsHulkier" ensnarlDeevey="bingeyShwaBestill" cumaruWolly="centimeSearyCum2087" idantSheathVarlet="gounau" jargoonMincier="foxskinServersFungous">
      <fangingCataian>pluAcraeinRarefy</fangingCataian>
      <theme>
        <mindfulEvaInstals>elusive</mindfulEvaInstals>
      </theme>
      <floccus mesitaeVimpa="961266" cimaiseSoucar="guatoanAbitibiEasing" lotte="cachetCrusadoMortice">
        <honily>torgotFaulx</honily>
      </floccus>
      <ibm>
        <sungha>202595</sungha>
      </ibm>
      <kegCracketNair sigmasRubiedJudcock="patandExiesZizzled" weird="19800834" rozum="stealyDossEmitted">
        <fopAeolian>apricotEthyneSeesaws</fopAeolian>
      </kegCracketNair>
      <misyLatrobeTaintor>
        <dump>lungersThrawsAlated</dump>
      </misyLatrobeTaintor>
      <ablingsKnevelAccept frowzeVassalBobbled="bongDerve" esguard="hashtEcitonZygoid" ferHarsletUppity="armPtomain">
        <centroTurbosTupped>soakers69</centroTurbosTupped>
      </ablingsKnevelAccept>
      <josser limbersSiroccoPhrasy="elix" greably="dogdomNevelImbased" grueler="swagingGrallic" bruangAheap="avernusZeme">
        <euphemyRefectManaism>nibongTemneShamash</euphemyRefectManaism>
      </josser>
      <intrunkJagger>
        <saeta>sopperPodware</saeta>
      </intrunkJagger>
      <metateDoketic>
        <muskies>2914</muskies>
      </metateDoketic>
      <agnatPintailQuarmen avarsRetted="hamiObtrudeSeismic5654">
        <clypeus>palamae</clypeus>
      </agnatPintailQuarmen>
      <purlinFaculaLeggins stamba="buddhaNephesh" tumidShisham="takefulGothics4795">
        <pheneMatsuri>339082</pheneMatsuri>
      </purlinFaculaLeggins>
      <views simper="microns" gislaCamailePrague="8">
        <aahsFloteTwiner>nubble</aahsFloteTwiner>
      </views>
      <threap>
        <thanes>akineteDuncify</thanes>
      </threap>
    </whitelyLimbal>
    <astrild>
      <carnacGales>6711</carnacGales>
    </astrild>
    <cowledDockersBenweed upcall="actonWhinny8137" echea="2114900" girdedPeakViscin="floytGossardZaires" unitalRedowa="emydes" puplikeRiskerPhiz="coyishPingosRorty" beggarySoftishPiete="closing" politeBumbard="keylessObligeeHobbil">
      <setonNeeps>foutreChusite</setonNeeps>
      <anaudia scarilyAkazginOxford="7394">
        <leagueScomfit>sajousWadies</leagueScomfit>
      </anaudia>
      <loftman malawiSandust="35122192" ingreatRadiateMyrrhs="prote37">
        <glakedMisaimDewlike>19309599</glakedMisaimDewlike>
      </loftman>
      <pilafSiccity kankie="hotly" paroticFoiterRassles="innerve">
        <pannery>rikkJookMopery</pannery>
      </pilafSiccity>
      <uptable hydroxyAssigns="bewormsTaipansTic" calmato="nemesia">
        <colageLamplit>evestar</colageLamplit>
      </uptable>
      <tharm rezoned="beniJova" boughedParodi="pastler" muzhik="8742612">
        <guansHypingOrcanet>9</guansHypingOrcanet>
      </tharm>
      <bevorKyanolEctene rya="1" lifeySaftLedget="loriBlitzed" stalestOpaiFrett="pricersNeedily5004">
        <misnameIotizedSquawks>unhewnAyelp</misnameIotizedSquawks>
      </bevorKyanolEctene>
      <genearClappeHamose duce="560998526">
        <prats>bhil</prats>
      </genearClappeHamose>
      <kompow>
        <darghinNotions>effusesCoonier</darghinNotions>
      </kompow>
      <adverse reeds="narr" argeanLuisDismaw="4014" sniffs="outgaze" assify="scrapedTokedRanchos">
        <imburse>whaler</imburse>
      </adverse>
      <gaucieSkiffs jogtrotPuget="719657993">
        <potentPipersDrylots>luffAnstoss</potentPipersDrylots>
      </gaucieSkiffs>
      <bawdiesKinesSleeked>
        <sawbuckBuglersAnerly>sputnikAmaroid9481</sawbuckBuglersAnerly>
      </bawdiesKinesSleeked>
      <sheltieWeirdoInmew>
        <lispWomanlyProtead>barfsIsaticFunkers</lispWomanlyProtead>
      </sheltieWeirdoInmew>
      <mudhookCarlinoBucks blurtedExpulse="porrCraaledPuny">
        <wicca>finishXylenePawnees</wicca>
      </mudhookCarlinoBucks>
      <vacandiWoke angieDullAeonic="psiloi" caseful="5644871">
        <ariledBangala>sumphy</ariledBangala>
      </vacandiWoke>
      <foutra harmineSlubsGnats="31137685" tumuli="analityUndug" nilgaisSeldor="pachisiBoxheadLacis" oboletGringos="dregOcneria">
        <halite>panted7352</halite>
      </foutra>
      <kosin>
        <auguralNasticNooses>25705</auguralNasticNooses>
      </kosin>
      <chickeeTownlySangu rembleCreamyDialect="921">
        <morphinHumors>twistleImmund</morphinHumors>
      </chickeeTownlySangu>
    </cowledDockersBenweed>
    <bungee chukorGlome="coderChokierIsagoge" shulnMeline="uniusDwined721" teazelsBurseMitua="unbowedMonist">
      <jiffy>dismastHinokiTabbed1</jiffy>
    </bungee>
    <pietyScythSarodes pantod="poisonsTreemanWhereer" azygoteHeddler="cansful" latexThujasPetrels="creaCephasDargah" dombeya="tungosMorbus8893" rosilyEngrail="broeboeBeata">
      <frondeEuphues>wyles</frondeEuphues>
    </pietyScythSarodes>
    <maltmanRauraci upheave="633469593" bigginRiflingBeworms="entwine" wecht="zarebas6" whineSpellerTeapots="4525735" lorum="frisureCoaxyCessed5824" seethesAnatomySasses="boshas2177" valoremFourrag="oghamsBeeweed">
      <yeniteDustupTeste>53666</yeniteDustupTeste>
    </maltmanRauraci>
    <glomiHysons malumHumans="ascitic" gritted="indites" twills="roderic" oomphFootmen="polista" resaid="44023874" micrify="645" serviusUpwallStoreys="sattarDecartFeezed">
      <daleClashed>enointGamiest9</daleClashed>
      <zealotsTurncapNeural fainant="boyhoodSer">
        <amayJubiliSil>stitheLivyers2041</amayJubiliSil>
      </zealotsTurncapNeural>
      <artistEpicismQuoter>
        <basan>819736</basan>
      </artistEpicismQuoter>
    </glomiHysons>
    <whitlow odouredIliacusSabina="cooriesSobered" steroidMogulsScuts="8">
      <shraf>shiiteMargedTamarix</shraf>
      <viandryPiedBerwick pinson="adjust" begrett="leptidVoidsFusulas" accuses="wadmealPoutingAtresic">
        <zogoPastinaSoorky>opacus</zogoPastinaSoorky>
      </viandryPiedBerwick>
      <niallDepend spelkVarved="foveole" debtorAgregesEndives="rotherHaunter" thurmusPocanHamline="236" therell="37489">
        <cayucoFikeGuacimo>artus</cayucoFikeGuacimo>
      </niallDepend>
      <joeysGadwell sibTacky="lamettaNintu">
        <disciTempe>44</disciTempe>
      </joeysGadwell>
      <buxomStycaCaplins jackmen="hurkaru" forkyTimbe="ofay">
        <btryGrigs>erecterPsocid</btryGrigs>
      </buxomStycaCaplins>
      <hotbedOatcake palaiteAigretEluents="toged" aspoutSurinamJujuism="perunUnwifed" guzzlesFred="wurmianYerksAcerval954">
        <illerGefilte>gasan</illerGefilte>
      </hotbedOatcake>
      <baukMamushi>
        <banagosAshless>777505405</banagosAshless>
      </baukMamushi>
      <sparrowSmegmaRebluff goitresCobnutsWanter="hogsty9121" agriasWusTarquin="cputimeAddeem" frazed="drateSavara" raashDistrixMiledh="8616809">
        <rebutLoonsGuarrau>plumperChiaoDropout</rebutLoonsGuarrau>
      </sparrowSmegmaRebluff>
      <angareb glamToiChasses="mavisJirbleGrovet">
        <coulieOutffedHiney>loudlyTronasOolemma4</coulieOutffedHiney>
      </angareb>
      <hallowdJimjamCachina>
        <pontify>paragon</pontify>
      </hallowdJimjamCachina>
      <swifty remassGalores="55">
        <lockbox>5</lockbox>
      </swifty>
    </whitlow>
    <learned chakaziOrangerSonics="outmansRupitic26" scyphaMisturn="goosish" nathanConies="kuvera" klanUnlashClarify="gitalinFuegianHormone" cavin="windlesSinlikeOakwood">
      <fictilTombakGrantha>epinardBabismOofy</fictilTombakGrantha>
    </learned>
    <apismDoney>
      <crouponLimbus>icecapInterj</crouponLimbus>
    </apismDoney>
    <wettersOutlets railmanStonishCourses="castors" sipageUngodStarty="outspatVugs" ossalSlicesFoody="launchGoldyForgett" feculaDonateRedbugs="uraliteLeegteBullose" photismAbasgi="ecarteRaxing">
      <winkedSpuffleAegle>throedAcacias</winkedSpuffleAegle>
    </wettersOutlets>
    <badagaPushpinTitoist>
      <funnierSubdureDazzler>696251</funnierSubdureDazzler>
    </badagaPushpinTitoist>
    <brushes geison="canallaMyosis7919" epuralFazedGeira="inwitAloose" fediaUnnethe="brothyMoieter" glidedLoather="73051288">
      <upshoveAperu>soshedGazania</upshoveAperu>
    </brushes>
  </petroSubness>
  <unhayed hemmingScrubVesta="chape" />
  <slonkUmbrage orielKefirsAlcanna="51688" elaLucania="unhewed9" ihiWeenier="consul" annCarpers="825" />
  <stanchContekBattle grenadoValours="evanid" unlentBiased="markkaaKlamath" />
  <laminalTevissFurore>
    <yashmak>
      <katun>7218</katun>
    </yashmak>
  </laminalTevissFurore>
  <niobousDourer enderonDrewite="78511" fulyiePrinked="pisachiPwrSeenu">
    <godhoodUcalUnwry>
      <gadinicNascan>mixtJoylessWampish</gadinicNascan>
      <bludgeEburin dikelet="myselfMinny" inflectGheleemSignors="ripalKettler" snawsDramsTilled="alraunShohetTumion" arberMoosNiddick="melenaSpanned">
        <maskoi>97498</maskoi>
      </bludgeEburin>
      <unplatGlisten spikesDatisiTrotol="gunnar" unoilBagoCultic="65324" muezzinPeising="billowOttosOxyl" usara="mantledAnteact">
        <savantsWitchy>coevals</savantsWitchy>
      </unplatGlisten>
      <unpacedTubletInburnt upleapScaglia="uratesTecon" lawzyRiteRousing="beraked" frischBlowers="601467706">
        <dulciteDarafSexts>bytesSapbush82</dulciteDarafSexts>
      </unpacedTubletInburnt>
      <trippleTenser sauquiBittsSubrace="agnails">
        <martnet>grata</martnet>
      </trippleTenser>
      <couldnaHartalsStifler foister="untrustTrashes">
        <nelumboFerisonElodes>36739</nelumboFerisonElodes>
      </couldnaHartalsStifler>
    </godhoodUcalUnwry>
    <encasesTalmas shederBuffo="fulyie342" enmoveHighhat="fractalJocksEscalin" tmemata="lepricSaltcat" triplexPoretBatfowl="upoRitardAmini" corbel="524713">
      <astelVulgareAljama>gadgetPillingFerren18</astelVulgareAljama>
      <eyeseedTapoun>
        <kouroiCosignSponged>grillee</kouroiCosignSponged>
      </eyeseedTapoun>
    </encasesTalmas>
    <swopsPerillaQuizzes geryLiveyer="shrubPailou" ape="bayeteSackageShree" verismsUngues="pannerDue8">
      <cortileDedanim>onicolo</cortileDedanim>
      <fortesSamites septsBarbar="unboltsCedi" safariTabers="unled" bestirPedaFrowzy="candierTryptic">
        <ahom>43</ahom>
      </fortesSamites>
      <surviveStomack fightMusrol="magyarBanalUddered">
        <oatersSafely>shagbagWebfeetTumular4481</oatersSafely>
      </surviveStomack>
      <gobo>
        <eyresPyric>kippinColloq6</eyresPyric>
      </gobo>
      <lorriesCorsiteHorme unttrodSyunReasty="zambezi6" cowpath="quidaeElevate" caressKirkHooroo="persisApokreaUngulae" campaneAlepine="antijam">
        <peckersBlah>6316554</peckersBlah>
      </lorriesCorsiteHorme>
      <scutchsBaitingPoinard dartreFactrixFlary="oxhideMorphosMembral" pumped="dreesMekiltaCobloaf63" loonPricing="tronProsal52">
        <reallowWinterHunger>cribral</reallowWinterHunger>
      </scutchsBaitingPoinard>
      <liman norite="kiblahsOrphrey" brosyHelluva="batsmanWansCervine" junKimcheeLysate="visingAngles">
        <ferioDulcetsTelarly>8</ferioDulcetsTelarly>
      </liman>
      <bonosAbaveFaintly fasherAvidUnnaive="potware" jackeenAnisado="coyDamped" urenaOffererFoxish="dasturiPlagose">
        <gutiGoodmanSabres>30</gutiGoodmanSabres>
      </bonosAbaveFaintly>
      <sanpoil scarcen="37401884" tubarCleve="portsJoannaPetards" jugglerWrixlePayola="honoraRoseolaFlywort40">
        <baleteLooneyCachot>531345</baleteLooneyCachot>
      </sanpoil>
      <wasts duniticHoax="22">
        <incide>radiarySurbed2</incide>
      </wasts>
    </swopsPerillaQuizzes>
    <actAirbill vizierSpret="togaeEmpalesSlats731" crabsMorbusRebuked="crankedBeatrixClour" swarthAlbergo="unbayInuring6" generis="falcata" caphtorTeaman="taipeiAeoliaAcholia" pupidaeCubla="spuffle" toherAglypha="holloes">
      <toorieBraglyBurucha>teenier</toorieBraglyBurucha>
    </actAirbill>
    <shrinalBurrito>
      <tatusia>pretaxAggersGlimed</tatusia>
    </shrinalBurrito>
    <warbles>
      <scabbleLebbanMissile>mossy</scabbleLebbanMissile>
    </warbles>
    <agueyRugger>
      <stannumBraeman>mashyChoaty</stannumBraeman>
    </agueyRugger>
    <bryozoa>
      <smokeryAquavit>snaker</smokeryAquavit>
      <hypoidHokumsEgeran weesh="fakeersUnmailDbl" epoxyedPerrons="nikolaiBildersGrowze">
        <galanteOvaryMilieux>bhindiOctetteHydro</galanteOvaryMilieux>
      </hypoidHokumsEgeran>
    </bryozoa>
    <wunteeShripDialed>
      <exopod>skulker3118</exopod>
      <taxiway>
        <phymas>252748</phymas>
      </taxiway>
      <pandemyDegas trotletCnicin="swerver" rakelyMiddlesWhsle="giftedLongiesBenni" philyra="addling" maed="hardock698">
        <laymen>chaffsPicory</laymen>
      </pandemyDegas>
      <ohioansFriendCobalts burielsHarkingJosher="paradoWatererInitial" then="squitInwrap">
        <busboyGuffer>sandlot</busboyGuffer>
      </ohioansFriendCobalts>
      <juicerAmilMastix>
        <biallyl>9243</biallyl>
      </juicerAmilMastix>
      <outwallGizmoFrenne squids="hortite" scheat="emfVacatur3842" tardant="boyosGrubs" tharmsTerronDiadem="78">
        <dentilsEclegmePlush>celtium</dentilsEclegmePlush>
      </outwallGizmoFrenne>
      <undoers zed="stewbum" atholdTrinode="elsinDancing">
        <totGuffy>vodkasTyphusImams</totGuffy>
      </undoers>
      <ovicell styles="496354" bestad="relimit" jasioneHymnCosting="tbsp">
        <kelpies>illnessTwibill</kelpies>
      </ovicell>
      <raiseLightDully airbillBehootVarangi="ipseity" lacquey="ownableDeploys" outfawnSophismEstoc="beldameBreeds">
        <talipat>tuyerEggy</talipat>
      </raiseLightDully>
      <giglotPeelite aponicMorinelAlgum="885" bebleedNailset="recitesStuss4" fizzesFountYaourt="undust">
        <cordons>agraphaKevynVert</cordons>
      </giglotPeelite>
      <triadsAtmans eluantTabid="hander" allegeZizzCloggy="peltersJurallyGleeman">
        <wives>toolachBliteBabiche</wives>
      </triadsAtmans>
      <awlessTurakoo hayes="91119" ainuNetball="bighted">
        <planta>scribal</planta>
      </awlessTurakoo>
      <bobfly cauking="soleil" platedAspects="chem">
        <geyserLiq>cirque11</geyserLiq>
      </bobfly>
      <soricid>
        <vittaeArsacid>plains</vittaeArsacid>
      </soricid>
      <orleansDogbodyJiffs elemis="7092" fangVoluspa="staticsEudemon" tinletDenuderCagily="tabors" crisped="usablyCivets">
        <bibiri>isotopyEmblem</bibiri>
      </orleansDogbodyJiffs>
      <vomiterPaviorTeen arad="handful" hustledAmeluHinnied="elbowerDustman" panel="2701407" shureKeach="4517313">
        <whirlEchisAsearch>thewHashingVinny</whirlEchisAsearch>
      </vomiterPaviorTeen>
      <blinks cannotHybridSwamper="fumer" toyishCausus="punkierWildingDjuka" chyazic="soiree" fungianGlobate="postilsTarsius344">
        <luffasMittenGrows>parolerFossuleSudamen</luffasMittenGrows>
      </blinks>
      <bonnive avellan="gwantusBridely">
        <tepidlyPintasShtick>66769915</tepidlyPintasShtick>
      </bonnive>
      <ileaFeedbag ikraHtel="sylvans" bemar="manglesAfarGlazen">
        <yukkel>koupreyCaxon</yukkel>
      </ileaFeedbag>
    </wunteeShripDialed>
    <masqueEsculin chedarMaltol="trystNosilyBespawl" riddersLazy="gulfy" jugums="appreveTendonStacked">
      <lactate>wichesBedawee7934</lactate>
    </masqueEsculin>
    <aneticSpryly mouShikses="sputnik" flutingEmforthSucceed="snawing" paniscaNielsenDueness="kajarSorelsSprees" topwork="debts19" besaileEncagedScasely="nutter">
      <armoricSnideryDinka>8758</armoricSnideryDinka>
      <thairmPilger>
        <tunebo>827749</tunebo>
      </thairmPilger>
      <unravel>
        <hiaChileDoli>piperRecut</hiaChileDoli>
      </unravel>
      <dindlesKnopiteHoorays>
        <aestureReddy>9380</aestureReddy>
      </dindlesKnopiteHoorays>
      <unrentWavesStayed jibbonsAlleged="grogs" chawnTopheKruman="despert914" unciteCalloo="goafDelesScraye5839" blest="yearOneidas786">
        <alarumsTunder>tearoom</alarumsTunder>
      </unrentWavesStayed>
      <fylgjurLakish>
        <hotlineSlapperDopas>earmark</hotlineSlapperDopas>
      </fylgjurLakish>
      <shortsHasidicHare randal="51669" anlia="onetimeInventAganice">
        <nervous>brook</nervous>
      </shortsHasidicHare>
    </aneticSpryly>
    <ossifyRozzersPreen>
      <benzo>spado</benzo>
      <shush deadingYelpedDosser="bungoStrata167" anerlyAtavist="dulcityFixupRig" gowpen="1331">
        <dadayagQuelite>succubDonzel</dadayagQuelite>
      </shush>
      <vialsShammySieger tickerParmack="ambSperseDanker">
        <apodalPushumCatlin>spugHambone</apodalPushumCatlin>
      </vialsShammySieger>
      <unloopFan unpinYetisLess="monesiaFilth" thrastHastiveCaules="koasMiae829" emetinRethrowSithen="cump">
        <reuneGerund>disnewMuscidsPotted</reuneGerund>
      </unloopFan>
      <kittockMafiosoGiher aureal="glitter">
        <saucyPriscanEaux>ichors</saucyPriscanEaux>
      </kittockMafiosoGiher>
      <wyling jubardy="chestyJades" civoryToreros="nitridCamoochEnkraal">
        <beanbagStodgy>shederLitarge202</beanbagStodgy>
      </wyling>
      <inial tween="griotte" pochadeDrowse="twitted">
        <albarco>64</albarco>
      </inial>
      <iddhiDebitOrates kaabaMangey="84088" indigenSycosis="sanicle">
        <dowers>tauriteJockerDayan</dowers>
      </iddhiDebitOrates>
      <slicersLibrid shahid="bearhugVainly725">
        <vilityShists>madlyAlgazelDrains8</vilityShists>
      </slicersLibrid>
      <remus>
        <antingNonbusy>durwanLibertyNazism</antingNonbusy>
      </remus>
      <panCoelataIleon>
        <randalPettled>75927522</randalPettled>
      </panCoelataIleon>
      <kosalan>
        <thebaicTaps>7927</thebaicTaps>
      </kosalan>
      <ortiga unspeak="smudgyDiopter" blamsComtianFluors="tritaphBundoc" dyking="evehoodAnisolWert" foxfeetVincula="1304">
        <korinWasteSyntype>1</korinWasteSyntype>
      </ortiga>
    </ossifyRozzersPreen>
    <redearTomponConfine jocularMazilyTorsos="31369" smilersPeined="kirtledWheyEnrut" putbackCephus="bookieCleveKpc2921">
      <bleezyMeshechTotaled>myelLiras</bleezyMeshechTotaled>
    </redearTomponConfine>
  </niobousDourer>
</testao>