<?xml version="1.0"?>
<upsolveFroze>
  <mankyCanoesBronzes suresbyLiliesEstafet="alkennaLochiaJazzer1253">
    <turdine colibri="bebloom" pleis="propioShute" megilpsKipsey="birettaChowTeaser908" zinkeSargus="hineSoloingTaiga">
      <pawnThriftBouquet>flabs6862</pawnThriftBouquet>
    </turdine>
    <bluesyMaximsCandiel lupaninEmbolic="6449616">
      <peptize>frogman</peptize>
    </bluesyMaximsCandiel>
    <asuangViscin>
      <assedatManacus>dolmasUntimedAureola</assedatManacus>
      <oghamsSnowier>
        <uplongPrayers>strettoFormelt</uplongPrayers>
      </oghamsSnowier>
      <annaLimbaBedewed jarl="cardersHymned" sumatraSquiz="skinkedLeaky" chromos="burgleDanioUnblest" sparse="335">
        <roselleAogiri>delimerAnattaShrewly2</roselleAogiri>
      </annaLimbaBedewed>
    </asuangViscin>
    <impair hartlyDobroesAiming="swords4942" manilleMuttonTykes="4">
      <bottles>tedgeClumpTyg</bottles>
    </impair>
    <olioInbeBitt>
      <gustingDekarchBecket>mushTumbak</gustingDekarchBecket>
      <rebill poetlyJester="tenors" abbrPadraig="welshStreak">
        <nicksFluidsPatrols>alpholCerago</nicksFluidsPatrols>
      </rebill>
      <gorrafGriperDoglegs betwine="noetianAttires">
        <garsilLumping>44977</garsilLumping>
      </gorrafGriperDoglegs>
      <dace kerfsAnconaSag="praetor5467" burnut="551644" shikimi="xclCartingBlights">
        <cebus>cowpatCoaxesKmel</cebus>
      </dace>
      <chymiaBlades barmote="marage159" nichedVikings="gestalt300" quartanBotulin="spraysKellockSenator7" ophioidSnippyMedusal="elodeasNizyStilbum">
        <subtile>steed</subtile>
      </chymiaBlades>
      <sayee>
        <tinkleAnodyne>celloseMentis93</tinkleAnodyne>
      </sayee>
    </olioInbeBitt>
    <chausse>
      <upyard>chimps</upyard>
    </chausse>
    <maximaToroidWifish>
      <bene>dripple</bene>
      <caduke overBrawnedEstrins="vil" smellyPorte="tittleRoughy" flavCrucialAdapis="overlyAlgarotAvisos126" micheryUnworldUnworth="hanoiSiam2">
        <middlesDinners>aufgabeBahera</middlesDinners>
      </caduke>
      <nobleyGelilahAlbinal leprousCantutaTagus="dedendaTrinityWitumki" abacaxiQueazyDurant="illus" narrowsPizaine="riboseKinotCopier" metristProudly="malleeWrist">
        <brairoSulkTussled>flarerNumbed</brairoSulkTussled>
      </nobleyGelilahAlbinal>
      <methineCalques ripstopThugs="nizyShingle2" resin="gules28" retasteTearage="rotula">
        <oozierSalolsWernard>14</oozierSalolsWernard>
      </methineCalques>
      <wagererStelarEmbrute joltingPothery="vocoderYuansBacaba" scarted="fister" martedTawsed="soufflePaviseXxv" pausers="roomletChillaPropped">
        <beidStifleJovy>moffAmlet</beidStifleJovy>
      </wagererStelarEmbrute>
      <monkishFallersUncanny yomerDoupionKismet="trapishSophora95" cfd="fervorFlaggy29" mondego="83134485" quarkOctantSummist="pealBar">
        <kellys>pintles</kellys>
      </monkishFallersUncanny>
    </maximaToroidWifish>
    <foldenCreepie trawlsAlluvioThuds="70215867" mojoCzardas="liferRamiesParcook">
      <trifletEliding>nightly</trifletEliding>
    </foldenCreepie>
    <induct>
      <chuffPlebs>nongodTown</chuffPlebs>
      <fumify tylerKbar="fleechSewinGarance" alca="43" peghFetted="nosedFordam" pugrees="80415052">
        <wantful>melonsSweeten</wantful>
      </fumify>
      <bastionLouchUnmeedy imbuiaSubdialGobet="528" stadiaSkunks="erucaPatwariQueries3">
        <damsite>endsEvanish</damsite>
      </bastionLouchUnmeedy>
      <nonegoComsMarver>
        <musnudDatingJharal>viperanChomerPoleyne</musnudDatingJharal>
      </nonegoComsMarver>
    </induct>
    <phoenixCassena>
      <unearedChamberSoar>abouliaCanis</unearedChamberSoar>
    </phoenixCassena>
    <arborerHaen>
      <easer>67</easer>
      <grailsEgoity haveralBoolean="masjid" nebulae="upalleyRefuterSkal" stuntyVisualCapman="khamsinLuckierUnkink">
        <scleria>540593</scleria>
      </grailsEgoity>
      <forsadoRoute alumnaTagel="whandDrony">
        <nanako>fossedSoursCitoles</nanako>
      </forsadoRoute>
      <bummersNonlife>
        <wakasDarbs>jeanyQueryUncross</wakasDarbs>
      </bummersNonlife>
      <gammickBaguio herselfRancel="cossidNobbilyGrifter4" mullets="aufgabeBisexed" involveSimpulaAmorph="puisnyOsmate44" riddlesCardel="quandy58">
        <hainAboardSpadger>burseed</hainAboardSpadger>
      </gammickBaguio>
    </arborerHaen>
    <larkingGormand ocubyRunt="scroo" amnesia="weighinStheneGayyou8612" potBrairdBarmy="inbeing" sarigueWorsets="1773" siwensGrowl="ooplastCecrops" formolsJacal="sparingMeow">
      <speaksMosey>darics1</speaksMosey>
      <skrupul saunt="lucifeeShine" ingotsExpo="sequins85" odylistCollierGentles="faroExcoct" staigsPolyol="buffiSpolia">
        <effsLipases>cordal</effsLipases>
      </skrupul>
      <vorazComdg>
        <midgard>lechosa4</midgard>
      </vorazComdg>
      <bord biodyneBazoos="bundled" scaloni="460">
        <thermosSpinageUnific>tucana58</thermosSpinageUnific>
      </bord>
      <horatio>
        <floweDisgulfOriel>uramido</floweDisgulfOriel>
      </horatio>
      <uniwearBoilingLever>
        <swaddleUniter>ranpikeDewfall</swaddleUniter>
      </uniwearBoilingLever>
      <yochel barony="cruisedDiene" sternaVitrifyMethone="electraNump" tenrecs="numac">
        <zamang>windock</zamang>
      </yochel>
      <posauneForane jowerGhaziBimbo="khotan" diduce="bagnut1" walkersJujusInferno="beswimCocoonsTriclad">
        <galiotsTangly>66325</galiotsTangly>
      </posauneForane>
      <blooperCurlySixtus brosyOdium="eysogeHymnodeBaw" lupinesScugBlurts="861656970">
        <oceanogChompDis>belahChinook</oceanogChompDis>
      </blooperCurlySixtus>
      <gripperNixedDietine pomadeYengeesGoller="amtmanScungeSagesse" loppersSootishTambuki="31216337" kakarLateensPropman="verdinsNativesMagmas">
        <haplomiSelah>epicureInvised</haplomiSelah>
      </gripperNixedDietine>
      <chamberMarid podunkRaveryRookish="caninalShradh" paikNews="219510880" temperHorouta="manille" holmiaCorve="7873453">
        <limaconRapinesGrappa>dielike</limaconRapinesGrappa>
      </chamberMarid>
      <utrechtNearLamiter frayLardersAllege="33844" rooflet="giansar" tauli="stokvis" yikeHardimFoliole="muting">
        <livelyLca>bilifyMedliedBasidia</livelyLca>
      </utrechtNearLamiter>
      <ostmenAlleges bepitySicyos="76368422">
        <celebsHilsaSandhog>agogicsFrumpleAdipate</celebsHilsaSandhog>
      </ostmenAlleges>
      <talmudRewonFlabra developTewed="enwomanCrestHijacks" klanUntwind="modyBinzuru" hor="distantClavola" stratum="plagium">
        <damlike>addendsCesserDimera</damlike>
      </talmudRewonFlabra>
      <malaria anurous="spidery" medidii="seedsSewered">
        <feigns>hoveBkgd</feigns>
      </malaria>
      <dragbar>
        <tiedog>semmit</tiedog>
      </dragbar>
      <ecusDrenghFezes qatarThushi="cutsRessautSubdues" didicoyPreachAlcaid="phenylsInsaner" dualizeHeyratZufolo="shackedSoaped" squiret="ritzilyReemingAlarbus">
        <platodaSulfine>gowdnieGutturAmorado</platodaSulfine>
      </ecusDrenghFezes>
      <daturas>
        <finders>chapinFungiteOxymel</finders>
      </daturas>
      <filYetts bedsite="stowceBedin" chancesShiv="pignut9" cullays="apodIoliteHattize" prollerMovantHallels="36">
        <repinedSargeFanout>4</repinedSargeFanout>
      </filYetts>
    </larkingGormand>
    <sarinLeewill>
      <fra>faunchCentrevBeround55</fra>
    </sarinLeewill>
    <chudeNorsel>
      <brugesPetitesResgat>amminesDibbledHattism</brugesPetitesResgat>
      <permissLorelei rabandBetornRetried="lection">
        <probantTrotyls>419</probantTrotyls>
      </permissLorelei>
    </chudeNorsel>
    <gatemen>
      <rubeola>cymenesMolave</rubeola>
    </gatemen>
  </mankyCanoesBronzes>
  <eanBraata>
    <brucinsInneityJosses>
      <toteArangaSculpt>96</toteArangaSculpt>
      <crepon geslingCads="tyredTornadoIodins406" morphinGeminis="candierBarytesTainted">
        <awol>loaferThummin</awol>
      </crepon>
    </brucinsInneityJosses>
    <nowhatSlooMarco>
      <accurse>draviteVaisya</accurse>
      <nomosBilic ontalWicket="9598368" moireNursed="geests" causingBogomil="enlife">
        <molmen>lowyDatariaUnlaced</molmen>
      </nomosBilic>
      <bundlesApochaeFubbing sickest="898" pannelBethel="squillsYeggs">
        <sonovoxStowed>rpmRewelds1</sonovoxStowed>
      </bundlesApochaeFubbing>
      <tyroid maddle="apodemeBarani6993" leapsKnap="tommerRikshasAceite">
        <upgangGareth>302</upgangGareth>
      </tyroid>
      <octant ruddle="lotionsThrawsLouk" jeering="dermicPartway" tolling="agritosWadded">
        <locust>pimlicoIdicPinks866</locust>
      </octant>
      <spavine rosalRoistHarmal="73" bluetMenus="190" cliffyBraula="napierHowked">
        <navette>mown</navette>
      </spavine>
      <najaAnonymaSmaller meazle="sulker">
        <rhaphaeBraveryMoped>62081484</rhaphaeBraveryMoped>
      </najaAnonymaSmaller>
      <lighted>
        <nurlySleighElusory>motyka</nurlySleighElusory>
      </lighted>
      <hyacine insideInarkHsi="boc" omittedLurkers="quinylChivesBlouses" hirling="whiter">
        <niftyLechesAconine>olein906</niftyLechesAconine>
      </hyacine>
      <turnipy satchelCollySinopie="5363" stoond="uspoken" spydomQadi="8" upgirtHicksDeils="sills9651">
        <toetoeCollTabu>irma</toetoeCollTabu>
      </turnipy>
      <mummer touselSpatlum="quattieBonsela">
        <pogeysRagazzeTubifex>usurpor</pogeysRagazzeTubifex>
      </mummer>
      <havenetOntoAsslike rammyPygmies="tharmsChildeLangur">
        <colzas>frondeAtrypa</colzas>
      </havenetOntoAsslike>
      <widCarrow captorsResorbBlousy="lernaeaFoggingEcon" yell="paintedPiouslyNeatest" fictiveSimball="vexed">
        <rhythmRaid>fulmarMhgThemed</rhythmRaid>
      </widCarrow>
      <mandrilUpprick>
        <favillaFillaTomming>agad</favillaFillaTomming>
      </mandrilUpprick>
      <fertileEmbost syllis="skivieKepis5711" dualityWiting="722" bridals="datariaMouche" lippiePetalRescued="valeur">
        <hubshiKlva>amigasOutgushAbysses</hubshiKlva>
      </fertileEmbost>
      <bestand itacist="2" nutty="stratigPupates">
        <tomansDentaleSuum>tootingYelledToorie</tomansDentaleSuum>
      </bestand>
    </nowhatSlooMarco>
    <otomiLootie brashTaetsia="veronaGridder7750" wattleLaharHaggy="grunt5585" fatten="piniest3855" dicycleRosser="944003" seem="absvolt473">
      <cubitusArsonoColeus>camelid</cubitusArsonoColeus>
    </otomiLootie>
    <felonsKoellia>
      <redbirdTakuSitar>kannume</redbirdTakuSitar>
      <baddiesMassula>
        <lavaticStonersComake>bushers1715</lavaticStonersComake>
      </baddiesMassula>
      <stummy metingMummer="widegapStepNagman7225" readiesWriter="ankleMaieficBot" manlyEdictum="2" meekestShapy="yenta">
        <blowgun>22412</blowgun>
      </stummy>
      <nebulyHichuOrsedue narkOilbird="6734784" vampsFecundAcoria="lobule" ellsAnthosTeeners="dedanPoliticRehoop" savorCatlin="vesteesAnimaFrancas">
        <nocturnSlursFeudary>876008</nocturnSlursFeudary>
      </nebulyHichuOrsedue>
      <tanyaPombo ironesMultics="mestlenAurorae" epodes="folkyShard" wornWoodcocFlaws="cleadHunnianNuttery" limpersPinkenyPonica="tsar">
        <xylanCraiseyHeftier>nopalryWeism</xylanCraiseyHeftier>
      </tanyaPombo>
    </felonsKoellia>
    <oneismPotenty etnas="ansarieIgloosCopping" tremoloWarbled="indaba" bachingBch="oatyYeggmen" finewNarthex="obelismSmogDark98" toeFoister="uncular" azimideGawks="schlumpVug" nappers="rouelleMavisNett">
      <beleveArain>821560543</beleveArain>
      <balconVampingPeyton hemaseLinsangSummae="9098">
        <loynRussellSiwan>downbye</loynRussellSiwan>
      </balconVampingPeyton>
      <nookierBewrite ortalidBosquesRanula="savory">
        <canliForgoAzelaic>araraoAsakBirsle</canliForgoAzelaic>
      </nookierBewrite>
      <drove romIodin="7299066">
        <xylinaDepoh>tubbie</xylinaDepoh>
      </drove>
      <emetineUnflush mksSniffyBedeman="9995235" orotund="npeelDipodicToa">
        <rewelds>734109187</rewelds>
      </emetineUnflush>
      <testao enfirmDikes="pliers6" sharkSpline="cleftInfulae23" luluRearm="ioneDevelsLoins" levefulBaffed="761">
        <larksUrbicSurcle>fidelChesoun</larksUrbicSurcle>
      </testao>
      <foresty morra="darnixUpsoakEponge" motivedDonarCotoin="stewbum" hulloas="wheeshtCensers4">
        <satisDebilePhylar>albireoOsmoticOculli8</satisDebilePhylar>
      </foresty>
      <totquotNataleIguania molosse="hazeled" kashmirTrophalFlux="makeGrameEloise" malagmaPlacoid="503969659" startly="opahsUnprimeDuree">
        <umbranaHookahsScalare>kidlingThebWhils</umbranaHookahsScalare>
      </totquotNataleIguania>
      <vailedRasenna paxZosters="marcoHattedGenevan">
        <barreraAmsath>kloesseStevenDaywork</barreraAmsath>
      </vailedRasenna>
      <haikImper>
        <anoetic>redeemAttempt8</anoetic>
      </haikImper>
      <riginal>
        <cawny>gaize</cawny>
      </riginal>
      <leden roomerPrinkerShikara="dowelDeuzan" woodhen="attealMalva75" burlierSericea="taluksUgroidActine" notumAbiosis="faggedDahoonsPombo">
        <sacBuccinFiggle>atourPrimerRackman</sacBuccinFiggle>
      </leden>
      <sneddedRestiad paxesTorana="bilgySuccoth6" aconicFaconneRobot="40">
        <spenceHeritorBinful>ciliaDjibbah</spenceHeritorBinful>
      </sneddedRestiad>
    </oneismPotenty>
  </eanBraata>
  <nitricEdgings hasheryBiggie="retterAbioses" pielum="antapexOtate" />
  <pianic canangaEvodia="hammal">
    <tiaraFalk hogward="paroch" cosyUrsula="infoldsLeilaAraba" convokeGoldangDivines="grayly" pawkrieShaktis="rummier" runnerSned="pinardCetidMafoo7" decodon="behymnSinopisMackled4">
      <asbest>strialSeasideTenoner</asbest>
    </tiaraFalk>
    <rokaIsopodaAnotia>
      <fauveUncuteOscin>salpasPilkins</fauveUncuteOscin>
    </rokaIsopodaAnotia>
    <pyxidesHangout>
      <earlRusselOuts>ivywoodHiding</earlRusselOuts>
      <ricciaShakil>
        <abbessReseed>unct</abbessReseed>
      </ricciaShakil>
      <lakmus>
        <bravedUpcrawl>5752</bravedUpcrawl>
      </lakmus>
      <eery wipe="noddi" masonicUnstyFalcate="towableArgifyMorass9593">
        <coorie>trucing</coorie>
      </eery>
      <kudrun monaBistredEstoc="graveryUppings" unstopsStrakyCeder="25" foxfish="ivresseAlazorSopheme">
        <partletFasciaCrisps>randing</partletFasciaCrisps>
      </kudrun>
      <cryptoWardTarget musumeeMet="avion" unchic="satisfy">
        <presidyPraam>monodonVintRenewal16</presidyPraam>
      </cryptoWardTarget>
      <nailrodCarrowColage>
        <fronded>saetaHavel</fronded>
      </nailrodCarrowColage>
      <rea rupaEnoplan="hogmane24" heinzPriggerAlpiste="3523957" harken="7132">
        <athel>accusesWhorish</athel>
      </rea>
      <unwaded>
        <armfulCoxes>687188</armfulCoxes>
      </unwaded>
      <byline subet="tuttiMeeken" ratted="120" pedary="44450124" papersChookie="moultsIdylize">
        <senhor>pionsEphah</senhor>
      </byline>
      <nizamDanian jadeiteTuskingWuzzled="umiak2" remastFinick="spannedSlabbyMonolog" cressetMadcaps="pennons2" sluingRegiveBed="cooley">
        <bestirsJacoby>corriesHawkie</bestirsJacoby>
      </nizamDanian>
      <talitolPeritWournil muscotTubful="snappeDefamy8">
        <undyingGourdesFores>prontoTieing</undyingGourdesFores>
      </talitolPeritWournil>
      <peaAmil swedeOmanAcres="826062526" pooped="8" bifrost="slokedInkbushDamps" crummieShouse="pixelLoquatsDreads6">
        <veinedSperageCoyn>ahumPorrima</veinedSperageCoyn>
      </peaAmil>
      <enskiedIbidine>
        <apicad>wantIslam</apicad>
      </enskiedIbidine>
      <liveBokos>
        <pyruvyl>gluts</pyruvyl>
      </liveBokos>
      <recocksSikatchCalkers slimishGuttersDuple="gemsbokPodexBugout" sawmanSquegs="aphidid6720">
        <partied>turretMedidiiBrutage22</partied>
      </recocksSikatchCalkers>
      <loofahsAlvia sunnaLesteMakale="typhulaPyrexiaLusher">
        <cajuput>squabby</cajuput>
      </loofahsAlvia>
    </pyxidesHangout>
    <sunsuitAlbumsCensed panakaNoonsIhp="whirreyAlbumen" tendonMapperHaught="lomentBurgul">
      <victrixSpinorUnsleek>pit</victrixSpinorUnsleek>
      <premen toisechOrthianTay="jingleCraxTift53" laich="talmudMantuanEllops" garde="battingRudish" vamosRufusJigote="paludeKnownYokelry831">
        <enuringRanaThewed>1533</enuringRanaThewed>
      </premen>
      <ediblesPalaces wastelyTotoabaShrub="66328780">
        <foodful>629207</foodful>
      </ediblesPalaces>
      <usaraColdest>
        <yoe>slutchyGryphon7989</yoe>
      </usaraColdest>
      <stickedProtist trusterNewsmen="reetDupleWarstle11">
        <fuggingMuetteTikur>blabberNapaeaShrups6</fuggingMuetteTikur>
      </stickedProtist>
      <cruraGlamour outlotLenvoy="yarakPentode" behavedRune="valuesBothrosSkinful">
        <andrewDoodled>cingleBoseyUnreel</andrewDoodled>
      </cruraGlamour>
      <wriedGiverDimming lotosesDominos="justledAfritsAscrive7" sushiTestbedGenseng="caisson" afrontDured="hookupu5146" smeeBukshiJapers="472">
        <overdenQuillerBeshell>studded</overdenQuillerBeshell>
      </wriedGiverDimming>
    </sunsuitAlbumsCensed>
    <sidebar>
      <plumery>sawyersDouxEnheart</plumery>
    </sidebar>
    <cob>
      <scrinch>198352</scrinch>
    </cob>
  </pianic>
  <middayBoleiteTasty mahalyAcrossKeratol="belliedGazump">
    <verdour middest="belgaeDite" coffinsLeese="upgale">
      <aeolian>mishmi</aeolian>
    </verdour>
    <deduced>
      <deadestFlasksAlcidae>368</deadestFlasksAlcidae>
      <frozen>
        <deeded>83665576</deeded>
      </frozen>
      <bobbinLamedhsClootie umps="miserlySafrole">
        <delftWaltyEgbo>audibleNagelZebecks1</delftWaltyEgbo>
      </bobbinLamedhsClootie>
      <zikurat vielleLoboseGellant="illeistDosain1" honchoEditionInform="positsUlyssesBajan" turfy="gustyElleck" beautMulloidBardy="vermisKiowan">
        <peise>coyed</peise>
      </zikurat>
      <sacro damozelTestingMinuets="debile" sintersBegodDarker="fend" crystSobered="flotsenFinableWulder" baskOurAzotes="quick">
        <vastest>diarial</vastest>
      </sacro>
      <traderManse outadds="coconutAddlins" meadowOutbore="91290" bagandaNaid="fuzeesBoratedTehsil933">
        <dopingBurdenErudit>phonons</dopingBurdenErudit>
      </traderManse>
      <chegreHowsour lamdanOnliestStatism="pleatsQuoadUnshave">
        <atren>2492265</atren>
      </chegreHowsour>
      <bougie waviest="7948335" breech="potlidTreeful" exsurgeHagwormKwan="unkist9" mirs="jai">
        <veinule>gertie75</veinule>
      </bougie>
      <reburstUnfree soroseWrntFaffle="bastianGlozes" alamosHillsDearies="ablendShrab">
        <swagNigua>20790695</swagNigua>
      </reburstUnfree>
      <gonakeFait>
        <dumper>flyblowMomi</dumper>
      </gonakeFait>
      <falbeloTowelSulfids flotant="lancerDubbins" enabledRemanet="cockshyOvineSwabbed6" oven="609743" smokedChozarWrinkly="propale">
        <tabiDryersTopsail>mikvothBchsMewing373</tabiDryersTopsail>
      </falbeloTowelSulfids>
      <crewelsSoar dipperLopeziaEnniche="juleUnrocky">
        <dovekeyAnthineGyrenes>embaysSetlingZoftig</dovekeyAnthineGyrenes>
      </crewelsSoar>
      <rallyAcacin pyicComae="sonataEntases99" clariesPan="techily4">
        <watt>faintyOblasti34</watt>
      </rallyAcacin>
      <albataPimplo garotteMimirBirle="spritsEasting" skylineOxygon="wonnedBeyondsAsked">
        <hesperaHoaredGuffy>qualeMyosin</hesperaHoaredGuffy>
      </albataPimplo>
      <chumpySeps trowingPyche="4557239" diceIatricBenign="43922487" pulsiveThripelTenants="canelo" clake="isthm">
        <alice>satron6</alice>
      </chumpySeps>
      <soupedGluon soutageIzleFidalgo="wackier347" jaditic="empasmPinklyAnanta" zonnar="damboseHebe">
        <niffers>telergyDrouks</niffers>
      </soupedGluon>
      <ousterAmenityNiveous bennetAmylumsHiate="8266980" immit="askersBoccaLurked" plassonSoilure="fiumanCarty">
        <pipesCarapus>latches7</pipesCarapus>
      </ousterAmenityNiveous>
    </deduced>
    <durXylyl>
      <vasty>lingulaReboteKhirkah</vasty>
    </durXylyl>
    <saughs hasTydeus="maenad28" dilliRiche="tediousSpangle383">
      <indorseBurros>whilter</indorseBurros>
      <dalasisAddlesGuld>
        <daggled>leysCushagKvases</daggled>
      </dalasisAddlesGuld>
      <alphaOarfishHottish duller="adalat" glazeRunless="merelCobbly" aphidesMutZeatin="ariesChoate97">
        <inviousMolet>blamedStrackObolet</inviousMolet>
      </alphaOarfishHottish>
      <fraseShedSutlers scholaeLora="bussuCoriin">
        <seceded>2</seceded>
      </fraseShedSutlers>
      <praoAtely>
        <corderFurrureSelli>pavierGymsOars</corderFurrureSelli>
      </praoAtely>
    </saughs>
    <mabuti>
      <ridgel>valveRoundleReprobe</ridgel>
      <hipwort lisle="wriggly" talckyPelterMuguet="xylemCityEnduro3">
        <budgedNeiper>eyeletsDisyoke</budgedNeiper>
      </hipwort>
      <dozerKutta carnageSloke="balsamEvirate" adeptsGuasaCookies="393959577" kingrowLeveselPaunchy="retwistIraqWeeble" ramage="482999">
        <peltersAttyEtna>smokedRedsBatling</peltersAttyEtna>
      </dozerKutta>
      <marches niddick="724899246" sacaeMortalsFinding="ranisNavajoPalmary" stipelSpelter="94152" clipeus="vivaceRedeyes">
        <copymanElinor>sipersAdorantHeaved718</copymanElinor>
      </marches>
      <dantonQuacksPiligan zeuxian="549823">
        <weighinLogis>tressyCondoleOgress9670</weighinLogis>
      </dantonQuacksPiligan>
      <idlebyRev>
        <tottyAwabiMandant>7</tottyAwabiMandant>
      </idlebyRev>
      <dobsonsPoaceae>
        <depraveMessedHomelyn>adoboOldest85</depraveMessedHomelyn>
      </dobsonsPoaceae>
      <cementaCowlick agaricRamular="hansardCathionTeashop" rowyMaizer="decoat" tikorGader="5431443" applierReskew="ghi">
        <enalidUramil>zygaSharrag</enalidUramil>
      </cementaCowlick>
      <reeshie finnWinareFacete="ulmateOxymelBidding4831" outfindSnurlyEmpales="polyp" zabism="numero">
        <arborerDicerasYours>6</arborerDicerasYours>
      </reeshie>
      <mascleOutput abattue="alophas" tsadisAdorno="quietenStomalJulole" iceniVandas="coldest">
        <khatti>cordylScowmenHyli2</khatti>
      </mascleOutput>
      <asimenSplatsChanner conyrinGrapeys="noyaded" orchil="54" mirage="noter" muddyVinageBrass="maoriSuiters">
        <wanganBlabbyCitril>knitReliesRowdily</wanganBlabbyCitril>
      </asimenSplatsChanner>
      <siftersPiroghi those="usninCytolSuaharo" ancoral="grounds" tinter="23347046">
        <bedlike>forbar</bedlike>
      </siftersPiroghi>
      <gulph vialledSpells="fungicRemisesLear556" cassius="botflyStrikesDomba">
        <zeloticSqueeze>waxes</zeloticSqueeze>
      </gulph>
      <dirlingUptillDenmark>
        <kandeMapleRepage>ganched</kandeMapleRepage>
      </dirlingUptillDenmark>
      <funkiasDewittZakat beldams="barbel" buccaroSheng="toxines" tossingCentimo="challot">
        <oragePiky>alphylsSwanked692</oragePiky>
      </funkiasDewittZakat>
      <robs recolorUnstops="chlamys" mezailCyders="witheGaudyUnskill" filetedSindle="crawdadAnalav">
        <alcmeneArcadiaDel>brotanyRefelt</alcmeneArcadiaDel>
      </robs>
    </mabuti>
    <arshine donateEvenePutlogs="gippersEskimo" cereusRestampRpm="luller" tillAchromaWilding="bptGilled14" dowse="60" mespotBalawa="coulageHonStilly4" nullsShayed="46941" floryAcepots="potchWonna386">
      <denial>322158</denial>
    </arshine>
    <tunnelsTangled>
      <bora>stite</bora>
    </tunnelsTangled>
    <antholTrfSublot lvovAshetCurlers="239306843" bewrayHelver="abody">
      <maia>diallylPagumaTier</maia>
      <idlesseSsingOreide bergutNoughty="congaPrideDipnoid" thymeyCoombes="turgentBrusker" naibLuctualPewits="mightnt37" acnodesCadenzaVingolf="cittern">
        <oficinaCarromsEstoile>coliasDarnel</oficinaCarromsEstoile>
      </idlesseSsingOreide>
      <trophyTumuliSpruce pericu="blierSystemsFreq5" unrareTruces="21870" silicaTrog="balr" toretSkepUnsavor="manjel965">
        <anantaWhelksBloomy>enthralIncepts</anantaWhelksBloomy>
      </trophyTumuliSpruce>
      <trammedRansesRev lambishReetDungs="karayaKythesInquest34" maypopsCrimeaLumenal="dyadic" fiend="pavetta" loppardPhoebes="cobegoBlartWarpath">
        <cairoCinchHaglike>mahoundLationAmyctic</cairoCinchHaglike>
      </trammedRansesRev>
      <trined apili="metageLawrie" disciQqv="damns67" auristsCedrine="incageOllamhTristam" hokingUigur="86">
        <ewder>doroboRosined</ewder>
      </trined>
      <forsung copyingZoacum="ureticBalau" siccedPardesi="suttinNecesseRaisin">
        <bagoong>anhangOlenidTavghi</bagoong>
      </forsung>
    </antholTrfSublot>
    <claraEpochs>
      <froglegUnfoolLabial>forthyTubemanCrevis</froglegUnfoolLabial>
      <jikunguTerrabaRaddles stuped="pungyiSpermy772">
        <listelsStyany>panamasRabicMoneses</listelsStyany>
      </jikunguTerrabaRaddles>
      <coaxDamask chinkedValeta="962" cumbrePomadaOutfelt="75">
        <pintleTaberPrehend>ratton</pintleTaberPrehend>
      </coaxDamask>
      <misdate airboatMildlyDowncut="blueingReccheBautta811" drank="poopsMuid" cheirUnpick="hui">
        <plunkEvovae>fcompYashmakReesk</plunkEvovae>
      </misdate>
      <evetideVerziniDirity lustier="4112" tacksManaged="postel" expy="uneyeTootledChime" klutzyCormLeucins="583867">
        <carnacCujDicey>jobbing</carnacCujDicey>
      </evetideVerziniDirity>
      <diedralBandsFriand beastieFrizerFeus="5" hoolBolshyPasquin="896374023" naegateZeed="hotspurOtacustFinlike">
        <palmeryDiswontPaso>homely</palmeryDiswontPaso>
      </diedralBandsFriand>
      <whapped belatCothamAuspice="excudDisli">
        <encoil>infantsDrowsyGlumpy</encoil>
      </whapped>
      <joysomeSymmory thenal="5242270" rachGanserDirten="outplayAly">
        <vain>aquas7</vain>
      </joysomeSymmory>
      <taroccoRizar>
        <leersCaprinFaveoli>85570659</leersCaprinFaveoli>
      </taroccoRizar>
      <mutuary niggraAdurentMilton="realesStibbleViscin" maltaseChotts="casabe6555" usine="8966576" chinksScubaRavine="charesReplaysBeekite">
        <amoksSatsumaMinoize>leighRahDomic</amoksSatsumaMinoize>
      </mutuary>
      <mugaApplies jacuOutweed="urucuriSallies">
        <bodice>ritards</bodice>
      </mugaApplies>
      <rats beatnikTowed="hoofrotTashlikHopper" dard="lunier" succorGuvAzulejo="garsil">
        <micastsRespue>umbonic</micastsRespue>
      </rats>
      <lidarOsazoneTutee cordyManche="8293345" stalely="cograilPlatier" boxroom="661244" uragoga="26">
        <jugsfulAcanthaKilty>dialogsSpatteeQuits</jugsfulAcanthaKilty>
      </lidarOsazoneTutee>
      <trues ensaintAnnals="flakingYowie" recursAbacot="321546998" muranViatica="8" faldaPopeismUmbonal="nylghauBeshout6641">
        <caingin>3114</caingin>
      </trues>
      <broosePeggedGrande>
        <cofound>wavedPikeman187</cofound>
      </broosePeggedGrande>
      <townSolace teeveeBugbanePump="luxuriaHaggle">
        <xxvToiler>7</xxvToiler>
      </townSolace>
      <revise yannamExitus="pelopidWistlyGuiro" shillaChabouk="wadmolNorroy" encased="abating" yearnedYaourtSways="cyan">
        <sternnaValuesCollare>gigglerSteppe</sternnaValuesCollare>
      </revise>
    </claraEpochs>
    <clericsSonar mosquesFantod="assyriaIvylikeSilver" knellPichi="ovenHatti">
      <spiderSradha>azotesFluxHumlie</spiderSradha>
      <gaugeFriezedTarnish albiChevise="pitauBoodles8" tacitlyHoral="sofa" carneolScrobisBanande="inshellZairian" goosedCypres="paisans">
        <tramell>adventsResends333</tramell>
      </gaugeFriezedTarnish>
      <spieledOvidaeJimbo>
        <queasy>kurumaCashooForcet</queasy>
      </spieledOvidaeJimbo>
      <alaihi>
        <infirmNeats>474864839</infirmNeats>
      </alaihi>
      <onocleaEarlaps>
        <nerePpi>83515</nerePpi>
      </onocleaEarlaps>
      <getUmpquaTempehs loanedTemse="gummingTizzyDyer" benzalSmeeks="aldol">
        <dadsLeglessBecker>exormiaFatedFalcade</dadsLeglessBecker>
      </getUmpquaTempehs>
      <ucalBathos buncherArrish="pythiad">
        <ossific>allasch</ossific>
      </ucalBathos>
      <holds inclipSublidPtotic="takeingDtdRecuse" antient="9">
        <teri>jigAloofeUnwelth</teri>
      </holds>
      <suku gravSwoons="757376456" whsleCollier="nosism" etcTautingPrigdom="corrumpArrasGriecep">
        <faked>unupsetOjibway</faked>
      </suku>
      <phuMended becensePestlesAquas="hagborn" schrundAlexinDashee="foreact" testataTucktooMinhag="toothsKiester">
        <quintPropyl>foggedMethoxy</quintPropyl>
      </phuMended>
    </clericsSonar>
    <unshore>
      <rhoncal>manwayWalerChalaza</rhoncal>
    </unshore>
    <teco>
      <vizsla>990</vizsla>
    </teco>
    <diggers>
      <shinneyAucanerSumpter>faverelChego</shinneyAucanerSumpter>
      <chateauQuinins mudir="daggaSeamy" nymphidLulav="creazeBackieHen" branialSunweedWorrit="427">
        <sharifsShhEscrows>smurEemis</sharifsShhEscrows>
      </chateauQuinins>
      <waghIsleman helzelDoers="janglesDockize" percherBesnow="78517" ringers="culversEmpodia">
        <ago>agnameYawledInflect</ago>
      </waghIsleman>
      <biremeScroyle>
        <coaliteLupe>topersAkelas</coaliteLupe>
      </biremeScroyle>
      <tope porgy="vervine" flited="21301" romaunt="yattersPianola" wardayFungia="beck">
        <renegedRentals>starry</renegedRentals>
      </tope>
      <rebater zananasSongbagDeltal="frauenReceder" picky="63" clackGoner="vilhelmBlamsDusters" hagarOedemas="jurataPreview">
        <burble>munitedGilguyShop5</burble>
      </rebater>
      <newsfulFreersLivian loricPirojki="etherolBourneUnbait" morianTrekkerBryonin="owners94">
        <buttonyCrimmy>ferity</buttonyCrimmy>
      </newsfulFreersLivian>
      <lignoneNyxis>
        <heaumesOrpitWhitman>nunnifyCynicalJaypiet</heaumesOrpitWhitman>
      </lignoneNyxis>
      <redragEstellaRitely>
        <sadhusWattled>prudish</sadhusWattled>
      </redragEstellaRitely>
      <feodsSimpaiLucknow steak="melsGermon" becrustExostraCope="nosairiHamaul">
        <jees>helicedAchueteRidably</jees>
      </feodsSimpaiLucknow>
      <bordmanBeseems ifritDaube="fuel" sylvic="geic">
        <sleezyCrackSoftish>cantigaEquip7241</sleezyCrackSoftish>
      </bordmanBeseems>
    </diggers>
    <nopalryPaceBorders>
      <twinly>flays</twinly>
    </nopalryPaceBorders>
    <untone>
      <protead>bonkingBaricSnying</protead>
      <lawned>
        <derive>egglessLatestsEnroll96</derive>
      </lawned>
      <awfully>
        <jovialMacroPilosin>canaanAecial</jovialMacroPilosin>
      </awfully>
      <upbarLetch mahatmaAmini="althein8">
        <souse>warmsMurmi</souse>
      </upbarLetch>
      <roddQuickenIzing pitwork="malistFaence" betrimSord="affixesMorongCocker9">
        <fundus>greaser</fundus>
      </roddQuickenIzing>
      <samaniRomero cueballRykeCosset="crispedErgusiaGulix" ferkinRealter="jemidarClouded" mixtureSpunkieBrail="bluetsEarnfulJungli">
        <tombalSlakerPride>moffleUncoop</tombalSlakerPride>
      </samaniRomero>
      <pipkinsDyewareEfflate embostFunningHaitsai="9278" baldric="411125446">
        <kapaSoe>5</kapaSoe>
      </pipkinsDyewareEfflate>
      <usingUnshaky>
        <chandooRuvidKyrine>28236</chandooRuvidKyrine>
      </usingUnshaky>
      <retenes collardKnives="touring" rabalTammarTrojan="unluted">
        <simconDiadrom>5032</simconDiadrom>
      </retenes>
      <putties ektenePre="palazzoUnwigInvoice">
        <hurtsXema>8557953</hurtsXema>
      </putties>
      <wem allurerGarethRotula="bilshViolerBajri" patee="ulsterEmicAverred" diquats="nosier" quellsJetted="forearmJussoryDixies79">
        <cliver>88416246</cliver>
      </wem>
      <kompow>
        <fehmicMicroBitte>piccoloTarble</fehmicMicroBitte>
      </kompow>
      <isletOvernetNarwal phaedo="iwwort" uninnKnarBemas="bibliog" doilies="braceFlows">
        <decides>persistCrows</decides>
      </isletOvernetNarwal>
      <faith cyprianGrummetElectic="aliquot" derival="krangSemmitSplices" chakdar="mitosisEllingePorion">
        <impers>saiNubbledReruns</impers>
      </faith>
      <rusticsGentled>
        <guidonsUnkenReads>ambosBeknow</guidonsUnkenReads>
      </rusticsGentled>
      <freezesYacksSanta zineb="elidesRobing">
        <cranianTharf>geldantBaalsMahal1682</cranianTharf>
      </freezesYacksSanta>
      <sparedBlears outsigh="unities">
        <grass>cimexOkas</grass>
      </sparedBlears>
      <caulisAcraniaOgygian fratryOptic="yabbersSlumps" projetsRepace="pigyard">
        <rectorYojanOchroma>huashiElutingTypy</rectorYojanOchroma>
      </caulisAcraniaOgygian>
      <upcrawl kecks="optable" prosapy="adlayManasicUsee" heiniesStacher="anoil181" diddiesPsyllaKef="razzly">
        <trumanAliensEthanol>inta</trumanAliensEthanol>
      </upcrawl>
      <wabbleThronoi lupousBavaroyTraduce="unbledCyanid" ganglyMeiotic="tensestShiah" aquaridRaved="deejay" pieing="bombingJynx">
        <vigiaKainga>93</vigiaKainga>
      </wabbleThronoi>
    </untone>
    <benegro>
      <bimodalCoigne>5251480</bimodalCoigne>
    </benegro>
    <vedroColobin andirinCoshesLamps="185097" aerocar="naivelyUvanite" rammish="581472758" vougeAnteri="teston" novelaSlob="drysterFormylsEbonist">
      <creasolScummed>misfitsBegaze</creasolScummed>
      <aurinChoateRomney>
        <vawsPlumeGapy>honkedUnruralSkelder</vawsPlumeGapy>
      </aurinChoateRomney>
      <oleatesHler dennis="ageing" archiveLota="unspentMabyer5841" gapeEsseMundari="pesachGospelHeft">
        <fasciae>limpsyAbbassiCheaper</fasciae>
      </oleatesHler>
      <layersLagen pschent="734398" wastely="unscarbMdntRoosed9249" bhandarPiledRosel="symmistTattersRacoon" brothDaypeepIntwine="kneelsWithConsuls">
        <kilneye>peeling</kilneye>
      </layersLagen>
      <cools plectre="sampans" manniteTolmenCorke="pyosis">
        <scathe>pesky</scathe>
      </cools>
      <baddishSigfile>
        <undflowConimaInrush>eschewSkyrinCauld</undflowConimaInrush>
      </baddishSigfile>
      <gribbleKinoos>
        <jesteeUpskip>rowedCannatCorrie</jesteeUpskip>
      </gribbleKinoos>
      <adsorb suddsParsnipWeaky="tenderEldFierily" heidiFiglikeBoregat="cannaDakoityPampas" caestus="taivers">
        <ovismTussers>baxtoneNotes</ovismTussers>
      </adsorb>
      <inswampTorsiCebur alerseGeleeProsal="natherDingo" ailurusArrietCatalin="81862" brevaTains="470" kelterRancherImposes="357">
        <diplontGarsil>isotriaSuppos</diplontGarsil>
      </inswampTorsiCebur>
      <doddersBenzinsCorso feistAnaheim="eartab9" milletsEunuchs="sweertPickupJiveass" aouadFurlane="suraRialty" tailsWilton="stelaeBistersAsweve">
        <cauterReduct>1</cauterReduct>
      </doddersBenzinsCorso>
      <tahaUndeify knudsenZyryanInbbred="slare" vultur="8562" mustelaFamular="64810506" raninaePignon="arrobasDarky">
        <avarEquidRooming>aleakRectionHexsub</avarEquidRooming>
      </tahaUndeify>
      <chainedMeaned cyanize="75" flebileMisfile="tampedLutist">
        <passiveDirdBataan>hooCaliphPotsie</passiveDirdBataan>
      </chainedMeaned>
      <whidahScums dronelKhayaPyocyst="awls" intent="unornlyWather" riyalsNoways="triarchFleuret">
        <usurersEmbuia>81690</usurersEmbuia>
      </whidahScums>
      <ensateVisitRepark livish="muscidsPipericHomolog" riffsDrat="taoism" balliumMalamboSoda="gpadTestisCurtis" dieneSkunkedFishnet="ohioanBestuckPlagal8228">
        <kennelAgramed>74495643</kennelAgramed>
      </ensateVisitRepark>
      <acarianByname>
        <abiesSoyaTox>discumbMerodus</abiesSoyaTox>
      </acarianByname>
      <emceingBookmenKreatic faceteCocoon="essoinsLeadoffWort" meropesSlimeMuletta="lenders">
        <fleysDelvingDraymen>27</fleysDelvingDraymen>
      </emceingBookmenKreatic>
      <unqueen peachenBeetlesHacht="fudging" empeine="7" usuries="globsOversee" camdenHulkily="cottons52">
        <withnayThriver>651854917</withnayThriver>
      </unqueen>
    </vedroColobin>
    <mimed sonoresSporontAngie="opiner84" tubefulTrapan="699299082" millken="gravesJubateTheirn">
      <payingMellowsBiznaga>856</payingMellowsBiznaga>
      <mutatesGrudgesCuerpo abcessSerut="bedukeAnthol" vitiate="abandScaselyArleng">
        <dottels>biffy</dottels>
      </mutatesGrudgesCuerpo>
      <pata akan="furlana" urian="hoonReboilChimps3935">
        <hodgePlagae>166</hodgePlagae>
      </pata>
      <sixthSilvius oxonian="sillilyWitlet">
        <panganeEgoityTaliped>stionSeringAldm</panganeEgoityTaliped>
      </sixthSilvius>
      <demihagCheapos limpGuara="renamesPlants" sabbedMerkinJellab="tubate" solutioSawed="1428284" rebasis="forgoesDilated">
        <ensafeKachaDuologs>926619</ensafeKachaDuologs>
      </demihagCheapos>
      <daksZigsSemaise>
        <tipsCarajas>pomak</tipsCarajas>
      </daksZigsSemaise>
      <adrenal likenListers="withoutIbaditeAnacara" opticonShiko="lacetDanaglaSpuing">
        <uncleanOopodal>569943</uncleanOopodal>
      </adrenal>
      <augurer pomfret="31503755">
        <choleic>vejoz</choleic>
      </augurer>
      <preempt>
        <laccaicStem>4394</laccaicStem>
      </preempt>
      <leafierJoseite>
        <jowedDecaniAulder>therapy</jowedDecaniAulder>
      </leafierJoseite>
      <kulmetTravestEncomia prutothDist="666398097" gallsLoyn="tuarn" isohels="euvrouSweetsGoldcup501" plier="colphegDeriv">
        <enginesStr>bugiTastily932</enginesStr>
      </kulmetTravestEncomia>
      <biblosAllbone hernias="colley5929">
        <diamondCraaled>ahu</diamondCraaled>
      </biblosAllbone>
      <arabineGowdie>
        <muang>leptomeRedcollRefrig80</muang>
      </arabineGowdie>
      <praecoxRemoreBasemen roter="abasers">
        <wordenQuinnet>39394</wordenQuinnet>
      </praecoxRemoreBasemen>
      <cussersAilie microhm="exudedCulledReheard86" homyRosaker="noncom" flabileFiculaNoonlit="omensOdwyer" deepsTeazlesMestlen="scaffer">
        <dohter>sasteanObovoid</dohter>
      </cussersAilie>
      <sloyds>
        <cookiesKrillTerner>ryenNeralLias</cookiesKrillTerner>
      </sloyds>
      <ripplyGazabo ecesis="insulinLisiere" waggonsShadowy="196699408">
        <remuda>9700223</remuda>
      </ripplyGazabo>
      <taxirCabaan hyposFoils="5">
        <cathead>16751</cathead>
      </taxirCabaan>
      <forhaleCahitaEntheos zamias="album">
        <pengosLawman>gutte</pengosLawman>
      </forhaleCahitaEntheos>
    </mimed>
    <bumtrapPaiuteBronzen wheezesLarix="fivebarTahltan">
      <refoldsUnsoncy>chalkedDombocBugling</refoldsUnsoncy>
    </bumtrapPaiuteBronzen>
    <gunnelsBetrapBegun>
      <ypocras>tilings</ypocras>
    </gunnelsBetrapBegun>
    <tolidin boracicDuitsInradii="821" thalliWierdChibrit="lyreGaleeWeirds" boxtopBizen="quemely">
      <inoculaEncomicHooky>palped</inoculaEncomicHooky>
      <sheenie guichetBaker="3663271" diablo="chalotGozzardAnomite">
        <gangsaLeveretVortex>goopsLeud</gangsaLeveretVortex>
      </sheenie>
      <neckerCentena durdum="48440196" serting="visa67" airthedGrissel="liwanLabsHathor2" triker="ovicideUrinalsRiccia">
        <crimeWauch>rhinalVarsalTagger588</crimeWauch>
      </neckerCentena>
      <soleretChackerAscribe kronenKirpan="daltCapably">
        <dashersLabileBdrm>abiponLinolic</dashersLabileBdrm>
      </soleretChackerAscribe>
      <kopecks conningTrippet="wombatsDossesRoux" oblongBuds="gutserHeatingEased">
        <copper>abbassiEssoin34</copper>
      </kopecks>
      <sputta forritCleaved="enrailShylock" aroniaWabbledSlants="swanpan" lanchHorsyLoftmen="cowbyreAllobar">
        <dogboatAramis>prewarnAloesolPeltae</dogboatAramis>
      </sputta>
      <collarsWithePommery snoot="alcaicDeities" mangabySlockerAndaqui="miaowedArdella" brushThreose="3">
        <blypeGlacifyCampy>kurusNatoMucosae</blypeGlacifyCampy>
      </collarsWithePommery>
      <bus mateley="dragees" wombleWhorleVolvell="owlery" atopen="kindPampas462" etherolResewed="bengalsEnfelon">
        <skandaAudaean>sixteenTrocarsMobsmen</skandaAudaean>
      </bus>
      <edgeway>
        <boombox>serawGnathal</boombox>
      </edgeway>
      <clenchOutgunSlive oziasNumbles="argons" spirulaWrideTouses="blunketPloversBoddle" umpireTonicsBiniou="93361">
        <kenaf>frisiiIgdyr</kenaf>
      </clenchOutgunSlive>
      <maw huddled="antedonCurite" potassDustuck="shrapeCubbish31">
        <sardNacredWhidded>feuchtMaffleHolards</sardNacredWhidded>
      </maw>
      <ethanes>
        <apaObeBugwort>bared</apaObeBugwort>
      </ethanes>
      <iterum bandala="748" fern="cystal" brarowDulcoseLulus="burros">
        <boa>3</boa>
      </iterum>
      <breards feague="rouserSyrians" actingsCoudSusie="crownedBlin" kosher="whaups">
        <clowreXicaque>pacoZeroeth4612</clowreXicaque>
      </breards>
      <stuboy tipping="reefers" embushGneissMahzors="493508316" skywardSuicide="4517" pokieCherteFyrd="gainerSantaDauphin29">
        <fleshy>lotaseCromDuncish</fleshy>
      </stuboy>
      <inangaRomp pfc="tambalaEnform" talarsNodeTalent="jagsAbandon" novatorPissedPlaid="bromine">
        <bundaDoeth>caraco</bundaDoeth>
      </inangaRomp>
    </tolidin>
  </middayBoleiteTasty>
  <horreumMislinPyrexic cudgel="craggedKokia" amotionTarmacsSuccube="6073" tolylBulkySturin="neaps" />
  <shewing jumblyFacia="subact7859" corpora="cawsLobbersParfait" kristinUnireme="234622520">
    <podgier upgush="kerl">
      <bagnesAmassedLaulau>sirventUseableSparest</bagnesAmassedLaulau>
    </podgier>
    <rangLucileTutu bewield="cauline" khamalCepheidEpikeia="epitaphExams" stabledFurcaBeluga="wantonsBethank">
      <nylonsChaverKulang>biverb567</nylonsChaverKulang>
    </rangLucileTutu>
    <tannaimMachine equiaxe="23" scriniaGliffy="bedaub" chechia="surah" docketsCranch="coarsenDuomos" leylandCalfGoliad="mail34">
      <dolcinoTowardCycas>45566962</dolcinoTowardCycas>
    </tannaimMachine>
    <envaporTorula>
      <snoutyReded>786881985</snoutyReded>
    </envaporTorula>
    <skimo dalasiUndy="1456" jurata="skhian" lawing="76" leedAnobingNappies="tranceArabinDurrie">
      <scrotum>intel</scrotum>
    </skimo>
    <outrateRaphisConvict>
      <cretinsKhokani>meltons1</cretinsKhokani>
      <paucal reendowPictFurrier="64482964" gulfyPiing="plitch" hoicksMavenIpecacs="1227">
        <launceGuyed>592229</launceGuyed>
      </paucal>
      <peliticRecoinsZaurak>
        <bushmen>516893403</bushmen>
      </peliticRecoinsZaurak>
      <spyPedaOxcarts cryptsCateran="malterStormy" mawali="surmiseParfumIllanun" alexias="crimesSiloist" ingoingArbour="pouce939">
        <ronchoQuelite>curdyYercum</ronchoQuelite>
      </spyPedaOxcarts>
      <gaddishSwears esrogLibras="954180381" beaufinAile="buddhaImpedit" denOutspy="sabian">
        <unfiend>metes</unfiend>
      </gaddishSwears>
      <bennisIdrisid memento="oversawAmylomFishers18" neuterCinemas="76982" cnemial="shehitaTulsi" jihads="marrowyPiquedColola">
        <proppedBallam>unluteFrascoCotan</proppedBallam>
      </bennisIdrisid>
      <moujikListedHeaped donshipSinaicShay="295757536" thecoidBurkersAnalyse="casting">
        <elinorUnrowedIhlat>micron</elinorUnrowedIhlat>
      </moujikListedHeaped>
      <schrundUnanimeZeals equated="showman" tersionJampan="basta" pravinBagaLychee="arableAswash">
        <scanian>escortShitted</scanian>
      </schrundUnanimeZeals>
      <cruise ouncesSuantlyBedgery="mutusNailbin">
        <gamelinCrawleyUpgrave>hippic205</gamelinCrawleyUpgrave>
      </cruise>
      <virgo updelve="vedaic845" demurs="spritLapithFerrels" besaucePelopeaHoises="toyingAbated" naphtho="okoniteBylineWorkout4977">
        <abiesWorkmenSnew>ranales</abiesWorkmenSnew>
      </virgo>
      <galere digeneaPega="airmark">
        <hunsTautly>behalf</hunsTautly>
      </galere>
      <gabiesFilasseQuos>
        <etcherStashCramps>readdMondsee</etcherStashCramps>
      </gabiesFilasseQuos>
      <sistingDebi ironmanApitpat="task" roamer="pewteryQueresSimony3025" guilty="masonicAiledSective">
        <pawditeCoxite>adicityJauked</pawditeCoxite>
      </sistingDebi>
      <lugsailWoolen>
        <shelderWebfed>beetled</shelderWebfed>
      </lugsailWoolen>
      <bescarf fledged="grugousHoddins276" outsayCurieDesorb="osmond" amongAdverseGaycat="pudicalBuoying77" gyppoMercerAlmach="upholdUnblestWhilend">
        <craftlyTaisho>665</craftlyTaisho>
      </bescarf>
      <rabbiHockeys ionizesStoic="muckily" vacaturChandamPotsies="yikes" koilon="flight">
        <dejectPraham>3196809</dejectPraham>
      </rabbiHockeys>
      <aurigid>
        <joukBakings>remoridHyrse</joukBakings>
      </aurigid>
      <cricke desex="balutResty" varing="loxia" crooksMoiseTydeus="issedoiSamvatTriglid" hardockAscotsGurges="inlardHoopmenFilmily">
        <sobbingAllegro>daniWilliedLegrope</sobbingAllegro>
      </cricke>
      <asst illness="fastiiaFurlers">
        <sambarCups>8060951</sambarCups>
      </asst>
    </outrateRaphisConvict>
    <tibetMudland>
      <traceryTarbleLoyn>8750290</traceryTarbleLoyn>
      <prudentAbord corverSpeiled="5" tuneupsGenep="fraenum" rapistObdtFreshed="furlessMohr" dustour="monyLoosish">
        <oary>6235</oary>
      </prudentAbord>
      <aslakeEmydApneal ceorlsViajaca="montu" tottum="821">
        <shrupsFino>figbird</shrupsFino>
      </aslakeEmydApneal>
      <iresine skeipp="268009">
        <wallingAscotSealer>lathyImpawn</wallingAscotSealer>
      </iresine>
      <littersSimblot gallizeTunnelsDihalo="osseaDoncy">
        <astianAirerLoegria>ryndJoining</astianAirerLoegria>
      </littersSimblot>
      <crested fife="hantle" hatsDotant="garble" ugh="neckarSmatch" droudShalesLaet="howdahGoblinsPraecox">
        <unpuredBohoMoodier>sprayedJibe</unpuredBohoMoodier>
      </crested>
      <potoo uigur="47423851" thermelUpleadCrewel="dungariRots632" choicesJasione="gent" pompom="taberedGalik84">
        <volutae>outgrow</volutae>
      </potoo>
      <shamal oneroseThofGurgled="surfyVamose110" spivvyKalians="bullyPunkin" clotter="bardane8056">
        <azilut>chazzen</azilut>
      </shamal>
      <warmenSanes stefanJoseitePlants="sterveHybridEarths" bronx="tasbihPallier">
        <necator>6</necator>
      </warmenSanes>
      <metwand chippie="dayakSpyismSurds" amtmenGurdle="calamarCuriumStopers" marronKariti="chiselsBionics" moira="gard">
        <subsideLaulau>kex</subsideLaulau>
      </metwand>
      <sunkets outwoe="wigeon4926" whsBortz="tingerAzoxineShyer" sinkboxCathImaums="daneWarmful4160" byplaceIrenicEftsoon="garbBibberyUnearly">
        <peckleSpiremeFooyung>schultzRie</peckleSpiremeFooyung>
      </sunkets>
      <rubrailMotile emirsOicks="henadFantom" dildoeMorulaeTaen="92827480" balow="fagusTuckyIapygii" jedcockLactealAncile="64172">
        <eked>dardic257</eked>
      </rubrailMotile>
      <reppedDundee ajee="peliteSaddenGowl" gorgiaNinnyGuereza="bastsSmiles" milchy="unhentMiens86" girdledFlaresLopezia="braveryCineol1678">
        <scorpioHogweed>tonguesSferics</scorpioHogweed>
      </reppedDundee>
      <ogle pithedLonguesEstriol="atlanta694">
        <dindles>penile</dindles>
      </ogle>
      <wigeonsCaukMisbede ochranaDecoyerFono="rooti" laraliaAssate="venus" dewcap="vanish">
        <hoggy>ensured</hoggy>
      </wigeonsCaukMisbede>
      <unfazedAlleveTiou>
        <outkiss>gleydeWaggieCornua</outkiss>
      </unfazedAlleveTiou>
      <crool botel="argoanUtuRompers" mergerAphodus="boletiPapers" carumRoadwayChanoyu="wormianDolia" banghyBuzEdile="ilicin">
        <diver>leaks</diver>
      </crool>
    </tibetMudland>
    <cacas>
      <spacers>yakmakLangite49</spacers>
      <gyarung cheer="furoresUnwaxFeeb" skouthCanelleEmbace="unfacedBlindlyLocates">
        <calite>9448574</calite>
      </gyarung>
      <parapodOptimes battenBestarToosie="undogPatakaLofters" demulcePibrochFlathe="tattingCairnyKetal39" regaledSept="idylian" aristaeEbrictyTentlet="taxwiseTriacid">
        <bettyPitpan>bumperPhasedShazam</bettyPitpan>
      </parapodOptimes>
      <smockCorellaSniffed durionLinwood="gorgerRusine">
        <ashameCelotexCloners>78404873</ashameCelotexCloners>
      </smockCorellaSniffed>
      <gunshipSwindleMurker pieticKend="313442" tanners="plf" pearlerTourismMariner="aenean">
        <beeballSpiting>9198029</beeballSpiting>
      </gunshipSwindleMurker>
      <ronion pharmicSnag="uncasedPreaverScaw">
        <neilahHoptree>amazingRidingAshily</neilahHoptree>
      </ronion>
      <mexicalWhappedDana polynya="comarum" tatlerKohuaMuran="6">
        <sfmWabumaDretch>lumen</sfmWabumaDretch>
      </mexicalWhappedDana>
      <dissavaCorveWining branny="346061298" monoseReused="darters">
        <dismarkBesseraSleepy>259556933</dismarkBesseraSleepy>
      </dissavaCorveWining>
      <carylVarvel nitwits="croton">
        <dirdumObexRinsed>plotted</dirdumObexRinsed>
      </carylVarvel>
      <hypBairnieCowries duplexs="cleoid" tilak="feastenOffsideElysee9" berogueLimedNoire="glynn1" huspelSkibobDumpier="hoardedActg">
        <goofilyCoatersTurakoo>giltsSkymen2</goofilyCoatersTurakoo>
      </hypBairnieCowries>
      <cliAfrontPawkily>
        <kareetaPrinkleNeither>unsoilQuaddlePinata</kareetaPrinkleNeither>
      </cliAfrontPawkily>
    </cacas>
    <youstir boron="crare" envault="363765438">
      <porkiesKgf>rulings</porkiesKgf>
    </youstir>
    <orchilsFlynessMuscats zemniFusoidTishiya="beiceJandersSedges" ligandsRiskier="bougiesManuresGaiter" baumeRelierProxime="niellos">
      <jocelinCalve>jophielSkither9</jocelinCalve>
    </orchilsFlynessMuscats>
    <cryptCorrade klamathCascolShapka="sootingBemuddyTewer">
      <fianna>1657484</fianna>
    </cryptCorrade>
    <masonicEtasForhooy abasio="cakerChilkat" mogulsAvulse="nippledSlumber" stutter="agelong" knoweDarns="11" grenadaCupid="snocatPickmenAnas5329" mamelonSnitheRescues="endableCudMightly">
      <puttiesTamarauHokan>sockeyeNicotiaFeis</puttiesTamarauHokan>
      <xylonRhagonFuriant unwinkMixupsSos="noncomsLascarKnavish759" blesmolAlmonds="leakierWaxSkye" avoidNasty="huchenBilked">
        <khakiZoea>nentaFarse</khakiZoea>
      </xylonRhagonFuriant>
      <zemi>
        <pettiBismuthToyshop>lepageBedustTux451</pettiBismuthToyshop>
      </zemi>
      <yajnaSpoliaExiling coombsScaloniVoicing="anearKussosPub1675">
        <roteKnuckleLola>volansGirtForleit</roteKnuckleLola>
      </yajnaSpoliaExiling>
      <falsestCoelia riceyDielecDecide="97" seekers="litiopa" dopped="traheen">
        <mna>rosolioEmerodsClimate</mna>
      </falsestCoelia>
      <harmersOuthunt dapicoViscinDefial="fujis" rolledFreckleWeezle="tamulOrbity40">
        <mell>discindAscanMauger</mell>
      </harmersOuthunt>
      <novityDroumyGilaki splashyDeclaim="laveerKnoll" diether="gruysPuntout9844" klaxons="tenrecs">
        <stooge>systemsAnilaoLampads</stooge>
      </novityDroumyGilaki>
      <gratesBogmire prickPromptsBavary="astoreBarrens2" elijahBlanks="grumpJnanas185">
        <bowersSharked>pagodasRifflerJibbing</bowersSharked>
      </gratesBogmire>
      <serow outacts="2" muralWhereat="norbertCoxiteLimmu" wiggyPuddle="arborHuronCree">
        <foliaSlappyMoiled>appledServiusPhlomis</foliaSlappyMoiled>
      </serow>
      <arriver flixManlily="sabayonGuarapo">
        <ordererHydrase>52818</ordererHydrase>
      </arriver>
      <ullucu>
        <teartSpiremOttave>70</teartSpiremOttave>
      </ullucu>
      <refuelsAglee sickoutCousiny="giggles" mummingInclusa="finnedRedart">
        <bunk>zeins2793</bunk>
      </refuelsAglee>
      <subhero bardeLeviner="viewPadasha" kolobus="additum" functusBigram="capanne3899" bancKirningCutie="outrang">
        <nautchKulaSairly>blotMarting</nautchKulaSairly>
      </subhero>
      <extinctBodegon>
        <arkosic>mered</arkosic>
      </extinctBodegon>
      <zairian spoutedChamper="faldfeeBodsRhos">
        <largetCutupPennill>1633</largetCutupPennill>
      </zairian>
      <mild ratterySises="samolusNoblify" kiutleDuiFungals="comournZosteraBasidia" reverbsShoon="maskedCecilyWield">
        <exogen>762022</exogen>
      </mild>
      <vowels flywireBowdenHorahs="weakestMarkabByre509" girlingEblis="stoopedCerrero" merv="54261741" limbyPortendQuaint="cleftedCastlet1921">
        <addnlHurtingSiccant>kaliansHeavilyOttawas</addnlHurtingSiccant>
      </vowels>
      <kineticAgathin farmed="dowsingSkydove3695" fasher="pullet" haumPeeressNoshing="221241">
        <flunkBriocheQuica>4</flunkBriocheQuica>
      </kineticAgathin>
      <celadonSenecasOrgiasm>
        <spaed>rodder</spaed>
      </celadonSenecasOrgiasm>
      <lulledMocoanSulpho teiidaePusztaPapaloi="5177224" poseyOmitter="pishu" efflateUrbanMitring="plashy" schmuckBeasts="mortemSkersQuanted645">
        <mnemMtdVeiled>tigre</mnemMtdVeiled>
      </lulledMocoanSulpho>
    </masonicEtasForhooy>
    <viruses sumnerCricked="norther" bowlikeReaves="254" craveWeedful="cosineJessean">
      <oxherd>9574736</oxherd>
      <unspin roping="5641" tawpies="aroid" squares="creasolBibblerCyanids">
        <kinchinEduced>tumbekiBiune</kinchinEduced>
      </unspin>
      <ultras kallegeCherubsWebbing="unhairsOdious" simling="dynelAloadae" sanitySextantKoels="1596" jumbalSnob="hexing">
        <colure>53817</colure>
      </ultras>
      <avensEskimosFilleul>
        <criollaExertsHidage>bucerosTossupLouvar</criollaExertsHidage>
      </avensEskimosFilleul>
      <thesis>
        <chiliadInfect>secoursRepanel</chiliadInfect>
      </thesis>
      <unneathBoyaus warpingAzimineOgival="rocherChapsSubgens">
        <gage>minable</gage>
      </unneathBoyaus>
      <deessThirlsEbricty leprineEntria="imperiaErmineBrunion" ferular="recrew" fallsLuchuan="462" cuchanDosiniaNasion="pusley549">
        <mohar>earmark</mohar>
      </deessThirlsEbricty>
    </viruses>
    <boneMallumBarbers curraneUpgapeLetgame="humit" segholBifer="estafet" hotmeltProcere="spouterSaktismSacella">
      <amuckTalar>darienJicara</amuckTalar>
      <annary dampens="aery" cheth="xii">
        <cheerer>evillerGrainySextain</cheerer>
      </annary>
      <newfish puck="93">
        <oncettaPoleyne>cschOraler</oncettaPoleyne>
      </newfish>
      <spaedom rightleFoes="420878" pithos="tabulaBeninKiaat962" alist="phones" smellieRonchoMesset="pinkoes">
        <boyauPyrrol>civeGoofedTriops</boyauPyrrol>
      </spaedom>
      <talcingAntihum tittlin="ragwork" longfulApple="7887" encodeNaziism="perron" matzoBoxcarsVelured="newelBipodCozeys">
        <ecolParilla>pundum</ecolParilla>
      </talcingAntihum>
      <misfitsIcterus bukhObserve="houveYogiBedouse4" seshat="destrerBooteeCollars">
        <secondo>canallaPadouk162</secondo>
      </misfitsIcterus>
      <scivvySoke measledAsaphusTruly="dipcoat" mugfulAlohaScoup="anodon" inditeJactureFoppy="ouselsAfft">
        <harmingCichlid>bealach</harmingCichlid>
      </scivvySoke>
      <ghalvaNeb wohlacPotato="turfingBluntlyNatant" cambers="4485598">
        <canonEmbrakePiddler>oryza</canonEmbrakePiddler>
      </ghalvaNeb>
      <guywirePardaoSemen elevonsMdntDots="somitesRepose452">
        <fagineAntirunKidnaps>90815767</fagineAntirunKidnaps>
      </guywirePardaoSemen>
      <causeur blosmySoc="skives" bonitosTussles="lawsuitDissavaSided">
        <rowenParrels>nanismUnlock</rowenParrels>
      </causeur>
    </boneMallumBarbers>
    <shortedAuntishGapper>
      <chukarPsocid>41244296</chukarPsocid>
      <gouraWesterTriform>
        <tricksOuphes>41</tricksOuphes>
      </gouraWesterTriform>
      <beastieDieback ischiumCupperConstr="rouen" zings="awasteDjehadHavered">
        <arguers>7976</arguers>
      </beastieDieback>
      <globingAxogamy toledoPinal="pearlin">
        <gitternWhirlyBrl>abdestWied</gitternWhirlyBrl>
      </globingAxogamy>
      <austereKinkySupawn ideaed="gavottePardiShticks" misfall="unwetHaboubCosmos" sishamIglesiaReaward="minoanHayforkRefrig" thlaspi="grosetOpplete">
        <cotlandActine>toadsAgen</cotlandActine>
      </austereKinkySupawn>
      <potIranic brayeraInflowsVinos="drad2022">
        <ganzie>1562</ganzie>
      </potIranic>
      <streetsCravens>
        <hemmers>wraxleBreaghe</hemmers>
      </streetsCravens>
      <bonaireClimbDearest phasis="haulseLuteomaFuzes" festive="68988058" limsy="adoboWaygone">
        <wursetAsserta>warnsMayans</wursetAsserta>
      </bonaireClimbDearest>
    </shortedAuntishGapper>
    <spatlum flipingColumns="lintolPasting9" tubfishCloudEssede="tassets" chitheDreaded="cadbaitVacandiDozing" upcryEvolver="pentaceHopisElated3864" ensures="aftwardGroovedZebeck" brangleCymblin="kasbekeAbattuJasz" stenosArioianHurry="kent">
      <plafondTanjongHyppish>zenithsOilSeemed</plafondTanjongHyppish>
    </spatlum>
    <jecorin reggae="hussyLadifyRampler" mistralRetapedHippies="lapfulLauans">
      <cwms>4918441</cwms>
      <maestroNidedTilia sistraAnelace="swollenTenoned" kokoXicaquePkg="645089052" staynil="ribose">
        <choringOwe>77</choringOwe>
      </maestroNidedTilia>
      <mossi alcadesBethels="988">
        <oillet>fusterCigaleBegrims</oillet>
      </mossi>
      <recti rawhideHazed="lulavimBruskTenrec47" pawning="raggledBabiesLogoi">
        <debyes>enchest</debyes>
      </recti>
    </jecorin>
    <noneneStirpsMutuum hymnals="racloir" biffiesStibineCrawls="kvah" prepend="milkmenNouche">
      <apianDulosisFrowzy>centime</apianDulosisFrowzy>
      <gluishClasserEmbrowd pentailEntrapsLimpkin="nonettoWobbledCubical" plashes="936283634" luganda="accWelfareTeman" fringeCayapo="63">
        <morchaKnautia>malistKaritiJiggers</morchaKnautia>
      </gluishClasserEmbrowd>
      <loopersPackly taunton="sensors">
        <chalqueSeelyBound>rowlandRajeshMantle</chalqueSeelyBound>
      </loopersPackly>
      <scritStrange>
        <muraStent>gitksan</muraStent>
      </scritStrange>
      <romanicSepiae vandas="ates" flowoffElevens="bogtrot977" rightedCleukMeans="kyklopsAdapt">
        <stockerBashing>lingy</stockerBashing>
      </romanicSepiae>
      <zebrina wyrockCalistaCapicha="lambyApepsy846" talishiLingualMelasma="crowsGalerie">
        <fiz>4</fiz>
      </zebrina>
      <cuproseParc nudipedSmalmedViolino="bloodedBonaciSicily" katieOniDrysne="goyishHormigoAndia" culmingQualmArkosic="4">
        <zoners>watchet</zoners>
      </cuproseParc>
      <excoctExtinctForbled missangPlural="reentryHeavens" taweryHereout="lungie" suberinRubeApogeal="seggarsGads" maydaysSerpulaLinha="lencaFauseSewages">
        <boitesIngirt>limulidWarmupsBuyers7</boitesIngirt>
      </excoctExtinctForbled>
      <galeiDentilWaddly apogeic="hoggers" pudicalJamlikeCaptor="syriasmWettishCharlie" hagrideBeausHorae="awaitCozies">
        <layboySuncupRub>reginasSwaEncrown1</layboySuncupRub>
      </galeiDentilWaddly>
      <plumose uzbegPortentAmiant="2201585" jebusiLidias="orphicDermicDueness" bucksaw="armseyeShelty" lianas="shivy">
        <sunny>bedub</sunny>
      </plumose>
      <indicoAslaverGuildic>
        <tartanBrazen>klanPleasArain</tartanBrazen>
      </indicoAslaverGuildic>
      <wailer>
        <cankeryReenge>328705717</cankeryReenge>
      </wailer>
      <bushpig>
        <binodeEvitesRehires>scoteAthymyMbalolo</binodeEvitesRehires>
      </bushpig>
      <mevDrabbedFrenula yugadaDoceticKumara="mermenOutspin" adobesSexton="822895" xeres="orbless" lalaquiPottur="staboy">
        <blottoJess>helver</blottoJess>
      </mevDrabbedFrenula>
      <talitolSloppedDoghead protonsAve="easierDecokeUnsneck">
        <lacierWildish>56348</lacierWildish>
      </talitolSloppedDoghead>
      <rareDooms aneuchPianosaOscin="fridays" skerryUpfold="conoidSecre">
        <stokersLayne>8290709</stokersLayne>
      </rareDooms>
      <isolateSishTriplex offersHafganByssoid="nobodydNailset" triliumMennuet="4498" botchedSychee="2529490" recantDodgerDrag="935">
        <turp>xystusTickles3</turp>
      </isolateSishTriplex>
      <murralPerineScaloni backbarUpspeak="decoctsLanated" yidDrattedGigaton="paveedNeuma" thoom="brosesMiguel97" begin="6291543">
        <brasilsClyssus>8260462</brasilsClyssus>
      </murralPerineScaloni>
      <louise>
        <trokes>viraginMatlowWinos</trokes>
      </louise>
    </noneneStirpsMutuum>
    <dags cholate="vauntieMalison">
      <narkNoir>ahomFlewedCml</narkNoir>
    </dags>
    <micateGraspCedes khotResojet="calool" outlord="vectionDykageBiurea" ghanaBezzoAlcmene="allnessAllez" pulgadaOutwore="saggonFleet">
      <gifVicunas>yapoksPalealDovey</gifVicunas>
    </micateGraspCedes>
    <remains ferretyGonzalo="whereer" bahutuBleerySnary="1">
      <standby>amnestyHuntYupons</standby>
      <sewansSarlacUnbung>
        <deckenSudesEngler>dingbatLoving</deckenSudesEngler>
      </sewansSarlacUnbung>
      <scobby hedged="outsung" orgia="dewaxSkiedUvid">
        <notifyIdealPoove>9</notifyIdealPoove>
      </scobby>
      <gourdeLobusBespete skinfulDagassa="bepuff" colphegImaums="audSlug34" londresGoalageRanger="aby">
        <axilMyricinFaence>yapaWinos6615</axilMyricinFaence>
      </gourdeLobusBespete>
      <fomentRide wooer="razzleEjacula" primosKushshuBaals="fizgigWails2" swareOblGlotum="biophor8537">
        <rattledSkimmiaWieners>ethylin</rattledSkimmiaWieners>
      </fomentRide>
      <fourragCtrl>
        <sidemanRamular>aroastRedbait46</sidemanRamular>
      </fourragCtrl>
      <fallersStero>
        <queres>hypesBanyanTawn1495</queres>
      </fallersStero>
      <kamBullbatSubdate came="mirandaBacula" soneriSoodle="rescan">
        <eluentMuysca>63929296</eluentMuysca>
      </kamBullbatSubdate>
      <basenji sheshaEnamour="sapwortGlobinHurdle">
        <phoneNeighedWouch>waiters</phoneNeighedWouch>
      </basenji>
      <areolas badawiSlumdom="puisnyFuglesGenetta">
        <kedjaveWafererTatters>806219</kedjaveWafererTatters>
      </areolas>
      <acritolRetiralDivots wiedJerks="17" dowager="talcingKoppas">
        <novenas>mislit</novenas>
      </acritolRetiralDivots>
      <burfishWanna>
        <sail>clatchSoriticSerpent8</sail>
      </burfishWanna>
      <stomateTampoy carityEarlier="droddumUniatAmoebae4144" bisk="184" wagner="mustedDiopsis">
        <spatzle>drubsCadenza</spatzle>
      </stomateTampoy>
    </remains>
    <czarismCasten>
      <garboil>swivingDentistPlainly</garboil>
    </czarismCasten>
    <vanille>
      <jitneyAmeersSurique>wampee</jitneyAmeersSurique>
      <smegmaAbscissGarad>
        <bajauJurataSaite>puzzles</bajauJurataSaite>
      </smegmaAbscissGarad>
      <dorabIceroot basto="elodeaCalinutBrans">
        <monardaManchesStudied>5279067</monardaManchesStudied>
      </dorabIceroot>
      <wuzuWhabby coraledTharfObelion="irgun" kickers="medaled">
        <frittArvejonLogeia>hingesPews</frittArvejonLogeia>
      </wuzuWhabby>
      <sororal>
        <rapinesPloppedDadoing>serosasTaxibus2726</rapinesPloppedDadoing>
      </sororal>
      <hochRoundy hoppledZoisite="cummer">
        <hocksHosp>propagoBasses</hocksHosp>
      </hochRoundy>
      <betaxed yezidi="coatees463" caking="prexesArachStope" puckeryPhotogBagie="hoitHedera" worriedOvamboDourah="llanero">
        <begripeCrackly>lupus</begripeCrackly>
      </betaxed>
      <smoutPedata dreadedReweave="banjoPilpay">
        <algeriaEnblocDogtail>dekares</algeriaEnblocDogtail>
      </smoutPedata>
      <swabbyPistick pomponsAshedCura="setonMeta64" tollway="misaver" czarinaPsyched="16164199" fiat="dioecy79">
        <cuplikeYeuked>18364</cuplikeYeuked>
      </swabbyPistick>
      <ohiaStimy hughEighth="suzanneHyblan" mioticMarcidHaji="134626677" maypops="304021161" oraclesSoftenNapron="37473">
        <plummetMathesGonif>unswingUnsided</plummetMathesGonif>
      </ohiaStimy>
      <kranCalotteDomus messes="curlier">
        <ussrWagedomManna>763497</ussrWagedomManna>
      </kranCalotteDomus>
      <becksWhutherMossing inlyEpauletEscaped="frislet" nakedly="trymaWangerInert">
        <finary>parralGingkoSynacme</finary>
      </becksWhutherMossing>
      <jumpoff>
        <chairs>99924757</chairs>
      </jumpoff>
      <barishSuets pinny="fraggedSuidianHyporit" oxonicEqualAstoop="disleaf" kiddingFinagle="takuBerime">
        <wedge>wooshed</wedge>
      </barishSuets>
      <harace shopharCoalingLande="chokers" embrica="induismVerre" sax="dingingAythya" jureAmomumBoomers="easilyCowfish">
        <unseeCriticThread>pisayDur</unseeCriticThread>
      </harace>
      <broosBanbury>
        <pentoic>raster</pentoic>
      </broosBanbury>
      <chylous>
        <scarab>soused</scarab>
      </chylous>
      <goblinCannier taitKaisersUnmaned="radiusArblastSonics64">
        <orachesSykerlyHalutz>8365</orachesSykerlyHalutz>
      </goblinCannier>
      <ady rubsGud="ilion433" sievingDolours="cravesNexusJolt" kokoonaJebusRelata="spreedDepas3588" florida="mesas">
        <hamitic>440620</hamitic>
      </ady>
    </vanille>
    <yodhBlaubok>
      <carets>ragweedUncheckUnhale94</carets>
      <awarnFgrid>
        <threose>affixalMantua159</threose>
      </awarnFgrid>
      <pye comdgEngore="uranistGhostyBeckons5" mayfish="25521" sheetQuadleUnwhig="combreLaniary">
        <leached>697552</leached>
      </pye>
      <cytostUptightDibbed provine="846" unpot="bororo" gaolsBrigadePopguns="sixingBesayle">
        <kutch>coaxedAmalBilgier</kutch>
      </cytostUptightDibbed>
      <dowlessIdeaed>
        <cabritPommeyHelve>blainePagnes29</cabritPommeyHelve>
      </dowlessIdeaed>
    </yodhBlaubok>
  </shewing>
  <haratch>
    <hyaenaGorse unchairEffort="apyraseSimurghMebos">
      <meharisEntrantVespine>791263492</meharisEntrantVespine>
      <anightsRepray swished="overhieOxygenGalores" tummelCrouteFiestas="inthrow" raughtSlewth="sandbar">
        <fewsomePuneseBasemen>diademsSlightBleats</fewsomePuneseBasemen>
      </anightsRepray>
      <acetla>
        <aloofeHalebiHestern>kroonsTinchelJiffy</aloofeHalebiHestern>
      </acetla>
      <panseCascromUnamend mahalyOutran="withes" dusioMiterSoudan="droobTurbits">
        <jankers>lysisAmeen</jankers>
      </panseCascromUnamend>
    </hyaenaGorse>
    <slaveysClon>
      <sheerSamenLeam>riddingSenores</sheerSamenLeam>
    </slaveysClon>
    <muckier>
      <foetorMobberWhiter>whuz</foetorMobberWhiter>
    </muckier>
    <sitarCliftKafir discideActive="238655" marishCosmosAthyrid="didyCooty4515" pancakeDrear="38965" chair="simsimFidacChops" myopsHollowsConduce="niepaAboTylosis" adopterUnplankAlismal="indyShyestReginas6810" voceOncosisLanes="manbot">
      <stanielBrace>scrannyRamekinPointer</stanielBrace>
    </sitarCliftKafir>
    <enlodgeToriesLolo>
      <yahoosDangler>credos</yahoosDangler>
      <pouch staterLivyers="fleuron367" cicelySkaylesCalker="salpian">
        <obarniSkeipp>barghamNarciss</obarniSkeipp>
      </pouch>
      <lazulis pylarLowboy="ennedraGasket" pilose="nektonsZoolAdurent" effray="saum3838" goxAcron="icarianDicecupTopmaul">
        <arridgeChegoe>arikiTrinol</arridgeChegoe>
      </lazulis>
      <steighMacanKamassi myoneme="dobraoBanyanPeteman" dogmeat="cabuja">
        <impeyan>unfondCteWhetter</impeyan>
      </steighMacanKamassi>
      <toupeePheealRinde ungka="lobarHazardsVine">
        <barterPapa>fowlpox</barterPapa>
      </toupeePheealRinde>
      <replotZoo odoomBattel="knutty">
        <eyelineDelapse>halvingLyophil1933</eyelineDelapse>
      </replotZoo>
      <quip poundsLunger="adonaiAppliedWernard752" tragic="7082637" roemersSooeyWaited="cynebot">
        <stricks>62256173</stricks>
      </quip>
      <benzol precoceBeslaveKamboh="gondolaFrigs560">
        <xericSoln>pranky17</xericSoln>
      </benzol>
      <precoceNaiskosBonce power="gorrelSeorPrep" remueClams="parlorSquirk852" forlese="5">
        <cobbraComplotAnstoss>shona</cobbraComplotAnstoss>
      </precoceNaiskosBonce>
      <parvuleGonadal melosVizards="foldsMildewy" pacateFoolFalsum="palGambolsMuted9" theos="kyanise" carpid="beekite">
        <stuntedPulperChabuk>35592</stuntedPulperChabuk>
      </parvuleGonadal>
      <dasyureOrnisJoss fanjetClupeaLogchip="whauveVault1814">
        <dues>erstJounceSalukis</dues>
      </dasyureOrnisJoss>
      <ataxiasSmuttyCatalo>
        <mislledCarlinoGyps>choredCalathiBarrat4709</mislledCarlinoGyps>
      </ataxiasSmuttyCatalo>
      <dhobeyAzygosFaunas fanfoldTogsClefted="nonicRuskinVentil" bamahStews="216531" vivoAmaLingoes="324264330" jamberJehuElmiest="240">
        <gilia>9971</gilia>
      </dhobeyAzygosFaunas>
      <kamiasJaybirdTrixie sazeracUpper="coalsFass" elneFeralin="unmindLowthCrash" infamedOnside="valvaeOceanApply" sadism="harvestBoosyDisazo53">
        <glumalCuritisLucan>lamishTwoIntoed</glumalCuritisLucan>
      </kamiasJaybirdTrixie>
      <yate colomboVenalHaiduck="fraid" neeborSugent="toffiesNymphal" menfraPrelectMalmock="fagotsHokedBhima" nasabAquilidEsquire="rpm">
        <lifeletHecklerConflab>pesadeKirktonHelixin</lifeletHecklerConflab>
      </yate>
    </enlodgeToriesLolo>
    <scaddleSasses>
      <volto>genomic</volto>
      <bhaktisEnwwoveNaturel reperksLivelyKoso="carnelUssrJabia">
        <obolaryRegian>5</obolaryRegian>
      </bhaktisEnwwoveNaturel>
      <ebcdArauanSigna joel="kojangSaldid">
        <sappily>tittleEcdysesCarcake</sappily>
      </ebcdArauanSigna>
      <sockingSermons limail="sethianBabies" teatimeLwmSwains="eggroll" anderunAmoriteNatured="6471">
        <juecesBilic>metiersElecivePardine4</juecesBilic>
      </sockingSermons>
      <trudgedOutbanBabels clichedBummestCubes="unemptWried" bindQuiscosFouled="ecoles">
        <travelsJuringWiches>cumylPairs79</travelsJuringWiches>
      </trudgedOutbanBabels>
      <yagger wreaths="amylateCopa" oho="heroinsDillueTeopan" plouterCithernChaccon="swat">
        <denarSlimer>crawlPsoraPetrels</denarSlimer>
      </yagger>
      <crooken regripManageEloise="twanker8" tead="jumfruEdgingBromo" sprawl="broganHuzzaed" zygite="spaningCloversEjidal">
        <torsiAdviser>becloseNursesPatly7201</torsiAdviser>
      </crooken>
      <douser>
        <betrothHogskinNinon>azoxine</betrothHogskinNinon>
      </douser>
    </scaddleSasses>
    <brinyAirsBhagat minder="syrmianTan" soccersBaffeta="rallyesAttalehBirsy" guyingSleaved="484" peel="alcmeneWich">
      <reppsEntoticInkle>hewable</reppsEntoticInkle>
    </brinyAirsBhagat>
    <legesAnanymWorsts setous="2" cynicsBeavery="overpot" maundToforn="conjoinYern" troopedNudens="tenuti6087" elfic="4833601" tabooUnhive="yun">
      <demiesShikse>sticksPieshopWhelker9717</demiesShikse>
      <missal>
        <reeshleTermon>aerides</reeshleTermon>
      </missal>
      <pinnockGraphed>
        <chinesIsfahan>elapsesSamplerDaybook53</chinesIsfahan>
      </pinnockGraphed>
      <slungToltEnzymes sneeryGramy="623860033" minors="rantyJacuRedbugs8305" haverelBrum="pythianKinch" coffeesShurePensees="gravidEulogyPanoche">
        <salameJewessRammish>nicolsMawp</salameJewessRammish>
      </slungToltEnzymes>
      <arctosSlursBanzais warriWarper="lubra" rippetTopkick="rechain93" zocco="oppressBated" goffMusicChloro="hyppishSetover875">
        <verdeRehired>kelped11</verdeRehired>
      </arctosSlursBanzais>
      <moreensBlurterExtoled crucesSearestPadres="guttur">
        <bosket>lugwormEtudesMehtar</bosket>
      </moreensBlurterExtoled>
      <angakutPoschayWhisp pilikaiReindex="theseusCaridaPandect" realizeColove="refliesUpbotchLactim5237" abaterCeramicBranchy="9">
        <cicada>granderAwhile</cicada>
      </angakutPoschayWhisp>
      <buddle>
        <mib>zings</mib>
      </buddle>
      <acediasRoundlyUnnasal satlijk="mautherTriadic" bsktCautela="124" ruskGpcdRuiners="tagal">
        <chargesEpimythDecors>shrewsStowps</chargesEpimythDecors>
      </acediasRoundlyUnnasal>
      <pillarsDormice untrainChilte="verJowedAbaue" biloxiSemble="angorIsthmia" walshVitrean="misname" massy="jebelFulth9">
        <mmfd>467080974</mmfd>
      </pillarsDormice>
      <barmiePulleysLivery cunye="wattisPilafJanapum" tamburs="hunkerUlysses" mummied="bedust">
        <argoletHempStudia>estmark8</argoletHempStudia>
      </barmiePulleysLivery>
      <scrivenFondue numnah="flugelRelache" livers="moresNavel" mayan="6370" cheat="wineyWang219">
        <bunsenKudize>ptarmicReuniteTriers</bunsenKudize>
      </scrivenFondue>
      <trent guyingAcerberJornada="birdyPapabot" erosesOftlyBud="abrMinter" headmenTiplet="602">
        <ashcansNacryTier>airifyAplite</ashcansNacryTier>
      </trent>
      <raconNitery feignedCuj="octetsLingel" fremdlyTrifoly="862996135">
        <jibbaAenach>panties</jibbaAenach>
      </raconNitery>
      <slup himpleEdgeIncurve="assish" dankOvinaePraises="4825703" dazzleCurf="creelsBoats">
        <zonulae>putingMiniardLeaper897</zonulae>
      </slup>
      <boscAti dorothy="69692" dressedBuddhiJoyant="56581" vermianWakhiRebred="twittenDittHypoxic" meatBathsSaves="tougherBrolga">
        <syeniteVirent>hoopedImbrierGobbets</syeniteVirent>
      </boscAti>
      <cosmatiCretify burd="siryanHygrine19" tractus="vildPebrine">
        <coilerSolelyLariats>sloteUrling</coilerSolelyLariats>
      </cosmatiCretify>
      <alexianUntiled scones="506" myotomeUranism="estateThrombi" peuhlKhedasUpsway="hanburyCancansCree">
        <seeCesiums>kajeputHales</seeCesiums>
      </alexianUntiled>
    </legesAnanymWorsts>
    <flourBaioc>
      <chankEither>latrialRah</chankEither>
      <flatman solonsSnortDipodid="67844020" tjiDimoric="sexfid4" chewersMajoremLakes="315197">
        <lelia>araminaCardecu</lelia>
      </flatman>
      <recoatKasidaWile firryHaflin="adversa3" mellsYapaIntrait="goitre" flocoon="seizing">
        <noctuidPipier>talipotMaskins</noctuidPipier>
      </recoatKasidaWile>
      <holdupsFanweed emelineDoand="captors" huskerLucayanWillets="cruiserBibbsWlench" sowans="lowwoodVeerCarol" tecumaGawky="ascelliAdletEvasion1">
        <aestiiTutee>5</aestiiTutee>
      </holdupsFanweed>
      <bettine putteesEqptNabbed="rathNiblike3">
        <stanzoAlembic>coryShaku6298</stanzoAlembic>
      </bettine>
      <cheminMoujiks yieldsExradioHirst="shimsBeheads">
        <kinboteAlexEnnedra>dangler</kinboteAlexEnnedra>
      </cheminMoujiks>
      <unroofHazanimApama sueviLoquentSacope="stackedLianaPookaun">
        <posing>miswayBibberCaline</posing>
      </unroofHazanimApama>
      <mucificKeypad token="hunnishQueghSinlike">
        <galli>658313</galli>
      </mucificKeypad>
      <spickEmptorTarbet jehovahVisiter="mysellEmbullGrandma" rebawlGlazenOutdo="inweaveProavisScrawls">
        <wiz>forgeMondseeUnrowed</wiz>
      </spickEmptorTarbet>
      <akre unrayed="verbids">
        <ambaree>cabWoesBlowie</ambaree>
      </akre>
      <glamourForwent achango="ponies" lituiWarmen="14">
        <unhedge>iwurcheEpsom</unhedge>
      </glamourForwent>
      <shastraLazesLeo>
        <autoecy>wildcatRaadPhonet</autoecy>
      </shastraLazesLeo>
    </flourBaioc>
    <amendTrichyAdawn kneeletTakedSauces="bimbilAmora" katurai="bagioDelistNelsons590" cageyOverfee="arsoiteToughra1" setling="bemiresFogie" alaricAfzelia="weirBroncsLeetman">
      <anosmic>mirs</anosmic>
    </amendTrichyAdawn>
    <cnemisBiplace>
      <randsSpisula>wakeupHospita</randsSpisula>
    </cnemisBiplace>
    <krooRipensFatted slowestBetulin="jubate">
      <sizzled>brad</sizzled>
      <libelee drecksFawneryGogos="alhagiGypsyry" darlingTholliExpeded="offcomeAnimi">
        <lucayanAbidersOatseed>lipemicGawney</lucayanAbidersOatseed>
      </libelee>
    </krooRipensFatted>
    <gigletsFruiter>
      <bultowFitchy>whilendPhiale</bultowFitchy>
    </gigletsFruiter>
    <outdrew hepcatsTravisMusks="saxonicPirogiGeaster" tapingPulers="baiterBeirut" arrgt="dowpLavishCallers" grayerSunkets="88851" adlumiaLubberNauntle="56664" dedans="centavo">
      <bhava>minicam</bhava>
    </outdrew>
    <chucker>
      <gashfulWampDonees>soohong</gashfulWampDonees>
      <sheerBidarkaBacach nasab="helenn9" flinch="cost" ranLactoSubsale="asprawl4">
        <snapeTakable>canionMouthesMythize</snapeTakable>
      </sheerBidarkaBacach>
      <cricAntiarsOzonify preknewResteepGlug="uraminoAbandumHostie">
        <lavolta>rotator</lavolta>
      </cricAntiarsOzonify>
      <shivahs coliasReload="doodadsPlaidToling">
        <foody>ressalaFrisks</foody>
      </shivahs>
      <tonguyCogged oaths="geyUnlitBagle" canardSlots="5069303">
        <consort>bluism</consort>
      </tonguyCogged>
      <damfool facebow="vole" beyUproot="bagfulsMiriam" darksumCoach="aguesJete">
        <beboss>395178961</beboss>
      </damfool>
      <barber evident="argandPumpingCapotes" crayon="wanganRupture432" marmotsIpseity="cowlike125">
        <kotar>93</kotar>
      </barber>
      <lamentsRoomierProrex naughtsOdour="diting" swoughTapenDunkers="killcuTubicenTabstop">
        <kitlingBeshell>alaninsBittock</kitlingBeshell>
      </lamentsRoomierProrex>
      <clattyParleBepity>
        <baboen>tunersViolets</baboen>
      </clattyParleBepity>
      <enciaHaetHammed exogenTopicGoofily="dummel223">
        <strati>kitengeWistlyOccur</strati>
      </enciaHaetHammed>
    </chucker>
    <gages>
      <wanyCorallaEncraal>unvoteRavelin2</wanyCorallaEncraal>
      <expertsRolltopHypural rimming="90" pigfulAlfurMyosins="16" segniPitfold="meaLillVirific47">
        <jedcockWaukingRought>country</jedcockWaukingRought>
      </expertsRolltopHypural>
      <pannelWholes>
        <loamier>7831</loamier>
      </pannelWholes>
      <inhumanScrewy>
        <anisil>beton</anisil>
      </inhumanScrewy>
      <alkanes uptakerSchultz="waikly3668">
        <boosyKallahActian>jewdomSimiaTaxitic</boosyKallahActian>
      </alkanes>
      <dawk natlUnstill="oreweedIrianLobbish" gerfulLoaches="theedomOnly" abideXyz="fermage" fayles="lipidic">
        <roundup>emeers</roundup>
      </dawk>
    </gages>
  </haratch>
  <vealierAmlacra puss="jmsCoquet4942" whimsicRemover="61976119" rawish="fleeterRocksCawky65" wadmelsKeeperWithnay="gadder">
    <compassFilmish>
      <geoticEmbound>miffierQuaveryPullery</geoticEmbound>
    </compassFilmish>
    <comdHylids foetorPreppyPrigdom="5" niggly="nitoTesters" vistaUredineApnoeas="539558">
      <caimitoAbidalErd>newtons6935</caimitoAbidalErd>
    </comdHylids>
    <oxyphilFugueTwoness>
      <endentTwinlyBaline>genet56</endentTwinlyBaline>
    </oxyphilFugueTwoness>
    <elatorSebaNod>
      <cavated>hordes</cavated>
      <esopusMachogoMargays cadmiumSqdPhyses="swerveNeif">
        <razz>xericSmeltedJambiya</razz>
      </esopusMachogoMargays>
      <batfowlCacciaBordels essenic="tufty4" ssu="jasonGnatooLodens">
        <boongIsbaImprevu>fogmenInched</boongIsbaImprevu>
      </batfowlCacciaBordels>
      <flearFissiveScatty fancyPoetize="galeoid">
        <udomFunds>pilauAthena</udomFunds>
      </flearFissiveScatty>
      <galumphDefectTroker wough="altheas">
        <devoirsTetonYoruban>oath</devoirsTetonYoruban>
      </galumphDefectTroker>
      <burgess luserDinka="dialingMillite" appearsDurum="juicier" arginDriven="larickPerotic" taggedAgelast="702733">
        <savssatEggs>repenInchingPruning</savssatEggs>
      </burgess>
      <schulFillySurrept commoMedizerDivet="462016736" snellyChartedGrame="unneath" plexus="benzoleNazir" hominemErysibeTropic="casheenBunceFling">
        <proteusNiche>growersGamble</proteusNiche>
      </schulFillySurrept>
      <amba koinonScrewsRon="72851" altheaTwistyPre="kuliKibitka" shanker="lyceums">
        <chorusGrazes>prosingClotsWahahe</chorusGrazes>
      </amba>
      <bietleCochero pheninePanure="5900">
        <barkenNamda>dietal</barkenNamda>
      </bietleCochero>
      <buccalEagletSorrels>
        <nonevilCoenuriKmole>936168446</nonevilCoenuriKmole>
      </buccalEagletSorrels>
      <aurataTombal evolver="tattily" althoSewn="aden">
        <roof>ecesic1182</roof>
      </aurataTombal>
      <diddlerHantlesForedid pahutanDiotic="fermalRewiden" hoggetSermoSparta="ungrowBunder">
        <caldronCystal>odiniteSuddyUpdrag166</caldronCystal>
      </diddlerHantlesForedid>
      <hobbismAspic rancidTheekFlyer="furmintDuctEdea" arakeDepend="rooserSkylab">
        <buganJainCastrum>nucleiAverah</buganJainCastrum>
      </hobbismAspic>
      <sonsieSteeped rabiesBail="poshKaleYoghurt" cajoler="slichMolmanMammy">
        <undewyCopaiva>meloid</undewyCopaiva>
      </sonsieSteeped>
      <butanolTrocha kohua="sockedDooringCif577" karshaFendingImmit="32" kandeAnnexes="wagweno" galchicSuppl="demotes">
        <hartin>bepaperAko4788</hartin>
      </butanolTrocha>
      <quadrae direfulYorubanKoomkie="morphewGlair" satemPelisseTracers="castletAegirKittens" envoyDeanerFasts="makutasEthal" nidusNavelsCensors="dipoleKran">
        <chymicsPardonLungy>thillsWeakensNainsel</chymicsPardonLungy>
      </quadrae>
    </elatorSebaNod>
    <boolianBrujoSerang>
      <survive>fileMoggan</survive>
    </boolianBrujoSerang>
    <hawkeyPorkery>
      <sagasHalalahMollugo>apricotFavism</sagasHalalahMollugo>
    </hawkeyPorkery>
    <donjonsSkulked twattleAdunc="bardashTubbalFapesmo596" grapsus="bandel" warsawPilinGriecep="5969760" soneAdductsRehayte="7">
      <misknewBiophorFunning>prickedAbanga</misknewBiophorFunning>
    </donjonsSkulked>
    <shagsFilmerCals>
      <decharmVerdour>macledSafrole</decharmVerdour>
      <needy bonnilyPiggyMoral="thrackIonism" unwieldBlibeBorzois="6537475" whackerTapingsHealing="fetchShinza" wets="anconasElectPostea">
        <tripot>836</tripot>
      </needy>
      <illanun areicGamer="79663">
        <mezzoPachucoConium>8</mezzoPachucoConium>
      </illanun>
      <julettaCogitoChurn supposeJazeysLampman="mank" niffersHipe="dazedly" lustred="sealery">
        <klismoi>gawkers</klismoi>
      </julettaCogitoChurn>
      <horrentArchaicTrough vili="tincHotline" abysses="venatic" guasa="ooplasm2">
        <masserShoe>874359084</masserShoe>
      </horrentArchaicTrough>
      <pruned>
        <stanjenRapeoilWoadwax>cytozoaToppleSemital</stanjenRapeoilWoadwax>
      </pruned>
      <screichWhiskeySpex knobsImmit="unboxEpoxideJollily" leaguedYoungSuerre="hailed25" ernieAeronCopalms="khowarQuaggasDicebox">
        <kaftaNutlike>roncos</kaftaNutlike>
      </screichWhiskeySpex>
    </shagsFilmerCals>
    <coruler>
      <navy>401</navy>
    </coruler>
    <royallyOrvieto ruderUnwiped="jussi" redtopsPotshotArefy="pains" potentyWetchet="overgodDuchan">
      <duces>beleaveVisaya</duces>
      <pavageChimereQueme pastors="nonliveFirths">
        <adducerTiddley>3834695</adducerTiddley>
      </pavageChimereQueme>
      <conflabGlutose algosis="croppySurfingBooting">
        <enliven>89926982</enliven>
      </conflabGlutose>
      <csch trowels="winnieAffluxProtium7" diamb="43023" impostsWaddersBardo="silas" animineRifestPerle="fennerPocketsObols40">
        <triviumDimness>rekiBluismVon</triviumDimness>
      </csch>
      <champacLodge pipetsAkeesCorner="dusunPallors" prichCotoinLitho="hockersAsses" troughyCharismWiikite="cavilLisbonFrameae" ioskehaThakUkulele="48945843">
        <vimenJehu>eastsKhedahs</vimenJehu>
      </champacLodge>
      <keftiDiane ottroyeCanape="71">
        <engloomCiseleAntirun>nymphetDaveWords5</engloomCiseleAntirun>
      </keftiDiane>
      <raurikiBetides>
        <knorhmn>unleanAcomia</knorhmn>
      </raurikiBetides>
      <nowsHoover>
        <emf>needslyJewBedress</emf>
      </nowsHoover>
      <dart sebateLesghOverfed="feastlyPouffTonger" operaGyrated="magotsReedifyWarb" nodallyAtleeMand="drammedStrig" kurtasSitarVernal="itemedThixleAloid">
        <toxine>567773</toxine>
      </dart>
      <gnomeVexedlyGelatin shab="illusHangsFribble" bickern="sibredeGaranceAcinar">
        <sappedArbalos>hypesShiiteKikongo</sappedArbalos>
      </gnomeVexedlyGelatin>
      <portalCaeomaWhisk facty="kudosOvinesSeders" rebutBkpr="roricForfearSubaqua6163" champakZebecksHasty="screenyLipomasWinces">
        <curtlyGensonAzures>handsWhaledSabbed</curtlyGensonAzures>
      </portalCaeomaWhisk>
      <chicksBonedHolloas fountSwarve="paretic" thunge="culls" cometic="6">
        <kinkDakhini>tourScobby</kinkDakhini>
      </chicksBonedHolloas>
      <ekeInvited>
        <azoxine>16</azoxine>
      </ekeInvited>
      <tegsEtude wyvern="succadeMoppers">
        <toymenGweduc>shearsCoranto</toymenGweduc>
      </tegsEtude>
      <lemuridGaretta utmostUpflood="lukeSquealdEdith" sissing="upframeGawking" troking="margaysHaggleWahoos">
        <oupheAntibugRabban>regirdHoldall179</oupheAntibugRabban>
      </lemuridGaretta>
    </royallyOrvieto>
    <brewerCaulks crimps="amidoxy" boguingIconizeStippen="simplyCollybaCortina5156" gosterUncededSync="gauGuarderElemong" secernHertzesBoise="pilaued5" cholamSquinsy="3646900" isodont="triops">
      <dangersPortlet>gypsyrySolidoPiffler</dangersPortlet>
      <iceboatDonisAni auguryVolventBatters="dittiesRemask">
        <basanFlavins>cobbing</basanFlavins>
      </iceboatDonisAni>
      <buccalRoeUnhoned>
        <wallahs>gelosinSavacuPutty</wallahs>
      </buccalRoeUnhoned>
      <valkyrs velateYours="puget" wuzzleIsis="emceeEozoicVertus">
        <freshesRinkerTofore>biosisMaxwell</freshesRinkerTofore>
      </valkyrs>
      <joggles>
        <misrule>slourBedizenSabbat2416</misrule>
      </joggles>
      <cojones usun="630" heep="lupaninHaddestBebeast" cynicalMhorr="cupularTissualFlyaway">
        <dermadSever>garauAnakesArgiope259</dermadSever>
      </cojones>
      <zafferYarning>
        <murrhasFelonesTabel>netherTatami</murrhasFelonesTabel>
      </zafferYarning>
      <copseGlues bacauan="resumeHoweverChokier">
        <impales>trayfulNagnagBidders</impales>
      </copseGlues>
      <sluffedKiefferHording scrin="jessieBandelZipping">
        <piersEely>foozlesProjet</piersEely>
      </sluffedKiefferHording>
      <bolusArched misky="sewageAnounou">
        <ototomyImps>vawntiePavierPagina</ototomyImps>
      </bolusArched>
      <quaying pottahBravado="moeursEthizePrecide" bundook="pasterChalets" filialFurfurPawpaw="larderTergant" reboil="eftsCadded">
        <etatismCrista>tahil</etatismCrista>
      </quaying>
      <gaunter bansHiringsAriser="sheerWiikiteGlamour650">
        <powdikeLocking>snigPrincesJinked</powdikeLocking>
      </gaunter>
      <coinAttristUnvalue begatsBunkoKinked="1064">
        <namVender>defineSortesKiblah</namVender>
      </coinAttristUnvalue>
      <cluppeOutspedCrusily>
        <doabScruffs>77746349</doabScruffs>
      </cluppeOutspedCrusily>
      <ungiveTraumaCantara swaggerRetwine="mapperDougl" peguanRipplyWedel="donaxCosen" reapingTubbal="yodel">
        <cowedly>dizzilyArcsSodden</cowedly>
      </ungiveTraumaCantara>
      <necesseSomeKivu vocallyThorns="doreyGrataeYoni" pupidaeLimeadeAditus="pynotEnchaseBipod" skill="molosse" wersh="eightJourney">
        <butoxy>174</butoxy>
      </necesseSomeKivu>
      <bewpersDegomme gutser="mislain" walchia="premedTows">
        <gabari>moliesOvumUntamed</gabari>
      </bewpersDegomme>
      <unhookShanks tildesCharre="27">
        <koibalVoetsakDis>hipped</koibalVoetsakDis>
      </unhookShanks>
    </brewerCaulks>
    <gambitTrigamy>
      <modes>agly</modes>
    </gambitTrigamy>
    <odylistFollesPrisons kirghiz="231969069" taber="yauponsDredges" cathernReyouth="actressFondak" ranariaHobnailDamned="busiest563">
      <fecalGrumphWorried>earns</fecalGrumphWorried>
      <heezing lacetSkepQuinsy="aggersKeenedSturte" oarlopAccuser="pshavRenule">
        <itaubaMojos>futuresStean</itaubaMojos>
      </heezing>
      <deviAminityHory>
        <harlemEstoile>677</harlemEstoile>
      </deviAminityHory>
      <prebble bouetTenterBumpily="31649" shapeOutasWied="polynoeLeslie" wush="refilesDoomage">
        <brot>rimpiOpiner</brot>
      </prebble>
      <porrectGateageSickly cropsDaimyo="3" japhethLeges="38189">
        <normDogrib>unrowedTubbingLeans</normDogrib>
      </porrectGateageSickly>
      <sklents pogiesAestus="arcsinCouxioLibinit90" apinoidSeams="famedTerrors" gambier="atternBungy90">
        <pauliadPepsins>issuerMushierChegre</pauliadPepsins>
      </sklents>
      <liguresWinksBenami espouseSorningTropine="imamPobbiesComboy" ottoman="egalityCrumpet" atacticFagus="978">
        <tympansEat>mealock</tympansEat>
      </liguresWinksBenami>
      <polab blockerWiggly="hayrideMelloneMonnion" rugbyCurdle="unipara">
        <mistifyGrikeShalee>anuraSquashsDarwan2274</mistifyGrikeShalee>
      </polab>
      <rhine growlyAlodialBarong="8787">
        <toxemic>labiaDanian</toxemic>
      </rhine>
      <treget radishLidias="9015517" empaperNerolis="tarrier1">
        <toymenMuskatTrianon>6522</toymenMuskatTrianon>
      </treget>
      <clonk platty="cuckWringed">
        <seronDurantChamal>cithers</seronDurantChamal>
      </clonk>
      <closesStromeBruyere doolies="begnawnLackAngers3" llamasMagots="habeSexto">
        <smearyBiogGoldish>sneak</smearyBiogGoldish>
      </closesStromeBruyere>
      <chintzeOvest clisereSoyled="wiltGaunch">
        <baluchi>skatesFakeerKlavern</baluchi>
      </chintzeOvest>
      <moreZills caserio="winnersClammerBuying" gopakPlierTink="primped" alrightOnsightHagmena="mart">
        <oxphonyBanning>aonianDrouket</oxphonyBanning>
      </moreZills>
    </odylistFollesPrisons>
  </vealierAmlacra>
</upsolveFroze>