<?xml version="1.0"?>
<bawdiesArgine>
  <foreranCopperyCarafes celebePieZieger="vagueWhory60">
    <undoingBruta>
      <ropesFanniaIced>31</ropesFanniaIced>
    </undoingBruta>
    <razee>
      <scenas>kwaikenPuir</scenas>
      <aleuron subherdPlerome="resendRestful" squirtsMoonsMasonic="avoirInweaveWisht" gaetuliBuffbar="18279">
        <barr>aburaChiefer</barr>
      </aleuron>
      <bomboDuscleCiliate>
        <coprahEnglad>girellaHeralds8</coprahEnglad>
      </bomboDuscleCiliate>
      <brizaCrumena lookoutEnjoinsBoston="jointsMzee" papricaBlushSwardy="revueDismalsWhinier" gymnicsAnnuls="nibbles">
        <dietherBasnetGills>topoGeronto</dietherBasnetGills>
      </brizaCrumena>
      <idigboWeighinGulped basinFlongs="nauticaCalappa">
        <edgrowOto>3509208</edgrowOto>
      </idigboWeighinGulped>
      <reining>
        <benne>5553</benne>
      </reining>
      <oopod zibetChorti="66213">
        <whereup>strook</whereup>
      </oopod>
      <humsTroozSkyless endleafChabPatart="fangySledsEphete" lines="311956490" malarin="talite" bowbentZonda="16324">
        <buttle>prosarHaptens3</buttle>
      </humsTroozSkyless>
      <whata dialyze="janapumHastifCheslep" mussesZamarroSplores="rabbleCapsaBasoche" splayerTunlikeTremens="ostomy" sinic="parchyFaldaVrow">
        <uncialSungarBecking>blunkFictile2439</uncialSungarBecking>
      </whata>
      <angrierChekenPuggi pondConcite="mocoanCrusted61" cuss="ian">
        <trefoilAskingsSarod>rattoonYadeOctave</trefoilAskingsSarod>
      </angrierChekenPuggi>
    </razee>
    <drawlerHaratin divotBorizeLyam="gauntyTrimersKhlysti" perigee="733249401">
      <forwornMorphic>impedit</forwornMorphic>
      <prosodyParol vatesWaxierRetell="909945720" lords="172933951" starven="potSpilomaMaculed" uphroeKabobFluids="14668">
        <teenerEire>etiamTejanoTangram</teenerEire>
      </prosodyParol>
      <inarmsSkeelLoppy uighurCaseumNun="spouterOrkeyBouget" sesmaAle="946852994" grumlyAbduces="2" mahdistFayumic="debenRecook">
        <boccaro>halvaLakshmiCardial</boccaro>
      </inarmsSkeelLoppy>
      <untallHams lintier="557244244" frats="rhizotaFennish" burtonDusackKiddo="genos" ripingUpwaysBehint="perwickUrinalYogism">
        <mazzard>aftosa</mazzard>
      </untallHams>
      <insep goumi="textman6270" hardyWhorageFurzes="47" rabandColmarsDeterge="yadeSludgerAcceder" kacha="nookies">
        <cotlandPinole>appenseOghuz</cotlandPinole>
      </insep>
      <zuisinDunnestLyophil thixle="gript8497" coupedFlaff="procarpSakesVirls" tropinUlua="bejuco7530" diddyGarronWhelked="upstairRecitHebetic">
        <apostil>outedAimak</apostil>
      </zuisinDunnestLyophil>
      <rook geldant="toydomHumboTycoon">
        <teguimaSaltcat>559025</teguimaSaltcat>
      </rook>
      <missisPendingAzrael unseals="rebososLakismWit" oollies="45265" gnatOcher="mussickCrux4">
        <hampersDray>37041220</hampersDray>
      </missisPendingAzrael>
      <cadBluntGalera>
        <paintsAtomity>epeus5</paintsAtomity>
      </cadBluntGalera>
      <gattenUnspot>
        <comtian>balloonMoyenScotia</comtian>
      </gattenUnspot>
      <fautorHagada unhusksLattinDerby="1369">
        <shinyMillie>algeriaVanglo</shinyMillie>
      </fautorHagada>
      <uniaxal giftie="sounderTattiedTapling" bhistieLotic="stookedScuttleMulga" shiaiStonishDeaden="ootid" obsequyMobulaOregoni="jonesesSpaked">
        <veiningAgitate>uranineYogurtLatoun</veiningAgitate>
      </uniaxal>
    </drawlerHaratin>
    <androidAnkoli oboists="folateCurries" nandina="upcanalSilting" award="dureFidleysFermate" imbuedWinders="lahuliFanyHarpoon" wayment="1" ephorusTictacsScarabs="buhls">
      <phylaRamadanJelling>deflorePromit</phylaRamadanJelling>
    </androidAnkoli>
    <oxheal begorraBarres="vagrantRokerUpmount">
      <aerugoAlack>trouts</aerugoAlack>
      <rafterWeirdieHobbled stopgapRacloirDuckers="escortZilch" miasmas="6572528">
        <chindiCaufle>bonjour</chindiCaufle>
      </rafterWeirdieHobbled>
      <livresReloans mightsEnvaultPomade="7006971" anolian="gelderFeria" oxfordUnguard="olibanTurnel2" similarSultane="1">
        <miringGeomys>93723913</miringGeomys>
      </livresReloans>
      <pisay lagginWynds="giddied603" writhesOzonedGofers="limpsyVolaryStark4" wacoTalithaPerrier="utchFlabraDixit">
        <ocypeteUncivic>dogbolt</ocypeteUncivic>
      </pisay>
      <cyclersGerbRedux burk="hatrailFlame" eardropWhoopeeBunce="bolly" utricleCfmHyoidal="6239874">
        <mouflonChasm>91764313</mouflonChasm>
      </cyclersGerbRedux>
      <labiose cardialCatnipSobole="coifedAtternHotch" hametzLemogra="333194">
        <aerariaSkenesSlotted>aphaciaWarch</aerariaSkenesSlotted>
      </labiose>
      <hispid tercine="reheatsRapportVacona" piolet="895764">
        <branks>camelid</branks>
      </hispid>
      <noxaParrels>
        <wristNyalasBracers>ponceRobotry</wristNyalasBracers>
      </noxaParrels>
      <glosts scrubShindys="96">
        <ceccaFluorsWelly>iconicTorvous</ceccaFluorsWelly>
      </glosts>
      <evitingTripelNullus reevesHallockDupatta="starkerWalkerSlimily">
        <nickersPudgily>4</nickersPudgily>
      </evitingTripelNullus>
      <octaplaKissedThecal loredUsselsCalque="menials" cosmoTotum="phill">
        <morongDealt>baized17</morongDealt>
      </octaplaKissedThecal>
      <wailingJerkierStogie fisetinWongsky="78368234" brickyRebuffs="shoggedWrynessGymel">
        <miszonePerduesJoshing>343</miszonePerduesJoshing>
      </wailingJerkierStogie>
    </oxheal>
    <goffSue covidCistronRelives="yern" hareem="42" mallsDabbles="4" mooletNoireRisque="albertaPrima2229" nossel="strich" wattageMonadal="firetopRostersBeeper">
      <ravineySawlikeLowwood>47678</ravineySawlikeLowwood>
    </goffSue>
    <likensArteriaCassiri skimmer="cypresBudgedCuorin" newtSchuleFth="taurHomburg" sidth="83552075" yanaSousesBinit="aeries" phirozeJulianByeman="leepHankyCrozed" pachymaSkidderFilet="shawny">
      <veepUninertUmber>foxishAssaisBuckeye542</veepUninertUmber>
    </likensArteriaCassiri>
    <hellbox khanum="celoms" bidiHyperinMau="malkinsGiggledSpoons85" scalae="adeemsDewierClaus" traiky="baalistEremitePalki1502" pibgornAinoiCacolet="246" centareSuhuaro="popweedRedarn183" revileVaguerSleyer="92806045">
      <proventKiltiesNeve>amuzzleBoracesBygane2476</proventKiltiesNeve>
      <cistern acquireSoaring="whilkPrawnsLoll" zonitidPyosis="19831005" lupis="3">
        <taccaFawners>axoniaOctyl</taccaFawners>
      </cistern>
      <lathie>
        <theos>xyletic7330</theos>
      </lathie>
      <tungateSneakedSillago palasAmtmen="deink" pulexComtian="sowfootVessets">
        <azoxyNonzero>8</azoxyNonzero>
      </tungateSneakedSillago>
      <orleansWigglerDang>
        <ballotaBistate>samshuSferics</ballotaBistate>
      </orleansWigglerDang>
      <ochKellies>
        <acuchi>coingSheerer41</acuchi>
      </ochKellies>
      <batonneToroid lordanGudes="20684">
        <blench>boyausRhetorsFrijol</blench>
      </batonneToroid>
      <aggersBetutorPease penrackForebar="spearerCiwies" pteroidTamalesMononym="bani">
        <bondsPlanned>94747733</bondsPlanned>
      </aggersBetutorPease>
      <morphon noritesBoddle="993" tinty="45389997" logriaInturns="5676677" yuruna="epicalUnspunSlaggy">
        <fluther>6</fluther>
      </morphon>
      <cazibi lowland="afresca9" reyokeOutmost="maser">
        <wrochtMould>boserEjusdLwop1125</wrochtMould>
      </cazibi>
      <wenchow quitsTigeLargely="upcoastSputumSeral60" keylock="39123283" arabs="bowelsTeddedThurt" zoftig="abdestPrecipeAfret">
        <winoPinjraBests>purpose</winoPinjraBests>
      </wenchow>
      <praesesNarisCokeman>
        <dottardVadose>scarlet</dottardVadose>
      </praesesNarisCokeman>
      <jigabooStaresBalaic linalylUpwells="tankaCalanidOrd">
        <decoyedDracoDestry>trowels9</decoyedDracoDestry>
      </jigabooStaresBalaic>
      <cullenHugeliaGriped yarthenTapererGestate="esthEnde" belongYawl="micellUnamplyGeta" caraAlmnersStamnos="803970885">
        <measlyRedowasDemele>soccage</measlyRedowasDemele>
      </cullenHugeliaGriped>
    </hellbox>
    <aptote detar="cosinClip" bainieNacres="misbearBaldribBesa" pitchyOsmesisSkeered="cooriesCacara" tapnetOutpostImbower="housageUndeaf" idiomsNuances="imposts" rancheDebye="hypedMattaMamluks">
      <wakemanMutably>benches</wakemanMutably>
      <bottomPonders twiselWhence="begorra" solutioSunlessKipage="undelve" alhena="bisagre">
        <sphere>cimbalUntasteAsprout</sphere>
      </bottomPonders>
      <paradesGultMuslim gelder="shapierTergal" sciapod="scalled" baizingMorrisJosip="augured" defleas="2699848">
        <wallShirker>rufferTulchan</wallShirker>
      </paradesGultMuslim>
      <bulldogYaqona>
        <kernerHammada>983645656</kernerHammada>
      </bulldogYaqona>
      <cowrieKoali hanaper="dryestUptrunk" bobcoat="padouks7118">
        <balloneExhumedArrival>anewPhonos60</balloneExhumedArrival>
      </cowrieKoali>
      <lemming bracaCetane="caveatTungaNuggar7564">
        <midiTaratah>204392</midiTaratah>
      </lemming>
      <lieverDelator carloAlaskaKnosped="hypho" tubeletDauncy="senhoraCompertPigs" infaust="townish4817" atmasKapoteTpm="dekkoBuffet">
        <knorhmn>midgutsDawkPhasers88</knorhmn>
      </lieverDelator>
      <raquet boric="8" calcate="overcry">
        <bedoltMolds>plumps</bedoltMolds>
      </raquet>
      <dialistAcerbas tournay="phasemyMaxisHeezing">
        <realgarPinetumAlbums>66</realgarPinetumAlbums>
      </dialistAcerbas>
    </aptote>
    <brachFortify>
      <trumpet>leerierJuniataCairns</trumpet>
      <funfest deadishMuckerEls="suicide">
        <finksLuchuan>champerPrimely</finksLuchuan>
      </funfest>
      <sluitNahani gilsGibbar="knoll" charkas="juncatReauditSarge" sofar="dartoicLare" omaoGallic="woldTewel">
        <stelled>purdaGusher</stelled>
      </sluitNahani>
      <myrrhsFlosses surahiJazzman="kampongRecropSoldi" coenjoy="986">
        <scalageRanineChalons>cinnylForbyeBanus</scalageRanineChalons>
      </myrrhsFlosses>
      <fusure>
        <ernestClips>inurnsEffusesJungle</ernestClips>
      </fusure>
      <ossificBattingFawnier garlicZiggedPrecool="enskied">
        <finesse>yoruban</finesse>
      </ossificBattingFawnier>
      <armineAwapuhi relend="3" jaukingZachBethink="ceromezBasedNewsful" zant="gimmalsChamma3">
        <aphthaErer>imbeWolfersIyar</aphthaErer>
      </armineAwapuhi>
    </brachFortify>
    <leuconGreedyMice>
      <nigelTrader>whooped</nigelTrader>
      <productDuppyGowns affreuxOvicide="argilsIdotea" yellPinners="otogypsGlunch8323">
        <prosVacuoPegasus>rissomBargeesGirder</prosVacuoPegasus>
      </productDuppyGowns>
      <exomion platodeMonas="sawman47">
        <unrebelBurtFinal>poaceae1</unrebelBurtFinal>
      </exomion>
      <uiguric outliveTenuresPyche="tunicle" makesPaquetElbow="empestHavaiki">
        <swooperThae>senusi</swooperThae>
      </uiguric>
      <khokaPurau raiser="9957" widdlesRates="boroughBanchi" marmarPangaOutswim="sitarScrunch" gilverMulloid="impede">
        <coofsWiddies>zoqueanCabreeLateran</coofsWiddies>
      </khokaPurau>
      <woldyGamings ladlerPhebeRogue="banaKnivey" papyrinOvicell="styrene" purpureQuietedHeikum="onsideLepas">
        <zeds>94</zeds>
      </woldyGamings>
    </leuconGreedyMice>
    <nonnatFivesStane rustfulCabiricVisit="runfishTuckner" karaculMinutes="twelvesPortwaySket1973">
      <cloacaMining>458835</cloacaMining>
    </nonnatFivesStane>
    <numbestSandbar>
      <sondeClottyWinster>shivahs</sondeClottyWinster>
      <mullahBerobedTombs ave="pearlySaitic">
        <naitherEgrettaJumfru>sondageGlibMerat4897</naitherEgrettaJumfru>
      </mullahBerobedTombs>
      <foulsTretisJinja>
        <gloatedSaft>meddleDopper</gloatedSaft>
      </foulsTretisJinja>
      <guianaExomion venueCareerSpeck="clinahCaderMoio">
        <mediant>7121</mediant>
      </guianaExomion>
      <sexfoilLies idaho="auk">
        <overall>elegies</overall>
      </sexfoilLies>
      <zigzag cambrelSilken="chyack787" equipAlnitak="erseEfford15">
        <myomere>batisEscarpsQuarto</myomere>
      </zigzag>
      <sickishMeered termite="ogygiaTuningAnaspid" unafire="7912">
        <signedCylices>unsoot</signedCylices>
      </sickishMeered>
      <gps>
        <congouDayroom>octaviaLigasesReaders2382</congouDayroom>
      </gps>
      <atanglePoplars fuglingAllwork="625041" ryepeckTypos="tentersGromiaKarite" jaddingSulcusHawk="focoidsSocket">
        <attriteZulusOozing>defersHouston5995</attriteZulusOozing>
      </atanglePoplars>
      <dozenGrippleJasey tykingUlla="ojibwayHeftsGloboid13" pullYabbyPshawed="manuary625" cogged="wiglet" accordOleins="506">
        <cutsMaunchEphebus>stearicDogfootDiazole4236</cutsMaunchEphebus>
      </dozenGrippleJasey>
      <infixDauIsopyre aaaUnprayGyppers="31056312" hoddensSenhoraRighter="ribonicSpoonFielden">
        <aptateSwarmer>unwedFleckRidleys</aptateSwarmer>
      </infixDauIsopyre>
      <fanjets casina="illuviaDenote2" smackerMissisYomin="nocence" viziersEssiveCastice="zeugite" aulder="halbertGumdropBrutism">
        <blaresTulasiEching>axionFaredDefers</blaresTulasiEching>
      </fanjets>
      <wizenCurupey drassidRolpensTarpot="345582" mirac="rykedPopulus4" actiousApitpat="qrsDhyalPrester" thripsLuteoma="amniaLepage">
        <foetors>dockets70</foetors>
      </wizenCurupey>
      <thetaResizeExerts>
        <warlikePrand>sfm</warlikePrand>
      </thetaResizeExerts>
      <cal kbarDisnest="toiseBowseryGaller" bocciAfield="skeelyGadders">
        <coffee>9719</coffee>
      </cal>
      <sedgeIgadDisown bejant="posherDeserveStevel" thong="tauting">
        <enocyteNaigie>2059</enocyteNaigie>
      </sedgeIgadDisown>
      <deededLuthern bideryPickaxStylion="sandmanBirchen" galen="lifterGoldang" fummle="gabbai" becutStuping="parrall">
        <balatteAgami>22</balatteAgami>
      </deededLuthern>
    </numbestSandbar>
    <bunkedOptant decayer="tryoutAdrenchOns" lector="fucate">
      <habnab>chomps726</habnab>
      <uncreamDories ironing="ylem" mafic="juncEclogic" chummy="288304119">
        <unyokesGuyedNarthex>722</unyokesGuyedNarthex>
      </uncreamDories>
      <nedWharrow hagbornUnshylyGriecep="masaisBlatta" shroudsDoubler="unsaneCleanerBonuses">
        <essie>osirideRumbaed</essie>
      </nedWharrow>
      <unstagy alludedYilt="865744" codlineFunic="tromps">
        <emporiaAlada>zesting</emporiaAlada>
      </unstagy>
      <bilboes skits="23" mitvothPriceAgritos="unspunCappy">
        <tapiroGonial>748556274</tapiroGonial>
      </bilboes>
      <floweryBeecher feroceAshyShirra="isonephZapusSwopped596">
        <anomy>belikedToosh4472</anomy>
      </floweryBeecher>
      <bytalks>
        <besetPackingTrumps>lequearDeaved4776</besetPackingTrumps>
      </bytalks>
      <skeins>
        <zionism>decareFlamingQuotas</zionism>
      </skeins>
      <veg cakebox="bhindiSkerret" thomistDerning="autoputGinzoesConfed" frazingGnus="5572057">
        <famularFerrenMewing>9221</famularFerrenMewing>
      </veg>
      <biglot>
        <giles>blubbedBacaoAget</giles>
      </biglot>
      <knittedPrawner anovaSetoff="hotheadSuetFlorets" kerygmaYomin="hes">
        <aerides>granch</aerides>
      </knittedPrawner>
      <tituli daubesEtwees="polioChromeLobworm" shinesSalliesInfanta="gaoledPukekoOgre" beforePropendTaurid="fliomaNecker" buckleYerava="8">
        <gruffy>mexicalVictual16</gruffy>
      </tituli>
      <wrawlRegorge>
        <miridImmitMfd>shittedUndirk</miridImmitMfd>
      </wrawlRegorge>
    </bunkedOptant>
    <trewageTettery camel="soave3">
      <emmewRandingComox>golachDonnedChewink</emmewRandingComox>
      <uncokedNuchalBurgh>
        <dunked>6713537</dunked>
      </uncokedNuchalBurgh>
      <loisRaya wormierAugusta="umpIndico" sambars="559102573" mycosesIberic="nasionsGenomPistole" liparisPetard="cuvy">
        <grumpy>remendTallowyPerjink</grumpy>
      </loisRaya>
      <slippy>
        <cossieThack>gamiestLuggerSquegs6494</cossieThack>
      </slippy>
      <echoizeSocks tagwerkToilsTandem="emeriedCartoonMusie" alatedShakta="74">
        <glebalShinkin>mowtRuborHele</glebalShinkin>
      </echoizeSocks>
      <wynnsTorsion rebagEgoizeCuriums="83771557" snowlBegumOdum="timauaTauriniSput6890" araireUpgazedSpaedom="17">
        <lactucaChapes>trendParch</lactucaChapes>
      </wynnsTorsion>
      <avitalSexlyWaybung lampernHanchLawgive="meedfulFixings">
        <arillus>sadist</arillus>
      </avitalSexlyWaybung>
      <sprayedLeakyScrum>
        <earnfulAnimoManny>alkylolWoosSigmate</earnfulAnimoManny>
      </sprayedLeakyScrum>
      <drooly voideeHasard="ceder" santourPhoningYakonan="186959" samsamPeloria="raraAtmanSongman" pitiful="musicsImmixtTorulas">
        <barwareClipseSaloop>acetiam</barwareClipseSaloop>
      </drooly>
      <yachty ead="pampaKraken" monuronPopishBugbite="tethery" brocheMazardSiclike="752" dead="2">
        <hon>520495</hon>
      </yachty>
      <warlikeRadome unwitAnxiousTendant="sylingBadmanGrote" fealAnansiDarnel="uncini" craved="ooblast">
        <hausse>cower</hausse>
      </warlikeRadome>
    </trewageTettery>
    <unallowKenches chyloidVacuums="faufelFarcersWolfs">
      <ulnarGreeve>lootedBlufferRebused</ulnarGreeve>
    </unallowKenches>
    <poliesGinnery>
      <ickier>misfits</ickier>
      <zymase volvuli="598402985" sectileManned="65617" fierilyButting="16584" lamiumTrottedGondang="53052353">
        <loueyMappist>terras</loueyMappist>
      </zymase>
      <bethumpSouush oboistGiblehErmine="kilMowable" haut="sapwood" pleasedBinomenShogi="quandy">
        <agnomenWroth>dinkly</agnomenWroth>
      </bethumpSouush>
      <kilnsEmeutesReforce sonshipSpasm="gauche" filmdomPappy="heccoAfray" noduliPleroma="petrosaGnomic">
        <campos>dialupRetral</campos>
      </kilnsEmeutesReforce>
      <reptantDesrayBond nitchie="restrapShaivaFeezes">
        <loculesAnobing>raurikiBemouthCippus</loculesAnobing>
      </reptantDesrayBond>
      <unfineOgorChivies outpartMoff="bistro" prosit="3951" sparver="yeom">
        <gobbinCyclus>weekly</gobbinCyclus>
      </unfineOgorChivies>
      <ekphoryHoraeZibeth copprasHominal="47629">
        <retearWaxwork>gorrel</retearWaxwork>
      </ekphoryHoraeZibeth>
      <theirnAmorphy kalema="speckyHoralStrow" foxierWidenedUlvales="quittalSansar">
        <amoret>4553890</amoret>
      </theirnAmorphy>
      <auneAttorn>
        <geleesCompelsTaperly>gan4</geleesCompelsTaperly>
      </auneAttorn>
      <aughWavedMonghol bariBlenderTriples="cowgirlAparejo" karelPipil="offense" pardedDulcUpbrook="alleveRcptCostula" kraaledIbex="sheltaHymnalHeroics">
        <salami>gopak</salami>
      </aughWavedMonghol>
    </poliesGinnery>
  </foreranCopperyCarafes>
  <gos ohoMudiriaShadows="chevvyMos" coningBordrag="laten" ateuchiBravoesVinals="repackLaurentGink519" noutherFrigsNydia="bobcats" />
  <phosphoLinleySunglow />
  <cresolVendeeDrang>
    <abetsPaintyHoofed>
      <roared>tanningPeeps</roared>
      <subrule pretestCharqueColada="obvolveDrummerLintol6615" verbousReeded="406022" quadrinPing="psalmyHairletLopezia" astiteKhisBrewers="guaduaTaxman">
        <shelAryans>textusGaseity</shelAryans>
      </subrule>
      <acle reladleTarrily="dapplesCantdog">
        <pianosaMussukLoller>eyemarkBibliog18</pianosaMussukLoller>
      </acle>
      <balakGruine spinelsAmirJiao="dowlasWithe">
        <maughBrei>7253</maughBrei>
      </balakGruine>
      <unbear masselClang="muskieTwelve64" songleShammesZincked="zaffersPhytoma990" chimpToused="unturf">
        <ampSmoutRelate>gammersYetter</ampSmoutRelate>
      </unbear>
    </abetsPaintyHoofed>
    <trokes>
      <misterySlaysFraught>caseicBuqshasFudder</misterySlaysFraught>
    </trokes>
    <abbesGasman peddle="bunkoed">
      <extenseAbient>troche634</extenseAbient>
      <psaloidNepotalLca margie="ganguePermit" shusher="63611" cherePetateTiptail="iodizerFounceKippen" uncorksCardiodCaws="62">
        <regent>chirrsDevilry</regent>
      </psaloidNepotalLca>
      <fargiteStage wallieLamias="shriNewfishCantala" mantlesUnhendeMouth="sunnilyUnedge9566" stymyAwanPyocyte="tophusKubbaSib" gruelerVivific="3112586">
        <chars>chinnamBeaches</chars>
      </fargiteStage>
      <toccateVisoredHarshen sycosesDecayed="drawnetPriory" veiningTorsten="eldersApexDuali" brimfulTegularPikes="amoveBiabo" biberonRancer="pounderMahatma">
        <armures>190</armures>
      </toccateVisoredHarshen>
      <echitesShowman>
        <hockey>anyways</hockey>
      </echitesShowman>
      <upcraneToadeatOxyopia cornada="cockly" yuruna="limbatNereidsHecco" wottestFeezeCamauro="scout">
        <rationsPolyps>opeletDuddery</rationsPolyps>
      </upcraneToadeatOxyopia>
    </abbesGasman>
    <gagmen>
      <daysideTreppeBityite>4793</daysideTreppeBityite>
      <lis jitneyArbaloOutfall="30913379" tinedKromeMommer="6" optimumShikars="nuque" trojans="457902">
        <siletz>dowedTji</siletz>
      </lis>
      <redearsQuotum plumplySlalom="985330" eraseTrysailExodos="8049" coccyx="vocoderUnlitCarroty" armsizeWhereerLunka="teninoBain">
        <budlikeScaupsVomits>widdieDeynt</budlikeScaupsVomits>
      </redearsQuotum>
      <gaureIsmy phobistPurau="odoomLautu" valorsGuruFinific="267417725" migaleCymtia="morwPhylumBlin" dicersWelchedMazhabi="silvius9476">
        <rype>keeperMoronSmouch</rype>
      </gaureIsmy>
      <texts ragging="biggety" hygrineWestlaw="blowpit" encoopSnakeyBaffeta="127186">
        <tallyHorray>appelBlunges5</tallyHorray>
      </texts>
      <craftlyCitrinsManille thurleBronchiSossle="bileveInsaner" cumquatSemihot="anywhyGellant">
        <inertiaHeddleTibia>gaitt52</inertiaHeddleTibia>
      </craftlyCitrinsManille>
      <laodah>
        <ketimidMaoriRowed>jamboolPrison91</ketimidMaoriRowed>
      </laodah>
      <slowrieIsoloma bealTicket="pavings" pshaBroeboe="quohogsEnactedBagel">
        <defrayAuget>axiferaShiveyDespair</defrayAuget>
      </slowrieIsoloma>
      <archinKonjakBoatmen klaxonsRastledSable="asarotaPileusHaiver" uplickHerodii="garblesChoya" louvers="18364" xeresRaneChip="8">
        <cellingCooker>volumen</cellingCooker>
      </archinKonjakBoatmen>
      <additumEscout diactin="chymistFlamenNutlets488" giponsSudaryPenuche="kiltersWithierUndue" xerosis="urolithTyler" rebootsVaws="clintsHelvesKnubby">
        <chattelSnocherTousche>junkmanTifter</chattelSnocherTousche>
      </additumEscout>
      <nicheZebrule starnyGunlockBreath="parsley">
        <unmeshRudy>nearishBasqued</unmeshRudy>
      </nicheZebrule>
      <clamp torsoesAstre="4">
        <nar>lummy</nar>
      </clamp>
      <seedilyPusgutFragged tweets="denyingBygoneEarly" huloistApidae="nobutEscharDefy89">
        <aribineBedcordShauls>hantedTafiaMazzard</aribineBedcordShauls>
      </seedilyPusgutFragged>
      <cockupsFuffit volvuli="covid">
        <gularMinuses>morphonInamourYamun</gularMinuses>
      </cockupsFuffit>
      <censure laugherFrown="985442400" topplerUbiqueIntower="degerm">
        <barbraApolar>pogiesInanesThrips</barbraApolar>
      </censure>
      <hanifAerials>
        <warheadOutseaFiefdom>stood</warheadOutseaFiefdom>
      </hanifAerials>
      <triorSacradGriotte savinsSmalter="cutleryEngrail" trizoicLodemanCantrip="541855" shakilyRoupetWhitret="tweakTarsiasMuggles">
        <awningsSchwas>syrphusSmileyAbjures</awningsSchwas>
      </triorSacradGriotte>
    </gagmen>
    <resiner>
      <heezing>airmen</heezing>
      <tropoyl>
        <casavasPaperer>toniesMuralsUnmind6</casavasPaperer>
      </tropoyl>
      <pittingPrender>
        <reseau>longpodNotaeal</reseau>
      </pittingPrender>
      <lingaHyahyaSpinae hepcatTerneryFishpot="olacadSpatIxtles">
        <pledgorPokiestEpithi>viss</pledgorPokiestEpithi>
      </lingaHyahyaSpinae>
      <pitawasToutTrend jotter="69044" hexylOffed="sprengBunaUsenet" rigletIndexOxea="willockHacht" etamin="cabocle">
        <hidesWakiup>6872450</hidesWakiup>
      </pitawasToutTrend>
    </resiner>
    <almuce flams="lairedPaxiuba">
      <spued>remede29</spued>
    </almuce>
    <blame>
      <fagotteDubbin>68</fagotteDubbin>
    </blame>
    <asanaCurranMyrtal>
      <dominiSnog>290697</dominiSnog>
      <furryVowson fakedVirosisMeekly="54912059" warbiteWheezle="abatis" pleuraYarrLaunce="shotCupreneIdolish">
        <obconicZolleUnwheel>rarely953</obconicZolleUnwheel>
      </furryVowson>
      <ragging doceticHexamerBasting="1245" bescabMincesChon="surmiseAdduced">
        <peavyThinnedEchar>scaryLinje6</peavyThinnedEchar>
      </ragging>
      <toxiferOzonerQuadric>
        <lizHapaxes>xanthyl</lizHapaxes>
      </toxiferOzonerQuadric>
      <caulds>
        <norwayDampersYlem>friendsStopsChamp</norwayDampersYlem>
      </caulds>
      <fidelia lemeDielike="razzedGarrupaOversot">
        <monozoaSaladsThow>gawkish</monozoaSaladsThow>
      </fidelia>
      <bummer>
        <roggleTangent>moeOrache8</roggleTangent>
      </bummer>
      <unboldDeneJed porina="mimmest" hullerGrisbetRinglet="5731025" gapperRecitesCima="salugi" devalueInstate="tussar">
        <immane>meowingJouals</immane>
      </unboldDeneJed>
      <flackedSteroid ficesApogean="chymicKainyn">
        <ohed>amongstRoublesAfara</ohed>
      </flackedSteroid>
      <apodiaCuvy bedemanRaptorRelied="gnatter4317">
        <meowingNigoriUnhoary>paregal</meowingNigoriUnhoary>
      </apodiaCuvy>
      <maybushTikkunCun augites="pikingMannoseVannic" bilobedLucrine="ojibwayKullani" sinew="umbleTabber">
        <cambers>arratelBostonDoc</cambers>
      </maybushTikkunCun>
      <asterinMenschSubdate tuna="ardish42" gargles="dextradMitanni" treadGrouze="745789">
        <ginglesWienie>dadosFiqh</ginglesWienie>
      </asterinMenschSubdate>
    </asanaCurranMyrtal>
    <arckingSeancesPonga>
      <juncos>namedGanserBurmese</juncos>
      <fencedPetrols vinasse="ekka" johannUnamend="waitPikyAnanism">
        <knivedBlethe>177864</knivedBlethe>
      </fencedPetrols>
      <lof yawping="burkerGuanyl">
        <redwud>sieved167</redwud>
      </lof>
      <rankleChonUnmount>
        <dalemanBicched>gyralMadding9339</dalemanBicched>
      </rankleChonUnmount>
      <twinge defacedCachexy="rivieraMonasSpinets" treateeShifted="oikWagged">
        <thurlColleryNay>flexoVoiderContort8222</thurlColleryNay>
      </twinge>
      <regaleBunyas tuckner="tsambaScrams" mattyTungos="84249801" upariseDieting="koelliaCymae">
        <hinsForweepChanduy>85460</hinsForweepChanduy>
      </regaleBunyas>
    </arckingSeancesPonga>
    <socker englobeColures="affableMilieux" tor="penning1368" aliptaeFurcal="caffledBetises" inoglia="siganus" cooreeOket="ethicEntheanLycid" poodler="inbuiltHemoidDopant" yous="8944">
      <lorica>drang</lorica>
      <urundayIbicesDitches deepenUsu="172206350" filletsCurbedBogomil="immy" arietidTerzioForcite="989" pesters="constatDakhma6391">
        <lloydExonymSludge>cheungTheme9</lloydExonymSludge>
      </urundayIbicesDitches>
      <peulvanAgen laborerAluminTinter="abatorsMoth7" inherleHams="altsDeodarsNignay" berleyKnitsOoid="997499565">
        <hoaxers>pedetic</hoaxers>
      </peulvanAgen>
      <solonFdubs narcoCappier="gedunk" encrispSowder="tussledHova">
        <ructionSmolts>40782918</ructionSmolts>
      </solonFdubs>
      <abrotin sicksAwnsExact="235">
        <reverieAddlins>impairPilaffTrioses3872</reverieAddlins>
      </abrotin>
      <hamalIxodid bhowaniUnpawed="winkedLawbookBepill765" mahoundPhrFootie="6" sole="kaskaAarrgh" louseYao="342893859">
        <outwing>75785</outwing>
      </hamalIxodid>
      <urman ponchosBaroi="riantOverdidRetaker" sairyDevest="unwarp" baltYangCusp="enbraveScarfHeliaea">
        <inkings>grappleGlikeGunong</inkings>
      </urman>
      <nazardShoddenAwalt guidonSortitaSartish="allurerFatsosPerkin">
        <ladanumCerates>anicutBlurtedUncurse327</ladanumCerates>
      </nazardShoddenAwalt>
      <lucanusVss>
        <mantes>456379731</mantes>
      </lucanusVss>
      <scampiEpithetLaglast realign="goryErinnic" jasminCohibitCumol="syzygalScaldra" onymAjimez="stied" racistChunamFumerel="hadal">
        <pindariTrotsCimbia>swyCarlie</pindariTrotsCimbia>
      </scampiEpithetLaglast>
      <spinorsNarenWebber catererLathenChoreus="346" uncakedGorgers="accend87" awaysFalser="lycodesUfs" carisa="lotusesTapism">
        <roupieTostadaSeneca>sspAcephalStagey</roupieTostadaSeneca>
      </spinorsNarenWebber>
      <elaborSonsy regletsVeilerChirred="6972">
        <helplyFiador>imbosomMonoski</helplyFiador>
      </elaborSonsy>
      <peisingBaieraCulpon auricClashedNoted="paletLeonidHenge">
        <dirledPatientHared>familic</dirledPatientHared>
      </peisingBaieraCulpon>
      <refight>
        <machete>14</machete>
      </refight>
      <yippieRevisee thuyasWey="prussinLambkinLaves" aclinalSleck="teucriLitany46">
        <morwObdure>662998</morwObdure>
      </yippieRevisee>
      <exertedRoosty centasVianden="celsiusBlasia" stickupStepson="frushAffinalMacague" carer="butlerHeliac8">
        <jougsDisamisBiller>89</jougsDisamisBiller>
      </exertedRoosty>
      <cetusTressesCruel>
        <aphemicSutured>salvors</aphemicSutured>
      </cetusTressesCruel>
    </socker>
    <caromed>
      <gypsous>dabitis</gypsous>
    </caromed>
    <kettlesFilbert dottrelEbauche="636926" triaceLegates="971" burker="despiseTolite" pact="uncostJeeps" reheatsCsw="bulimicParerLumpen" nagsCuboids="mixupsIndoors" plate="droh">
      <barware>prankedCoxaUreases67</barware>
      <testae etenUnnetheRaftage="122134387" bluismRunoff="7" gestenPolyoseWingers="enow">
        <datablyRunerAnger>upburst</datablyRunerAnger>
      </testae>
      <whampTaller germainVencola="butchaAshakeFuelers">
        <hokererSoning>wackily</hokererSoning>
      </whampTaller>
    </kettlesFilbert>
    <clutchyEnveilWadmols>
      <seedpod>ditaKnavery</seedpod>
    </clutchyEnveilWadmols>
    <mergesCowskin taperer="94587" gitternGainsayNoblest="giponTepor" lemansPoldronWipeout="pipier336" craves="noserScrime" moschusHespel="lootenRetints7" moonedAdicityHeckle="typwHelp">
      <douches>plurWolves</douches>
    </mergesCowskin>
    <restiad>
      <kikuelInlook>disburyVetustyWorked</kikuelInlook>
    </restiad>
    <brawlsBotong>
      <turney>fidleySpittle</turney>
    </brawlsBotong>
    <smoochEpeus pusley="newSomeverAuto8" topas="turnip" tupmanCapeletOrdo="pawnees5" gibes="academeIsiacal" tackDrat="skimpsWarrishAscitan9" sennasMenads="drawnet">
      <sootyHotrodJai>behoney5</sootyHotrodJai>
      <twangedMohairDetinet yetlinTurbotsTeacher="moorupXystosUnroof" checkerAmirayAscence="thlaspiDrat" remints="hareldBrutter" temneLouder="usurp">
        <broadenFaipule>syconusJambs</broadenFaipule>
      </twangedMohairDetinet>
      <themerNihilum zati="5765160" krautsPalmyra="vaseful" antaios="orpins">
        <oxidizeGuneboTiepins>gastsWifedomMidyear</oxidizeGuneboTiepins>
      </themerNihilum>
      <plead>
        <recheer>woodinePenrackSandhis</recheer>
      </plead>
      <yacalRebrush geldKainah="stiffer" kas="ignorerAzotine">
        <lindsay>huminIto</lindsay>
      </yacalRebrush>
      <routhsSubdued excern="pinx">
        <streamTownly>romped</streamTownly>
      </routhsSubdued>
      <heavingMambosArnee debileBordels="vivantScandal" abjuredLyric="32296">
        <kannenGeodesyScalx>baze</kannenGeodesyScalx>
      </heavingMambosArnee>
      <farrage bram="aivrTestierCedis">
        <manses>unrope</manses>
      </farrage>
      <bolloxBartonSonchus panzer="quachil" cindie="nettlerEscudoKlipdas" lifted="wondieZaparoNubs">
        <taut>shuntMenowFere10</taut>
      </bolloxBartonSonchus>
      <gibsons beluga="9808" percherBraiesRacked="broeboe">
        <dongolaSeined>disbar9164</dongolaSeined>
      </gibsons>
      <udishCulgeeBesugar obitNecia="beheadsKnaggedBabery" solymaAbjunctTnpk="jigabooLaeticSpuries" fortinBenthicGnatty="pezizaCoonyFalsary" frigidBordelThorps="bubbiesConformChador">
        <tobyman>phraseyNakedlyKinot</tobyman>
      </udishCulgeeBesugar>
      <toshesEliza>
        <misrule>enwoundCaubeenJules902</misrule>
      </toshesEliza>
      <greylyFraid idletyBeverse="yawn" queasom="weeshyDisparGorcock">
        <beheadMethoCoarser>spinelLobiPhano</beheadMethoCoarser>
      </greylyFraid>
      <backupsTotery>
        <crook>baraniSecreto</crook>
      </backupsTotery>
      <soaks spadedPiningsAeneus="fettled">
        <enhuile>52</enhuile>
      </soaks>
      <louvredTruthy>
        <bytalkAgorasTuart>antralStagier</bytalkAgorasTuart>
      </louvredTruthy>
      <clearly gonadVivaceBarbing="clos">
        <adjoustPeri>31717</adjoustPeri>
      </clearly>
    </smoochEpeus>
    <astartVirifyBrasils>
      <vellum>glomeliZipa</vellum>
    </astartVirifyBrasils>
    <genio>
      <daftest>4192</daftest>
    </genio>
  </cresolVendeeDrang>
  <smarterManship weevilsKevalin="beauSilicea" boxcarPanto="1" rancherAssewerPairle="canaledZiramKiladja33" misaimsAizoonOdyls="calamusGoosing895" />
</bawdiesArgine>