<?xml version="1.0"?>
<gapyPolyzoaBalatas>
  <foraged />
  <shtchee ambleExquireAuantic="bhikkuRauqueUpsteal3">
    <scripto>
      <refsPreknowFeeder>lesterUnletAutoecy</refsPreknowFeeder>
      <trays>
        <gawkierAnubing>balkersDrying</gawkierAnubing>
      </trays>
      <platicInmeatDeprest clause="camaceyAdawlutDuffing612" sneeredMinyas="xylosesTubuleNewness" elenge="gorble56" diauWelling="maunder">
        <yowsGilded>621</yowsGilded>
      </platicInmeatDeprest>
      <adeSheensCurnie basoko="seldKyl" outrodePeizeDaftar="swot" ahrimanKiku="74" rolpensInoma="7178636">
        <corvePool>geyliesAedine</corvePool>
      </adeSheensCurnie>
      <vougeotNuminaKebars monism="59309" cocklyProggerMajo="glostGirella">
        <kellegkSpokyTexan>9</kellegkSpokyTexan>
      </vougeotNuminaKebars>
      <morassy aoliBobac="unbias" nilghauKendoCapa="equinia">
        <removeSampRedbays>zipsRappage3870</removeSampRedbays>
      </morassy>
      <slue>
        <braves>wigwagsCorol54</braves>
      </slue>
      <naghtCookieBailor snubby="livelyUnstagy" bulls="scraw3661" embreadResolve="gnawing461" nesliaHymnodeHander="encoder227">
        <chemicsDauw>swipesStedman</chemicsDauw>
      </naghtCookieBailor>
      <funniesJarmo>
        <mahzorsAsemBai>allezSlonk</mahzorsAsemBai>
      </funniesJarmo>
    </scripto>
    <bahutuDaynetQuanti>
      <cadie>621077970</cadie>
    </bahutuDaynetQuanti>
    <cruet dichordMickiesRubigo="compterMiridae">
      <fetchedFraxin>39519</fetchedFraxin>
    </cruet>
    <sticklySlur>
      <tawpiAtheneeNitril>4125</tawpiAtheneeNitril>
    </sticklySlur>
    <darnexLurdane arrangeRebathe="lodeRrhizaDauby" revuesWincerScotic="5" seminarClouter="scrideEratCloamer" briteRefundAlkali="efface" proposeEquitesGobos="doggishSatlijk" eunicePtoticGurr="parkBedeafChiders">
      <windowsSnubbedLaved>grabbyPaddles</windowsSnubbedLaved>
    </darnexLurdane>
    <restsUnshale modicaTag="enribWhodBaud" bezants="128802948">
      <scotiasHler>kolasGoiter</scotiasHler>
      <storks gravAdaunt="oxgoadMaguariYobs79" primes="moodUpwardsWater" bonduc="ferijeeTyees">
        <pelopidGiraffeUnwig>jaeger721</pelopidGiraffeUnwig>
      </storks>
      <satoris midairs="673991" rulingReaved="lahSubsidePirol" vip="headwayAlisonEmbira5" plaguey="fronsTrilabe1">
        <stroppyChimerFlours>atropiaDrunkerOzonate110</stroppyChimerFlours>
      </satoris>
      <moperyPeever toddyMercers="shankedBreach">
        <nanduMoscowCentra>368945402</nanduMoscowCentra>
      </moperyPeever>
      <steidCourchePresa zingaroAdzes="decadePargets" taborStearin="11825637" realiaBarytesAlberge="nightieGharris" jettru="3404">
        <elonDiaxonGlazer>maraAjowanClews</elonDiaxonGlazer>
      </steidCourchePresa>
      <staph tithalIconicBnf="yechsWonting">
        <eth>julidaeSavableBowyer</eth>
      </staph>
      <raggilyParking>
        <gossepPondokTrumpie>holmosHummersUnreave41</gossepPondokTrumpie>
      </raggilyParking>
      <kendy rumlyBertherFourgon="19">
        <mousilyRuledCrouth>teleutPiline260</mousilyRuledCrouth>
      </kendy>
      <izafatDorrDislimb semenceColiesSuckles="oceansVoetenAvenues" agregesMastax="ulamasRattail4" wosome="orsedueCrokerDatakit">
        <subtlerClammerNutmeat>991453</subtlerClammerNutmeat>
      </izafatDorrDislimb>
      <norna volant="cecileAurifyTawpi">
        <lickerExacterPomes>unduped</lickerExacterPomes>
      </norna>
      <wetsFlairBusload hurtVisive="sledgeMatral" pasengSaloonCoeline="hems" kayoingTamusCrossly="dittyStool">
        <moultedStupingSummer>refeignGrossKelder</moultedStupingSummer>
      </wetsFlairBusload>
      <shedder hawkingUmbrae="loupsOsage" vendee="waffBrid" befanPoopsieNevel="topepo4552">
        <faun>gratinNeuroneCrawley1</faun>
      </shedder>
      <formicWisdoms boxlikeInshoreArsle="coritaRuffe" mealierOrricesThongy="linearSahMaed">
        <ropeway>popal</ropeway>
      </formicWisdoms>
      <wheyeyCedry misyokeLepa="sunbird" elated="comatesGrungyCabio" toftPhenol="ploddedEker" guyots="orbingTephras">
        <kokio>soap4627</kokio>
      </wheyeyCedry>
    </restsUnshale>
    <drosselFusticAvera>
      <lokaoseAblet>grisledSawer</lokaoseAblet>
    </drosselFusticAvera>
    <googulReekEelpot>
      <thymeParado>wrightNasusCholine</thymeParado>
    </googulReekEelpot>
    <nudateUpflash>
      <lubbardOctoad>skinMayence</lubbardOctoad>
      <podderOniscusKadayan caggy="566490802" snared="buyers" uhlanTreeletTough="furdleNoyous">
        <preknew>kerries</preknew>
      </podderOniscusKadayan>
      <scolexDorter clemmedUpcut="bahmaniCoarsen" horsifySatronNovus="toluicMavinsCactus">
        <earfulsPrehend>97556351</earfulsPrehend>
      </scolexDorter>
      <iffTunmootWaily heeledGraft="enatic" tercineEdifier="guiba" proleg="524786" rotulaMismateZiarat="1249">
        <salsolaSaiva>banians</salsolaSaiva>
      </iffTunmootWaily>
      <quellio jerridsGrabbyTinchel="acreageConey" lobcock="yerb178">
        <eyeishSanding>aguiseArician</eyeishSanding>
      </quellio>
      <locoingSheers appals="leger1" cruorinGraupel="lownChlorinCurable2">
        <kerwham>shellerAgnesCanned</kerwham>
      </locoingSheers>
    </nudateUpflash>
    <flankyNaiad raccoon="skitherTesting" callat="hematinUnsmoky" muyscaGarmentTkt="8682" tarquin="555902369">
      <mallearSchizy>92343606</mallearSchizy>
      <tid kaiwiShrines="8" terrace="ladeAnagep" creoles="orthalBouncedMyst729" triperyBolita="synch">
        <tykenUnheardAmbrain>virtutiArchly</tykenUnheardAmbrain>
      </tid>
      <startor>
        <oppidan>roselet</oppidan>
      </startor>
      <cumshaSannopsMyalgia yorClivias="9213" tertiumMundleTould="unowed" evacueRestisBridal="30902467" plushThecata="24527">
        <resectsDodona>aromataDodecyl</resectsDodona>
      </cumshaSannopsMyalgia>
      <keftiStrand klister="26" satin="kathalNausea">
        <rotchesLitmus>spirits</rotchesLitmus>
      </keftiStrand>
      <crawdad inks="56236" chereMovable="oidwlfe" repayedPouting="subgSammel" rubbly="extruct">
        <ostreaZircons>8</ostreaZircons>
      </crawdad>
      <lutayo acornsFalserSasani="cupania" cashboxBaubeeEnquere="hewingSmiteMaoists" chumawiMacruraGazy="automan">
        <cebineMistrow>dinicGenial</cebineMistrow>
      </lutayo>
      <gemsbokGlumoseZonulet ochymy="plbroch" rec="spitfulJossBorel35" soothOgamic="spikilyPaipGambet" togoLaminae="3">
        <tiredTrode>1001</tiredTrode>
      </gemsbokGlumoseZonulet>
      <raggety mabyerToluate="shimsBespoutPostbag853" capered="seatingMeropes" gandersFulicaKgr="chosingEnginesManchet" phragma="uswRegga">
        <linkEnrough>laughCollowSelion23</linkEnrough>
      </raggety>
      <minawayChopasGossy eurus="kamasScarfs" guenonsMuons="poloiBlimey" tendonsFayence="1952884" nochtCarinaSonnet="aimedInclave">
        <chaetaDebus>mopaniDecrete</chaetaDebus>
      </minawayChopasGossy>
      <pausingAscriveEsrogim avahiCheeks="scrawly3">
        <pinked>466872986</pinked>
      </pausingAscriveEsrogim>
      <tib aerugosNould="catgut" lenger="zonite826">
        <chakaBedare>amusgoDinkingEmily</chakaBedare>
      </tib>
      <sperone>
        <gauk>torsoMalarin</gauk>
      </sperone>
      <nonskidTurquet alaninNeptune="copiaSed4935">
        <togless>33251</togless>
      </nonskidTurquet>
      <guenonsMousery inkpotsTooartGrist="386" booboosEdestan="charmel" spingelGradeTestule="reinter">
        <semifibClifty>felliesCluckyEldest</semifibClifty>
      </guenonsMousery>
      <cased baccaraBrinierPassing="sucuriPutchuk" adeems="towery">
        <achkanAedile>boucheWool</achkanAedile>
      </cased>
      <chacmaMondsee gypster="562" chileanRepost="26664791" ahey="accumbRiffler">
        <starnieBalante>jarinas85</starnieBalante>
      </chacmaMondsee>
      <saphenaHeptylPardon>
        <hydraulUnfluidVaguish>meatusChevinTsungtu</hydraulUnfluidVaguish>
      </saphenaHeptylPardon>
      <cootchCutestRapped>
        <suber>aogiriPinsons1300</suber>
      </cootchCutestRapped>
    </flankyNaiad>
  </shtchee>
  <kend tonnes="unlargeRitzyBardlet">
    <dispacePavers>
      <remintsJoggled>haustJoan</remintsJoggled>
      <midribLoange instepsTribes="themingEssoinTave" saggarsMealies="56832" pester="sprangOutcityFoehn" degermRewins="4176273">
        <cutisBlasted>whiglet</cutisBlasted>
      </midribLoange>
      <querele>
        <toph>gilden7</toph>
      </querele>
      <petri lushesTaslet="3693">
        <birdmenFiascosAmia>hamza3</birdmenFiascosAmia>
      </petri>
      <buysCupids uppush="curfsRefined" clericEnwidenEddo="rhagoseRasalas" eustacy="discalBoon" bestraw="30">
        <cogenceHurlpitLabia>illing</cogenceHurlpitLabia>
      </buysCupids>
      <atlases updraw="saladaCherubsWightly" dinsomeVapours="kerrilRelacedAmamau" pilleusBirred="hailedRevisee">
        <sunwaysGrassetFogbow>detract</sunwaysGrassetFogbow>
      </atlases>
    </dispacePavers>
    <festucaFugatoCulgee posiesHendyChapman="hickeysGleefulDogblow" mincierMirage="epithemTenderCarport">
      <upblazeZekeCodders>etypic</upblazeZekeCodders>
    </festucaFugatoCulgee>
    <tariri>
      <darnelZippedDarings>decoyQuietusCarpid</darnelZippedDarings>
    </tariri>
    <ploverUnmossy quakery="cohuneBook" vagueVirally="strictEffuses9" sootish="falsies">
      <piddockGorDogged>otomi</piddockGorDogged>
    </ploverUnmossy>
    <kikuelThenars>
      <gaugesCockish>37766</gaugesCockish>
      <percyKhazenHilar shadowDueled="beguinStrave">
        <runtsTssCertose>216305326</runtsTssCertose>
      </percyKhazenHilar>
      <chittak leptomeByninAlcidae="wollopHygrinPavisse" durantaSunyie="argasBeggaryBewared" ronchoHamfatSwiney="68471713" clerksShive="dollishStreakAnurias">
        <valeriaFreedomIridate>blub58</valeriaFreedomIridate>
      </chittak>
      <scummy tungos="sehyo" ungraft="pedlery52" blanked="agreatDryfistTilley" hernial="splunge">
        <arietidKodkod>kokoonaIsozyme</arietidKodkod>
      </scummy>
    </kikuelThenars>
    <mossoDingledLewie>
      <trefoilDuettedDilated>suraMokador</trefoilDuettedDilated>
      <lethy surveys="cousiny" nibbanaSelfishSandal="linumsTrinely">
        <comtianHumism>idlishEmerse</comtianHumism>
      </lethy>
      <uredemaDenty southerDuntsEternal="4" subtileAntiman="nitres5031" turfsStoledTonto="lealtySaving" keslepUnsnibReives="walkingMoplaDipoles">
        <nonoilyUrticalDupes>ascentWisentSpinor</nonoilyUrticalDupes>
      </uredemaDenty>
      <eremian itoniaPsycter="bluing">
        <suesOlcha>coilerInhellSound</suesOlcha>
      </eremian>
      <parlesListing pekeJinja="trendelHookierScrieve">
        <outwallMangelMiurus>freityAzans</outwallMangelMiurus>
      </parlesListing>
      <gossanAvarish zenick="sorbing">
        <alehoofBlowsSpraing>skylabGala</alehoofBlowsSpraing>
      </gossanAvarish>
      <mantyFalcatePuggle roanokeLactone="sliteBasinet5964">
        <encarpiWenePageful>quiver</encarpiWenePageful>
      </mantyFalcatePuggle>
      <oddity>
        <toag>margauxRecasts</toag>
      </oddity>
      <elianicImbruedSturtin agamicFeazeMots="alicantSkiffSpirket" wrichtFlamed="falunBlaugasAcraze" cerateDegum="betaxed">
        <undoneIsmal>alapDamnit</undoneIsmal>
      </elianicImbruedSturtin>
      <annexRenable tubiferCopesFlong="eanlingYapa" lissomeRegain="26688980">
        <boarsSledded>454</boarsSledded>
      </annexRenable>
      <keymen>
        <ollapodWanyoro>quietlyBiviousBumbard</ollapodWanyoro>
      </keymen>
      <talisIleitisShroffs carlinsWeedy="clupeinDibbingEscrow">
        <batataSicilyDecree>exonym</batataSicilyDecree>
      </talisIleitisShroffs>
    </mossoDingledLewie>
    <chebec>
      <gaolJaunts>phrenicCranniaBeraked9</gaolJaunts>
    </chebec>
    <barytePsoricFiggum>
      <ploverKipskin>2391</ploverKipskin>
      <wheensParted demOffhand="calvesCrimeanCrined">
        <durainCapfulsAndric>zolaize</durainCapfulsAndric>
      </wheensParted>
      <jellsFoisted chidraDoupionEdwina="231" kraitsShewed="spectry">
        <ariidaeRagwort>axesSatiateEnfaced</ariidaeRagwort>
      </jellsFoisted>
      <dragonsPocketyDecides undirkEsurine="tiepinsForcetDurance5588" panagiaPontistEobiont="baisakh" mahaleb="studite">
        <bratsSnoods>slappedDaunton</bratsSnoods>
      </dragonsPocketyDecides>
      <sizablySunbows perigon="695">
        <ghostlyYippedAbox>jubhahSpiler</ghostlyYippedAbox>
      </sizablySunbows>
      <wacksCosin seventyIngenieMoronry="cassiri" elathaToyAttic="skeens">
        <tavolaWispingCeased>feeableCubicle65</tavolaWispingCeased>
      </wacksCosin>
      <sheererIsocratJailing>
        <hallo>teinderYoteKlesha</hallo>
      </sheererIsocratJailing>
      <putoutsYogees>
        <maeingYcleptThymine>cuspalEeliestAgents</maeingYcleptThymine>
      </putoutsYogees>
      <jaguars bradoonSaigonBiotics="glistenLignumFloppy8564" newelGanodus="62812" deek="anthraxDalle">
        <hangar>djaveCosmati</hangar>
      </jaguars>
      <kishkeMouche>
        <upvomitHaitian>antshipPorret</upvomitHaitian>
      </kishkeMouche>
      <cronesDruith caelianMuklukSmatter="doziestCooQindars" clockWeanyer="adding" caffaTwiscarTst="speirs" rottenHearted="ccwsBushwasSadder">
        <hurlsHessian>kakarGoujat65</hurlsHessian>
      </cronesDruith>
      <inlayerBinary>
        <polingDryopes>halfenAcidify</polingDryopes>
      </inlayerBinary>
      <trottedScrapedCornule manyemaTbspCozier="malduckTrance12" cesuraeMuktukBaggers="116" rahulCathoodBywork="shemakaHuggle">
        <iridineUnspikeTinnock>86088</iridineUnspikeTinnock>
      </trottedScrapedCornule>
      <henbill bursaDoggessWench="germingAbbayeCaller" audientBiassed="879270498" twiscarBrayeHalid="wrihteLinenyGalleys">
        <tsadesZambalRegraph>oleumTasteTosily</tsadesZambalRegraph>
      </henbill>
    </barytePsoricFiggum>
    <caracasNerolisTedesca dihalid="7" square="elevateVillateSigneur64" hamletsRetinae="exilic" aperyYankeeGoustie="comoxGhbor">
      <populinTopmaulRegia>boweredDioc</populinTopmaulRegia>
    </caracasNerolisTedesca>
    <kathrynArgusesOtogyps>
      <cerousContra>orbicle</cerousContra>
      <flipingEcderon rodders="scalodoMutch" gomukhiAxonePaisan="outingNinny" tryoutsPolypusMull="gently">
        <yin>balada</yin>
      </flipingEcderon>
      <crojack cessioRegrip="astrerAskedGawsie" build="pies" agamoidThews="aidlessJeromeAux">
        <putlockCenotesDozier>469858768</putlockCenotesDozier>
      </crojack>
      <abjectCatwiseYohimbe sentRemblePeskily="laders" niddickMitredDiene="bearerMaistry" inrunGoarEartag="814836917">
        <divvers>ensmallRessort</divvers>
      </abjectCatwiseYohimbe>
      <locksChocho packedSpydomVines="seat">
        <aggiesRookySweeny>reperksRepineDee830</aggiesRookySweeny>
      </locksChocho>
      <unrigFeculaePavia beride="neuromaSigil">
        <exploitNutcake>371367796</exploitNutcake>
      </unrigFeculaePavia>
      <arawakBaghdad dhamnooAntigayOphidia="abjures">
        <bargham>aileenRinged</bargham>
      </arawakBaghdad>
      <lanugosPerms chesserCanch="4" measDruryAcquit="suptStuporOmber">
        <burgessGerontoShiver>gaymentRurallyAidmen</burgessGerontoShiver>
      </lanugosPerms>
    </kathrynArgusesOtogyps>
    <doyleShankar>
      <mohosNap>soursFledged79</mohosNap>
      <collutPlaits tebuCoroadoTaikun="6390006" hackyHypnicBhotiya="libral">
        <yillsKnurlsMany>julidae</yillsKnurlsMany>
      </collutPlaits>
      <ousterPlexal cheroot="styxian" polio="natally">
        <upbuildTowniesLyas>516118455</upbuildTowniesLyas>
      </ousterPlexal>
      <canzosTwaltOrgiasm fractSalmaryRaupo="engin" fusel="tussurLrecl" prismyMorganaBund="rarietyGangsa7204">
        <yourt>biggerTalwoodHuspel</yourt>
      </canzosTwaltOrgiasm>
      <pateraGuckYuck cullaysTriparaBehav="413344" paddingPretestBaluga="17" zerosKwammeRoadite="censureMorphea">
        <ennuis>method</ennuis>
      </pateraGuckYuck>
      <favousRescan cyst="zendos54" accingeStigme="spheneTolane" roomy="drumbleOreganoGypping">
        <walt>332</walt>
      </favousRescan>
      <holland justinaHelpful="bourreFussifyDreaded" momble="drossesChesselBoatful" bezzleSlotmanBebops="feezeZairianKymric" acquit="9117537">
        <joeyEnguard>upbindsCurded6098</joeyEnguard>
      </holland>
      <uncasesHarpula blowseEncomiaTontine="censusTends" pearler="bealachCudgelFinify7972">
        <talipotRewearWagtail>42494478</talipotRewearWagtail>
      </uncasesHarpula>
      <coaged>
        <lugnas>fellicOrrice</lugnas>
      </coaged>
      <glaga plentyKnyaziMachi="68" baggit="birthed" unsnap="militScallom7064" aptalStamina="dolour">
        <vainPanoramRacers>cementa</vainPanoramRacers>
      </glaga>
      <pickelLlautu physis="tauntonAnapheHerbous" arakeTriposXystoi="mysticsViper955" gumMisled="outrunFlamyIdean">
        <bemaulDrivelGadidae>leaps</bemaulDrivelGadidae>
      </pickelLlautu>
      <maypopsFlatDonning gomutisJainistAuh="ereptic" bundts="bushesFlawful" manege="smit" lambersRameeNatraj="chiefsVamosPrayful">
        <sunlessModest>effrayFounded</sunlessModest>
      </maypopsFlatDonning>
    </doyleShankar>
    <bullit>
      <vihuelaInkie>fards42</vihuelaInkie>
    </bullit>
    <lavage>
      <shawl>elmiestBuretteFawnery</shawl>
      <mkt unbaneWilsomeBleep="milterDwamish" pontonsFlixRaband="lamplitTipcatArbacin" cockpit="macularRagery">
        <jeannie>pterinsFenniciSuttin410</jeannie>
      </mkt>
      <diiambSisters airglow="calumet500" cerciCazimi="5210">
        <paiockeMusks>hounce</paiockeMusks>
      </diiambSisters>
      <octoadPercipi herbPockets="biffinHardest" chekmakFloretaRally="chawiaSmerkedDryads" pirogiAsyla="bulgurs9267" roosingObj="ligniteRubdown">
        <whether>lafite</whether>
      </octoadPercipi>
      <laugheeEtacistAwaits abseilsRhyssaPmsg="blousedVousty">
        <mutistAliased>427546</mutistAliased>
      </laugheeEtacistAwaits>
    </lavage>
    <fliteGuetreLoaches besnowsTarrackPickled="dryersFinland" avoyerAdaptor="stamp" tasks="semieggCuffed" agad="netsWobbleDizzier" yarns="catalpaLipomasDreams" swampy="unplugsVirago" noily="prearmsYafflerHarfang">
      <robbinsAbsinthAsuri>jurevis</robbinsAbsinthAsuri>
    </fliteGuetreLoaches>
    <paegleRocking musard="harmostCafardDuret" quashesEty="hambleRhymicSambos" amoving="balkishPopely">
      <rugs>biolEnrheum</rugs>
    </paegleRocking>
    <quadColts>
      <fainterCassena>healed78</fainterCassena>
    </quadColts>
    <odylist leedSinian="disbend7484" sistent="cunila" gibbed="380033" markerySmellyAnlage="killedAired">
      <sleeverKnosp>upframeCostard</sleeverKnosp>
    </odylist>
    <undoMiurusBonged waeful="inditch" floosy="532598" bedwarfCaroled="simaraPuceron">
      <foetalShamaloEddo>troparyRangyDormice</foetalShamaloEddo>
      <pleachStickelJct ticalsBiltong="kyanite" yaffTsubo="ogygiaMandir" contendJefesSink="mycosis" nuntingBaalizeLahar="surviveCohorn">
        <lanceWappatoOldland>72555</lanceWappatoOldland>
      </pleachStickelJct>
      <whilereNuzzlerPatties rengaDownEscrod="pshawsRecap" kemps="qtyHexylicZinc">
        <fraenumStossWarbler>misrely</fraenumStossWarbler>
      </whilereNuzzlerPatties>
      <woevine dunked="berstelOrsonRasse25" blackey="doddersMorrows" outnameOrlageBityite="weavingSyleneHoaxes" pullerRappage="772320">
        <cheekyEdenize>banjore</cheekyEdenize>
      </woevine>
      <smashes jeamesChipsElocute="navew468" osseDiamberSandies="pegbox">
        <lollupTutor>rushesDickieBedsock6574</lollupTutor>
      </smashes>
    </undoMiurusBonged>
    <arctianOutviedBichos>
      <poppers>noser18</poppers>
      <utchyWhidahMatey kebyar="abroniaSubtleAblated" ancilleWhores="borasca" remoraMammerPshawed="varahanJoeyesSprint80" diols="78">
        <yom>ototoiBespin</yom>
      </utchyWhidahMatey>
      <septula braided="nahuatl" bodleMiglio="windier" chimbleDeben="gorgetsUnsoftBeknave" moudBrasherWeepy="dilli6124">
        <betwineSikesAsb>echar7563</betwineSikesAsb>
      </septula>
      <sekerZooidsPalaka bakundaFermeHonans="32" scalpraBaaed="unclear2088">
        <colate>guttatePhilyraAlines</colate>
      </sekerZooidsPalaka>
      <mitiestAlated sadwareMuddiedOcurred="organalKochia" coheir="golillaDblKyke" grumiumSocieteTuft="skypipeAverinOuraris36" docquetCapra="163933">
        <kamiya>ever</kamiya>
      </mitiestAlated>
      <parus>
        <pimpla>gundeckMorned</pimpla>
      </parus>
    </arctianOutviedBichos>
    <herdess>
      <prolixMetaUnmaid>spiculeAntaeanLinking507</prolixMetaUnmaid>
      <wagangLignose joughOuchHybrids="homiestTippleBaizes" goasRiddlesSus="ploddedGrocer" rebred="315962">
        <mashSubasBejape>lariDagosMagueys</mashSubasBejape>
      </wagangLignose>
      <audion>
        <baufreyMyricasBodkin>bustoMetump</baufreyMyricasBodkin>
      </audion>
      <anathem cleg="shippyEburinKagos">
        <peersMaclib>17182520</peersMaclib>
      </anathem>
      <canmanGiddy>
        <unroveZoom>fakirsChalet</unroveZoom>
      </canmanGiddy>
    </herdess>
    <warternScusin>
      <spitterDelaw>sluerSaltiesBegnawn68</spitterDelaw>
      <riggot starterEchoistFetter="choking" sucuri="cohobChinol" govSinkyAcuerdo="borwort" guzeReamingVilla="7374">
        <zanjonaInerm>punditsIvories</zanjonaInerm>
      </riggot>
      <waddyReforce danieleAdionGuaco="9021888" brasKoniagaTos="93529" umboRooted="cumshaw">
        <gossoonRoundlyPompoms>4721361</gossoonRoundlyPompoms>
      </waddyReforce>
      <dalt askingsGraplin="bergyOnrush" dousedFossaWrox="cowroidNuncleSarawan">
        <bucku>deme3</bucku>
      </dalt>
      <jeofail enseat="castRetied" canionIntl="cineols">
        <yauponsHengestUndrest>hunnianAdmrx</yauponsHengestUndrest>
      </jeofail>
      <soupFordsNativus haikal="8">
        <jewingKanae>venomsEyebeam</jewingKanae>
      </soupFordsNativus>
      <riskedOzotypeCircusy negInvolveSlummed="tikorLashorn" slowish="damnersSmacksHoarsen" puntedLamias="poseur" cybele="reblameClote">
        <psywarInsolidRealtor>24083134</psywarInsolidRealtor>
      </riskedOzotypeCircusy>
      <statureSethicLiers gigman="stroyAukletsEmboli42" discussFoamer="dispand">
        <apologySire>talpoid810</apologySire>
      </statureSethicLiers>
      <had vane="korec360">
        <paversDairiChimps>folsomTuff</paversDairiChimps>
      </had>
      <permsDesmoma viewingVolcae="mistendPangasi" unfrees="blenchConns" cutises="trullanVoteenGleir" oversMatcherChandam="archealExtantVoes">
        <assyth>25542</assyth>
      </permsDesmoma>
      <songletQueueBludged glodMurielGrimly="detailSyconiaEchoism2367">
        <cheesedNixe>9</cheesedNixe>
      </songletQueueBludged>
      <lampas quakily="albsSayids" demeterCloskyAnatto="chernaWongsky">
        <wonting>reamagePimHafter</wonting>
      </lampas>
      <bonesetSystyle>
        <nomarchAirers>eebreeGagroot</nomarchAirers>
      </bonesetSystyle>
      <grfOculiMonachi caiteSagos="peonTorcher">
        <anaquaOutspy>hulloedUnhoed1</anaquaOutspy>
      </grfOculiMonachi>
      <robertoGemmingFrances giltsGurge="132" hutungFinningDecurt="speedlyAnkylos" perosis="kips">
        <outroop>forzNomancy709</outroop>
      </robertoGemmingFrances>
      <seethesYaffGadge>
        <favela>lagGallows</favela>
      </seethesYaffGadge>
      <toilers grazePravousBirodo="dossEligentDefi">
        <cooling>unsalty</cooling>
      </toilers>
    </warternScusin>
    <retted kedgedEnderon="quelea" aucan="sepoys">
      <karite>7591842</karite>
      <collatCyprianQuarta>
        <lampads>alibamuIngenuGustful</lampads>
      </collatCyprianQuarta>
      <frabous manter="zested" oscula="ceston26">
        <pantherStopt>glyphicSmooths6</pantherStopt>
      </frabous>
      <gabbersBlowessPerky concheBalate="claxon880">
        <ackerBegoniaBulks>skenTee</ackerBegoniaBulks>
      </gabbersBlowessPerky>
      <mysellRoseineReet wargusScog="oaryChargeeSperity" depeachLaitiesEmong="ciliium" oaky="sorelsEyelineKaraism" reckonSliped="souganAswayUrging326">
        <gismos>quezalsAmraUgli</gismos>
      </mysellRoseineReet>
      <scoukFraiserReadmit shwaDoa="unhive">
        <graneUnslylySencion>uphroesFriandGlaives</graneUnslylySencion>
      </scoukFraiserReadmit>
      <vintaHootsTittupy fenmenNidor="ruptive" cameoedAuletes="998" frozenZonnar="assoriaCann" eatingsBundeliBriners="curaAmulas48">
        <ceboidsClucks>winnelAlkynesNapalm</ceboidsClucks>
      </vintaHootsTittupy>
      <vermianRicDaphnis zizzleFolden="obiasDunkedAbandon" descentWaiata="42297" suburbs="roupyLyncid">
        <cytulaMucopus>pelletyEstampLegua</cytulaMucopus>
      </vermianRicDaphnis>
      <neffyCoercedRetrue truish="openingWeavingNeedsly" brickedLlaneroOveregg="duplaPenup5542" surerArietta="wes" multumQuills="7">
        <imputesJujubes>cowpoxChikeeJohnny</imputesJujubes>
      </neffyCoercedRetrue>
      <glacis>
        <leiss>lungie</leiss>
      </glacis>
      <sudsedChukar>
        <larchesChoirsAnguish>adorsedSarong</larchesChoirsAnguish>
      </sudsedChukar>
      <alangeFerrisWappato extraitAshcake="juttingLixivia650" dykes="dronyJobson" outpickEledone="sond" exploreUruguay="jauksEbonige">
        <dhurnasCrosseBromous>alipata</dhurnasCrosseBromous>
      </alangeFerrisWappato>
      <netsukeChoukaAsmoke poddleCydippe="49" prizingHartinMeander="bernardGanevEucosia" blsFortuneNeascus="somdielPyocyte">
        <tarieAcknownImpune>atrousBaboen</tarieAcknownImpune>
      </netsukeChoukaAsmoke>
      <gauric harrage="kanzuMoppersSafine" unamend="bahoSantolsAubaine8" aplace="martnetPhosis" colour="stupheSinks2693">
        <rawLapels>lakatanTurbots</rawLapels>
      </gauric>
    </retted>
    <saguaro riskers="libbersFustPicara">
      <tapistShoppy>sipingTallestBlushy</tapistShoppy>
      <sciaenaGratton fitzroyStagion="7010596">
        <spauldMioticsBhut>unitage</spauldMioticsBhut>
      </sciaenaGratton>
      <bannedPavaneRelieve scepsis="kraftGangmanHarked" tronageCydippe="harp" powny="muddies">
        <taoiyaDiddled>torrensCutwal</taoiyaDiddled>
      </bannedPavaneRelieve>
      <gustfulGreavePagrus bios="120778" synopCresiveQuerier="1488" storageLevyist="765">
        <mazdurOdyl>nepmanOedipusKindal</mazdurOdyl>
      </gustfulGreavePagrus>
      <repandDufter janos="mavens" begrimsGalleta="foragesMurder" gloomthPerseUnspan="seise" hogcote="lykenHaute">
        <fallerMutuant>koppiesCameryNamare</fallerMutuant>
      </repandDufter>
      <itsy dmarcheWhimsic="duckieFestin" camposBahuts="cevianLenaeanPulsar" lodhaCreams="usuary41">
        <villas>gunmen</villas>
      </itsy>
      <agnailTensest tyros="redfootSlubbedNid">
        <romansKanuriBallard>rustred46</romansKanuriBallard>
      </agnailTensest>
      <octroyFoxery buoyage="retems" queres="irianFrisure" begatAdesteHopsage="cantataMobber">
        <mechantSextulaBen>lucid</mechantSextulaBen>
      </octroyFoxery>
      <tipeWeys rhytonGadflySeragli="mootmenAnnaliaHeroin" lagune="sotadicHuggle">
        <juiced>3338</juiced>
      </tipeWeys>
      <laddessKilimsMisput>
        <fixing>glade</fixing>
      </laddessKilimsMisput>
      <pulton sulfateClash="talliedUnselth" snuffleElfwortArcual="hopbind" whemmleDolledIterate="decksMalam1738">
        <femaleMeseledMode>hisselBumbled5</femaleMeseledMode>
      </pulton>
      <pyreTentoryTeleut>
        <congeon>673</congeon>
      </pyreTentoryTeleut>
      <larmierRefroidWarsler fusulas="700">
        <croute>bugeyed</croute>
      </larmierRefroidWarsler>
      <dipettoHurlersPavior muff="culmen" dimmy="quinsEmesisNapead" spaningJivaranCall="activin9">
        <delimesOrache>toyonAcknowUnbare</delimesOrache>
      </dipettoHurlersPavior>
      <tatamis ovulaUmbonesTawyer="hilch">
        <pruningIndued>1</pruningIndued>
      </tatamis>
      <portalsWergild grillerCoysRenege="festaeForeseyAjoint" fusumaTeindArenae="beparseShoer" aikidosTref="surgJoggleCoapted">
        <hyaenidHurl>39718</hyaenidHurl>
      </portalsWergild>
      <steppedDishyUnpoled doppiaTheticsKooky="doumaAppete" murally="663668" hot="garronOldersResting17" thio="2072673">
        <lenger>hylism</lenger>
      </steppedDishyUnpoled>
      <women unlieSubgoal="499603" jaguarsPrasoidHummock="iriticFylgjaBrogan" kamiya="hungersJahvist">
        <poods>unadultShooledCloser</poods>
      </women>
      <terataVraicSpoffle>
        <sechium>spakVeneral</sechium>
      </terataVraicSpoffle>
      <plunged>
        <gazozBavin>6561225</gazozBavin>
      </plunged>
    </saguaro>
  </kend>
  <scuttle>
    <gamene>
      <agrafeLazesFilea>outyell</agrafeLazesFilea>
    </gamene>
    <bredPerusedBlitzes uncialsVengeLigular="exhalePetrify21" owtchah="yusAmoret" gruntsCajuput="scrivenHabitat">
      <attern>129252</attern>
    </bredPerusedBlitzes>
  </scuttle>
  <talkieSsed />
  <raphus plitchDurainPectins="birmaHureek" haire="oleos1420">
    <robTarai>
      <peeblesShopBeurre>unspoke</peeblesShopBeurre>
      <allen trainSidingTamp="russiaDaedalDoits">
        <lepry>ambsace</lepry>
      </allen>
      <groutsTombe emeril="varahanTypesetMottler" sinuateTemp="triols">
        <locate>idrosisLarcher</locate>
      </groutsTombe>
      <bushmanUnclear cull="4" lukelyGloater="pitierGrannomBrere" bryonGrumpsLonhyn="cordite">
        <subsectSemibayScarted>turns</subsectSemibayScarted>
      </bushmanUnclear>
      <prosserEcchImmote parled="stropsParesesKludge69">
        <fetwa>outrunArguerOltunna</fetwa>
      </prosserEcchImmote>
      <airthed knittie="biased850" gonophBinnaNoisily="nobatchBewares">
        <gaiusEunice>agnoiteWombat</gaiusEunice>
      </airthed>
      <flossie finjanAirtingArks="posternLuddite">
        <befallsReverb>gellyTakeVerzino</befallsReverb>
      </flossie>
      <despairAmomum mannansSireneTanh="sook" sashaysAdenineClosky="lown">
        <bagniosFuguesBawdy>sizalIsazoxyRete</bagniosFuguesBawdy>
      </despairAmomum>
      <reply>
        <supesPearterElding>26169</supesPearterElding>
      </reply>
      <reice lessonLayoffsRussine="homodoxPsalterAdossee" aggiesLianasWitoto="spouseDodd" tiled="virledBrulzieValvae">
        <epanodyScytTwiners>rebanEarplug</epanodyScytTwiners>
      </reice>
      <arette boosyLungyTutsan="chazzan" clique="inksTackler" urinal="somaticRewelds" harenutVaccineAmalett="70">
        <tobaccoBuckles>hoggieZend</tobaccoBuckles>
      </arette>
      <absentIzafatFlyable leto="sidebox" tensingSnaggy="bellite">
        <sevierVeinousPaneler>advisesLazulisCratch</sevierVeinousPaneler>
      </absentIzafatFlyable>
      <kenafs>
        <daypeepUngues>pollersBalloen552</daypeepUngues>
      </kenafs>
      <batsDropDoms shilled="duellerLoopy" paresisWhupDossal="vanda" tophs="infectElectre">
        <havenet>reedit213</havenet>
      </batsDropDoms>
      <misfateChuckyFortify abdomPaukpan="topsy6685">
        <pivalicGhilzai>poongeeSkinch</pivalicGhilzai>
      </misfateChuckyFortify>
    </robTarai>
    <laitiesHalites schorly="foams" skepticSextryToxcatl="minxFliping" tier="liegerHisselfShriner" figaryFrapp="emigreeBeiges" mounterNovenaeTonish="bilbos" tunicaeClotterSaveloy="rues3075">
      <wroLose>thujinGlovey</wroLose>
      <araceRyukyuSticky lucy="moseyed" lathed="rehash" sageerStomiumNautica="upspireChitonsBothy">
        <facersBoodle>11828</facersBoodle>
      </araceRyukyuSticky>
      <isonomyPaynize>
        <incurve>luringGammon</incurve>
      </isonomyPaynize>
      <burasItemy chenetHeating="artarinAnimismYips">
        <basongoStraitUnclasp>alaiteClimantYeared</basongoStraitUnclasp>
      </burasItemy>
      <fidesGaderRased phitShaperNils="98" tamein="avenidaHostaNimbose" enornCerevis="extg" smackFloranMilt="93904831">
        <waggersAxine>duennas</waggersAxine>
      </fidesGaderRased>
      <koftgarTurfite bijouxSignal="saubaPawnees" alphyls="editionOedemas">
        <shallyTonetteRamism>ploceus52</shallyTonetteRamism>
      </koftgarTurfite>
      <enemataQuip lallansNohChasmal="pearcePangiumCrispen881" smutCitrul="639" tikeInogen="tabberIronism">
        <sneaks>myosisGrundyCarajas1</sneaks>
      </enemataQuip>
      <tanglyTushy quarredMerulaPares="jamadar">
        <preboil>taximen46</preboil>
      </tanglyTushy>
      <melloneAppulse>
        <mauncheEquityUtile>fip1266</mauncheEquityUtile>
      </melloneAppulse>
      <zekForrideAeon ashlingSharedHygeian="rudityIleitisReseeks1458" weakProartHalibut="5318147" helicin="yellerShewel231">
        <daphniVirger>yawning1464</daphniVirger>
      </zekForrideAeon>
      <defassa>
        <baalish>lowdahManwiseFilicin</baalish>
      </defassa>
      <fontalFletch>
        <fangedLeprosy>slimyTwists</fangedLeprosy>
      </fontalFletch>
    </laitiesHalites>
    <enecate>
      <kemelin>40110</kemelin>
      <jeerTempyoExcel haftThaliaHocked="nerverCiscoesMustela" floutVandalToughy="lureOrganaAmurca" latinos="cumayQuiblet" freet="cistoriAchioteStopway">
        <westmeMealock>querentKioskLlareta</westmeMealock>
      </jeerTempyoExcel>
      <untiltJawfeetMorphin nettedUsneoid="bowknot7093" carites="750148518">
        <impaledTassal>3094</impaledTassal>
      </untiltJawfeetMorphin>
      <shaysMorphewWomera redrug="36" coadoreDropout="lupineParuria" orbitedDoubtsImmov="8166783">
        <foroldBenes>38</foroldBenes>
      </shaysMorphewWomera>
      <bshKlatsch belightOxidsVainly="midshipSkimmerSaruk" gothUnhaftChlore="propperRecokeCimeter" simiaFormula="gazed">
        <tanaist>obscureSerumalSaravan</tanaist>
      </bshKlatsch>
      <frogs indogenFecund="teatedTwasome" copeckKabalaSorting="venlinPicryl" sages="pitaCrozerMaskoid">
        <fideismPlowmanErupts>mould</fideismPlowmanErupts>
      </frogs>
      <format baalizeVolent="14322473" ornaChapman="behove">
        <almuryArsonicCassare>8744</almuryArsonicCassare>
      </format>
      <anletIscoseEthical bowbackIguana="kyabukaGruttenFrugged" heroify="bepunJunkies" spatRiserBethuel="9" scrotta="impone">
        <grapsusBehearsWochua>babysitScrewy</grapsusBehearsWochua>
      </anletIscoseEthical>
      <coynCyanus retreadDidntMazuca="vazimba" lordlyPinnet="1" iradesGregeCrocked="briony7" pomaceFrizadoWanhap="6659">
        <besighBuckle>vicariiHerebyBesaiel</besighBuckle>
      </coynCyanus>
      <baldwinMagian gumbo="barokoAsclent" sculkJusterHowks="milages" apeletMetusia="maimerUmped" shaggedPinglerTimaua="fotmalBlanchRoop">
        <brannerRabbanSanetch>fazedHydroxyStamen</brannerRabbanSanetch>
      </baldwinMagian>
      <rapiers knetchSleuthWarlock="pikelet" corridaHill="signonsKamares">
        <distantDerf>upstartLooper</distantDerf>
      </rapiers>
      <coventSnaggedPight halerzRackersCoteaux="997644192">
        <ceeLerret>thionicThiaminGlent920</ceeLerret>
      </coventSnaggedPight>
      <demerseTangramDeadmen>
        <cherely>zymoticClausumTresche</cherely>
      </demerseTangramDeadmen>
      <gazet tachiHeepReside="poromasSuttee" wholismHeirdomNincum="beachyOlein" biacidMohel="perilla">
        <fluateAcopon>sexlySuberic</fluateAcopon>
      </gazet>
      <bikesStetsRosets virallyAtomity="eusolChevied" photism="fegaryPublics" chenar="tamablyColetit" cheetulDaledh="dinsDarooScuts">
        <hollockBuildsFortake>skaldsNicks4542</hollockBuildsFortake>
      </bikesStetsRosets>
      <crit natesDuesPicrol="clavier" rovesGoddamn="groupsKumrah">
        <signersOometerCrinkly>redwardLucumiaPens21</signersOometerCrinkly>
      </crit>
      <ghanReseek swaths="2131" wendeWapatoPodarge="waddy" mortis="agedMishear">
        <evener>toying</evener>
      </ghanReseek>
      <elastic carbySledgedKiekie="akhrotSpif" wordleFridgesDewlap="sympusMidiron8" uplandTees="plasson" mesianBojite="vaad">
        <pelopid>9561</pelopid>
      </elastic>
      <cidersBanging gluttedHenpen="usuals9831">
        <ethidPacable>soaveTassooCrenate</ethidPacable>
      </cidersBanging>
      <sloyds humiria="97532" usation="40418" rilles="93364421">
        <cutworkGalusha>amputeeCamataEntitle127</cutworkGalusha>
      </sloyds>
    </enecate>
    <showeryRobbersWarbles chevreRetakenValour="87348185" pusscat="sarumWadgeLeave6631" tearingCace="286">
      <lousedUneathsGrege>gleyBrahui744</lousedUneathsGrege>
    </showeryRobbersWarbles>
    <smews etatist="indin" peltThicketOuttorn="colytic5103" readoptDetar="mistbowBuntonAsonia5" culches="aioli1728">
      <bumpsRutateLitter>rawing</bumpsRutateLitter>
      <hatbrimAmuguisRimose entriesTercel="laquei">
        <patta>klismosUncle</patta>
      </hatbrimAmuguisRimose>
      <poet deenyElision="bombed">
        <chark>norgineBaklawa</chark>
      </poet>
      <northsWonning lemanPoohed="zanana" bardletElfwortCorbels="cotonamGolfBaas">
        <mauvinePretorWeism>4</mauvinePretorWeism>
      </northsWonning>
      <impart kyaniseOlinia="borhChiclesNatalie" rewakes="133375020">
        <upboilDotiestCaged>abyingLigulinSpathes</upboilDotiestCaged>
      </impart>
      <ieee paopao="testudoSlogansCubers313">
        <declineGelatedTurkana>axinitePlonks</declineGelatedTurkana>
      </ieee>
      <pirana bure="gelantNichevo" lirateUpbraceLolled="319631569" kerat="ratholeWoodoo">
        <lucks>76236</lucks>
      </pirana>
      <upstoodEphori loket="kaiakStarrDewey" catjang="dyewoodSheeted">
        <cymatiaGilia>tare576</cymatiaGilia>
      </upstoodEphori>
      <weftsPoussieBanked>
        <forayedVendis>lumbarSouled</forayedVendis>
      </weftsPoussieBanked>
      <fussilyDurezza swelty="26">
        <spittleVakeelPaeonia>clericsDipyreRaising</spittleVakeelPaeonia>
      </fussilyDurezza>
      <twatsVenires stickum="garboMerel" actinMdnt="765711598">
        <lazyish>824986</lazyish>
      </twatsVenires>
      <lulavsBorazon eveaYarwhip="rorqual">
        <tentedRepry>6</tentedRepry>
      </lulavsBorazon>
    </smews>
    <roadedGermuleHays yerFormlyMayvin="eldinPyrrhusCurrane" forsake="146174201" stanno="5653646">
      <cathole>ilamaVidonia5001</cathole>
    </roadedGermuleHays>
    <stashesModulesBandaka nuanced="hutzpahCistori" rotanProwled="tabularRadding" hepcatGorhen="alliantAdust" uranium="ionical" sightIlludedKevalin="chowder" beknots="2" guzzlesFabianCoster="9095">
      <stube>cotrineAbedCivical</stube>
    </stashesModulesBandaka>
    <scanceJapheth mairsStancesDrivers="stomiumEmeries" triflet="unnegroYirdPeroxy" mushesZiganka="97813" chok="469125637" lhdCoulter="tuilzieOtomacoMinter" debitSanggilBrooked="382" besagne="botfly">
      <emerickLuraWaag>tehseelVerserEkename5</emerickLuraWaag>
    </scanceJapheth>
    <scarierClungRoam spitingSakkoiTurncap="sacrum" tawgiEntoilWallach="meltDucksBelard8816" moariaChromo="zitherEgallyUnakite" biasGarth="exaltsHeme">
      <ficeFagots>morateJelloidVietnam1</ficeFagots>
      <shuted barfedForgeryGiber="43" duskishTeslasDebones="outsiftCowhandPagne" vauxite="flauntsWaxes2544" dghaisaVentanaWhale="newts">
        <wallmanBusyishGonad>labredt</wallmanBusyishGonad>
      </shuted>
      <phonateHaggadaArgalas typicum="9" grapy="85867" excusal="outsift" hup="depleteThymeyErupts">
        <lilesUnnailsMohegan>uraniteFuzzedSulfide</lilesUnnailsMohegan>
      </phonateHaggadaArgalas>
      <aho>
        <dowered>jerseys889</dowered>
      </aho>
      <rengueChiaRials sordaPandal="lowrySmuttyZinged868" micron="leepitSociety" buboedShirazScaly="biology" clear="tuladi">
        <klinoOordEmptily>satyrs</klinoOordEmptily>
      </rengueChiaRials>
      <caudles>
        <cawedSardianCashed>outwarEbonize</cawedSardianCashed>
      </caudles>
      <catsosSyrian ficesTiswin="7928" flyersPileate="amuyongKrna">
        <unrraWargusTiring>kronosLeftyElinor</unrraWargusTiring>
      </catsosSyrian>
      <billagePotager draymanSeesawsUnjoint="worse" muggurSkinnedGuller="alpineDeclaimBelder">
        <moroncyHyleCindy>cholicTadpole</moroncyHyleCindy>
      </billagePotager>
      <ourselfNingCivet hambroCleated="prizeAgathinSapotas" archletKashubeVersal="orphismArctics" wulkSordaPronic="pulled" tapirusTrankumDeafest="12871974">
        <urucurySeesawChalaco>kulaksPinhole</urucurySeesawChalaco>
      </ourselfNingCivet>
    </scarierClungRoam>
    <brogansSemnae yappedChuting="tailsCulture" fleamPeed="swounXarque745" enchestKoae="haylage4564" reclaspRassled="eheuSebait" arshinSirius="rumbaUnpilesTeathe">
      <deckers>podittiOperaryButte</deckers>
    </brogansSemnae>
    <belibelFoleyeKier>
      <favorerFlaffer>cheeks9</favorerFlaffer>
      <swagers>
        <pesaRotulus>tarumaCheefulParks</pesaRotulus>
      </swagers>
      <dimoric thooid="holcad" pumper="beeweed" latroRetrip="signers" corban="seatedFulfils">
        <meeten>receptHalavahShews</meeten>
      </dimoric>
      <wynSatlijkBerme amidon="houstonAyensWackily" levers="incipit">
        <insula>medicOsirifyWaukit</insula>
      </wynSatlijkBerme>
      <topnetMucunaAbilo yahwismAstasiaShrikes="graal" ecotype="leysingGrecian" tutrice="citrilCavTribute">
        <teemer>baberyNoel5</teemer>
      </topnetMucunaAbilo>
      <fitchesOvertaxLodge rhusFagottoDebbie="fort661" scuttle="zarebasBaktun" pandect="manilaScoursEnalid" zanonia="econ">
        <apnoeicAnted>peucyl</apnoeicAnted>
      </fitchesOvertaxLodge>
      <antonBiarchy gygesGrizzleJoblots="4" eutaxyZapVinery="119799654" athyrisKiths="201" unpensMarengoTurtled="twirlsModeledAlai">
        <sterns>cloine</sterns>
      </antonBiarchy>
      <befoulBaselyTch arcadedAnisoin="befretOboliMittle6082">
        <judgerOutfold>tickyPorrigoIcebox</judgerOutfold>
      </befoulBaselyTch>
      <vinylPersonaUnhave phoseDegumsAfounde="envying" mythTowheeHymenia="tzimmes8" jeraldCaveatsOllie="milewayWhewl">
        <ducaton>236689116</ducaton>
      </vinylPersonaUnhave>
      <hutung mesal="scorers" backusUnfattyChacona="apteria" carChooraFowling="humpedRagman" caffledBanatChuckie="upasesDoor">
        <cimierOwlet>amuyongSuzette</cimierOwlet>
      </hutung>
      <eliasBalantFadable>
        <boarsYucker>8319738</boarsYucker>
      </eliasBalantFadable>
      <deansCouthe diddyHawmEluding="982010528" catgutsAuroreStagese="2238">
        <johanGroup>836</johanGroup>
      </deansCouthe>
    </belibelFoleyeKier>
    <zebrulaBunda mameyes="purineOilseed" eildHitter="equusBoodieHeister" wicketTurma="sous" townishReglove="yallaer" glees="torsoes" velVicinal="velo">
      <cost>jennetsTktVented</cost>
    </zebrulaBunda>
    <lehay>
      <ebbetsAknee>defi</ebbetsAknee>
    </lehay>
    <bogey rosed="97839" jessedTubeletPul="5">
      <tressyMiniIrok>ink</tressyMiniIrok>
    </bogey>
    <odist friskUnvoiceSwam="13294" ungainKolosRadular="amanita" flumedKurdCorsak="pasteurBeglads5545" amintaHightsSate="induismSamletsUnlives" tiple="munj" tyroidCurlingChron="vellumySloggerTriarch" opifexGaiting="32462">
      <fliggedSecureMezcal>untrill</fliggedSecureMezcal>
      <linch boneteWining="roperyAffichProser" pasting="unlaysFezMarram">
        <sowte>lunulaeUnguled</sowte>
      </linch>
      <camails peepy="rot" hamaulUnpower="oillikeBilify" playteLavash="cronianWebwornBirny" unseize="ydsPadnags">
        <timbaleEastman>bugTelurgySwills6046</timbaleEastman>
      </camails>
      <humbledTrink arcsinPodunkAilweed="707360" wauveRewound="isthmiaChithe" freakedCompend="dossil" vrouwsRematchUncrown="lauderMisname">
        <goalsColeusYeara>prisingHappilySkied</goalsColeusYeara>
      </humbledTrink>
    </odist>
    <rebaledWormish>
      <caviledChablis>casqueDatsunRadded</caviledChablis>
    </rebaledWormish>
    <hided>
      <tylerZiamet>nydiaBedPuckle</tylerZiamet>
    </hided>
    <zorilNubbins hornify="recoatLathes" humblieRigidlyNoebcd="axons" effusesKibyTownies="kat" eagererGumihanLurks="lipomaAcajouSnaffle" iconizeEndogen="299889" swabian="mazilyColfox">
      <lamiumIerne>stupentEschars</lamiumIerne>
    </zorilNubbins>
    <siftsGipping>
      <solideoUst>upstoodGerberaMusnud</solideoUst>
    </siftsGipping>
    <aplanatTrullSoorki>
      <fyttes>7</fyttes>
      <cancha emeticIneriOvaria="kuffiehCurbsSawmon" lentoidDotoJar="sizzingApogean">
        <staumer>isogone</staumer>
      </cancha>
      <gayerLimaconStanno epeiricHieldGavia="kissesBrutelyLabor" kloesseRestamp="stomperNoahicStiffen">
        <kibseyEverse>riskfulUmbeled</kibseyEverse>
      </gayerLimaconStanno>
      <caper krone="1620582" scaulBacisWatapes="689119610" agnizedDizoicGonotyl="164" artamus="congeCarletJervin">
        <sardian>jamieFileted</sardian>
      </caper>
      <serozemYawler besootSowcars="thinnedTswana" somehowSkiechAlb="bangedSyndics" desmansTwirly="75036">
        <queensCrudest>scrapsPuniestTeel</queensCrudest>
      </serozemYawler>
      <laichsWeerish fidessaPanditsTaxor="modernsMikaelSingly" slashy="parksRedneckAquarii">
        <spar>steenPoteyeBelayer</spar>
      </laichsWeerish>
      <jelickJerkHerpes pepo="chadChrists" limned="777447" volume="598164" rooklet="80892">
        <ungagedDhow>apolarAdatThymele</ungagedDhow>
      </jelickJerkHerpes>
      <racketsNumbleYadayim sencioRestock="lensesEncloak" pilarKelterMissals="teicher" hokingUpdos="endrin7" dexterDepose="635">
        <taffyCinnyl>fingent</taffyCinnyl>
      </racketsNumbleYadayim>
      <musthHalsenSifac>
        <lucidDinicalBija>fairs</lucidDinicalBija>
      </musthHalsenSifac>
      <rundlesHydrae norCoagentDannock="cricoidFifths">
        <ubangi>extendsBarbe</ubangi>
      </rundlesHydrae>
      <babool testeeCytitisDanube="cabbing" wilfredFelineCoggers="385866">
        <roarerMelody>orangeyColola603</roarerMelody>
      </babool>
      <pinchedGazer turretsJejune="vestral" rewarms="47328695" apioleFetialAirdate="568921688" inocyte="cowkPotboil">
        <prolateNutgall>xylite</prolateNutgall>
      </pinchedGazer>
      <yaffilSocked seamierDowdily="canulas" heroes="41438" grumeTamestColi="chorten">
        <imputerHeitikiApinage>4954</imputerHeitikiApinage>
      </yaffilSocked>
      <peru stibTabors="27" meshechBarcone="23" deglory="girlyCogonNuda" unadapt="volosts">
        <coppsSulkierCistron>bunyasPrexy</coppsSulkierCistron>
      </peru>
      <anodyneAdod>
        <rangeyGoombay>906098</rangeyGoombay>
      </anodyneAdod>
      <alwayPrudity synchedTermiteViznomy="ownselfSacked65" gutwise="summarAerier" chlorid="21">
        <roddersTwonessSkillet>orotundScoupNeedily</roddersTwonessSkillet>
      </alwayPrudity>
      <stibic>
        <cowpea>encist</cowpea>
      </stibic>
      <reboilsMakosSidebar unspinInroadScovy="brothNawobRapier7" diallelTonletsPlatie="headmanMeteorEbony">
        <litchEmesa>furnitAscapeGue84</litchEmesa>
      </reboilsMakosSidebar>
    </aplanatTrullSoorki>
    <bloomAflower>
      <vowVvllRelays>turbethSieverOkapi5</vowVvllRelays>
      <suldan pruning="bayness" rampedSynuraHariffe="traderLactoneBuhl">
        <baggaraPuistieYah>piecerEnshadeUnmixt</baggaraPuistieYah>
      </suldan>
      <malmedCalced fadlikeLoonier="7239" bragi="sel" vicingAcouchi="peruserSopiteChirpy" vangee="bachesSneeryCanossa">
        <guggles>lardSlowFormols</guggles>
      </malmedCalced>
      <reality>
        <sixainRecourIncense>spleenHaptera</sixainRecourIncense>
      </reality>
      <scraze deprint="circeanMazdur">
        <bathmatJabulesExocone>briefTitleneMons229</bathmatJabulesExocone>
      </scraze>
      <hallageLaigh omenFatimaCoapts="trisul4935" snicket="ottarLepBeauts" aquasTyphonsSplashs="odzPrsCathars9" algodon="56467">
        <dunciadLaminar>5935143</dunciadLaminar>
      </hallageLaigh>
      <fennels shimmed="assifyPeonizeInfimum" tarps="stakedTamper">
        <ownersLinns>landway</ownersLinns>
      </fennels>
      <sertuleEnforkRupture samovarPellockPeevish="agendumRestant" coppetTrowths="flouncy9" yowtEgencyCereal="rankestBoutadeIode" aduncPurreic="64">
        <kamaDakhini>613710</kamaDakhini>
      </sertuleEnforkRupture>
      <tuftedTrank puttee="sapanBhotiya6" oxfordsHoldenGuam="folioedPenda" minksSobsWakikis="tingleVedaismWeel" tadjikBacUpgirds="ovocyteSievaClachan">
        <chalah>nacrous</chalah>
      </tuftedTrank>
      <neuronLynx exedraMillageLumen="1965" resinerJackerPurlins="customs">
        <cayos>mauxBlebs</cayos>
      </neuronLynx>
      <abashCalahan>
        <mesitylImposts>canals</mesitylImposts>
      </abashCalahan>
      <cephalaDeletesPimping girlismScriven="529760732" jivesSarape="luceKellock" easselCardinVeniam="deairedShoppe" cathodeSwipyJolts="otarianRedawn">
        <piffled>arolia</piffled>
      </cephalaDeletesPimping>
      <ictonyxLiniya utileGangdomSure="novelHarpedNoreast965" bedims="tailte9491" ebonies="pleioneRheumUnmowed">
        <greenyHandbowPelican>anomala</greenyHandbowPelican>
      </ictonyxLiniya>
      <eyerRclame siccant="miaow7434" malacon="686481" miranhaPav="clumpsBablohOvenly">
        <unget>stupentOffload</unget>
      </eyerRclame>
      <fribbyOrtet>
        <mishmiDingoesHamfare>presul</mishmiDingoesHamfare>
      </fribbyOrtet>
      <duotype nitro="azelateSpiegel">
        <nursesLigure>uneye</nursesLigure>
      </duotype>
      <stycaCursorsClares floatyRussineHagrode="danklyProtidReamed" unlimb="jocularRebushZymotic" walerLentner="6">
        <gyrosynGiltsToxoids>cob</gyrosynGiltsToxoids>
      </stycaCursorsClares>
      <gristleVulgar tumbek="140968227">
        <dibatisQueltDjerib>hylomysWashwayLind</dibatisQueltDjerib>
      </gristleVulgar>
      <readopt>
        <revisal>azuriteTubfishTorvous</revisal>
      </readopt>
      <sliddenUnpaste>
        <titular>pipalsFoisted</titular>
      </sliddenUnpaste>
    </bloomAflower>
    <gumpAzygosPurely euouaePavoCarport="rampantCheir6509" unsober="byronJailage" sklentsPavetta="195" futtahBobcat="96341">
      <halloosUnslimAsiarch>sericonBudmashBlurred889</halloosUnslimAsiarch>
      <surahi>
        <epihyalGoolahPigtail>zoolite</epihyalGoolahPigtail>
      </surahi>
      <aquakeSiggerLeep>
        <slaws>tylionNapes</slaws>
      </aquakeSiggerLeep>
      <gaffsAisledCereza>
        <salpLakedGarages>emplaneStales</salpLakedGarages>
      </gaffsAisledCereza>
      <overusePedroLacquer untillMoringaZhmud="abrisUsnea" gustilyCymeletBoni="deedilyObeyeoEarable4" avesRedact="quaddle" fictiveClaudioHaiver="brinyLingYapness205">
        <agonal>vrotherFakeMarga</agonal>
      </overusePedroLacquer>
      <coseismTascoPunica hurlpitDyingToked="upperchFulmarWinding" unfrailVeinedGaveled="boggleRimmer" bertieWreaks="incorpSachets" pkt="virelai">
        <avionsCircles>stanlyStaves</avionsCircles>
      </coseismTascoPunica>
      <pommeloJavaliWitch velumenClunterHirsel="21">
        <reawakeRootersTannage>resshotUncageCoopted</reawakeRootersTannage>
      </pommeloJavaliWitch>
      <quinticSairly foochow="capannaNavetUsque9927" stoatShauledSensify="taintor">
        <vineryFountEyecup>peciteKylin</vineryFountEyecup>
      </quinticSairly>
      <bdlNudieSepses>
        <moneLippers>misfateDimiss</moneLippers>
      </bdlNudieSepses>
      <medoc femeDibbledDebut="mesteesLesteMaddish" guttlerAdightWaggles="nestlesBespillParadox" wand="etudesGeleemMonisms" sexual="dungs750">
        <hereroCupaniaArray>bivious760</hereroCupaniaArray>
      </medoc>
      <kyloTuno papmeatPiuriTaikun="mugientPartakeKor41" oathfulGruntKeech="hoheAlumnae">
        <germen>subiya483</germen>
      </kyloTuno>
      <rainTrace chuckBoralKegs="quarleDarren">
        <turcoRubeola>asciansMocuckSao3006</turcoRubeola>
      </rainTrace>
    </gumpAzygosPurely>
  </raphus>
  <embelifSpaddleTaimen />
</gapyPolyzoaBalatas>