<?xml version="1.0"?>
<upbye>
  <retrainTulipyGallify coonier="skatingAviator" incenseZaires="2632" bebilyaAmbeEscarps="186171969" />
  <nailingTests bovines="pepsManis3799">
    <diehardChinookNeil albugo="bealaRegie" swimmerAmylene="valvulaPyche" dulerClotbur="cajouWoofLeagues" negros="fiances" mycosis="53" porusBedtimeResaca="4733" tuffingThickeChasm="damarsMoppedLdg">
      <dilluerCocleaSpurn>lebesWedderPoz</dilluerCocleaSpurn>
      <beaconsSchanzSetaria bruscus="60160283" falxFetched="alp" statuedUndrapeRhenic="enringAugment364" canroySochtOarcock="sacquesRicasso">
        <undockLanx>crawlySunbath</undockLanx>
      </beaconsSchanzSetaria>
      <soyotMaugre duality="959" absist="triedPatchyToadied" abodedLadykin="888" gores="timet">
        <dibblesNosed>asemThrimpSwing</dibblesNosed>
      </soyotMaugre>
      <essedaEgallCapanna segosRivelAlupag="offloadFavissaRubor" hemipodCarua="unliken" totaraFluor="cutelyBalita4" alpianChidingBrin="laocoonCalash">
        <algousVerdea>dunyMuillaLacepod</algousVerdea>
      </essedaEgallCapanna>
    </diehardChinookNeil>
    <untimed>
      <zimoccaCineolToyless>gooferWebfeet</zimoccaCineolToyless>
      <comviaBosomsOdour pedesis="simasStupes5588" desto="935097">
        <braked>refelt</braked>
      </comviaBosomsOdour>
      <arecunaDidderBoxlike>
        <wapitiDares>latexes</wapitiDares>
      </arecunaDidderBoxlike>
      <gilbertArtemasUds pokeFrotton="6197">
        <taino>amus</taino>
      </gilbertArtemasUds>
      <moraler novusOutwill="sweats58" machinGharri="88" unbain="asthenyWrester">
        <canUpdarts>debowelMale</canUpdarts>
      </moraler>
      <adoreWabble adopteeQuinaryEpitoke="malgrSuccorZemstvo" repasGibbousAbakas="ambuliaJowlishOutgain">
        <beylicsGritten>dermadBidders</beylicsGritten>
      </adoreWabble>
      <tities hulasJugaleGns="73" iodine="tagged" betaxed="75454186" meletinFeleBiacuru="galahBecapsLagena">
        <brawlsPlex>golfsOolitesSoudgy</brawlsPlex>
      </tities>
      <yowes panicsBuzzing="bunterNither" sumoistEncycBinodal="7" decerpAefaldy="eidos365" refrozeGalyacsAristae="20027">
        <wanhopeDinerosWoon>hairnet</wanhopeDinerosWoon>
      </yowes>
      <amalakaSwamped revoice="10516010">
        <drainedOleineShocked>manic8885</drainedOleineShocked>
      </amalakaSwamped>
      <bysackiGipsyFlask dopattaEscotedTrouped="eerierDorsalNerite" oarmanGuesses="loyally" oswegoLieferDrained="hardiesHestia">
        <albeitUmbretShelah>gnsOronokoPagan</albeitUmbretShelah>
      </bysackiGipsyFlask>
      <hesperaArricci aboutSequest="taposa" vomity="83596082">
        <mullockTigellaCamises>dirtiedSalud75</mullockTigellaCamises>
      </hesperaArricci>
      <initioCasuaryCaymans>
        <foldoutAtopen>betidedDorsalOutbow</foldoutAtopen>
      </initioCasuaryCaymans>
      <bepieceMapsStases>
        <miradorAdiatedStudent>sphinxHametz</miradorAdiatedStudent>
      </bepieceMapsStases>
      <sizzlesRestiadDero doddery="curtisUpwaxLevers" plinian="deliesTurkismPilled" retileBible="dimmed">
        <nogal>absiFlutyByplays</nogal>
      </sizzlesRestiadDero>
      <ayahs sapa="dazed" crucialDayside="abaftRowtingScranny64" souslik="arsinic">
        <kickierYaru>taxedPixy80</kickierYaru>
      </ayahs>
      <jaegerGlist barbolaGaroter="9" llareta="rilletShinesNappes">
        <toonNullahColoss>ethnizeReveres8928</toonNullahColoss>
      </jaegerGlist>
      <boggin culmed="yills" ecstasyDewal="marinaEpioticPhotos">
        <trachleHordes>9450411</trachleHordes>
      </boggin>
    </untimed>
    <yanker>
      <bookery>skatikuHydroSho3668</bookery>
      <wakikiFinishIpseand quetheCerumen="clarityTelpherRinger" improofCopeia="75">
        <lambyAureoleLyrisms>1771</lambyAureoleLyrisms>
      </wakikiFinishIpseand>
      <marry logrollAccedesYaupons="faraday33" trues="ceteneAlalaWisses" bedrift="upfold" donnard="eatcheEncageBancha">
        <genieCaecaAbasic>boscage94</genieCaecaAbasic>
      </marry>
      <mazzardEonAmiably>
        <pitmen>layoutLofted1644</pitmen>
      </mazzardEonAmiably>
      <aleger carbure="pasture">
        <pisonia>fableUpanaya</pisonia>
      </aleger>
      <jagatKugel>
        <youthenDuctilePanagia>warray</youthenDuctilePanagia>
      </jagatKugel>
      <lantacaAbarisGandhi rowenKiswah="bliautDyeweedUcayale" gres="muleyTomiumNebbuk">
        <wizard>delaterBrodeeSaint6500</wizard>
      </lantacaAbarisGandhi>
      <cowedly gutsierRectusAlypine="invile83">
        <conusBusiest>choupic</conusBusiest>
      </cowedly>
      <bugfish fables="rowenGemmuleCupless21">
        <senorStoga>wampleBide</senorStoga>
      </bugfish>
      <frorenBisext pinsFilchOolites="tushed">
        <killcuBemol>grootHazardCathine3482</killcuBemol>
      </frorenBisext>
      <quartanCompendFerren quinylSloping="arrasSwureShisham">
        <mailersTriduoTapeta>41952668</mailersTriduoTapeta>
      </quartanCompendFerren>
      <raisingLapcock malarsConcLeukon="16037" assilagStopSaigon="thirstRpmWean" tuck="ateles" chavelAbris="fumersYeguita">
        <marcotReburse>extbook</marcotReburse>
      </raisingLapcock>
      <centsRehoistJugful amoraTernsDrain="grindedFlannelMondos">
        <francisGrower>beulah6</francisGrower>
      </centsRehoistJugful>
    </yanker>
    <broncoDoglegs>
      <talipatBurnet>unifiedAnthryl</talipatBurnet>
      <cheererNibsMisknow mitingVowedPeris="98622144" carawayDressySeroon="bridalGaga642" warlowForamenBlawing="lampicGlaikitAntre">
        <pavoneOastsJamaica>61</pavoneOastsJamaica>
      </cheererNibsMisknow>
      <taurean>
        <fairishDrang>trowed</fairishDrang>
      </taurean>
      <marvelsTozer uptrillSlough="unpenalDimmestCannas" shaderMapsPotgut="thwaite">
        <adipomaQatCuke>crewels</adipomaQatCuke>
      </marvelsTozer>
      <flirtedTappit saltatoBorrowPrimsie="sodaic" harkingCusieFlails="89">
        <patriotCoisnsBuzuki>frivolsMayed</patriotCoisnsBuzuki>
      </flirtedTappit>
    </broncoDoglegs>
    <mer>
      <apprizeMyoneme>behowlsDidonia</apprizeMyoneme>
    </mer>
    <candidaJudasPiacaba>
      <hongsRedcollManuma>figentFloppedRewore6</hongsRedcollManuma>
    </candidaJudasPiacaba>
    <bedirt>
      <adnounsWust>cleve</adnounsWust>
      <becrust>
        <bergsPlaneraAttics>rimedFecial</bergsPlaneraAttics>
      </becrust>
      <teskereIncests>
        <diaulos>empresa</diaulos>
      </teskereIncests>
      <outwarOvicideCandiel jinjaSaponi="bummingPaineBundoc" koppen="192617" makeups="eimakKlippeGilguy" suraminTyrant="euglena">
        <spyerSippioDammers>estivalOwdSamen</spyerSippioDammers>
      </outwarOvicideCandiel>
      <purbeckButcher omrahTsade="lexisJockeyDuyker" eloise="colza" upknitWobbled="takeoff" seesawStodMolompi="979801314">
        <turacusNoughts>plouky</turacusNoughts>
      </purbeckButcher>
      <vareuseHenhawk bedrelReincurAlp="bysAmiable" sneakMissing="tiddly">
        <clumsySwapPigwash>750886</clumsySwapPigwash>
      </vareuseHenhawk>
      <schussBabe>
        <pumpersInkbushAmaine>awetoUstWow</pumpersInkbushAmaine>
      </schussBabe>
      <quoad renegueGlasser="7681" texBolomenCoal="4672" baccaraNunship="1">
        <baledBesluit>worralMuons</baledBesluit>
      </quoad>
      <pinylShadersMestome cowgateUnturn="saute621" roarsSnip="heavedLeanerOndatra63" taxonEnwoman="teaming">
        <audient>dartled</audient>
      </pinylShadersMestome>
    </bedirt>
    <kabobsTannaim>
      <inconelGuttery>uncousRepelsPuddock</inconelGuttery>
    </kabobsTannaim>
    <bergyltVainestDisard hewedClubShicker="1" wambugu="819614" dumose="anhele" torsion="axfetchMiggleSarpo">
      <caiteSpokaneBalsa>wippen454</caiteSpokaneBalsa>
      <teetanProette lowanceCokers="innerve" crinoid="septate">
        <fusingCoylyHeman>whileyFirkingCicadae</fusingCoylyHeman>
      </teetanProette>
      <trimUnmewsBalance schule="cartCuffing" eggs="incavePitau" voitureFatsVanille="appastFellata">
        <ecbaticHough>douma32</ecbaticHough>
      </trimUnmewsBalance>
      <estabWeatherMays siliquaHashed="783426684" spack="fartherCraniumOrthal" slonk="untwineSepg">
        <wabumaGlisten>fineryClausMilts</wabumaGlisten>
      </estabWeatherMays>
      <hoursCongrue crucian="heeded" komarch="14" gutweedWardenGirdles="opaionRohun">
        <lujulaOpianyl>lurerGrizel</lujulaOpianyl>
      </hoursCongrue>
      <hakeUnlAdonia panduraOreideJosh="reactedLeaser" dassiesSaivism="epact" hyaenic="mlxBarquesAkin" lungesStopa="apodiaVarnasDipsy">
        <negateCmdJogger>roncetSerinsTechne</negateCmdJogger>
      </hakeUnlAdonia>
      <tappaNougatRoyster arrandGastSimmons="herried12" panada="gambone980">
        <doolyHulledLobelet>22271343</doolyHulledLobelet>
      </tappaNougatRoyster>
    </bergyltVainestDisard>
  </nailingTests>
  <piquantMurraya waise="dodosIcebox3" mottsCopehan="morlingNammad" vulpine="7715" pastisTubba="88" />
  <yellows girdersLuwianVocular="aroidBunter" />
  <daybedsColentKras nodulusPottery="studied" bania="954005" gypsiesGabbackDadu="211268413" stanine="staukStalestBulbule">
    <eyersMiladiLocn>
      <piaculaSeptetCirl>tensorUnaidedBurkha7</piaculaSeptetCirl>
    </eyersMiladiLocn>
    <oribisTokensLedgier tuesday="pilafsAlack3656" relbun="overwayAdduced4" adoralZaffars="bedlamRiftAntonym" narwals="gasking" ionicMountedMolting="lyases" auxinicLathe="sorchinSurmark497">
      <temneNeedsly>beanedUnopedEdile</temneNeedsly>
    </oribisTokensLedgier>
    <drafted>
      <vends>navisNob</vends>
    </drafted>
    <valvesFlatlet cerise="cuorinAmenismVerged" groszyDiosma="heroicBotchyHobnobs673" acosmic="doorwayScranky" spinkGorrelSedates="clodWhiffle" garblerSprangKnishes="688">
      <testorScrimy>fiddlesEwery</testorScrimy>
    </valvesFlatlet>
    <mordKapaiSuaharo amahs="5919" aweRewindArgolid="hestsChaffed" skepfulGrail="ungirdKishenStaller" parcel="moundySustainEnsnarl7211" trudgesChoices="bizeLaureExor">
      <linusJibman>erdvarkDetinuePreyful</linusJibman>
      <parkTeukElegits provingUnific="hydridsChester" bilboaSinaEcumene="pressorPontiacBield" baeria="theclaTeindDiscage" thiolPatrick="molassyUnlawedSedges">
        <satinedForums>lactate</satinedForums>
      </parkTeukElegits>
      <gloves uluhiZamarroCoquina="comtistCorrodeCreaked" fadedly="4" adpressSkepsisImago="47155741" het="markBerberiDolmen">
        <lucia>iachimo</lucia>
      </gloves>
      <recusalEucre sylphonFinestBlaw="padauk841">
        <savineLodgers>babistWhosome45</savineLodgers>
      </recusalEucre>
      <sowerSkittyChitin angareb="bidarLumpersPaviour7">
        <begravePocosenPraus>bawTrudged</begravePocosenPraus>
      </sowerSkittyChitin>
      <dimoutsToe truant="testril" argilKnappy="phasma4" gung="axweed">
        <misdaub>unsnareStablyCajuela</misdaub>
      </dimoutsToe>
      <osseterOvist killock="7424">
        <naiasSquit>furdleBagreefBanky</naiasSquit>
      </osseterOvist>
      <ferrApioid duarchyKillersJewely="trucesMini3514">
        <slutherHushed>forearmTesteeJackrod</slutherHushed>
      </ferrApioid>
      <paipPalmin omega="jizzenBadon">
        <hanses>5</hanses>
      </paipPalmin>
      <sueyTinkerBailie spicae="6226">
        <antired>175812925</antired>
      </sueyTinkerBailie>
      <forgoneCouchSlounge avigateRanularLatera="deacon" lenvoyLanders="prideZionist91" trigaeLogjams="capite">
        <runnionCamerasFateful>systemClump</runnionCamerasFateful>
      </forgoneCouchSlounge>
      <saponiShadufsBooker caffreDecharmAftergo="limer" upwallSunni="algosisGrinned" dabbyAdmires="1" wissedYeddingAmalg="30753427">
        <goafAmoebid>benaDorask</goafAmoebid>
      </saponiShadufsBooker>
      <dripSemian>
        <jalor>sensus</jalor>
      </dripSemian>
      <confer recdSnowieTahali="185715127" ungtJauks="battedPrimarSkiv">
        <frizzer>musetteImpedit8636</frizzer>
      </confer>
      <liberum kayaker="psovie">
        <taupou>cockeyeDronteCharbon</taupou>
      </liberum>
      <mexicanYarely flenserLavanga="uppowocYirnPavings3" cresoxyCheekerAtef="5826">
        <viseed>ossa23</viseed>
      </mexicanYarely>
      <quartan tweeg="6448509" cadenzaGapes="smervy">
        <aroliumBuckismInfixed>74210229</aroliumBuckismInfixed>
      </quartan>
      <laccicFratsAwheel encoredKallimaFrilled="taoyinUtumUnboy">
        <sighted>thioCummins</sighted>
      </laccicFratsAwheel>
      <diosmaGroot muchlyPerdueSheers="whitney" scuffy="menow" neon="36" animalsSpur="olpRummersMaskeg">
        <laneyBehaveClaught>rehid</laneyBehaveClaught>
      </diosmaGroot>
    </mordKapaiSuaharo>
    <solvRaisinsGrenier>
      <mergesBurgers>llareta497</mergesBurgers>
    </solvRaisinsGrenier>
    <bedrown>
      <toughtDrapingHoppy>myomaWestern15</toughtDrapingHoppy>
      <gammas flipperGibelUrology="prana" nymphosDecylic="maxis" peepulCarwashDawning="1225" updrawVentil="parapod">
        <neurismLetFitzroy>2562900</neurismLetFitzroy>
      </gammas>
      <dustour basogaBaronry="9202" barchan="4632533" mesobarSwimmyGlacier="24">
        <puranaKapai>8</puranaKapai>
      </dustour>
      <dhootis videEngildQuoters="psaltes" tawnyWagsome="subpartGaduinMoudy" lesson="abiencePeabushMujiks" mangersCrated="9">
        <odacoidGarsilSalvage>cingle</odacoidGarsilSalvage>
      </dhootis>
    </bedrown>
    <terries kyke="zenithSalep" thoghtDhoulSadware="regrown" lampongMogosSubg="2" fleayUruses="wabberUnspent" senceDeliverFilming="mungey3" bhistieBrands="389083359">
      <edibile>proleg</edibile>
      <treeletJeed>
        <awayRoyalet>148499468</awayRoyalet>
      </treeletJeed>
      <milkilyMonacid>
        <donnotIsohyetUnburly>azideUnboundOverdye</donnotIsohyetUnburly>
      </milkilyMonacid>
      <ruck thatnBywords="cereousRopeway" carotidPureyDharani="tamaSakkos86" disruptDornFalcial="cactal">
        <wroughtBereftBistros>8</wroughtBereftBistros>
      </ruck>
      <scattySlowrieDulcets zoochemBrazaByres="exerceGabonDuckish">
        <spongerWerZoarces>9</spongerWerZoarces>
      </scattySlowrieDulcets>
    </terries>
    <zillionLuctualUnrobes>
      <apprise>apropos97</apprise>
      <basanDodrans>
        <etoffe>6808</etoffe>
      </basanDodrans>
      <sarusMeltedCite miscallTormen="vivifySkirtsAestus">
        <assistsOilingRattles>undoerBemeetCoe921</assistsOilingRattles>
      </sarusMeltedCite>
      <dicot recoilSortie="58" pilpaySloshes="oratePartansRedear373" exies="teacher" hogback="cavemanNiciHyloist">
        <weerish>geums</weerish>
      </dicot>
      <siccedErian bloodedRubigo="4" secondeSnaresTuitive="unoilyGrazesAffixes">
        <floodsWooster>cognatiMuckers</floodsWooster>
      </siccedErian>
      <civismsStorms queazenNonsineAcrogen="819" hotterSirventChoral="sisel" disp="furylSepsid" forexAquilia="fibPremierPulsing">
        <worbleCatwiseLayoffs>oxheadOdylize</worbleCatwiseLayoffs>
      </civismsStorms>
      <uprisen>
        <realmCurb>306700002</realmCurb>
      </uprisen>
      <neves jatkiRit="jerseys" mitvoth="sparser" gashy="2816" blitesBubalPhialae="ouraliKirtlesClaus">
        <jacklegJays>ferisonForwake</jacklegJays>
      </neves>
    </zillionLuctualUnrobes>
    <dope>
      <trailedRhyttaTweak>frisianWeaner</trailedRhyttaTweak>
    </dope>
    <tweenyBogmanRandom>
      <ragePumice>remiss</ragePumice>
      <coyureKaiak agnesUnaddSkirter="townly" dhowOsprey="93863377" regaled="506732522">
        <spaceFeverPoleax>audian</spaceFeverPoleax>
      </coyureKaiak>
      <martiniDaven apairFroggyOpsy="fplotShallIncl" danaglaBardel="voiceSternlyGats" amyrootWemmyPiefort="rappageWorral" lyrismsRidgingRede="neurin">
        <banters>abreastBatussiTorve</banters>
      </martiniDaven>
    </tweenyBogmanRandom>
    <pedocal>
      <sundar>every</sundar>
    </pedocal>
    <mushruValentFunster commixParusShtg="uplaneWitness" sasani="8609896" gambolImmundCue="glumpyMashy" lugs="dimmest" triedlyLegumesOutsin="abvolts" mungos="rules" fidesWiggly="kimchee">
      <browsesNitrid>ristori950</browsesNitrid>
      <hageniaDementUproot yetling="massel" elapseAttornKingpin="548525888">
        <hedgyFettedTumored>babbledShoogle</hedgyFettedTumored>
      </hageniaDementUproot>
      <impugn titbitsCrunt="fiversTinge">
        <avocetMuriel>gashTicchenDemarks</avocetMuriel>
      </impugn>
      <trayne>
        <mamzerGuttateKin>tinselPraxean</mamzerGuttateKin>
      </trayne>
      <hutsWrestle hubcaps="brummyNazirBackups">
        <karl>forcyPoon</karl>
      </hutsWrestle>
      <lantcha>
        <curredApereaMachine>sprinkOwenizeUnp</curredApereaMachine>
      </lantcha>
      <greund>
        <oceania>bothNotify</oceania>
      </greund>
      <soudanElegy>
        <kajeputThresh>gaterSeapost</kajeputThresh>
      </soudanElegy>
      <idenceMelinda rpmTradalRodent="intentPapery" rowdilyCrenaeGonid="meresRebutsLionel" scattedHohokam="9863095">
        <onsetFidleyGledes>stumsRamekinTsures</onsetFidleyGledes>
      </idenceMelinda>
      <rebirthHaemoidMinim>
        <miauw>coleraEndiveGemse</miauw>
      </rebirthHaemoidMinim>
      <pavanes brebaLobsGlaze="brusker" bakes="250806854" brantaKizil="pardo" tarri="uintjieInringMonera">
        <urnHirst>hondo</urnHirst>
      </pavanes>
      <mozetteIlianDissue thicket="poligarWordishBergut" occiputLoomBooby="roared">
        <tilde>kurku</tilde>
      </mozetteIlianDissue>
      <cellistLimpers>
        <helosis>tbspLamedhMickey</helosis>
      </cellistLimpers>
      <cocklesGramary uriAminesKeyage="habitue" roupily="lagginsParbleuMazed6234" alpianWhoosyCalmer="churripParringCompare" notself="tincalCulrage">
        <tosser>foetidScoggerBleezy</tosser>
      </cocklesGramary>
      <mantuas dozAnglishPedlers="ganderBurbs">
        <panamicTrummel>siccing771</panamicTrummel>
      </mantuas>
      <titlistFetis dadosOddman="soapi" halideOtelloRelamp="989019654" wealth="35567498">
        <chiasms>ikatTiffHelves</chiasms>
      </titlistFetis>
      <whinny arglesTipisRustler="chalanaPiazzas" devons="quillerBattel" stuffedScutum="moraleHabubLoun">
        <mammateSesma>hokier195</mammateSesma>
      </whinny>
      <tamilicPeppery>
        <opinesDramas>78</opinesDramas>
      </tamilicPeppery>
      <toxotaeWashy almirahRepose="poppean">
        <hardieHold>pillas</hardieHold>
      </toxotaeWashy>
      <sutuTriazoLeskea>
        <dustup>30</dustup>
      </sutuTriazoLeskea>
    </mushruValentFunster>
    <cinqueDiaperCurcuma kedgingRelateHurleys="caususKomtok" kythed="marvelArabitPinge52" heddleSacellaRept="kabikisNiobateWeem2650">
      <rentsGerim>foreran</rentsGerim>
    </cinqueDiaperCurcuma>
    <pulik>
      <pararek>syddirSaltfat</pararek>
      <rompersSatinaySpongy tinoCroukeSaddest="fuss" copiersInjointArchest="rerate" jozyCrucianNant="foolingGotrajaAlop" ropiest="9673236">
        <iagoLairageLeptite>toluidoOkroUnwrote</iagoLairageLeptite>
      </rompersSatinaySpongy>
      <yetts>
        <youngthSouledRushy>eeyuckOuphes</youngthSouledRushy>
      </yetts>
      <velika fittageHisLatence="eraserNaif" evades="296">
        <chorealLoessal>untentCitolas7</chorealLoessal>
      </velika>
      <nicolBegulfHordein dosageUnborne="sleds" evelynGrowlerMahatma="tickneyUnsootHoggery">
        <unpureSpret>smuggleGrimierBrankie</unpureSpret>
      </nicolBegulfHordein>
      <dunalBussing soneri="salma" economyPippier="367473268" brokery="tweetedDhobeyEkaha">
        <wem>ampleLaveersMuran</wem>
      </dunalBussing>
      <mixesCaro bourderSaivismTowny="inservePaste" lobbish="dhoorasLuddite692">
        <alkylAirings>yarr7</alkylAirings>
      </mixesCaro>
      <tollwayScreamyProm tideful="fanegaPiercel" reshoot="63637586" largos="821" upsuckBreathyTabac="gutweedOkee">
        <spiremDiasterFoil>theoricMitred</spiremDiasterFoil>
      </tollwayScreamyProm>
      <wingcutLakhs weznLierre="98076472">
        <knelledBixin>cadsUpdos</knelledBixin>
      </wingcutLakhs>
      <vergentBarwiseSkidder embaysCathopWolds="95145014" carib="593">
        <litotesOverfag>arylsArcatePiatti</litotesOverfag>
      </vergentBarwiseSkidder>
      <laxator ulemasMeasePsalmic="9">
        <baalathBade>allworkSenatesAmelu7726</baalathBade>
      </laxator>
      <roshi aludraStylers="ghats">
        <elapsedBewraysEuphues>willockMoonsifHauteur</elapsedBewraysEuphues>
      </roshi>
      <eynHate>
        <scannerTeatime>oorial</scannerTeatime>
      </eynHate>
      <wettedFancyGilders yerba="jellabKhaddar" laridShimeiWusp="lotasParvuli">
        <eggmentCryoselSeiners>shadeWent7938</eggmentCryoselSeiners>
      </wettedFancyGilders>
      <nectonIsawaPadres conflabDunkerHiring="681881621" nunceSoaks="cytasePopeyeCrena" armrackSilylBettina="porcineStigmai6473">
        <linoxyn>fungateClewed</linoxyn>
      </nectonIsawaPadres>
      <celadonCadransMonier avower="omberChafted79" gerkinObmit="sundaeByssinAcouchi">
        <leefangNiallFriskle>ceraSileni</leefangNiallFriskle>
      </celadonCadransMonier>
      <mincedThallicOxeye nickleItll="glazesSpeises" halticaTopeesArenig="turnerySope" ravagerAuksUvic="lockrumSettos">
        <solidsCoontah>theticsLicetAxfetch</solidsCoontah>
      </mincedThallicOxeye>
    </pulik>
    <krauts>
      <kirtledMeddles>phonons</kirtledMeddles>
      <owldom braggat="unactedCarline">
        <mullsTema>tampoonCollarsMocoan</mullsTema>
      </owldom>
      <shaver bummerForesty="yews" uphoistMoldedAverral="873106" tartedRended="coltsTintist">
        <drubbleWhoosis>scotchKeuper</drubbleWhoosis>
      </shaver>
      <gunshopNunksLamna floterMancheGrimme="biabo">
        <ovenGosport>sumachPocking</ovenGosport>
      </gunshopNunksLamna>
      <daiseeImband strode="75" dupionLoweCadillo="parkedStayedStere" pishuMittens="3071555">
        <anticus>pasteupMisciteHangman</anticus>
      </daiseeImband>
      <vallis poljeForgaveDebosh="demode359" banger="allegedCherie76" myrtlesBaldish="linkagePokeys8153">
        <risuses>tamulRenillaMuffs</risuses>
      </vallis>
      <loggish clubmenWasogaAeolic="jugulum" fades="hostage42" avaramBallsyAshen="linden" gleanedSuccisa="odyls">
        <mear>oncaLacticNaysay</mear>
      </loggish>
    </krauts>
    <oililyNasardAngarep>
      <reemingForcedOhare>1817978</reemingForcedOhare>
      <havTimFarad taminyAstianSquires="claudioAthrive">
        <sampRaja>unlaugh</sampRaja>
      </havTimFarad>
      <sodomicAlliceRhombus canulas="sambuca" brevaSennas="droitsPetara" weazenTryma="anta" wyteDidoes="cookoutStarter8048">
        <beerilyAwaste>mushierVialsSatable97</beerilyAwaste>
      </sodomicAlliceRhombus>
      <cupolaSpooky vawntie="upboltTenace703" coracleSabella="983">
        <ardent>sundaeOrgasm5</ardent>
      </cupolaSpooky>
      <muscatFiadorQuinnat>
        <restack>manageeWharl</restack>
      </muscatFiadorQuinnat>
      <aussiesTincalsAtbash fliskVasefulCloze="canticEleveRefined" jewelyScalers="enceliaBakli" agentsShunsMoyenne="cuartelAnywhy" tonletMarronsSilybum="roiled">
        <ectozoaShoesOxygen>mumnessMezzoHippier</ectozoaShoesOxygen>
      </aussiesTincalsAtbash>
      <diamineUncramOnside askersBarerAonian="weededKikkiMyall" chochosMainDuality="duelistAggest" adynamyEmbargoViator="hookupuAftabaAlp816" imposedZarnecFraple="yockingTorrefyWhampee">
        <finifyDiaxialPyoid>coppingReoilsYouth</finifyDiaxialPyoid>
      </diamineUncramOnside>
      <wallach maarBichyLeaping="thistly" whir="gadling" probateUnpay="strutsTrilium7406">
        <clonusTerbicRusty>pins</clonusTerbicRusty>
      </wallach>
      <suppageBurgauEnwisen homogenEpigramTorr="handselDefiantCraned696" refuel="ensealKoilaSoupcon" sivaismFuzes="jerib4978" anteed="96711217">
        <unbowed>oaryAutobusKerl</unbowed>
      </suppageBurgauEnwisen>
      <puddaCarites>
        <grummel>revisesNautica</grummel>
      </puddaCarites>
      <paybackPanurge>
        <seppuku>showilyClutchy47</seppuku>
      </paybackPanurge>
      <salsa maxi="sherbetUptrunkTampoe" yapnessCypress="jeffrey">
        <sadness>scoursChelate</sadness>
      </salsa>
      <vanmenCobbin thenadGireNagman="eireTwangleFrivol" hemipicUntrothNutcase="8510921" alpinia="algine" zionSaveloy="8969">
        <shoa>456520381</shoa>
      </vanmenCobbin>
      <surmaPayaguaAlveus dimlyThem="unquitCapos" ridged="hernialSambukeYirm7">
        <tinderyNuchaleClones>mothery</tinderyNuchaleClones>
      </surmaPayaguaAlveus>
      <tootle pyrenaBoothesZoster="63547" jorums="klismosFondsCaninus2764" fanweedAdduce="beleafSluggerAddison" joltyVamosedLaggin="353105003">
        <jophielCaxiri>pardahs</jophielCaxiri>
      </tootle>
      <echt>
        <anisolYerePielike>guttlerUnroyal</anisolYerePielike>
      </echt>
      <kriekerClumperAlish kennedyJussion="unhated58">
        <outglad>bilabeTunist8</outglad>
      </kriekerClumperAlish>
      <pacuSkunkyWarmus>
        <seckelCloveneScares>archdGalecheHymenia</seckelCloveneScares>
      </pacuSkunkyWarmus>
    </oililyNasardAngarep>
    <macawsUnweldNymph quippyTcawi="bearessChawl" serphidEnolize="nebrodiWavablyNomos" railersOutseam="spellSnakilyMonks" arghool="voivodRegluedMidsts" telly="mosanEdition" cyder="ternarDrover" dewsHalms="rangle">
      <pandas>coaxalLueTreatee1619</pandas>
      <culture curingBilinIcepick="unfadedWashoanBoogum" delugeHud="squirtsShawl" waferEmulsicRullion="cardonaWhase">
        <litres>pintanoPresiftAcream286</litres>
      </culture>
      <pronateParmese increst="contenuYarelyEnrobed" lendedMarina="2485">
        <melodyBodiesPrudent>goldin</melodyBodiesPrudent>
      </pronateParmese>
      <estmarkOuthitTidi malakinOeci="nowtColesCourser">
        <spooned>phoenixPotmanDruid</spooned>
      </estmarkOuthitTidi>
      <lubStridorPelotas shuckedParsersChalkos="hobblesChausBohunks" gript="picquetMedlarsCusp" woolie="882653726">
        <kutta>dopatta7</kutta>
      </lubStridorPelotas>
      <yowls urolithKinemaAdaw="snatchyPhallin" squibsTigtagCracowe="7344971" pipraOgival="crakeKrone">
        <monuronChimbe>earringCargoPatata59</monuronChimbe>
      </yowls>
    </macawsUnweldNymph>
    <vealing pichiAngkhak="plumach">
      <aftabaLorenTicunan>bassoon</aftabaLorenTicunan>
      <smatch wickape="ofttime" likkerHing="hallotAngstsWarners" acctsCamaile="opposalSwivet" boller="abac">
        <toolsiPeckish>tulesPrefill</toolsiPeckish>
      </smatch>
      <oavesVessel albetad="lifer2" koasatiAshpitPunks="sloshDunster" jugsMachs="dringleTrp" bulliesPerlid="lumbago">
        <wenMoroc>510</wenMoroc>
      </oavesVessel>
      <preknewToysEndhand ferv="472" boozilyAtharNipper="5119738">
        <dissertCrocine>decayed</dissertCrocine>
      </preknewToysEndhand>
      <ganyieHaysUrbaner ramtaCalcedGristly="artisteGulling" spurdog="jaggySadiFencing" ravinedEmetiaLocals="cosingLenderYelped" warb="gillesHypo19">
        <faroff>spoon</faroff>
      </ganyieHaysUrbaner>
      <holedSlutterHeeding>
        <kenema>71291</kenema>
      </holedSlutterHeeding>
      <ladingsAnility devilsBenicSliders="diaxonPoetics55" lare="75785165" shopfulSeiren="peratesRugby" riskilyLoin="shaykhFriand">
        <nucleli>theeked</nucleli>
      </ladingsAnility>
      <kaput seelily="iapygiiBuffsCaboche">
        <zygomaPaulinsAltaic>pipiriKiliare</zygomaPaulinsAltaic>
      </kaput>
      <anodicEpilateLabiose centaiUnerect="chugsMansard71" bedurElbowy="acuate" rompedWoyaway="doebirdTigelleJambul">
        <ingotedBeddedCumbers>745075</ingotedBeddedCumbers>
      </anodicEpilateLabiose>
      <lexicalLiftmen waggersPfx="hannaStacket">
        <outsetGreysRester>monadal</outsetGreysRester>
      </lexicalLiftmen>
      <rustreUpariseMeuni dhooley="ekphoreLearoydAngola" rabboniBanilad="apostem" pylonExudesTrove="yogistUnlamedShaptan" runback="cypseliBenicSmear">
        <horntipFestin>creatic</horntipFestin>
      </rustreUpariseMeuni>
      <anyDirking prying="864724">
        <neftgilApolloQuinnet>gambledConeletCurupay2672</neftgilApolloQuinnet>
      </anyDirking>
      <ewingBregma anticumSorehonBound="9" zygosis="prepavePdq29" pestles="flyte" glotumEserinTit="yarmKeesterOgum1">
        <hissyNoisyElemong>barkhanOutlet</hissyNoisyElemong>
      </ewingBregma>
      <reposes wiglessGunnedXeres="aspasiaHerdic">
        <reviewGurge>boughy</reviewGurge>
      </reposes>
      <nevoyKondoFudges braggat="ratholeCavia" chulanLoon="acopVandykeAnight">
        <yogurtsJolting>overrim</yogurtsJolting>
      </nevoyKondoFudges>
    </vealing>
    <program>
      <enquereDivestsKnap>83602</enquereDivestsKnap>
      <eleveRatersLizary ambuliaAttarsSedarim="17376" ductile="coirsCalchas">
        <kulaksInhauls>gyrenesDambrodFunis</kulaksInhauls>
      </eleveRatersLizary>
      <borwortCoexert>
        <wagaunPopedomDruse>unapartDredgesPained</wagaunPopedomDruse>
      </borwortCoexert>
      <grossedHomey askeses="doupingCarafesShamus">
        <geckos>7</geckos>
      </grossedHomey>
      <wordySmidgen>
        <marrers>pehDrools</marrers>
      </wordySmidgen>
      <reccoPursive fontSeqfchk="overly" walkist="farcerSandiesHansoms">
        <saw>klutzesBestedHooter</saw>
      </reccoPursive>
      <wabbledSanitPapyral nomnemSappare="melaenaStella" willockLoggyStarful="spewierCorance">
        <axonost>230878229</axonost>
      </wabbledSanitPapyral>
      <instillShunterFeeling>
        <gabelleFixatesForebow>502667</gabelleFixatesForebow>
      </instillShunterFeeling>
    </program>
    <chias>
      <beniRefilms>lineNogai</beniRefilms>
    </chias>
    <flummerSplakeSark>
      <clodderSufferGonifs>ausubos</clodderSufferGonifs>
      <investsOrant causse="gawkier" dossers="ficoesUndue" wailakiTelicMilky="barlowsDooverBunnies">
        <chanduy>60</chanduy>
      </investsOrant>
      <triglotCrinkly trappyCohitreBorneo="144768180">
        <pupuloPollers>368258</pupuloPollers>
      </triglotCrinkly>
      <posing blufterMenhirHuavean="30" yippedWarmths="cabasaPerusalLencan7980" execsHopsackNoncoms="madafu">
        <felines>amole9956</felines>
      </posing>
      <tocsins chesounMilling="gothismAssapanHydrol" signoffJoom="4743">
        <macroBowwood>handoutNiobean</macroBowwood>
      </tocsins>
      <plungerCalving bert="harangButtledDottle" gipser="wurrungAphis" badawi="arcanal" gorrelApsidalLettuce="chockerHostile72">
        <biduousMarkerSubtle>twirpArrieBorons</biduousMarkerSubtle>
      </plungerCalving>
    </flummerSplakeSark>
    <pashto koorkaPeelers="hippia3" reenBogue="4" syphersLentils="twaitBreezyXxiv">
      <cust>avanyu</cust>
    </pashto>
    <atlasesScroyleDamaged aimaraTidbits="bombardVotish">
      <nodulusLiquory>crayePlacoidAeneid</nodulusLiquory>
      <slammed wealden="48094" macemanHyte="eheuBeennutShela" bermsMysellAesopic="swireSikesChiel" capannaCacana="722">
        <manfred>yolkedNidgetsJinxing</manfred>
      </slammed>
      <cellos>
        <cratersSybowKaph>cydonia</cratersSybowKaph>
      </cellos>
      <penultCodo cicelyZonulet="earmarkScomber6">
        <agacantBrinersPatroon>bifidly</agacantBrinersPatroon>
      </penultCodo>
      <hemenPumiced juise="siccing" trisulaRobaloBosomer="3374">
        <poorSeacockDropped>outvoteBreves5542</poorSeacockDropped>
      </hemenPumiced>
      <antheia lauderJounceRapier="baridImbarks4222">
        <nomasCpoTissuey>indabas</nomasCpoTissuey>
      </antheia>
      <zebeckHichtParsnip beauishApisWrossle="muta">
        <iyarAngkhak>engulfs</iyarAngkhak>
      </zebeckHichtParsnip>
      <cliversHatbrim uplinksTournayBeflum="9" hemineRobotic="krivu" hosemanFormesBlaubok="tegBrankie" drawnetGiocosoTannage="talmasKeacorn">
        <carbroEstrins>faured</carbroEstrins>
      </cliversHatbrim>
      <encrust ritardFilmed="oracheHarled1" rearingLampflyFemales="barbersAnubingScuts19" swaths="bossilyTotanusHumming" gobRink="6336">
        <dankestHuileDiwani>monyBroadlyRoaded</dankestHuileDiwani>
      </encrust>
      <fijianSantosCaphtor>
        <alopeke>66006</alopeke>
      </fijianSantosCaphtor>
      <belikeTiller muffsKnocksSodium="pattleFuzingLarder" acres="whyfor">
        <defence>nosismLootersMetiers7</defence>
      </belikeTiller>
      <juggle tensorPinkFrothed="propugnCawDebbies" unshoeXat="regin7" fulgor="356" eponyms="28421">
        <peridot>guaiolComales</peridot>
      </juggle>
      <gluma pileaMinisubGurus="gewgaws">
        <preteenGuppies>platingMasjids</preteenGuppies>
      </gluma>
      <assaisCanidsJoyce metingApolar="neembaSound" braggetRegains="sableGuysHearten" kilovar="roddenLignumMarvy">
        <fatuismCathine>671937</fatuismCathine>
      </assaisCanidsJoyce>
      <bawsunt sirenyVisited="retossApalit" alsikes="footledAvoke1">
        <puffer>slabmanPenucheGreyfly5</puffer>
      </bawsunt>
      <estusShumalBebilya hogglerReliver="lophuraMagicsCoryph" threadyHumhumFawners="peasonInkfishDolcian" humoursUnarray="yogismCroatBinzuru" elapine="551567689">
        <vayu>cardiasHicoria</vayu>
      </estusShumalBebilya>
      <scullogSaltier luculeMalouahCulmen="anthusGuppy" knottyFelid="sturinMuraenaBugdom">
        <drossesBrighid>acmaeaAsthore</drossesBrighid>
      </scullogSaltier>
      <perishPrawner perkyUdiMararie="lickers" harrietBergyUnequal="hander" nickumMindful="outfledBrusklyAnonol6">
        <plunksKefiric>corvedLirot</plunksKefiric>
      </perishPrawner>
      <chunksTighten tonusesWrichtPalters="dfault" megasseAngstsEboe="ecandaAnniteThawing" choil="paperMyelicDhyal" cleanTestis="telferPadraig">
        <parazoaClarre>tundunAmpelis</parazoaClarre>
      </chunksTighten>
      <britsErkGentes whists="assiNuncius7692" murksSancyThapsia="retier559" corke="9054">
        <matin>enchyma</matin>
      </britsErkGentes>
    </atlasesScroyleDamaged>
    <undid>
      <sachetsZinkify>82914460</sachetsZinkify>
      <subzero sakeretMinty="oasts" nahua="seising16" altair="fizzedCymtia826">
        <railcarEuglenaSuevic>dealerUnshyly</railcarEuglenaSuevic>
      </subzero>
      <bestad sullensSolfge="6903984" allures="savoySacatonSwirled" misceGelant="7">
        <unfiledDanube>vimful</unfiledDanube>
      </bestad>
      <filosaAbusersLei fricaceLentigo="companyAwheel" killersBrocksMisere="trollopAdvisyHubbubs363">
        <varixDusked>emptinsAdjustStoic</varixDusked>
      </filosaAbusersLei>
      <lieger>
        <fibrinsDomicalFeints>hormismOffic</fibrinsDomicalFeints>
      </lieger>
      <unhentBonuses cheraSepultBrumbie="weanie">
        <updivesManini>danton</updivesManini>
      </unhentBonuses>
      <busing pommeeHillary="manjelOpulus91" konAnaretaBklr="impiesPhonicVeiny">
        <rengueStithlySubduce>rondos85</rengueStithlySubduce>
      </busing>
      <teleostSarmentLocum uncallCorsak="bonnetTollman">
        <oylet>fregata810</oylet>
      </teleostSarmentLocum>
      <conyngeGerenda nabalRestageCurcuma="era" pitayaSofts="syllidDragsKempite469" patinaGulchBlarny="52212">
        <affereApricotDecoder>flight</affereApricotDecoder>
      </conyngeGerenda>
      <caplessScrobisTenches witney="utopismEyen" boveBenzine="rcptHyper" utterly="lennowPonent" mirv="endableHepDucato32">
        <mincer>daseinKunzite7</mincer>
      </caplessScrobisTenches>
      <rimingClozeKwhr oxenRedrill="avenueAtween">
        <agamiTorstenAppend>warsaws</agamiTorstenAppend>
      </rimingClozeKwhr>
      <adorns scaups="hemin" gawks="dyasPupateHurf" pellianDemulce="frozenTrainCodas">
        <simblotEnjoinsPouched>allodRhombs</simblotEnjoinsPouched>
      </adorns>
      <abettorCodwormMove>
        <thenage>crayonsPoetdomSkidoos</thenage>
      </abettorCodwormMove>
      <hoofy>
        <garnetsSaddik>luckier</garnetsSaddik>
      </hoofy>
      <wheeler philtreJamnutLegions="cedulaBrosot" rekillPlunder="bilbos" kiwisAlkene="kethibSinkyBoral34">
        <calefOariticChesser>40221</calefOariticChesser>
      </wheeler>
      <bairns>
        <enflameKuei>prelatyDudCurted5279</enflameKuei>
      </bairns>
      <salvoesCollin>
        <hutholdFilosa>homages</hutholdFilosa>
      </salvoesCollin>
    </undid>
  </daybedsColentKras>
  <mochrasMapland redrug="smouchFarleSeclude" />
  <ascettaDivestCrare senaitePfundeMendel="taffia" caribouAigreAeonian="statary" poisonsMisshodCuruba="ephelisRaquetCoss" elecivePotency="pooliBodge459" />
  <egre egalityFowage="broadly89" owrehipLactid="pinotTammuzFilling" sewings="silicam" />
  <ceylonSteepyVaguio outpullUnface="menkibSaladeAnconas">
    <hatiKenosEstriol deblock="spondeeUnaired16" pechansPectora="jimboNeshSonchus" acoasmaAmire="modicum">
      <spute>2</spute>
    </hatiKenosEstriol>
    <islesPussies>
      <byrriAget>endowsLandsatLitas</byrriAget>
      <dittMordvQuebec smichGhrushAkre="visieGolder2" tarry="elaidicVagantiConicle">
        <frow>6552589</frow>
      </dittMordvQuebec>
      <sackingGillianTwigger siddursDipSprints="befilchSiganid" browdHellyMamluk="yenningLinener" boozerWakers="gausses">
        <dhikrSockedDevisal>dimberMzunguMuddish</dhikrSockedDevisal>
      </sackingGillianTwigger>
      <remordStraths coinersSectism="94478">
        <rephaseSortie>adiabat7626</rephaseSortie>
      </remordStraths>
      <diopsisNettlerMisdiet mimpeiStrikeAbroma="956382354" roilingRocolo="yeukWhiskCobnut">
        <enzyms>mamluks</enzyms>
      </diopsisNettlerMisdiet>
      <lewnite rovettoHerbousFink="69">
        <redodidFlemishFinary>amtrakHurly</redodidFlemishFinary>
      </lewnite>
      <wentleAnnuentSelle rixBordragSlavers="331287978" malonylPollack="caseins">
        <ismaili>bitoValvule467</ismaili>
      </wentleAnnuentSelle>
      <comteCongoes>
        <perfins>fixings1154</perfins>
      </comteCongoes>
      <cyano>
        <quotersKeblahsDeia>hoofsStichosUncaps34</quotersKeblahsDeia>
      </cyano>
    </islesPussies>
    <dimlyScrideIdotea>
      <fasciaAlbiticOwenian>4791</fasciaAlbiticOwenian>
    </dimlyScrideIdotea>
    <oversowDeditCyanin toriHeftier="shakily5" sinon="tediumOtkonHootch" winish="outtornClithe">
      <tritureMelania>isabelLahoreAsarone</tritureMelania>
      <leachFemurs meable="retramp" opeluBannets="douchesKeylessWhalers475" minimusSickoutBoobies="refete">
        <labiaDenomAdread>usneas</labiaDenomAdread>
      </leachFemurs>
      <stailSethian chimuPeptic="9664" temseRedrootSardars="52118621" mangler="wailyGodful">
        <listy>vetiver</listy>
      </stailSethian>
      <shtetelDuces rippledShowish="821621115" naplessFerkinKanat="cacasHounceFermal">
        <airmarkBullerSullies>195956027</airmarkBullerSullies>
      </shtetelDuces>
      <kissar elishahHitting="diagramSanding" quatreSteadsMorphic="mongrelSqueakyAglaia" bronzenSavileKim="pulgada">
        <entozoaHewingUnmoody>113</entozoaHewingUnmoody>
      </kissar>
      <dadasTano scamellGrendel="304885995" hidesSticket="viableWarsaws120" ecceEuecticRedfoot="13027" sexhood="raphideNevat11">
        <angulaGrimm>5</angulaGrimm>
      </dadasTano>
    </oversowDeditCyanin>
    <fiorite>
      <stemmasWildernStooks>wasangoRelaisSirs</stemmasWildernStooks>
    </fiorite>
    <mimbar widestScotomy="caratesEreptic" gooksWheepleSarra="detteDibhole">
      <briarsFusible>glossaeAscones809</briarsFusible>
    </mimbar>
    <ruddiedLumbagoBabuma bhatSweepInstal="impery3">
      <apochaeHylic>fustily</apochaeHylic>
      <sicks creneleAloud="689616333">
        <winced>yardarmImagerCaddies</winced>
      </sicks>
      <bagdiAryanErotism>
        <baluga>634</baluga>
      </bagdiAryanErotism>
      <threnosCasted lehay="ole" aonachRawerMatted="garbsLinins" bollitoAvoidRhodora="ephydraInuredResgat" elliceChimbe="godsibDisusedWainage">
        <durrinCoheres>artarinRaffingNovels5649</durrinCoheres>
      </threnosCasted>
      <regret fitly="slik" jumbaScutsMacheer="craftsCrazes1747" urazineDopped="refloodChiniks" credoMungrelWolfman="788756313">
        <misform>floeStaked</misform>
      </regret>
      <ouranos teagueJustersToxamin="thiramsSalute" mene="39628">
        <traviss>758864485</traviss>
      </ouranos>
      <chisel retornSensaClead="blueingWafdUpmount4">
        <untireSphecid>elsehowPhallin</untireSphecid>
      </chisel>
      <rushed>
        <lowlierDyeableRidiest>belacedPrimeBrutify</lowlierDyeableRidiest>
      </rushed>
    </ruddiedLumbagoBabuma>
    <whiskin acara="66519">
      <mounty>sisterFerlieShales</mounty>
    </whiskin>
    <beset cothishRuesome="dronerArak500">
      <pikyWeeshResown>672</pikyWeeshResown>
    </beset>
    <brayPhyteusFissure>
      <triuneOathed>ferrisJigAtveen3069</triuneOathed>
      <boldCheloid yakona="97629" purrahAttired="faconne">
        <mozetta>128933288</mozetta>
      </boldCheloid>
      <begodPollamDowncut toil="whereer" ownerInformsHeng="eelpoutPinkosAdnexal" powny="cayuse" expy="ploughApastApothem">
        <broncoChamade>faciest</broncoChamade>
      </begodPollamDowncut>
      <laggerPorkpieGuttery goel="slub">
        <plantadFlumesUpdries>gulling547</plantadFlumesUpdries>
      </laggerPorkpieGuttery>
      <ddtFrenzicDanic papuans="pyelicShalyEphebe" sultany="raspyBalataHarpier">
        <mangilySfzSonnies>yappishAuxil</mangilySfzSonnies>
      </ddtFrenzicDanic>
      <vairyAlienor drek="tunasAminize">
        <eyghtMislive>aligner</eyghtMislive>
      </vairyAlienor>
      <pyocyst swollenEolianZoilist="rounderLosingsPawky">
        <spanedMirths>dualinAmenismWird</spanedMirths>
      </pyocyst>
      <brawnsValeta sirpeaLawnedWro="gratisRilingCreme" lupeoseCucaReusing="72661">
        <afsharDowries>rials</afsharDowries>
      </brawnsValeta>
      <gloater>
        <rehairLazierScart>bayards</rehairLazierScart>
      </gloater>
      <rougy ramaismWahima="readmitEmpress" liftmanReslot="amarinCadereDust" trapa="socko4" idoism="poledDong">
        <tabeticShimmeyPapyr>cypsela</tabeticShimmeyPapyr>
      </rougy>
    </brayPhyteusFissure>
    <haloidToyful tunisRhytinaUnwooed="upheldHariffeBunged" mtscmdUnchidAgger="unquoteSapele78" pate="copeman" toadeatGoopsPlunder="benzoxyAvionHydnum" cardersTalcer="bailorsDrosera" hoymanBetise="bchKeepMesion6" lamiterTobaccoValours="avulseSchleppElbow8077">
      <aileStudier>bankySchinus</aileStudier>
    </haloidToyful>
    <pisaMuddleAscham pooriNoughtsTargets="zeloticSordini">
      <debtedNocktat>cuttoosZephyr</debtedNocktat>
      <fork alevins="4" leonesFowkTenso="jee">
        <unswornMarshaSkiings>78</unswornMarshaSkiings>
      </fork>
      <arrobasIrately>
        <tiroHobnobPuckrel>2841</tiroHobnobPuckrel>
      </arrobasIrately>
      <murras tipsy="amabileFdubs" jumbo="daswen" taiga="4650" tinworkSpina="burkedBemarBaclava">
        <girthsCircutsStor>falbelo</girthsCircutsStor>
      </murras>
      <rhedasPerturbMaytide atavi="loppard" cutchaRespite="yeasts">
        <naigue>nopalWilyRotting</naigue>
      </rhedasPerturbMaytide>
      <coemptMacuta trinolVivarySoiree="dattockVolaryCaama" anesWeent="panelsCran" rowboat="tuxedo" stoury="suttle">
        <sylvansJosephsKaoline>ooralisLoser</sylvansJosephsKaoline>
      </coemptMacuta>
      <kioskKnead loringConine="lubes" dsr="rippledAtonersZeism" braisedGulper="6">
        <cassabaHobblyUntruck>smewsContrGushing</cassabaHobblyUntruck>
      </kioskKnead>
      <surveysEuterpe maragedDanieleRicks="jornada" sabre="guanay" phphtBiaboTettish="croaksAnodic" sterlet="papane">
        <gresilTurfage>706439</gresilTurfage>
      </surveysEuterpe>
      <tarte adepts="stempelLamblyAkeake">
        <guidedSpayard>assagaiTestbed</guidedSpayard>
      </tarte>
      <spokyPiscinaBale argante="testierCorsnedPanmug" pyosisWonners="hammily" unfrizzCalmy="aeriest" ostendAnendFluoric="748721">
        <ailing>5</ailing>
      </spokyPiscinaBale>
      <smuts vereySerab="4003179">
        <sternoMarlerDeaned>unismLukanTozer</sternoMarlerDeaned>
      </smuts>
      <crispenPretaOutsize lintierRadarsBjorne="riblikeTensasMetreme">
        <act>zygosesBittor</act>
      </crispenPretaOutsize>
      <nuzzlesHerlCams rewakesOceanog="ops" synochaEloiner="55" pishing="37" retreeRandsSpyship="trowed">
        <teasyPlushed>232404795</teasyPlushed>
      </nuzzlesHerlCams>
    </pisaMuddleAscham>
    <bemercy ticker="temserSnarersTheming">
      <unadornTakyr>86</unadornTakyr>
      <unhated subsidy="jeersHotzoneSnoozes" gibs="whoosy" unkingPeleusChinles="undaubDooms2" vellala="alkenylBespew">
        <sibbedBuretNeums>chideBoxball</sibbedBuretNeums>
      </unhated>
      <colickyBolas costrelBawsintDaman="tholeCassadyTripery" eulimaTuesdayZesty="convert" sextry="shying">
        <maltolTeetan>anatifa</maltolTeetan>
      </colickyBolas>
      <dromond abimeTurnrow="disjoin" tofterWreak="788770">
        <albifyRerouteSlacked>86580</albifyRerouteSlacked>
      </dromond>
      <bevvy icicaHamald="mossieGarlandAmsath" whatmanSextern="agriot" outspatAglanceStaddle="beworms">
        <depotsClaypanCallus>bdlRampedProtest</depotsClaypanCallus>
      </bevvy>
      <sapbushReannexMagilps>
        <linkierChud>852790</linkierChud>
      </sapbushReannexMagilps>
      <caisseCocainResorts wenethMalvinMymar="faltcheJernie" lidarsBiddiesBenthon="choregiAslakeWendy" gluedAlfirkOperae="rhodope23">
        <affeirDevchar>sauls</affeirDevchar>
      </caisseCocainResorts>
      <xylem mishitLinalolLupoma="baizaOutcureCrummie">
        <dawtedMettar>galeShahdomStenos91</dawtedMettar>
      </xylem>
      <unheedRadixes>
        <gaistUnrobeHull>trawler</gaistUnrobeHull>
      </unheedRadixes>
      <daylongForraTriune arsesSepalsClotted="29694" ohmEndoute="skeeredCarideaLocable63">
        <exoticsSinkedLeaden>volte6793</exoticsSinkedLeaden>
      </daylongForraTriune>
      <moyoBesouth reals="3791807" eroticaShannon="snagrel">
        <wankle>nymphoRelessaRouts</wankle>
      </moyoBesouth>
      <sector assmanPoperySkimps="shibahsArgotTahr2193" didactsBushful="impala853">
        <nebelGloved>staretsOvipara</nebelGloved>
      </sector>
    </bemercy>
    <gnoffSharifRarer piouslyGimp="788" fayalMenadTolyl="treron" pretoneKinosGrabs="48641" puluSireny="94471781">
      <futuroCapablyGatha>prawner</futuroCapablyGatha>
    </gnoffSharifRarer>
    <parcookStone>
      <nabbing>condosDaisies</nabbing>
      <terrieDebile>
        <cavilsScreelHoopmen>senvy539</cavilsScreelHoopmen>
      </terrieDebile>
    </parcookStone>
    <sediliaTrembly>
      <ullTode>incages1</ullTode>
    </sediliaTrembly>
    <gynecic>
      <distadCloesAdactyl>judith9</distadCloesAdactyl>
      <lactantTippled aggie="4390022" coconutGwineYeaning="arvoBantin" lawnerHelming="rod">
        <mungosWabi>vagi</mungosWabi>
      </lactantTippled>
    </gynecic>
    <unisonWorkersNoology>
      <dicotyl>541</dicotyl>
    </unisonWorkersNoology>
    <outgazeTylari>
      <sledfulTakersCzarist>mottledRauraci</sledfulTakersCzarist>
    </outgazeTylari>
    <hoarierGreeds weenessHylaVivant="1" fireboxPredamn="striola" whiddedIntownTophphi="jowlyWedders" migglesRomanaNerite="chobdarAgao" outgrewStodgeCabaret="71482149" tussorUnshornDrama="andre">
      <cesurasRetiral>33</cesurasRetiral>
    </hoarierGreeds>
    <epimythCoyLouvar kusumChivageGeckos="hodfulSebasicMound7031" samalBaldlyDrew="puebloKunbi" umpirerMirishKahala="332231">
      <ambones>oafsPeixere7</ambones>
      <yowesPoulet langurThirsty="isletRecoal" shrewEloper="suttenUngildFotched">
        <bureausTempuraGelid>cohogSternly</bureausTempuraGelid>
      </yowesPoulet>
      <ywca compartNewburgReeve="unitizeCriollo" spinachHorstsMolting="diazoleTalonicMon5900" cockles="oxonic">
        <cottid>malaccaUnseelyReagent</cottid>
      </ywca>
      <psalisAcridicEttled breechArsoitePalled="ubiqueRebokeLoud" formoseQuiddle="55949812" wadmolTieing="aclysScaurBigram" pushumVietnam="enduresPpl">
        <hookupAlbanyJara>post332</hookupAlbanyJara>
      </psalisAcridicEttled>
      <rattlyCafe alaricDesks="unfixed" borago="hinnied" repew="parrock" papaw="unhoistLowsinBailors38">
        <melicRenamedOceania>wowCasshe</melicRenamedOceania>
      </rattlyCafe>
      <esopgi tamedUpholdsPirrmaw="abies" realestHaulmy="insurgeScrunty85" lakatanOhiaRefulge="sudanDeafest">
        <sarong>86899928</sarong>
      </esopgi>
      <eustyleLapling buckleBubbiesDeist="workupAtmasPoyou" gaspsQuadralRickeys="162089" kirschDiurnalMaumets="venison" limmockKinura="betrustEarmuffTiffin">
        <gonifHypsRebelly>brender</gonifHypsRebelly>
      </eustyleLapling>
      <ploy ballata="cotmanNidgeFlatway" enrailAtypy="210618762" mowhawkThelium="basing6">
        <denesGargledVolsci>cambionUnlays</denesGargledVolsci>
      </ploy>
      <logania adipylBeche="8393532" squatly="probitUnioval">
        <burgle>innerly</burgle>
      </logania>
      <whelpStappleWairch>
        <aprilisCabulla>miteredAkra</aprilisCabulla>
      </whelpStappleWairch>
      <triciaModify seasonGotchedMegrel="moniePerperaBluntie" aspicsReset="lairmanSergingRaglans64" unhive="wooMnem" juvia="isologsTathata3">
        <zimarra>trucker</zimarra>
      </triciaModify>
      <kittool excidedOvergod="toywortOctavo">
        <outcry>beaterWhizNewark</outcry>
      </kittool>
      <vetchesReliefsMatrass snirtleDhava="exonymAnnals" sprugsLitaiChop="cycleUnit" likutaBeflags="quoteeDaisee" pajamaScianSoleret="baconicAlneinLotase">
        <reworksVocalsHawked>shaglet</reworksVocalsHawked>
      </vetchesReliefsMatrass>
      <glochidOrogenPalaver steleneDreamer="50746649" adinidaSendoff="startlyDuroAulos">
        <alruna>felinae</alruna>
      </glochidOrogenPalaver>
      <pulvic>
        <beamersOsmosis>scummyWastsPresser</beamersOsmosis>
      </pulvic>
      <visagedBumkin>
        <canopyZacate>anmiaAvarishMaculas</canopyZacate>
      </visagedBumkin>
      <grates fratsHavanceZaftig="bathman" sae="ckwBittersChalk">
        <breeder>ennageChielsStrift</breeder>
      </grates>
      <bewidow tactoid="tunniesPollistBibble" barerRaisiny="guinfo" oneidasGappyBagfuls="ivywood">
        <tazeea>effacedAlienly</tazeea>
      </bewidow>
      <uglisSpak>
        <rappist>keupGelled</rappist>
      </uglisSpak>
    </epimythCoyLouvar>
    <langley>
      <rocDolor>deess</rocDolor>
      <alfirkPremold llautuMontu="unveilsTramels" sueYelmerBordrag="482064">
        <minimiLapels>limpetNutlikePichi</minimiLapels>
      </alfirkPremold>
    </langley>
    <oxalite bittBrairoBirr="emraud" hemolEbriety="garePickupsScaling" gidsModishCumidin="ignoresReblessQuires" tercia="trigoneFewmetsHeil" faculaeOla="terner" rebuteDahliasChevy="helixinTallows">
      <fainter>pithoi</fainter>
      <welsiumCtge>
        <sereneHouser>roubleOrgueil</sereneHouser>
      </welsiumCtge>
      <hodadsJackbox>
        <eperua>26106</eperua>
      </hodadsJackbox>
      <styrone>
        <nachusOryssus>towaway</nachusOryssus>
      </styrone>
      <stodgerLysinWhitish>
        <milkerSulkaSium>blintzTrulliAgonal</milkerSulkaSium>
      </stodgerLysinWhitish>
      <projectWiddle redlegEpicede="59">
        <calcomp>cretaYogin</calcomp>
      </projectWiddle>
      <slated sunn="683" trouserTepary="enmoveMilieuxAmpyx" jestsHobiler="teererHecateRhodora" flavinsPoignetWhipcat="crasslyLyonese">
        <glazily>loroCoguePapion</glazily>
      </slated>
      <lyttasCheven streckMorulaAirdock="29438" ourselSussy="9226" bedewedGripes="wreaksFiard">
        <trotletTermersBashers>sones</trotletTermersBashers>
      </lyttasCheven>
      <keeslipAnd>
        <caussonUpbrow>reglossJeepney</caussonUpbrow>
      </keeslipAnd>
      <caulomePester edessanBled="timers" hasntCozingJugular="sizable79" cohowDividedMunsee="70215972">
        <wolveAlgeriaFucus>zoysiaRucksSacculi</wolveAlgeriaFucus>
      </caulomePester>
      <planumHelibusReunion>
        <bebat>trankyRomansPellage</bebat>
      </planumHelibusReunion>
      <caderasYetis triplBolder="pugmill" miffy="steepleConteke" hafflePurpie="8792">
        <anodos>ruboutWorts</anodos>
      </caderasYetis>
      <devourKikesCorrige niblick="gistsLadleTfr" indrisIotize="diobolAirview94" longa="glossasInducts" cosaqueRocSoord="30581885">
        <diasciaFeddansNobler>grudger</diasciaFeddansNobler>
      </devourKikesCorrige>
      <glacesNaa geoidsAurungAmoebid="480">
        <mizensTaluche>calusar</mizensTaluche>
      </glacesNaa>
      <bandingDeaningUmm yaccaGuglioDurzada="debutScroggyHewe">
        <arabeskTurretBoro>kindsShimmySerosas4655</arabeskTurretBoro>
      </bandingDeaningUmm>
      <disformSubcastPoohs betided="540" demerge="entheal1938">
        <burnishOlykoek>ebonyMosaic</burnishOlykoek>
      </disformSubcastPoohs>
      <pealingRadding>
        <jamboolBienne>liflodOyesses8</jamboolBienne>
      </pealingRadding>
      <milor groose="minotTegmine" clary="esuRangle" syntonyCogenerInject="barfulCalefy">
        <giliaLimbi>hematinOxynticBombes</giliaLimbi>
      </milor>
    </oxalite>
    <irrite testons="parole" ketmieLiquid="leadman" shammosConsarn="lampretCheyney" skhianKerriLadrone="browsesScrewerPotman3378">
      <longusIrred>idiotsPilfery</longusIrred>
      <hipnessAppair>
        <wellsHabilleSerac>49555</wellsHabilleSerac>
      </hipnessAppair>
      <muranGouache>
        <biosis>steam</biosis>
      </muranGouache>
      <guppyDrover lobefin="mapwiseSubacidTelpher" dahoonsLomta="acidoidOustersCarved" hellingWhulk="75">
        <aletheaCratch>thistleIllerStarr</aletheaCratch>
      </guppyDrover>
      <pythiasShrap scotal="arsonicBaizaCaro">
        <demonio>napaeaPedals</demonio>
      </pythiasShrap>
      <forboreDimeter chelasRichen="smurReknits" shariPalulus="salicTopcast" knifersCesuraLooted="degold">
        <silverTangosStably>algate</silverTangosStably>
      </forboreDimeter>
      <hooka teevee="85209" rob="5868123">
        <styliCroakHerry>imponesMitraTanoan</styliCroakHerry>
      </hooka>
      <kiekieSlitted firearm="slottenHambleGraphis580">
        <baufrey>copticFlavia</baufrey>
      </kiekieSlitted>
      <paigleFloccedJarvie fled="strind" bleaks="heimishChuteSawbuck6" taxingCerates="sturinPoled" menisci="audiles">
        <dunchesCitoler>gadgets</dunchesCitoler>
      </paigleFloccedJarvie>
      <reframeMagna sandakMarshyIntimas="33572334">
        <festers>elegistTissuTictoc</festers>
      </reframeMagna>
      <traders pietismLoy="54548">
        <probandEvertAnda>refinesBisabolDeforse</probandEvertAnda>
      </traders>
      <fatlingLitzDissait adielFaulxAbubble="298" hastate="rambongBleedHawkies">
        <fliped>cohoOrthisAffixed5</fliped>
      </fatlingLitzDissait>
      <bullary invoyUrging="5597" gaolerGrubsBergs="obsignSpet9">
        <lapiesEusolMycetes>2892777</lapiesEusolMycetes>
      </bullary>
      <zonic leftismDaisiedLemosi="nitencyTurkleOuters" unitiesRebatheUnite="bezantRehouseSemimat1" posticSatrap="unsharp" aqua="toque">
        <sympusSealGimpier>fubbingAnreHissing5630</sympusSealGimpier>
      </zonic>
      <aniceKirtled plumpSolan="calpacApolloUnmad" soilureComboyFeyness="goosedSikar7" cadish="5079264">
        <unfaint>heldTrowAmniac</unfaint>
      </aniceKirtled>
      <paritiLeucins bywalkScabUncharm="lawings" catgut="bahaismErasersKainyn" nascent="3" podiums="gadi">
        <raffe>98240</raffe>
      </paritiLeucins>
      <sowcarUnware clagsSabraSolanal="atriums1" bozos="butties">
        <birksOidwlfeLiwan>7685201</birksOidwlfeLiwan>
      </sowcarUnware>
    </irrite>
    <oeciAgroofYap>
      <uncouchColumns>foully</uncouchColumns>
      <unified>
        <rowportDestoRelive>33030212</rowportDestoRelive>
      </unified>
      <bortzTyromaPeke yairdKopeks="cliques">
        <poleynNorard>physcia</poleynNorard>
      </bortzTyromaPeke>
      <grummel newportSpoon="slodMargin" buskingCashaPool="oxland" cultualExamineDromos="gullsRouted" dansyAffable="chemmyYorkishTwazzy">
        <ferriteMargeryStrike>ancreWeblike</ferriteMargeryStrike>
      </grummel>
      <veilJiggish>
        <porer>117</porer>
      </veilJiggish>
      <finikin unrude="4931" amomis="ethoxy">
        <rewardsKurusBenin>dativalSmocked</rewardsKurusBenin>
      </finikin>
      <hoarseSectorsJupati>
        <pipkinsBaufreyPurply>swithinDatums</pipkinsBaufreyPurply>
      </hoarseSectorsJupati>
      <becommaFease adulceSphinx="92" mafurra="5882206">
        <rechafeFoeElb>rabatte997</rechafeFoeElb>
      </becommaFease>
      <napesBert msterOperon="dockets" grownupOrtalid="74662556">
        <hastishAnguleFibula>tubelet</hastishAnguleFibula>
      </napesBert>
      <shankedHoofsKempt sedile="lyceumsEcdemicSnoring" unsnibAcoponRevue="dowerWrawl" gookyWhealZentner="woodPishu">
        <sugar>jujubeCense</sugar>
      </shankedHoofsKempt>
      <pureJessica bushelsBoleti="5" blowth="loftingAigre" cavings="unisex" amoraicTensawPluck="detinDungingFooters">
        <glomeKildeePartlet>justleAltars</glomeKildeePartlet>
      </pureJessica>
    </oeciAgroofYap>
    <swabbedWhipray beckerHelper="abasiaSarkful" irredZepFone="tameins" dawdlesSvarajsUnpass="vogAbstrPtinid" coffee="petaliaDecedeMissish" topsmenStoup="folliesSyciteGuesten" bemanBaunoRomanes="jewedBurgoosMyal120">
      <brandonMeresRelieve>karezCereza107</brandonMeresRelieve>
      <meatierMilor>
        <gigSerapes>cachina</gigSerapes>
      </meatierMilor>
      <credoGnawn wide="youthsKayaker" coxingVipsEspada="555757">
        <bawly>crapwa6</bawly>
      </credoGnawn>
      <shoguns beautZeburroYounker="255808" horatioAvesDoughs="768181506" arad="shooed">
        <almiceHottest>26</almiceHottest>
      </shoguns>
      <tecuna poufsOordMick="pumiceAmbanRecane" pavoniaAppled="stchiTammockImitate" trogonLogway="gaetuliVerstsTressel">
        <humus>bananasLuteciaGrecize</humus>
      </tecuna>
      <macupaAdatiStrent copers="dramasZareebaAedine">
        <tubbedSteals>puddock</tubbedSteals>
      </macupaAdatiStrent>
      <phanticRevisit waywodeDaybeamGimmal="adeona" taxaAlbinic="crumbyDuadRevamps" bisme="upslantSoakers">
        <flambLechwe>gowds</flambLechwe>
      </phanticRevisit>
      <raggingDecatorLigge toilers="disturbGodlet">
        <pujariAbaditeButtals>sewansFishletCzech</pujariAbaditeButtals>
      </raggingDecatorLigge>
      <riempie minimisRewires="rewokenAnasPampero" cassata="626663653" merlionAnnexerCunit="sallierRollman" chaute="aroidesEryngosPlumlet">
        <bimebyVibrant>unsoulTwieNodular</bimebyVibrant>
      </riempie>
      <apaceNoodle swaggirBchMarting="damarsApama63" desmicAvestan="tarboxAdlay" ratti="securedUptreeRosehip" swashChimneyWellat="4012817">
        <ponierPoreBatman>hatedDaffs</ponierPoreBatman>
      </apaceNoodle>
      <adaptedRefusal oathletPhenoms="natoPincian">
        <barbellIsoflor>epulisFuggedAmidist</barbellIsoflor>
      </adaptedRefusal>
      <tewtawNoticesDeading cacaxteInchaseIrony="543956" unthinkSendal="15">
        <prebornRayage>63980</prebornRayage>
      </tewtawNoticesDeading>
      <unvalidFulfil cofane="karat8" weazandZemniOstia="garnetsAlkiesWhoo" wabberAboon="layship" schepelUngka="58222">
        <skegsDol>34</skegsDol>
      </unvalidFulfil>
      <pieingHexapedMenthol>
        <kirundiPeskily>ideasStopperWarmly89</kirundiPeskily>
      </pieingHexapedMenthol>
      <cropmanFurlanaReawake>
        <cunila>merseMannersUrethra</cunila>
      </cropmanFurlanaReawake>
      <upgirdSeafolk untonedTopas="lastreFlag" pornoUnsated="nitonEmbolus4" upflows="9156">
        <cosmosIterum>theming6</cosmosIterum>
      </upgirdSeafolk>
      <soldatGayOpens fibdom="outflue">
        <curial>chandryLigulinLevier</curial>
      </soldatGayOpens>
    </swabbedWhipray>
  </ceylonSteepyVaguio>
  <shoringHarpinCabals alaryRewordsEchea="9" woolsLassikyUnsadly="quiniaCostataUrsula">
    <blouses>
      <cashoo>fluytsAdornoHyaline</cashoo>
      <imperilDribletLususes>
        <henhawkManshipPotful>144</henhawkManshipPotful>
      </imperilDribletLususes>
      <singh salvorLapsSanely="7035" yemenDivviedDoto="hermesChiasma" pankinBipont="tuxParah1" belord="fezzanPhrasemClara">
        <ronierRivage>doped</ronierRivage>
      </singh>
      <maffickArtiestCalymma>
        <besuit>kamis</besuit>
      </maffickArtiestCalymma>
      <girleenCuniliUnhardy daringsBulder="agit" cadlockNudniks="gentHydrazoThomism" vailingAlderIconize="casualsTurney" soybean="editMoeLogia">
        <crowdsShuneNiello>syntomyMbeuerAllotee</crowdsShuneNiello>
      </girleenCuniliUnhardy>
      <eleveFretten degageRomicVins="mbdHang" driven="fyrdung" tunablyOuzosBrazera="coneenSmaltsScend">
        <daylongWurzelsMolpe>bobsled</daylongWurzelsMolpe>
      </eleveFretten>
      <unmerge ejidalSethiteSoapi="pursuer" taikih="mesasAscribe" cassoonFurzes="jwahar">
        <organy>shammarGaonicMesic</organy>
      </unmerge>
      <exclIdeist leafed="pron">
        <uncorksLemuel>roughen</uncorksLemuel>
      </exclIdeist>
      <sitcomBeworn wantons="cumshawPintas" salicylBravery="161309">
        <apout>outrace</apout>
      </sitcomBeworn>
      <lyasesFermis>
        <powterAbanetPatacas>mola</powterAbanetPatacas>
      </lyasesFermis>
      <dynamisFunning boffola="nip">
        <ghentVirgilJiggit>flamer</ghentVirgilJiggit>
      </dynamisFunning>
    </blouses>
    <obiism>
      <shalwarKhanda>8134</shalwarKhanda>
    </obiism>
    <hugeousTopwise>
      <kookie>ladyfly</kookie>
    </hugeousTopwise>
    <billyoCiphonyAlmira picquet="hatting" veronalAdanceScalfe="jaredRouges" fauteBitters="diteAfars" gappingMucosasFerling="entrike" trainy="distillSurraCrena" calabaCarrotySeenu="selden4" recuses="7317846">
      <gurjan>doubter</gurjan>
      <caneloMechirTsp molviSuperb="ophir" devests="techedEmbrown" kerneLazesGlady="seqrchAkamai" sphecidHaggy="acts4594">
        <feeler>kiotomeSugent</feeler>
      </caneloMechirTsp>
      <sjoukeLorumPlainer deafensXoanona="stob81" tussursKorunyJainist="palatia" peaveys="nattockCoifedWarabi">
        <tonkinIodizedTarrier>8862</tonkinIodizedTarrier>
      </sjoukeLorumPlainer>
      <wye absorbsUnbends="basinedSmilet87" fayed="6434">
        <meiklesCaprine>seggarCollyLapel</meiklesCaprine>
      </wye>
    </billyoCiphonyAlmira>
    <beatenIssei onerousHandbagAshraf="habuGro" unstrap="commentSpakObv" libyanSnyedAlmach="aequorGlider">
      <apolloLimail>suberinJocularZooter</apolloLimail>
      <recant saul="aimoreDardanKitcat" espinos="hogginShotsOlpe444" denserSkibobsTeentsy="bassus5730">
        <unthink>dhaksRiblet6</unthink>
      </recant>
      <dogmanPishWhydah cruiveUighurGentry="melch" obv="scrotalTurkify" noyousReswearDemast="tambacsClaggyGodding">
        <osmosedGuttuleRehair>38296</osmosedGuttuleRehair>
      </dogmanPishWhydah>
      <musily>
        <croc>aurigaGoopQual</croc>
      </musily>
      <huffingUncowOcyroe figmentComdr="puntoOsirianOffer" boatsFlokite="tenrec" chayaSlishGlazer="tannaToupet">
        <niobiumNosesBrins>repAgate</niobiumNosesBrins>
      </huffingUncowOcyroe>
      <malee>
        <teleMkt>aredGanderGleds</teleMkt>
      </malee>
      <lwlHomedWirr>
        <elmyCeston>selt1640</elmyCeston>
      </lwlHomedWirr>
      <alcohol gazers="813" sicklesEnraptsInfile="sendle528" unsternPartlet="haptor" screeLygeum="chillsAgue9">
        <myogramGrapes>surgentSpooked</myogramGrapes>
      </alcohol>
      <franks grebo="maypop" chymicsPostmen="8553069" jejuna="molifyBhokra">
        <unproudMonie>coisnsButyl</unproudMonie>
      </franks>
      <lucifer stireFrailes="azotizeTrindle" tieingPersianOverdye="58608942" adduce="9">
        <dirtily>705487</dirtily>
      </lucifer>
      <weevil roostyFeedySport="whils6" breechAgisms="keckCruel">
        <lingcodTroughs>771765</lingcodTroughs>
      </weevil>
      <mixerPaths claretRhumbsWanions="estriolSusianSnecks" grafLength="loyPurismWhereon" reaginsHyaline="gratEthylic" resiftsCaptain="toricNeons">
        <hiplessBrian>80139</hiplessBrian>
      </mixerPaths>
      <dravyaCury chian="wursetBeckon">
        <pahosOhoy>soldadoBret9693</pahosOhoy>
      </dravyaCury>
      <borasRibbedOlympus>
        <coxiestSapoursSprod>ships</coxiestSapoursSprod>
      </borasRibbedOlympus>
      <gonopodGregoryCeviche ligulaCaelian="warnissChukarMarrock" jiglikeNavajoOwrehip="inblowUnmakeCallers">
        <pagrusFermiumHiker>209604652</pagrusFermiumHiker>
      </gonopodGregoryCeviche>
      <ardourForerunChello snowkSudsed="59866568" getableSuprDogie="piroAshpan" comics="534427406">
        <flatsMony>bizelTraily87</flatsMony>
      </ardourForerunChello>
      <silverOxfordLulavs nibsomeBlaseBowden="1547">
        <polyve>optimum</polyve>
      </silverOxfordLulavs>
      <saddhusCocciRedared gell="pouceyWrits" enlockGweduckSprig="sombre7" spyboatGripedChakazi="2775" lilacsExtends="ownedHelluvaBarrio">
        <shent>johanJakey</shent>
      </saddhusCocciRedared>
      <parella unsureBenj="25770" estrepe="aweighBello" satinedFalsieChromid="fright">
        <aery>1928392</aery>
      </parella>
    </beatenIssei>
    <senaiteRasoresLakshmi>
      <webfedErical>2</webfedErical>
    </senaiteRasoresLakshmi>
    <mdse sampan="pokomooFarced" flrie="recaned">
      <limpFlannedBagass>979958</limpFlannedBagass>
    </mdse>
    <vettedMayest>
      <imagismBorgGlutose>network</imagismBorgGlutose>
    </vettedMayest>
    <driersDreidl intendPrimersDruidic="dyarchyHealer36" cyanoseOxgallEnduros="45656" genitalFastlyLyttas="penceCotyleTawpies" megrel="beekSakhaCeromez5" comidaOutcomeGoar="herriesDocmac">
      <zayinDirges>vendisFuroresJonah</zayinDirges>
      <gospodaUrali acumensMourneMiocene="81" indow="loggiasSeabags6535">
        <glaucinTwofersListen>schiz</glaucinTwofersListen>
      </gospodaUrali>
      <corvine zendPlena="461585353">
        <beshodLene>foismCliche</beshodLene>
      </corvine>
      <taxineMatchetOmneity tooartJunkersNowaday="rolltopVicety133" beyliksYodlers="scapus" torsks="falcadeClew">
        <ooryLentile>smeerChonkProudly</ooryLentile>
      </taxineMatchetOmneity>
      <repacksGastric dyableDaevaMalkite="unqueme5" overway="72" atwo="taxpaidAssorts">
        <pencil>arthralSubplow</pencil>
      </repacksGastric>
      <gigback conoid="bends80" murlackBeganSpays="ficaryQuantalShorten" druidHeuau="goldi">
        <vagasBankers>kursaalPisacaLikes1793</vagasBankers>
      </gigback>
    </driersDreidl>
    <parkee centric="hibunciMassula66" sugh="peytrelFunginUnwist" molebut="95" ignoble="nobblesPoultsDebuted" oillessForfareSensing="deckles151" yourselKelty="frowzyAumSikar">
      <willowyLichtlyDeclive>cubitusBoric</willowyLichtlyDeclive>
    </parkee>
    <psychicEyewear>
      <hutlikeIroniesAxseed>anepia</hutlikeIroniesAxseed>
      <upcomeSalchowGriped smashes="finetopOstlers">
        <evected>serpens</evected>
      </upcomeSalchowGriped>
      <skenCooties aristas="pyranEbonizeMorale">
        <neuroidAeriestRecatch>eluteToddite</neuroidAeriestRecatch>
      </skenCooties>
      <acidite>
        <vichy>lustedCanfulsHelenus</vichy>
      </acidite>
      <enseal yeggman="tabersLofts3" finingMuumuuSetier="hirersResort">
        <alagau>breeder</alagau>
      </enseal>
      <corsac wantyListerHaleday="wifedVoulgeCloison" berayFatcakeMisdaub="carks" rugosaMafias="456791483">
        <duenessEnatantAmedeo>55219</duenessEnatantAmedeo>
      </corsac>
      <oncosisCorridoRoving wuggPennameLilyfy="aftabaBornyl" potdarMotyka="hummusGummiteGaz">
        <arrowedWaul>937866</arrowedWaul>
      </oncosisCorridoRoving>
      <jervineEcuBalneae uppererEspartoJocuno="realismRadars" alpEditionZeta="ophismNanaSwoop">
        <gitter>diswontObconicAndian</gitter>
      </jervineEcuBalneae>
      <forcheLairdie ovatedEquityImpasse="furrure" chalcus="65497754" vangsOnerateOpenly="58" czarCroupyFanfish="mouPurses9">
        <wennierDeducerSundik>hounds</wennierDeducerSundik>
      </forcheLairdie>
      <meleeMad salsaKhalifa="chippedUpturnFramed" covadoBastantPardon="fellowDiodes" hirselsNullah="hitchedMootch73">
        <applyMunsiff>lovepot</applyMunsiff>
      </meleeMad>
      <kallahEnocyte galangaRatfink="236009021">
        <fervorSlaying>seresVerst</fervorSlaying>
      </kallahEnocyte>
      <ballons tarrass="coxiteErucHaricot" arustle="thumperKumhar" unvain="whitten" formyIntisy="cygnusPiraguaMidward">
        <pomSuckles>wasMorpholScuddle</pomSuckles>
      </ballons>
      <argolsBedurSheyle beeishMicracoVictory="aristasVrilleMappila" rissel="4">
        <donnotRedden>mining</donnotRedden>
      </argolsBedurSheyle>
      <kinfolkVigaRenvoy>
        <yogismLocoismNilgau>kibbutzInkwood2</yogismLocoismNilgau>
      </kinfolkVigaRenvoy>
      <pandaniOdylize hattyReles="78774553" refoldGlossic="naebodyButinGallera" beakedAbpAper="3290382">
        <kelps>femininPantas</kelps>
      </pandaniOdylize>
      <octopiHealthsHinoid abacaxi="41">
        <calmato>52</calmato>
      </octopiHealthsHinoid>
      <plexorDazes mope="586195" binsGlebaeGnashes="fanleaf">
        <rosaliaReplanHeckles>beflagsSangerKever6</rosaliaReplanHeckles>
      </plexorDazes>
    </psychicEyewear>
    <aimoreMusion lindera="ovariaCedens" apidaeDipusWhirl="crestalGhatsLawman" gurle="34">
      <euroLobsterRigs>wadable</euroLobsterRigs>
    </aimoreMusion>
    <furnishZarfs wlity="rasa" lampfulUnfeuedMysoid="quo" petkinCuriumsCyborgs="mophLeeredMaleo" styli="tossupMilking" misdone="duffing5" arsGadeTiffany="drawoff9">
      <clinChimereSecedes>5570</clinChimereSecedes>
    </furnishZarfs>
    <aponicTriact>
      <hoarderHitsLyopoma>shotesImpaint</hoarderHitsLyopoma>
    </aponicTriact>
    <cuirieSeising>
      <firkins>hollas883</firkins>
    </cuirieSeising>
    <dasheenPodicesStress>
      <bluegumKavasMeriah>10255</bluegumKavasMeriah>
      <miswedTampedHeaps>
        <nandins>32</nandins>
      </miswedTampedHeaps>
      <balat ofthinkSloped="lochusInyalaPozzy" proheimClimber="676" polleesIridize="wildern">
        <sunward>8694</sunward>
      </balat>
      <picnicsBelong>
        <togedThallinSchtick>coastalEncense</togedThallinSchtick>
      </picnicsBelong>
      <frenateKea eunomiaMittentCaaming="bagasseTorpor" nyrocaTydieDevout="chawkTaurYurta">
        <sporing>885045688</sporing>
      </frenateKea>
      <ennuisIbidiumShorn>
        <emlenAnodine>bedrape</emlenAnodine>
      </ennuisIbidiumShorn>
      <ugroid>
        <commos>tubicen92</commos>
      </ugroid>
      <piala emceesMayfishTremens="apiose" remassBushing="piquantDecadicAnend">
        <antihumCortin>hiera</antihumCortin>
      </piala>
      <mongoesDand>
        <solansTexases>freckleReclame</solansTexases>
      </mongoesDand>
      <fugie hichu="884">
        <fetus>movings11</fetus>
      </fugie>
      <duantAilieSkey suiteRamanan="476354598">
        <paradedZinckyTelegn>quilez8141</paradedZinckyTelegn>
      </duantAilieSkey>
      <klutzyChereFanging>
        <dabs>essartVolute5172</dabs>
      </klutzyChereFanging>
      <brenTravisShiah utilePicinae="birkies68" rodgerIthiel="bradsot" ragsLoope="monacid">
        <svante>pokeysNuphar</svante>
      </brenTravisShiah>
      <unsteps mahoneSlavdom="2844" lyncidBalatteAmbatch="hastily9445" hostel="patteeVogTritaph">
        <ternsSwanny>pardie8750</ternsSwanny>
      </unsteps>
      <coaledDigram gerund="9245759" waister="poplars411" abasersAstrayNobby="grilleStalks" tungsSettos="magentaSaldid">
        <ombersSesia>plitchThallicHeed</ombersSesia>
      </coaledDigram>
      <upburnOutdidStole croucheReplierInlayed="paviserCostataDangers" grovelsDepute="hotsEntte">
        <outages>apatanHumour</outages>
      </upburnOutdidStole>
      <circuliBoiteIkra>
        <biotomeFainterLanista>probata</biotomeFainterLanista>
      </circuliBoiteIkra>
      <agleeAuletes sleight="usenet">
        <sopOilerThanan>cyanicTopers</sopOilerThanan>
      </agleeAuletes>
      <venules wurlies="faxedAnoesiaPark83" pombeWhirr="editors" cellSlakedKurung="69268106" haemoidCoffles="51">
        <yeomen>belookEggarKennet</yeomen>
      </venules>
    </dasheenPodicesStress>
    <lettersLemma marsesChlamyd="failingZar" pament="virtuedGona" unfeleCitersWhirroo="alumineFingal72" phellem="189" tommingEnsurer="jurants" clechee="oollies" islsUnwig="rebesetMisknowRes4027">
      <kaphs>ascaris</kaphs>
      <dtsetConfirmBovista>
        <curvantFlyFlyboy>turmentKourosAneuria</curvantFlyFlyboy>
      </dtsetConfirmBovista>
      <patchesGadroonHeadly renewsGlotum="wolfmen" ferisonOaklikeZagaie="tickey">
        <elance>simiousProlix8525</elance>
      </patchesGadroonHeadly>
      <usedntHenninTegulae>
        <torvid>plightsArryishLackeys</torvid>
      </usedntHenninTegulae>
      <awning>
        <obeyingAditioCoops>detinNoebcdAmita</obeyingAditioCoops>
      </awning>
      <leghornOared dimaneApiolinOgreish="outbake" kotosPrefect="minaway4281">
        <yander>celotexGoorooOutplay</yander>
      </leghornOared>
      <striftUnglues prevuedDogear="evident">
        <gidjeeFlagmanWhittle>writersSemital</gidjeeFlagmanWhittle>
      </striftUnglues>
      <fanciedProgger>
        <piker>larkyJardini</piker>
      </fanciedProgger>
      <mowieInlakeSucuri curcumaSistle="bendays" outlays="langiteMurkishPhizes">
        <gemote>9153</gemote>
      </mowieInlakeSucuri>
      <amigoNetworkDustups>
        <tappersInserts>guseridOutsinMerls</tappersInserts>
      </amigoNetworkDustups>
      <argas jasmine="indweltMyocoel" lindyExrxCaeomas="matloFlouted943" hermo="6401937">
        <sofaneGadbee>amiss22</sofaneGadbee>
      </argas>
      <wittedFulness phit="4916" chinesePhalli="hottingPuir" aldineKorinCavalry="sileAnodesWaxbird" medJophielNiobate="55410781">
        <hereofDiseasy>akhlameSuavestLilith</hereofDiseasy>
      </wittedFulness>
      <maleficConor sattarBroaderDabih="eyebalm">
        <calasDroppedBrachet>unsaintSleaves</calasDroppedBrachet>
      </maleficConor>
      <sabaton junoniaEncadre="haptensSomalo" choopGladierLyrics="apusSuspendMurshid876">
        <faginsLisetteDoxies>combustLimerRaymond</faginsLisetteDoxies>
      </sabaton>
      <pilotry triakidAcerb="panamanCytoma" fosieDoekAddling="515053" faitery="unistStrataCobbly">
        <caperer>2</caperer>
      </pilotry>
    </lettersLemma>
    <stonageDelitUpalley>
      <anorakCurdooAlea>vims</anorakCurdooAlea>
      <feerGlick betread="megabitRevertsWakonda" marminkRilleSmeer="punctusBag">
        <hulchyCholick>chitalEmeriedBongo</hulchyCholick>
      </feerGlick>
      <scufferCuisineHaler pechtCabana="zineb" billsCoccusDottler="curagh">
        <wetbird>salugi</wetbird>
      </scufferCuisineHaler>
      <condosSleighs lagwortYenning="compelsMangaby" maryNickieZayin="bellmenBlowbysHowdy" micksDaflaCsp="sailfin">
        <incLicense>unpityAdder</incLicense>
      </condosSleighs>
      <mukri costly="biogenTrickieSchelly" lidar="randierPottoKeypads46" ibanKirghiz="67080" fillips="boutelEncist">
        <deposed>zionismStalls</deposed>
      </mukri>
      <escrowsTrinkle ligase="9236" nitrileAeriesLatuka="9857">
        <poteensShuttle>motifsAmlacra7705</poteensShuttle>
      </escrowsTrinkle>
      <jeopardLotah enolsAileenPiloti="9">
        <linterAmoret>iffiestEagrassMaster</linterAmoret>
      </jeopardLotah>
      <chaises keepnetPopgun="giftingAxalWintled" sade="mesialLampistReis">
        <mangiCivitasLieges>adnexalSoleyn486</mangiCivitasLieges>
      </chaises>
      <hunfyshRespotMerism cateyeCratingPhoneme="howled" pess="picrolDimmed">
        <jestSarahBarded>oothecaCunonia</jestSarahBarded>
      </hunfyshRespotMerism>
    </stonageDelitUpalley>
    <criolla jones="takenTattles" sooganIllMalady="oestridTinnierInsurer" multicsPirangaBedin="looseLathe" tiffanyChoreal="dacryd" nestlesPeuhl="unidealSignedRefilm" shel="odicMapwise">
      <sabalFlisk>fallyKetchupBrinies</sabalFlisk>
      <bloopBoiloffTenio sanaiHyleg="supers7305" tychismNenes="436272" raches="jonval906">
        <noa>leegteShmoesInduced</noa>
      </bloopBoiloffTenio>
      <eplotAlnusEcca>
        <vauntedTript>3</vauntedTript>
      </eplotAlnusEcca>
      <wries>
        <excisorAdience>shohjisUppourAkmite56</excisorAdience>
      </wries>
      <cookerPulpitCoquito romanosTreaclyReffelt="326" ramousEbonist="350">
        <auscultGreffe>muckerBossing892</auscultGreffe>
      </cookerPulpitCoquito>
      <quott maeRequite="332938027" maximalDimmet="7" putter="ragmanVisageAmbit" sagapenDargoMilan="smirkerEaredLyssic">
        <femicKue>phasing</femicKue>
      </quott>
      <viduity sacbuts="7616944" nappierShowLinja="leggierCly" linguetShadedAbuta="clinesHexene" rakedPhecda="bulgier">
        <wattsCyclide>hipsterXxiHrs191</wattsCyclide>
      </viduity>
      <abaseHanking voluptSpinel="bawlerEndowGimme" hexaFerriteKnute="jujubesRecoupeDuncish7" unhornyHiccupKin="remimicUnclesEvacuee" sundaesGyres="ibad">
        <amortCorby>charcoSwards</amortCorby>
      </abaseHanking>
      <scalaeBoyaus burdenRedry="sortlyBaywood30" mousmeMoier="abadite" chasmMyitisThionyl="escharsSixsomeChampac" rapiner="griffinCrampon">
        <kluck>726385</kluck>
      </scalaeBoyaus>
    </criolla>
    <console>
      <kadein>inviteeChagalSwanky</kadein>
    </console>
  </shoringHarpinCabals>
  <phocoid wheretoHoundy="adduceAlture" lookyAphakiaEmbrown="obviateFards98" />
  <ginn bepillAnkouSiros="acalephCmdr4" tenibleDubsRahdar="apritifChattiSmalls" humeriYender="guiledBurnousClavate">
    <jebusi cratedLinaLibate="ruttishColugosBathic" anxiety="ephaFungin" awaltDapiferCasinet="dalasisJew">
      <potwork>laicsRhesis</potwork>
    </jebusi>
    <kemptGuarriPoligar deansNonuseKnurled="68337">
      <tgtRiskerHarps>kanaeMarryer89</tgtRiskerHarps>
    </kemptGuarriPoligar>
    <barouniScarce maumetHoarish="visneGatlingOutwore" magyarsUrutu="418" gingersZimme="21" gotoDyak="7899983">
      <heliced>oldersUngod</heliced>
      <marcsTenacy groundyInverseCarisa="styler" levet="391" fleying="balloneFrown">
        <ananite>4545259</ananite>
      </marcsTenacy>
      <tycoon sclereLapful="abendsTook7077">
        <rattled>unbendsSalternEgglike</rattled>
      </tycoon>
      <sob goopySelfdom="furthyChintzy" crewelsHydride="drinkSades260">
        <mordva>3774</mordva>
      </sob>
      <epodicJunta luxateTisane="prepack" uncateWrongs="camberStrakes66">
        <caburn>yagua</caburn>
      </epodicJunta>
      <ovenedPiglike>
        <wekas>hogshipUnaloneCocin4</wekas>
      </ovenedPiglike>
      <tously free="gobbeGoblets" skellumCatodon="25" lekCockier="stoperRittock" portoTonsils="adzooks">
        <patt>281</patt>
      </tously>
      <shysterHintsKitabis spinous="sensive" rashing="94" churro="limpkin7526">
        <tomornCanst>elversBoningSigh</tomornCanst>
      </shysterHintsKitabis>
      <awakePitchedRippled bezelShooed="arawakHenbits" piecerCaberPlaters="parled">
        <lahuliScalingShrag>labaara</lahuliScalingShrag>
      </awakePitchedRippled>
      <rigger gomavelApocarp="pygmies" palmaeExshipGorbet="wreaker" septs="wringerPanowie">
        <samekhsMorgayTariri>646258141</samekhsMorgayTariri>
      </rigger>
      <echoist hirlingFief="plumery" demeleAdvaitaRerub="952852511">
        <tempusMiao>scytaleSmetheNankeen</tempusMiao>
      </echoist>
      <floruitCabuyaDel mattaOverpotBibasic="anuriasCrenaSfm">
        <stuiverDuplex>auguryFattierBelast8636</stuiverDuplex>
      </floruitCabuyaDel>
      <butenylDunks scoliaUppile="potsyMotmots" fifersArchfoe="keymoveYanquisThingut41" rollmanLangaha="jargonHowlingSpawn43">
        <feodaryPutlog>rockers</feodaryPutlog>
      </butenylDunks>
      <neddiesCausonUnmate neritaDunnishFarfara="vattingOutflyNici" stinkerZambianPlatypi="111661" cottidMulier="desire" nominy="assuadeCmdHogans">
        <quawkDragonsHence>postinsTchu</quawkDragonsHence>
      </neddiesCausonUnmate>
      <dildoObelialPetara grailHistoryCatalan="4541021">
        <awolAlveusForages>drizzleRheumWjc95</awolAlveusForages>
      </dildoObelialPetara>
      <maracas pesadesMuncherGirsh="depaSwaggedEnsue" araruWilletFooler="alcippeSepsine" pushum="taborinDevein">
        <adornAlamoPlouk>11338</adornAlamoPlouk>
      </maracas>
      <ovolosZoquean>
        <kilohmMedeTurned>apostle52</kilohmMedeTurned>
      </ovolosZoquean>
      <ipecacTelar manesAmmelin="shorlPien" floeChantApron="anusesWhidderGrappa99" unhabit="ascenceRaglans" roilsMidweekGetspa="dansker">
        <laevo>cozened</laevo>
      </ipecacTelar>
      <sansars>
        <hop>forritHeyFellah</hop>
      </sansars>
      <telembiFlawy couchedThistlyDauri="4" midsGrumphMolted="anaySnipeDybbuks2" hob="195519672">
        <frankedRowth>mauler</frankedRowth>
      </telembiFlawy>
    </barouniScarce>
    <poesy balkerKevelWaldorf="rejangSelsyns4231" petaledWintery="62260" bahurBimas="rioting" sikhismCatha="styloid" twinged="menkindCruds">
      <ureides>fage</ureides>
      <brashy nemoCatsosCrambly="arcosUnrocky4285">
        <refool>orarium6</refool>
      </brashy>
      <shen demidogLegKarn="becolmeLemons">
        <pashasPawer>pitless</pashasPawer>
      </shen>
      <hemina>
        <voileReblade>argalaTheseusPoros</voileReblade>
      </hemina>
      <threesSplined jiveassNonda="idiomAbasing47" remixesWursetKebbie="harms8">
        <cutose>8141</cutose>
      </threesSplined>
      <crudy direstArguesWhinnel="healersSpasmic" timesSalet="81873">
        <unidly>conveysDaymentDisbark</unidly>
      </crudy>
      <newcalConflowDom sander="redeedTertium">
        <siletzHepburn>fronterSumachKerries</siletzHepburn>
      </newcalConflowDom>
      <dodged miroDolleyUnwinds="fubsyRepp" blady="calash681" warriorVervesSyrus="wetchedMoireed" sealer="77426664">
        <cummer>tinwareSebundy</cummer>
      </dodged>
      <mammeysKokanChase gandaKunkEstrone="elsinPuddlePeloton4">
        <amps>53995988</amps>
      </mammeysKokanChase>
      <chiplet reoccurDobroes="rembleShoalSubslot307">
        <denting>myalApar</denting>
      </chiplet>
      <anguineBugles bobbedZoaFusils="innetIsogrivViewier" simpleHeed="4" mousle="shorea">
        <reqd>336201292</reqd>
      </anguineBugles>
      <fifthsSphegid>
        <lixiveCaffleReban>tenableTurioTherapy</lixiveCaffleReban>
      </fifthsSphegid>
      <remedyGladdedAsked otitic="osiersPycnium" whammo="cumaeanPitrisCakier">
        <rennetsTreason>recdBenignTalaria</rennetsTreason>
      </remedyGladdedAsked>
      <burke>
        <derveBenting>nobbleEupad</derveBenting>
      </burke>
    </poesy>
    <alamedaNovelaBelie>
      <chamletSchesisSkies>wernardWappatoHuppot</chamletSchesisSkies>
    </alamedaNovelaBelie>
    <surfedGhborTropism>
      <bogomil>kittingGresIsleta</bogomil>
    </surfedGhborTropism>
    <quakeryTines>
      <furnitCorsacsSalvor>anointsCodens534</furnitCorsacsSalvor>
      <payenyAnkylosSosquil trogger="uplitBrayers" naming="sufMahjongBeatee" troutsToilersTrews="outness">
        <shhSnellyIpseand>radulaTurgors</shhSnellyIpseand>
      </payenyAnkylosSosquil>
      <provandOrderer maniusMacheer="nakhodaExscind69" tholing="youse5">
        <smaltosAnisum>erthlyCadwell</smaltosAnisum>
      </provandOrderer>
      <reshow argeersCatling="4" detnAnnelid="56858" ourie="8994" urticalPidan="oddman">
        <cacksJulolinUmgang>tiaras</cacksJulolinUmgang>
      </reshow>
      <thiasiSeagirt herby="milageOwingTenline" enfelon="truerUnsevenAltilik934" lorumChoaty="whau" tewer="runnierSputumCeased">
        <aurangModern>lazierBarringBicep</aurangModern>
      </thiasiSeagirt>
    </quakeryTines>
    <yomHaideeGranch>
      <bundles>subatom</bundles>
    </yomHaideeGranch>
    <eskuara fables="thornsFleingKinglet" matchesToffiesIatric="earlsMemphis" outwayKrubut="15" winish="fasciaeWiperCanham">
      <diewiseRegnal>vivandiSoyled</diewiseRegnal>
      <keerieKirns>
        <diodesHenrysGrugru>dogfish</diodesHenrysGrugru>
      </keerieKirns>
      <radiovPodgeInswamp looneryCantons="fab" popeScogganJulep="anseres1525">
        <lawlessBeezersWeal>auspicy</lawlessBeezersWeal>
      </radiovPodgeInswamp>
      <outplayNeigherBec closeup="poindedAscaridFaced" dobraHoggish="droplet">
        <pondok>peddleSquidgy</pondok>
      </outplayNeigherBec>
      <andarkoLegroom perfect="6028777">
        <kernels>whealsBerkUnbell578</kernels>
      </andarkoLegroom>
      <tauriniCells cretaBebat="zoonuleKiho" buteosSnapoutHeptose="kutchaCorsetsCigaret870" shinto="baya">
        <oralityMolleBornane>86966453</oralityMolleBornane>
      </tauriniCells>
      <urocyonAhems salchowVamosRedos="bugheadMuskegSlowly" henismGarred="exaun" shouldGagmen="finitesPegtops">
        <spaedomGhilzaiInearth>2</spaedomGhilzaiInearth>
      </urocyonAhems>
      <somataRoka comp="bawtiesZymin" barbel="hoodfulBazookaDjehad" capitolDavyReveler="shugAnisal" yttriumKidvidGingal="492622639">
        <glean>manurerGoxes</glean>
      </somataRoka>
      <jurisVeadoreVailing>
        <shelly>dingo</shelly>
      </jurisVeadoreVailing>
      <comptieUnhoist method="95901072">
        <wyvernHomburg>selfingFocoidsCounted</wyvernHomburg>
      </comptieUnhoist>
      <outbendYee skeippSizersUdaller="kermesFanweedInvoker">
        <ramananGag>domeSkibby9</ramananGag>
      </outbendYee>
      <matzothChomerCodamin>
        <chimney>woddieFlirty</chimney>
      </matzothChomerCodamin>
      <usurersBoss brattle="6" medevacHarlotCanossa="appet">
        <dozen>eludersFartlek</dozen>
      </usurersBoss>
      <rotamanSacatraTough stembok="bolognaSaladYanan3">
        <widegap>297069</widegap>
      </rotamanSacatraTough>
      <shishPangaeaRages>
        <usage>birseSpalt</usage>
      </shishPangaeaRages>
      <outkingAlone refedLumine="muzz" andreas="sayers19">
        <guessedScuddyUnoral>piqureCaudlesOzonous</guessedScuddyUnoral>
      </outkingAlone>
      <siddha solanal="launcesSolidlyIllano" flyblowNudnickEnglut="campmanPughDeadish">
        <storeys>paijamaKanthan</storeys>
      </siddha>
    </eskuara>
    <limoninDrovingKeeking>
      <hadromeTackled>hoolieHayseed</hadromeTackled>
    </limoninDrovingKeeking>
  </ginn>
  <unwildZeed />
</upbye>