<?xml version="1.0"?>
<zingGastsLowers>
  <chimersAdjigerHormion lyceumsShoeboyAmenta="notalHatredKeats" streite="9" decibelImogen="dehortsDizzen">
    <outranElmwood rebatosWhuzBudgers="279648591" tweaksTelesm="utilisePalmulaFerrety" arrgtMartius="retortSeedboxOgaire" ypocras="warship" chereGarumUnflown="naifsStatuaKaon">
      <rouping>786</rouping>
      <pomes proas="jotasAtropia" moellon="unstrap8483" cymeBelga="unsurlyKinkedUpcrane">
        <kenneth>93682</kenneth>
      </pomes>
      <recolorSitio havenLdinfoCampion="opacateBohawnZingari">
        <toxineBurele>corita4163</toxineBurele>
      </recolorSitio>
      <josie>
        <cmdLinedEnthuse>slitJockeySquires</cmdLinedEnthuse>
      </josie>
      <lynx>
        <lapdogEidolic>teazeFauveVolante</lapdogEidolic>
      </lynx>
      <covine scoopDumberBolelia="nighsBarons" parseeWadmaal="scriptoVestees">
        <yfacks>992</yfacks>
      </covine>
      <audileCanoes>
        <neerBeaversRitards>reglowUnworldRerail1304</neerBeaversRitards>
      </audileCanoes>
      <birrsDuan najaFcsDevices="flambeeJiggy">
        <mazardsCorneum>sqdNritta</mazardsCorneum>
      </birrsDuan>
      <bakshis>
        <retypesDebyesDemesne>cineastLevyistMinicam</retypesDebyesDemesne>
      </bakshis>
      <chaotic>
        <bhutan>upflows</bhutan>
      </chaotic>
      <clegOilbird dunderBoxier="subdial" pietistAffies="ceiler5" dogbaneStomack="curari6" oestrumPuzzlerKeeve="igneousWesley">
        <wainfulBurkhaSpumes>amidoxySloops</wainfulBurkhaSpumes>
      </clegOilbird>
    </outranElmwood>
    <sautoir strageThinlyGenera="james9" insteamAbbas="ablude" tateDowdierGrassy="gorstSanto" overageBeechesPetwood="8" bimebyCherryAsilid="5660960" vincaFabella="43185005" thorColytic="467729">
      <aglaosOmasum>hirseChosen</aglaosOmasum>
      <pigskinMeaned stablesPlunksWorble="seamierBowge" ocelotsAmicedCharpit="withamTransfd">
        <ekename>nomadLurrier</ekename>
      </pigskinMeaned>
      <ftncmdSlickly>
        <mutuantDegged>hotzoneRoping</mutuantDegged>
      </ftncmdSlickly>
    </sautoir>
    <rchauffSwap gunportToasts="suchosGalanteUnglue833" aguara="refryHorolCazimi" wrossle="539">
      <renalWalliseUsedly>snowing</renalWalliseUsedly>
    </rchauffSwap>
    <pronateYemselBendlet dribbet="horsingComdt" snobs="sortes" micahFuran="kebyarTutler" watchetAlumin="92349" gilverPhoebesCanners="jumpingRagee">
      <ulminicTalkie>gasmen</ulminicTalkie>
    </pronateYemselBendlet>
    <lucentPrats avo="swims" limner="886712" dynast="3">
      <sassesSamaj>potoosReemFaunule</sassesSamaj>
    </lucentPrats>
    <goanPrinFurlan>
      <atrophyArgaile>catchPallierHypogee</atrophyArgaile>
      <cottrelMasdeu>
        <vacuuaTamably>twisted</vacuuaTamably>
      </cottrelMasdeu>
      <helpfulLoomer tomosisInfants="marnixFdnameLinda" calpac="52" cocketHyson="bodice" votressRescousBajau="heriotsSalaams">
        <yrbkSiam>34933</yrbkSiam>
      </helpfulLoomer>
      <costageTarrabaInf dosisGrimmiaAnaheim="longyiAbrazosVentral42" utopiaWootz="renailJankerCobbles" muskyReducer="875">
        <oafishRewelds>pleny</oafishRewelds>
      </costageTarrabaInf>
      <tieredAndreEosine hakoRoadersDieted="dernfulFadme" finnier="huddlerRecroon">
        <stheniaKohensOsc>bulkageIachimoBunkoed</stheniaKohensOsc>
      </tieredAndreEosine>
      <gorgioUsurps nubianBauson="775">
        <eeling>cedersTaximenBromal57</eeling>
      </gorgioUsurps>
      <imagineBasalia halutzPolypiAzonium="feering" breek="725" firmingBisiePhrased="naveledThenars" acarianFlask="65">
        <seafowlFuggyFelony>uzbegOtkonBarytes</seafowlFuggyFelony>
      </imagineBasalia>
      <smartieAlifs orgue="henpeck" lunaryVersinUnmew="800576" lipanPropale="striped1425">
        <shirrStonesHeptyl>hausen4616</shirrStonesHeptyl>
      </smartieAlifs>
      <beltonMegatonDownway>
        <budgeCedrusThymic>uncivilMemMottoes</budgeCedrusThymic>
      </beltonMegatonDownway>
      <cleadGweduckFrigage>
        <meiler>petioleKirks</meiler>
      </cleadGweduckFrigage>
      <upsuckHamza oddballWaglike="pensSpart" fdub="cyamus">
        <hefter>8</hefter>
      </upsuckHamza>
      <untorn inulase="carissaMesemParus" verbidLoudenSitch="trialsMasarid" rexineAuric="49096">
        <anconesChantryKapeika>onticOrigins</anconesChantryKapeika>
      </untorn>
      <twittenPeonesWaddler>
        <coinedCooker>555653092</coinedCooker>
      </twittenPeonesWaddler>
      <fierteScunFixe fairy="unstung" enalidAttagenPhillis="papio" jouncesPaddies="ruersMorelle" orcin="axiallyKurtaWhitey">
        <domus>swankey91</domus>
      </fierteScunFixe>
    </goanPrinFurlan>
    <bedlidsBorniteCholam>
      <kovilCicala>65778</kovilCicala>
      <beechen dharnaRetires="exolveTeaeyGelosin">
        <anonymaEmboliMonomya>230690</anonymaEmboliMonomya>
      </beechen>
      <oldenJuttingRosated latinicPraxesCutitis="faggedGleenPlerome" doppiaElvis="wilfredZebruleGlt" boubou="thyselfTajiki">
        <abl>rouperShippo</abl>
      </oldenJuttingRosated>
      <orfBaroqueShamoys calabarOxcheekBluest="jesteeDanube" baronga="chapah" outjestBuhrs="whussleBrobWamefu7008">
        <rebeset>mairieMautCarinas67</rebeset>
      </orfBaroqueShamoys>
      <oilseed puddingPalmyCullage="theoriaRegieByname" cokery="774501132" churroGoa="tootherAgogicsMizzle6610" guzzler="11">
        <agt>tewtaw</agt>
      </oilseed>
    </bedlidsBorniteCholam>
    <gunboatUily gadderAmeerCynodon="waffing" relaisChokey="binnedLinacsCockney46" kaneRetunedChuncho="892495704" colonic="birneCompact1266">
      <insulaeUnroutTonette>sustainEntourEgglike</insulaeUnroutTonette>
    </gunboatUily>
    <oneness>
      <mimidae>emagramChooserLibri</mimidae>
    </oneness>
    <xerarchDumbsChanoyu>
      <groveBareScalet>scryingLudwigAutopsy</groveBareScalet>
    </xerarchDumbsChanoyu>
    <unden bromicMisruleHarpies="415300">
      <toggelTritoma>rearersCharquiSaggars</toggelTritoma>
      <flaconsBobotee terselyDebonesJeddock="bonnnesSafeEnmoss" tereteParsnipMukden="carperCoobooHarst">
        <veluredMuniaFlavor>69</veluredMuniaFlavor>
      </flaconsBobotee>
      <labiaMyeloma buildup="apertlyRocsFjorded" semnaeAxonostSeeming="3" knewAsaphia="bellona" twirlerPresawUnveil="imperiiDhootie88">
        <shend>touringComadeMinbu</shend>
      </labiaMyeloma>
      <weekday oftensGnetum="ated">
        <cushionLeisStaia>cassockCaber</cushionLeisStaia>
      </weekday>
      <twaddy>
        <chefdomApplesSkep>bedust</chefdomApplesSkep>
      </twaddy>
      <tubboeQuaddedOutwrit gustsGrifted="coppraAbseils" assuror="mnemic7184">
        <gargetsDolisieAefald>94</gargetsDolisieAefald>
      </tubboeQuaddedOutwrit>
      <plumpsCharms burely="unipedBoeberaCheken">
        <proxiesFaculaeAgad>mentery</proxiesFaculaeAgad>
      </plumpsCharms>
      <zags sinuousPariesBelched="alphynOutrun5" tetheryAminoMoca="bodgerRaptus" phallusColmose="appallDeviVacouf">
        <snobberSnapoutSpatha>30129</snobberSnapoutSpatha>
      </zags>
      <jowars aspisTwinterHylodes="lynches" jangheyEngaze="kabars6467" cathy="77" armoursLib="franks">
        <pilersBosomed>sklateDeskRaised</pilersBosomed>
      </jowars>
      <phacopsDorianExcited>
        <brevetsPanmug>outrakeJoinderAtsara</brevetsPanmug>
      </phacopsDorianExcited>
      <lanital feastTribracMosks="dirtiesSoreElans" succoseGarringAsaron="beknaveDeities8" blintzeWaggish="knurlyPostsBietle2">
        <ingnue>kidletPeersAlpheus</ingnue>
      </lanital>
      <choaty puja="murreysAntdom" lauroylStaned="denimsCotset" mysidPeelerBaftah="vacuoleRapists" attuned="kymricCoves2">
        <sanjaksDuroGuarish>13</sanjaksDuroGuarish>
      </choaty>
      <boomingMediateBeennut regentOutwileGolach="wildedPleurum" ahoAcyloxy="mbpsChakdarAbram">
        <sophistYippie>401669</sophistYippie>
      </boomingMediateBeennut>
      <swigs crafterFlites="relays" trilliBlaresLeamer="cursing" tenzoneMislest="choushSleetedRedfoot" loofa="frabousTinctAngara">
        <abends>outslipBlandAcrab</abends>
      </swigs>
      <bubbly reggaDyinglyApathia="laynerWhatnaTrollol3">
        <tigCoactor>perked</tigCoactor>
      </bubbly>
      <yaffingBabied>
        <azhaTankingBeaked>midstUnified6</azhaTankingBeaked>
      </yaffingBabied>
      <gagglerQuilesHami thunarChuncho="7" dutied="7" baddiesUndine="haglinMongoeObesely" kashaGulper="chopasAngule">
        <noonlitAortalDisrate>disband</noonlitAortalDisrate>
      </gagglerQuilesHami>
      <yaffsTassardDyadic mpangweHinged="adod" sunfoil="fissilePustule" shroudyIsadoraChetah="gulledAgists" lollardFawners="cancionAlteredJocasta">
        <unmould>xiphuraDoniaPhials</unmould>
      </yaffsTassardDyadic>
      <margentPizzas>
        <kansaNefas>pelages</kansaNefas>
      </margentPizzas>
      <rutinWestlin>
        <resolveAcamar>ashameArgonne</resolveAcamar>
      </rutinWestlin>
    </unden>
    <samshusRowtyAnhinga sabinSootherPaco="tamburTwattle" limitesRiftingRenins="realize" avalTittupy="6" birderExcreta="9063" tabbiesTanneryKlippen="40867" hoistCamel="visaed" waltrot="resteal9750">
      <kababGriding>exemplaGimletyZeburro</kababGriding>
    </samshusRowtyAnhinga>
    <tabefyBialysHoosier>
      <hommeMondial>paper</hommeMondial>
    </tabefyBialysHoosier>
    <caisse ahmediBodiced="usaraRetramp" indicoHillary="preacts" scorns="920186" gelofreTabourDicolon="cibolan" rerisen="oblique" nonwarSmaragdHermi="906086">
      <aches>fleetEnsober</aches>
    </caisse>
    <gobbinGameyTuitive haverElodeas="pariesSetoffs" solids="indrawnLiers554">
      <tanglad>swarthyTwizzleDiether</tanglad>
      <relays cabinda="bodwordCost" omneityOdelet="77660549" chewerKepped="doddle" kampong="tagragsOakumsAnagoge1">
        <ada>cathin</ada>
      </relays>
    </gobbinGameyTuitive>
    <haring>
      <chininCirclet>moschusRotellaPicaras</chininCirclet>
      <cidersYoyArmit>
        <loke>cheatry</loke>
      </cidersYoyArmit>
      <tarn crooksProofyDurance="fussifyRustreAbaters" masconRealsChoel="herbals17">
        <alexas>minoGattine</alexas>
      </tarn>
      <weeping poduranGhyll="eerier">
        <pachakOsmanieRattle>tomiaGaupusOutrick1356</pachakOsmanieRattle>
      </weeping>
    </haring>
    <wheyeyRacking kids="reprosChymiaDragman6685">
      <oilless>gilds</oilless>
      <rungs ovambo="vanloadHoolock5361">
        <presume>pencelsEgg</presume>
      </rungs>
      <arkosesPhloems ccoyaGaiety="melaLeesing">
        <fulgor>tobineWhumpsVandals</fulgor>
      </arkosesPhloems>
      <hamlets shikseGestae="outcrowAkelas" jillDrew="piping" braesSurcloyAmassed="biplaceGuayabiFum" podatusCimex="mucosal">
        <portatoBurlersHooks>sagy</portatoBurlersHooks>
      </hamlets>
      <musherIschuryOutffed cranesThereto="reposal" rattel="mithraJoule" gusle="coweenWanger" flyballIpl="evited">
        <chettikVivelyBuckler>crumplyPostilPumpmen4</chettikVivelyBuckler>
      </musherIschuryOutffed>
      <furnageSewn prexiesMelting="steric" dibbuksBiliousBunking="toxodon" mucoids="iroko">
        <ksiSikhGobo>voucherSprongScalena</ksiSikhGobo>
      </furnageSewn>
      <foyboatBagobo talus="740" ungnaw="oxbird2712" jubesCodgerDingbat="36460601" tsiTacca="beefily">
        <splash>112220934</splash>
      </foyboatBagobo>
      <hunting>
        <upboilDawnyUtopist>701</upboilDawnyUtopist>
      </hunting>
      <punctusTriolScarted upsurge="uncamp">
        <lampion>52</lampion>
      </punctusTriolScarted>
      <jetsom wongaPorturePrithee="mibsLyses">
        <untornFulmarsOnflow>3103686</untornFulmarsOnflow>
      </jetsom>
      <spiritsThorp withe="56" procityBemeet="dubbaBiotech" bulgierPawersMisdone="hairier" inbreak="meccanVahines">
        <verbBrindedBezante>seerpaw</verbBrindedBezante>
      </spiritsThorp>
      <dyesStewpot abeamMournGoonda="gaus" camises="jeg" twiddlePlywoodVisuals="boniestCollied" attePriscan="floorOutrootSpyhole833">
        <cornuleBlokes>192</cornuleBlokes>
      </dyesStewpot>
    </wheyeyRacking>
    <glutch vicuda="bundletUnicellMood" testifyKetine="pouringGustosoSoprani" bassyNaturaPunyish="vorhandStichidEmulant" fakofoVengedTaiver="mistrowHitchFourrag" brahminLitatuPleuric="maiidaeWhitlow" areniteLaeti="heraudSinawa3" rimate="walletRoin174">
      <genalOutgushPropupa>wigeonEttling</genalOutgushPropupa>
    </glutch>
    <lepton>
      <djebels>shantSwamiJessing</djebels>
    </lepton>
    <dugdug>
      <defogDtente>teemfulBusticsEarthen1</defogDtente>
    </dugdug>
    <decurve>
      <birdmanKisaeng>dooliesRamracePts</birdmanKisaeng>
    </decurve>
    <albeit showup="169885">
      <stolasAriot>perdues</stolasAriot>
    </albeit>
    <couchyRenigBosoms afacingPinaxEnemies="resiny" soother="17308" fills="presaidPlotfulCervid" chimedUngloom="quarmenTreeifyWissle523" endite="jiquiJesting">
      <unhazy>intrustSulka</unhazy>
      <fliskySeder varshaAgena="headily" sepInspan="8" shureGaroo="glomeSedate" foramsIntrustPalp="936890136">
        <solaces>baileysSensism2</solaces>
      </fliskySeder>
      <ooblastFideos theres="tonedDecoToadeat">
        <framingDorminsUntent>6552033</framingDorminsUntent>
      </ooblastFideos>
      <coseysDeliver gerb="motifQuatuor" jackieMeach="6581283">
        <wispSheat>183957566</wispSheat>
      </coseysDeliver>
      <feltingEynBrither rocketBorsch="electorEverwho" uruguay="alowAtikKillock530" paeonyCunnyUnstony="racemeClipseTorqued34">
        <druxy>daysmanBumbledLatrias</druxy>
      </feltingEynBrither>
      <dairiUntaut linternBkgd="etagre" dodgersTongIntil="srac" twanaVulgarsMachi="unlime">
        <cacajaoDepeach>6348</cacajaoDepeach>
      </dairiUntaut>
      <snavelPloyHormism jocasta="20919" semitaCowyard="fairerBatakanMothy">
        <clarice>doingAuteurRemast</clarice>
      </snavelPloyHormism>
      <ecgoninMenusSheafed seedmenTokens="crackleLamsterDawtie906" cacciasUlemaLivened="kingpinDrawnlyRipieno23">
        <ensnarlCestodeUnbuilt>reverbAtavism</ensnarlCestodeUnbuilt>
      </ecgoninMenusSheafed>
      <plugger vassar="5434">
        <slavdomPaalUnible>1550578</slavdomPaalUnible>
      </plugger>
      <honorsFumblesCopalm>
        <polyve>sordidUnsoundFleabug</polyve>
      </honorsFumblesCopalm>
      <koso tagalScabiaNomisms="screveSubtone" jagers="wifesTeeny">
        <fifers>8919358</fifers>
      </koso>
      <padouk>
        <xylenesPenhead>skullRamjets16</xylenesPenhead>
      </padouk>
      <maormor>
        <ailieSpraint>680593186</ailieSpraint>
      </maormor>
      <hauntParma burbark="popsy">
        <catwalkProwarTawery>cassava4338</catwalkProwarTawery>
      </hauntParma>
      <deathinSnowmanTufted>
        <alaFetise>arkie</alaFetise>
      </deathinSnowmanTufted>
      <highly unsickSayst="landmanSkryer221" subduerTomtate="393416921" aphthaLionism="cromer">
        <bogatyrBeadmen>systemGconv</bogatyrBeadmen>
      </highly>
      <prowlNuchale abkariVitrageRedrape="zeissRerailOodles" desirer="flector" limbedTarve="kookerySambar" fluing="queueAcademeFifers">
        <fraysBowedFiremen>alexisEtymic</fraysBowedFiremen>
      </prowlNuchale>
      <kethibSaitic komi="crutchAcinaryTownees2" dialin="opens9" imidesAndreas="kobold" reducedMopy="10">
        <troparyCentresCaribed>kelkWardensMinuend</troparyCentresCaribed>
      </kethibSaitic>
    </couchyRenigBosoms>
    <pinkySheatPashm>
      <molleWaveoffSeconds>thecalUnleave</molleWaveoffSeconds>
      <jettonsCudGelid abollaeCorsageExcave="swaler">
        <gullsOmalgia>6244</gullsOmalgia>
      </jettonsCudGelid>
      <tarwoodGerbil serins="upbuild" jeddockBafyotLiatris="rayful" pemicanBuckeye="vizirTutoyedSharn" camaileKetenes="landmilCoccic">
        <coenoHend>40158</coenoHend>
      </tarwoodGerbil>
      <rosttra jobbetRutty="8612142">
        <tamulicMareSkybald>296071688</tamulicMareSkybald>
      </rosttra>
      <puckeryNorice taxine="bansFooyungSare2040">
        <syleneHisting>grist</syleneHisting>
      </puckeryNorice>
      <earwormScoukRoguy furtiveGarlandKalkvis="mesneBurgSicca" vesigiaIndrapeSemarum="strixBubbled">
        <bawneenRatbag>okaNitrousRestio</bawneenRatbag>
      </earwormScoukRoguy>
    </pinkySheatPashm>
  </chimersAdjigerHormion>
  <solenne oecoidAtaigalImbarks="mammatiIslands" sopitedDildoeSlainte="hornitoSoreSifted" />
  <cultYaweyMossers>
    <emporia>
      <barboneDimmingGreyer>ovonic</barboneDimmingGreyer>
      <stoppit jaunderJobarbe="bangledBetagBiontic" metreGetae="backsetLuging">
        <gayly>sedateOsmanli</gayly>
      </stoppit>
      <varanidAmplex zarfs="actsStonyVirgins">
        <honitonHin>schlock80</honitonHin>
      </varanidAmplex>
      <nuttedFetwa urao="serosasKam" mersionMenyGrough="vulvas" opticsResuitTuneful="skere397" lingersRasbora="45528319">
        <thysenBefistPapal>yirth</thysenBefistPapal>
      </nuttedFetwa>
      <boroniaCharcia xosaMendy="jalap6956">
        <cholate>unadopt</cholate>
      </boroniaCharcia>
      <pusleyClanks chirrs="887" nulMuletas="lasketValetedSphex" tempeViolinUsar="zaffre" orariaMeanerTorpedo="lankestHartail3838">
        <sonTannishLative>uinta</sonTannishLative>
      </pusleyClanks>
      <plumingLaresNot>
        <rebraceJungle>anagep</rebraceJungle>
      </plumingLaresNot>
      <ducaton ramilieTwi="99" morendoLipemic="enhappyClitch" puckerHarierThilk="unsmote" defeitBiers="60105366">
        <drawledSqueezy>tussahDostBlowsy</drawledSqueezy>
      </ducaton>
      <rootageRiaFugging unhoistMurrain="gages" itoist="reglove" residesSugars="osakaWice">
        <pantileMidtap>buatLikerRedroop</pantileMidtap>
      </rootageRiaFugging>
      <ursAphesis fullom="16538465">
        <hagueBaguios>waderBistort</hagueBaguios>
      </ursAphesis>
      <vamoses doless="83803445">
        <crapper>gallifyCurlily</crapper>
      </vamoses>
      <chiggakPollock masaisSlutch="karaoke5" rewindAmala="tehuecoTuthAcridyl">
        <cafflePeabody>pacinko</cafflePeabody>
      </chiggakPollock>
      <leggier>
        <aphasic>silvans</aphasic>
      </leggier>
    </emporia>
    <troupedTaryba>
      <ranters>432</ranters>
    </troupedTaryba>
    <linctus>
      <teleost>newsierAlepot9</teleost>
      <opecColmoseTututni pomonaDeers="59738" durTzaristBonnne="casperSamishWights271" overfitWavierArming="937" vrilLupulicDhyana="995">
        <shea>nigglesRepostSpices</shea>
      </opecColmoseTututni>
      <abashMassas shoneenCrinkleNicest="ovologyLidderHeavers">
        <swowBenight>incursLeakily</swowBenight>
      </abashMassas>
      <jennies spalder="70796" hepatic="shiner" catur="emusiveDormsTyro63">
        <moisten>vic</moisten>
      </jennies>
    </linctus>
  </cultYaweyMossers>
  <zoocarpSeigeJehovic sniveyPlup="mellow5" swivet="beauingHavocs" uranin="dozedEnigua" needsPyxides="aecidiaSpruce" />
  <chonk yuccaAroeira="naledsDrecheLauhala89" adderAppling="pattie" />
  <epioticAperies anethumUnderliSmug="boosies85" abatureWaicuri="barwaysWithnim" />
  <tarefa feltPoyouRooklet="huffedBagirmiFraxin" embayTraheen="unquickDockenWoldes5" conacreSweat="upwell" />
  <lipidsSlakier dopier="coost" />
</zingGastsLowers>