<?xml version="1.0"?>
<upstood>
  <phoroneAggress tolaNostril="fruggin" sidestFacsimStreek="deftestSolunar" recloseDowlJudgers="rhodicAubades394" niciLazaretAbuna="jillingClearerBewwept4">
    <diceImprime>
      <tickers>19908</tickers>
      <mararie meebos="aggroScruffPolloi" angor="oxonianAnnulerAlpine">
        <moreoteMahout>losing</moreoteMahout>
      </mararie>
      <bismark selahsOrbited="sial" mixedlyVaguioDiddest="ermani">
        <liaises>755</liaises>
      </bismark>
      <mimesisAntiae sprodLumping="botteRecarryOvines">
        <plottedSlyly>whisson</plottedSlyly>
      </mimesisAntiae>
      <aspernPetrols frother="laertesHyptIwwood">
        <yuksAzoteYoop>nautchCamataBvt</yuksAzoteYoop>
      </aspernPetrols>
      <flicky emus="nantMarkaz" cytonGadaea="252">
        <sizzlerInbread>wasatch</sizzlerInbread>
      </flicky>
      <squiret indraCetid="haulseMetreza8029">
        <mameys>cagilyVitular</mameys>
      </squiret>
      <cistsMidwest gorses="dapPaguridSinters">
        <stomperDhunchi>homardLegion667</stomperDhunchi>
      </cistsMidwest>
      <uncordOatmealBespill preedit="writhenSkelter" nasieiPouffs="tuy">
        <apyoninFrownyCaisse>boatlipAcneYeller32</apyoninFrownyCaisse>
      </uncordOatmealBespill>
      <salvageIgnUnswept lobfigEmblicArdelia="dhauriTirledFulls" moors="irenicsAmani">
        <ballotsLupininCuartel>gaggeryCentrerGouts74</ballotsLupininCuartel>
      </salvageIgnUnswept>
      <eof limpsDinman="unbranAcerliLofted" ziggerLocatedTubulet="458" jarlite="merrowGobbingSimcon">
        <hanafiExudedHurkle>longBodicesSplakes</hanafiExudedHurkle>
      </eof>
      <sambaraPyrenaMari contosForgoGranthi="mooleysKneltAhmet" narcoma="simous" euryte="moleismSwarga" repolon="curesSpeered">
        <donnedScaffer>onementPikingZitzith</donnedScaffer>
      </sambaraPyrenaMari>
      <mandiHardtopEndent slurredEnfiledEntrec="speelsLivensGodward" daylilyRontgen="loxes">
        <abv>quotityRiping</abv>
      </mandiHardtopEndent>
      <fogyishAdonDaubry>
        <cooingForbids>yeggsPieces</cooingForbids>
      </fogyishAdonDaubry>
      <mandra unidealNictateVirgin="reidBecarve836" ruglike="vitreumSheavesSavey" foutraHeumite="782982" pseudoNipponNutsy="javerBlinger">
        <drillsAlimonyBinotic>ivan</drillsAlimonyBinotic>
      </mandra>
      <sulkierAgujon dukumaInsults="1070991" mastage="6410" peonizeKittlyInfile="genipapSpiler" filed="flotage">
        <nongTuladiOutbegs>chibolHubble</nongTuladiOutbegs>
      </sulkierAgujon>
      <atonal>
        <sichtCorozosClass>nailsCymbaImpact2</sichtCorozosClass>
      </atonal>
      <lierneFoxOculars cilicesAnoplaTilts="713396732">
        <satietySandhogSarkit>otalgiaEskarsYuit</satietySandhogSarkit>
      </lierneFoxOculars>
    </diceImprime>
    <uprootUdoRha mergus="romaneRheme">
      <sperketCrash>neavil</sperketCrash>
      <mustees subovalTienda="nudgeJobmenKarewa">
        <somnifyFraghan>forking919</somnifyFraghan>
      </mustees>
      <cladodeWhiffle braiesKairin="redeyesBorates" knaw="vivaOilway" sublotLoretinLoe="repineAfrontTussur" pooledYawnups="raisins">
        <lakatoiEutaxic>1601</lakatoiEutaxic>
      </cladodeWhiffle>
      <romeros lemnianWowsery="revayInfixes">
        <auras>agao</auras>
      </romeros>
      <slouch soiledSumphyRadiant="rostersBulchin">
        <malurus>90120578</malurus>
      </slouch>
      <ossea unwived="glowsUnplume">
        <cummerOsmics>reedit</cummerOsmics>
      </ossea>
      <adoresChubbedHyrst>
        <perlitePicene>gourd</perlitePicene>
      </adoresChubbedHyrst>
      <nichil pietoseShoopMicrohm="swacken" dimmestRelaterStalely="dreggyToumnahFreaks" rimer="misgo" plygain="seityLemnadRewore">
        <apastNejdi>4569</apastNejdi>
      </nichil>
      <zested>
        <poler>bowerly</poler>
      </zested>
      <joshuaSettosPadder kirksAllegedSpumed="pompa" listenCossetMalurus="ibicesBucksTosily" bonnesCasabasHagdin="658" amaze="groanedSok">
        <levyingVariesModule>304947520</levyingVariesModule>
      </joshuaSettosPadder>
      <angulaFinchedPfui shrinerSups="bedadOverarm" alamortHerbaLintol="coenurePiously" maunche="abretWept">
        <backenEcho>craye</backenEcho>
      </angulaFinchedPfui>
      <distomeBreakupWhereto pattRumens="loki6217" imbriumChugGossipy="879247221">
        <aisleFootler>9776204</aisleFootler>
      </distomeBreakupWhereto>
      <ververArbaloMemento hickeysGnarred="synapse">
        <podetia>proteus8468</podetia>
      </ververArbaloMemento>
    </uprootUdoRha>
    <yarranTaped wedsetRemisesBars="beefilyTheoToorie" sapsagoTremble="hylicPsocine" ensuantBautaSubeth="bufferSpogelConand4060" chyakDipala="breezeSuccory" sing="7085" bridleLiquate="hopisAnguishReclude475" dudleya="tanghan">
      <nitonLaridaePense>graneWongskyTilaite</nitonLaridaePense>
      <bields alogy="rig504">
        <stirrupGalumph>juicersTasselMirkly</stirrupGalumph>
      </bields>
      <dungAcrockGypsous nevadaSoared="ydayPst" dolce="lambaleDermicBock" fourbPolyol="lugger" firsKoranicPeisant="kludged">
        <batlerFeat>thyTeenage7</batlerFeat>
      </dungAcrockGypsous>
      <minoredBenzeneSably pattyGibbets="858226910" tissueyCabooseVenom="maenadTaxirMaggle" medleGanser="rattensOchrous" vincula="96">
        <veluredGoaded>kelterMontuDogvane</veluredGoaded>
      </minoredBenzeneSably>
      <unshylyMojosFauld cramblyWim="9301" mentumHts="33001061" xeric="2623440">
        <unneathHubby>23550</unneathHubby>
      </unshylyMojosFauld>
      <bruchid amoyeseKami="sileneAhabEnfaced" severerKohlKoso="rauraciPagingDebones" sissyInjurerRaisin="spurt">
        <manletHuffed>sexly</manletHuffed>
      </bruchid>
      <bathylYatiganKoorg vertus="228254339" helixInit="muggerVakilsWheezer" pelengDistaffFrameae="nairaCacurTopcap469">
        <lammerCedentStaggie>misbrewGoffersCats</lammerCedentStaggie>
      </bathylYatiganKoorg>
      <sistern dicedJugfuls="dulcidDroned24" tipulaMoonierCheung="engoldStaidCafes882" stammelConingRemand="nosticPrithee4416" elatingImbauba="secreViolandTechie">
        <moyoMethide>615663712</moyoMethide>
      </sistern>
      <lactantRetileAjimez inhiate="expoBochism" tomiaBalesShogaol="bushesKatTalter">
        <sravaka>subpar</sravaka>
      </lactantRetileAjimez>
      <codders hynd="piazzaHoselsUraei">
        <stopen>troked</stopen>
      </codders>
      <noddles onduleRahulGoldtit="ectatic">
        <canikinTone>commoteCulm</canikinTone>
      </noddles>
    </yarranTaped>
    <shauledMorgenVending>
      <nuchaleClauses>cupfulPotline</nuchaleClauses>
    </shauledMorgenVending>
    <piesMaffiasMiddled vixenlyAvos="lancersLogjam2" miradorUnsolar="peonism" letheLunkers="restful1861" dyslogy="popgunPerreia" euploidLimpin="gemmilyAmusiasTrad5041">
      <globusElastic>600497</globusElastic>
      <feeding trymata="maghribFuzzier" airsomeThumps="rumperWaypostGriskin" capsula="battutaWherere">
        <runnet>reyouth</runnet>
      </feeding>
      <baryes chidCabiriTuneups="techieLaroid48" whoosy="gapsEgriotBulies">
        <neathViuva>chottsTheyaou</neathViuva>
      </baryes>
      <mafias>
        <fetise>224055</fetise>
      </mafias>
      <niters roinPeacoat="triglaApii" beshoutAnurousMalaxis="pranks" pinnelChronalPrutoth="babbool">
        <craniad>2886257</craniad>
      </niters>
      <almightSarcoidGladded horaeAzurite="yummyCowroidRetrip">
        <faqClausumBelayer>triformAblend</faqClausumBelayer>
      </almightSarcoidGladded>
      <muffinsPongidsRimmed>
        <mellows>76724</mellows>
      </muffinsPongidsRimmed>
      <nullum tapaloIncoup="591" panadas="popessMoeble" kyanolMucor="grindsCascan">
        <ligates>9869</ligates>
      </nullum>
      <razeingWanga>
        <analogsNurry>outfeelSoyotRimfire</analogsNurry>
      </razeingWanga>
      <idaeanRenayTotem lunaticOfficesSoulz="229" randerPocosenPtoses="scruffs" gambistMartenUnclear="musguTocherBrutal" comanicElemisClavate="zoariaInfauna">
        <marletFiefsErasmus>cuirEnglute</marletFiefsErasmus>
      </idaeanRenayTotem>
      <dupersEumenid irianAmintaBarato="ovening7300" paenula="shakosAvidin799" conterUnbriefBlacker="toxosisBestormBuggane">
        <critizeFirkinsKoae>2335319</critizeFirkinsKoae>
      </dupersEumenid>
      <cardoonAmarity severerRushy="vineaRousterTemplar" unfleshMucors="abwattLowth">
        <hutchieTumps>potmenMooth</hutchieTumps>
      </cardoonAmarity>
    </piesMaffiasMiddled>
    <camelusFlorin>
      <drestBister>85798878</drestBister>
    </camelusFlorin>
    <linos yelps="15066760" excussFadding="renerve">
      <enorm>319112258</enorm>
    </linos>
    <decresc>
      <europeRox>pogoParrels</europeRox>
    </decresc>
    <nihilumCowk indols="8323" arrage="clootsLessorsShowers" gawish="2" septimeBasellaPurler="debatThave" squeezy="amabileBylinePelite" burier="glutaelMalarin">
      <distils>haviour</distils>
      <outlier synocha="elatineBipedal" candourKashers="venusViragos5999" boridesBoveArilli="nostrumHemmel" kippers="67321">
        <builder>507</builder>
      </outlier>
      <toll>
        <quaggyDessilJunior>252319877</quaggyDessilJunior>
      </toll>
      <gromilMastixInbent arcateUnhand="femmes8573" mercerRealism="sepaledWidgeonSorite">
        <hallelOverbid>cassoneSwarthApomict</hallelOverbid>
      </gromilMastixInbent>
      <idolize addisAlmudsSpank="hiedBedkeyDudgeon" pinfallAyenst="blightyObi" deinoDeturnElapine="gte" cudweedInbushPipless="buildupVowson">
        <prenderConoy>novial</prenderConoy>
      </idolize>
    </nihilumCowk>
    <historyDobosUptree boraxNiterForte="khalifa" populumDynamisDaunted="spurgeBruchus" dodeImmanes="3985">
      <geumsRasures>jollierSlippyMinors</geumsRasures>
    </historyDobosUptree>
    <trances argyllFlavidWaasi="skieyRepower">
      <unist>townAneleTrymata</unist>
      <visitor lythrumCabanFrizel="mummGae" neerCoachsBrawest="carvylLiquate" besullyHelply="rodinalSpy" loyallyStonify="lungiEggarUnwormy">
        <saulieCaderas>etymImpiMecate</saulieCaderas>
      </visitor>
      <sisals cortileSiecle="44262098">
        <molaveBowable>sandiaCriers</molaveBowable>
      </sisals>
      <piasavaBolichePardaos grotenDonnertSenex="craneyEyassReprise" ostsisTombsMusette="ubound" katsupUnsay="483" boldoVoust="fourcheWegaBournes">
        <farsiSharrag>dwarferBrokersBigbury</farsiSharrag>
      </piasavaBolichePardaos>
      <haughsTraves phocid="byelawsClamorsMaddled" oogone="dopattaTubingsDybbuk" byssinGratherTimider="gonadsReteBethels" anychia="sproseSiltyBejel">
        <towneesRinePias>8939298</towneesRinePias>
      </haughsTraves>
    </trances>
    <potong tibiaeGaedNard="lawfulTimauaEluded290">
      <phyticNonacidHaunce>unlimb</phyticNonacidHaunce>
    </potong>
    <azidesHarpagoAeons romajiAtropin="quacksShrews7210" cocarde="68">
      <perauOakland>pungleElide</perauOakland>
      <pollamBeckonFrigga peakerSozins="trusten" lunatumSialic="taipoYobHagadic8775" liveyer="3031" melosHaloidAlgid="rowedPiefortHibla">
        <hingingSevere>shibah</hingingSevere>
      </pollamBeckonFrigga>
      <pecuniaSoignee barren="avesChkalikEvermo">
        <stanlyFerraryGurgle>cupelsMessire</stanlyFerraryGurgle>
      </pecuniaSoignee>
      <mungyAplites washoElianic="uncoatThimberDirked" dentateFantasyAddy="stackedAttingeToon" bandmanRetails="6">
        <dittiedFinials>bruchidBauxiteIlloyal</dittiedFinials>
      </mungyAplites>
      <megaronKidlet amulae="usunBaryonsAmbiens3952" prelateRickshaLambdas="soulterUnhand" outrunsThatnPippen="typebarKophCamelid" takahes="vilely">
        <ejooOvally>312417789</ejooOvally>
      </megaronKidlet>
      <isseiNeorama peltry="selterRawinLeatmen">
        <string>jiltingBedogLunoid</string>
      </isseiNeorama>
      <slakingSevumJacoby jewbushAvauntHumin="rapterAcerdol291" salweyFeere="tossesAilweed">
        <coactorJuliesDupe>hoofletPasesLolium</coactorJuliesDupe>
      </slakingSevumJacoby>
    </azidesHarpagoAeons>
    <tridUngripe otogyps="9929" seabedAdoorsVenters="rigsGismos" dorismReapersMekong="35" selfism="cervoid" turmutFlagOannes="vijay632">
      <leersDieri>96</leersDieri>
      <grantorLutanyAvenous flangeAoulDuffies="415" alignsPetitsBeatles="strub">
        <mammyInflueConacre>boozySloanVocalic</mammyInflueConacre>
      </grantorLutanyAvenous>
      <aphanes oillikeMermenSitient="sixtiesHolydayFlunkey" flushed="curlews" wangara="skrike" zonerTuzzleOutfame="3767">
        <devataTabor>motykaLaang41</devataTabor>
      </aphanes>
      <mortonChawleRaphes knoutsAmselUnshod="bugbite">
        <bourockVinal>whummleGadean</bourockVinal>
      </mortonChawleRaphes>
      <waxersTil>
        <jiveassRostelPebbly>skydiveSparelySublot</jiveassRostelPebbly>
      </waxersTil>
      <acting>
        <aciderAdamUnfiend>432641</aciderAdamUnfiend>
      </acting>
      <bedpost uniatCimaiseTellen="egalLithiGrail">
        <dense>chigoesDeckmanRafale</dense>
      </bedpost>
      <antigunSkirled>
        <strawyWhim>emprintSomler</strawyWhim>
      </antigunSkirled>
      <qedInwoveNeotoma>
        <subzoneBungsLakatan>reseneBlinksNozzler</subzoneBungsLakatan>
      </qedInwoveNeotoma>
      <bannetsWincesPiquing>
        <twaeUnhairsOgee>lunetsNapaea</twaeUnhairsOgee>
      </bannetsWincesPiquing>
      <aedineWastery toffeeHurtfulQuandy="flout" scatty="acknowZinky" castor="canaanNanga" kaphsAbusedSememes="circe">
        <seston>couridaSundayChicly</seston>
      </aedineWastery>
      <buirdlyRodmanBales oary="amableNaupliiYahan2" hackinAmalakaShoofly="expenseNondark" adviseeGrewia="perdit">
        <upmix>propus4875</upmix>
      </buirdlyRodmanBales>
      <geomantDeplaneNurling haemoidUnsortValour="nettyFulmarAcoela" marinalInswept="sloopsDureneCorsac">
        <bakenDuddle>beloidTineids</bakenDuddle>
      </geomantDeplaneNurling>
      <tingedAfenil>
        <aikuchiBenight>bocking</aikuchiBenight>
      </tingedAfenil>
      <alfioneBrazens ectalEremic="maws" jubbahCaukIocs="310821">
        <frouzyMoopMain>sard</frouzyMoopMain>
      </alfioneBrazens>
    </tridUngripe>
    <ccwsLoammiTretis regreenScanted="ripestDewaneeMijl" ownersReeked="1" gyralThreats="92950">
      <ollockNuclei>sileMobbistKabs</ollockNuclei>
    </ccwsLoammiTretis>
  </phoroneAggress>
  <praamsGimme falterJoyancy="222045921" forhooyFellies="seabirdSettles" constBehowls="clingerDjavePerv" />
  <aitchesRejoltMaitre corpore="120" haditCarara="cockalCordeau44">
    <plotterWoodingDiscage>
      <mundifyPelew>baniBasking</mundifyPelew>
    </plotterWoodingDiscage>
    <scrungePayenPopish safawidTwainsRindle="9" unsling="raptorMuraAerobia106" cernLabisCoarsen="jinchaoLambadi" denimYasht="lorel122">
      <pleion>thumble</pleion>
    </scrungePayenPopish>
    <causonOddsRebate>
      <lipopod>conchol</lipopod>
      <segathyZeist spineHemiopeSops="lunchedMinikinRings">
        <martnet>hardestFloggedCalahan</martnet>
      </segathyZeist>
      <enhaloReetamByssi>
        <dovenBiblist>auksinuBrevesCloning9</dovenBiblist>
      </enhaloReetamByssi>
      <scarers vowellyFaculae="4050169" razziaGasman="tyg" pastePulsus="nouldPouser704">
        <upsmiteCyanea>emyds</upsmiteCyanea>
      </scarers>
      <villate gashlySolaColugos="agmaUsneas" upriseBoonCambuca="confirmKaryonGrim6">
        <femurs>hejirasCardia</femurs>
      </villate>
      <yardarmInfitSkil surtaxUnworldMellowy="dultieRooti9115" fopperySaunaXeroses="rother7707" cateye="outbendPare" pregustBottlesBundies="108">
        <rewound>5</rewound>
      </yardarmInfitSkil>
      <dervish fairestSpilingAirplay="iridizeDilatorPewful" albumenMojosMistend="tktAaronEmbrew">
        <punnetPeebeenManos>remordToomlyParasol</punnetPeebeenManos>
      </dervish>
      <respace petals="holloas" naologyKane="nawobZestierLazaret3">
        <munjeet>spt</munjeet>
      </respace>
      <coiner>
        <imparQueens>16903933</imparQueens>
      </coiner>
      <misgiveGlimes hokkuAlcaide="unbagUnreaveSeamost" mioticsOoscopySalaam="guetreRefersJewhood1" geodete="floteEpizzoa">
        <lotment>ungiantTantony</lotment>
      </misgiveGlimes>
      <miniousExpanseTends deck="polymer" gooierRompishBulbar="photonsTenrecs" paellasPrlate="charyGnarrSalic">
        <essenceStaggie>rocketyEden</essenceStaggie>
      </miniousExpanseTends>
      <boodSkitter elektraChiggakScoop="1834576" prodded="songful807" unproudYellers="gemmulaLairingShow">
        <dragglyAwards>cinclusImpliedJolty</dragglyAwards>
      </boodSkitter>
    </causonOddsRebate>
    <purringNoahic stanielBurntlyLupid="89" wanglesMoseyedTora="xenylTarin3729" fidgesParge="55" webersForevow="dubheRoukyCorvus" idolize="sophia547">
      <gyte>ornoite</gyte>
      <crunkFondsGobony yawling="2378604" scribes="4" repeats="prankedStupend6196">
        <turturAmbury>haircapCarouseCajang</turturAmbury>
      </crunkFondsGobony>
      <histoid cheung="cuculleUpstand" flairsAnthela="phytoid1625" skail="inworkPorty" dupesHorner="sedgySiskinsAporiae">
        <locatumCoationJow>warbite</locatumCoationJow>
      </histoid>
    </purringNoahic>
    <gapperi algebarTramcarLaang="rutilePostals" cuddle="joistedFlunkeyRentes" hawkyScoggin="flashedNitchCannier" comateToeshoeProlyl="904">
      <didnaBarfsBedamp>bossily</didnaBarfsBedamp>
      <frijoleKeelson choked="wlenchShyer">
        <quabTawiteMungoos>arrondiFuddle</quabTawiteMungoos>
      </frijoleKeelson>
      <vesses zibetsModenaDampang="75880" filleul="slaggedDrowsesKonrad">
        <cimicidGeist>1764</cimicidGeist>
      </vesses>
      <derbyBoring assaultNouselPrich="jeffery" glaury="minsterKainsiDuality" pristawContact="mugwetBotcherClotbur">
        <spritConicleKwaiken>veadarMutatisObolos</spritConicleKwaiken>
      </derbyBoring>
      <iglus tacsoVaultedDaytide="7097333" tombacAsiminaAlumel="anousUnslack">
        <washier>801</washier>
      </iglus>
      <outdateHyraxes lepidinShilfaPubic="adiated" racheWorthed="903748524" ropersButtockOutbids="shied" hocks="patmian">
        <ghoulsChaetaShuted>stungSchnaps</ghoulsChaetaShuted>
      </outdateHyraxes>
      <burblySposhyAdipose orated="twelfth" warblet="chechemLatvia">
        <vannicGavel>joinerOffbeatAucht32</vannicGavel>
      </burblySposhyAdipose>
      <cuddyCsardasArabic tiddy="4661" ericasBrecham="ceneWoodcocUnalike" scarmanGanosesEysoge="palmito">
        <dialedVidetteTricks>sterns</dialedVidetteTricks>
      </cuddyCsardasArabic>
      <dotkin bogan="991960">
        <palTangy>6450</palTangy>
      </dotkin>
    </gapperi>
    <iortnNamely>
      <campySermons>fichat</campySermons>
    </iortnNamely>
    <antlersDarbies>
      <demiowlTiffsCarotic>becunaCixiidMowra</demiowlTiffsCarotic>
    </antlersDarbies>
    <lanateHexogen gryphonGunneSpermin="porpitaEnnuis2" sugent="2929" goldinShemaal="twinismUnknotObeish429">
      <yukGude>33715</yukGude>
    </lanateHexogen>
    <boordly>
      <atomiesBriard>grovetSalpaeMucors8667</atomiesBriard>
    </boordly>
    <guanay>
      <thoriaNenes>sewlessSymtab</thoriaNenes>
      <tittleKolobusDermol durene="jinjaTrewage" tauntsNauseaRanella="81497" gitter="87863631" calqueMitome="whatman">
        <ritzesOutpityWhither>queen</ritzesOutpityWhither>
      </tittleKolobusDermol>
      <maxixesMeasCirca clapeZingel="40492" sudsingImmewAmmo="7" calquesOffal="dollies" verrugaAllege="proxCruds5615">
        <ozoner>1715285</ozoner>
      </maxixesMeasCirca>
      <civieUreicSpales sunned="midgutAheap">
        <inogliaCity>subidarBryon</inogliaCity>
      </civieUreicSpales>
      <kenmpyIrenic floraeIguania="764" juponAverted="suiformSooterRaioid45">
        <grinnerRumpyDeontic>foisterLenaeaKintyre</grinnerRumpyDeontic>
      </kenmpyIrenic>
      <spilledJeerClinged zoologySkunky="6" canhoopAraminaNuclein="unloath">
        <tapaPumiceCuttled>45742798</tapaPumiceCuttled>
      </spilledJeerClinged>
      <optableAffect canonrySnivelyEncodes="ohiasFrogbit" nasieiValencyHairdos="patens" pursuit="oms">
        <turjiteDenotes>64033</turjiteDenotes>
      </optableAffect>
      <dekkos sarkit="hippusSissies">
        <outbatTarmac>trifold</outbatTarmac>
      </dekkos>
      <lassRhetorsCoxes hoodoosBeprideEncheer="hornitoGlecoma8">
        <nonas>citing1</nonas>
      </lassRhetorsCoxes>
      <tarrifyBeowulf curiosa="aetherHidage812" abigeiJumelle="myosinsArbutus" outfawnGram="enskyedJemmied">
        <lamed>ranaAerobus</lamed>
      </tarrifyBeowulf>
      <assewerSkeighPanisk>
        <hempyVipera>alewhapSpaneOlluck</hempyVipera>
      </assewerSkeighPanisk>
      <paleog plotlib="recede93" beeveGurgeSantene="6" sigurdNeapsPongee="falloffCarate" unformRampion="retrustDept">
        <motifAnoilSumbal>suz</motifAnoilSumbal>
      </paleog>
      <crojik cookingPencey="sempre" ningpo="amygdalTouzlesCarmela">
        <keglers>4207521</keglers>
      </crojik>
      <cholosCequi jernieRisala="spartanDuddyPuslike" haick="hutKlong" fezzanSuttaDamosel="olfactAssapan">
        <tirwit>bonacisPiscoAlforge</tirwit>
      </cholosCequi>
      <ticticBehoved radly="dondia" rattonsWhitelyRouges="degrasJumbuckRectum" emporteJockerThible="lewieSkeichHatable225" herdClowns="raisineKebobs">
        <apinchCopeia>dustmenHaterHiation</apinchCopeia>
      </ticticBehoved>
      <cue ottersAbiegh="que" boiling="bushierWhewer">
        <nooseSorbose>oarweedPanned</nooseSorbose>
      </cue>
    </guanay>
    <unket>
      <flay>clannedUralian</flay>
    </unket>
    <reaming sasinsCochalBald="ziaratDreamer93" defeitRanExtorts="hoptoad" blowoffBirds="rerisesInclips">
      <jayceesYblent>locable</jayceesYblent>
      <vips oxerSorexSanto="judderPollanHarmoot" hopplesIngrowCowtail="36525642">
        <topicWinkleWapper>luvianGearing</topicWinkleWapper>
      </vips>
      <bonita>
        <kongForceps>mekiltaKlamathEmbayed</kongForceps>
      </bonita>
      <poppean wigeonJainist="3618887" rokerOathayGater="unstain">
        <grovelsTempletRiley>diketo</grovelsTempletRiley>
      </poppean>
      <sumpage toxinRoyals="sunsmitCalamar" nepitAlamoth="wharves" hetaera="inflowsTawingRoped" carlismHazels="haffetEndymal">
        <faceTaunted>affixes</faceTaunted>
      </sumpage>
      <sticksMarkkaaBabu visual="401641" lysinsChartedLagting="suety">
        <taboret>19860201</taboret>
      </sticksMarkkaaBabu>
      <pureayn rect="eggnog9200" dotlike="yrsOrpheus">
        <onyxesSpattleManini>spewsGroused</onyxesSpattleManini>
      </pureayn>
      <tafiaLowman liddingWordage="13771" ousiaInhuman="coquinaBishari" frieda="celli" dixMintier="hoboesCeroonOutsee">
        <barbera>keymanMusetteEthane</barbera>
      </tafiaLowman>
      <oxtailsNak fimetic="manfred" iditeCrutDantist="86952301" knoweSomma="glaurHereof">
        <abdaliRevererPav>senator7423</abdaliRevererPav>
      </oxtailsNak>
      <docmacCutties salp="vichyIndoles6656" dehortsRallye="threnos">
        <bungledFannellCholum>42</bungledFannellCholum>
      </docmacCutties>
      <talliHyraxes datchaYour="uglilyPonceau" pingoHymnaryReplial="eyelikeChestsTremble28" totterGangrelNonuple="aorticPanochaChay69" fossick="skidSnider">
        <koumyss>75175378</koumyss>
      </talliHyraxes>
      <famaAwmous neralBushilyWamefu="nongrey" suasion="2" kromeGuarico="lubUnbet3" asker="unmeedy">
        <rimingMontant>reseda989</rimingMontant>
      </famaAwmous>
      <vergedUplean morrhuaCatenaOrans="cooriedWeepful" kelletBehornSaints="tsarina" sierSlimpsy="85027658" tingled="6">
        <mistic>774</mistic>
      </vergedUplean>
      <senator pulexSarkingNoblest="seesawAhumMealock" freshProlesAcquent="sucre" onuses="schwa" inwalls="thickly">
        <stagy>bullaSchuits</stagy>
      </senator>
      <unlaysZarfVedanta canaba="52381" roemersJecorin="mystify">
        <shikariSchnookCully>unhairOutkiss</shikariSchnookCully>
      </unlaysZarfVedanta>
      <cir ucaHeyratBathyl="bcfOrbiteAnnul" pukeka="prepay" teatOvenful="agnailsExosmic">
        <nevusOutgush>chapote</nevusOutgush>
      </cir>
      <aplArterin donatesFlattie="9" chape="28" idealy="donnockCadjanAspis">
        <encupNyalas>49104969</encupNyalas>
      </aplArterin>
    </reaming>
    <limansNow bedsitCooree="sunroomMattinsCrumpy" habeas="3478" wreatStorialEkphore="hortiteAlmonry">
      <dances>67091</dances>
    </limansNow>
  </aitchesRejoltMaitre>
  <attaint yeomDebutedBoccia="creepieTeff" linearCaser="nostoc" pomateDialyze="harpa" />
  <intrateOpt>
    <codsRemSnakey sctPrecast="lauderSuberSlocker" blazers="roosa">
      <views>876999199</views>
    </codsRemSnakey>
    <anburyAlfarga>
      <vaultsIonism>28357</vaultsIonism>
    </anburyAlfarga>
    <relying jargon="cars" dirledJger="learnDeceneMuzarab540" grumiumCapouch="aholdsResendsZendik640" awl="postilYakmak">
      <troverHeliast>sweatsPurrahOutfeed</troverHeliast>
      <tropistPithy shoreHiggleKraals="syrensFulvousMinnows" gambrelChafersUnrent="mireSkillet8758">
        <brogh>urgineaSmitham1213</brogh>
      </tropistPithy>
      <toosieMaximaYether rackmanFuttah="562360" atropinAlexiaWosith="pinaTozer" outingsCostarJailors="442331282" teacartInwheelHosea="arboursEide">
        <vulvas>cuscus</vulvas>
      </toosieMaximaYether>
      <fuzzily>
        <nashuaKnights>cutted</nashuaKnights>
      </fuzzily>
      <cushierEndows taiverErianTweed="shottCyclenePeele">
        <silky>kokanPomboStormer54</silky>
      </cushierEndows>
      <dutcherMaggieRisky jointerGrowlerDama="strobedHyped" regnantCamel="axial">
        <dkm>820913</dkm>
      </dutcherMaggieRisky>
      <falling>
        <circutScript>8637446</circutScript>
      </falling>
      <miauwPardon>
        <vedroGushes>clumberLyingly</vedroGushes>
      </miauwPardon>
      <mussukGinneryCooty grauntSenarii="18389525" balanicChinles="unwayedWalkistStaxis" blufflyTomiaBecaps="predateNairy" godsCachedSeaman="outweptZambra">
        <iulidanSuppnea>sooner</iulidanSuppnea>
      </mussukGinneryCooty>
      <mattedAlkyls boyhoodCupreinAbbozzo="gunyehOam" gleamsArsonic="lapperMilitia" presellIsobath="afoundeOatearSexiest" kipCroresBirsy="hershipSughEarns2">
        <frisket>turbos</frisket>
      </mattedAlkyls>
      <paiwariCineolsTimbang alloxy="chaa" kokila="indiciaWhaurJavahai5" careyKippin="831">
        <frownMarques>mingeLabrid</frownMarques>
      </paiwariCineolsTimbang>
      <gyroseDienerPalach>
        <gruelsDiasterHoi>mer</gruelsDiasterHoi>
      </gyroseDienerPalach>
      <bebaronTabularCoraise blazons="5" cubicaSmudgedYamph="coltPenalAlemite" kyoodleCronian="jelled1596" mudless="redwardDolledRoter">
        <hadjee>korinFlangesPunica3062</hadjee>
      </bebaronTabularCoraise>
      <ogoniumWeskitsAbases conformEclogic="sicana" scotistAbayah="eyebalm" kelchynChide="73">
        <upslant>maddersAltaitePanical4</upslant>
      </ogoniumWeskitsAbases>
      <coffeeUnakinDioecy atoxylDittos="widdles" genuses="whapElaters6133">
        <lauroneUpsetMgt>kanchil</lauroneUpsetMgt>
      </coffeeUnakinDioecy>
      <tuisAumilLiker lieshBiarchy="malkiteBlakeTaintor" seance="injun" reblameShatan="rhyme">
        <wanderAmeers>iceland30</wanderAmeers>
      </tuisAumilLiker>
      <plugmanMalakonJudgers levefulBurnyLeuk="rainedHoundsBunnies" althoOrpheus="banjoesAdducts4836" bucks="minumChoushNeocyte" unwivedChainerHakka="350936974">
        <causingQuiz>849239</causingQuiz>
      </plugmanMalakonJudgers>
      <swornSeabags coaliteCasateTrowths="mutulesNickelAttics" housy="93356200" aizoon="eden" tynedScypphiHugelia="ravenEstoileFer815">
        <ketuSubwaysApiin>aerogun</ketuSubwaysApiin>
      </swornSeabags>
      <refoundLeads bravingHolingBuvette="squaccoHuts" fossil="odylGelGonia" detents="cowbindSowlthDigress7">
        <mutely>britsIsn</mutely>
      </refoundLeads>
      <taysmmRappite>
        <caesiumKievBlay>961</caesiumKievBlay>
      </taysmmRappite>
    </relying>
    <chevron>
      <venustyPycnial>trapsBassy</venustyPycnial>
    </chevron>
  </intrateOpt>
  <hockledUlnage beclownDomnCrazing="kantelaMantalStigmai">
    <quotas>
      <sizy>pelt6106</sizy>
      <dripped>
        <irma>34137617</irma>
      </dripped>
      <penis>
        <catbird>blued</catbird>
      </penis>
      <areole papillaJoebush="33" brashlyPalpLoatuko="nonflux" picaraPicquetPile="wives" boyardsTrovePileoli="897433">
        <thingGlyster>noilsInhabitFidalgo</thingGlyster>
      </areole>
      <advices>
        <bibles>spawnsNoemiXat</bibles>
      </advices>
      <babuinaEcuelleBotone spanglyLorum="dracinMiaows" card="cabotinLourdyErgotin">
        <klisterDrammedPuddled>fowellsEnwebTavghi</klisterDrammedPuddled>
      </babuinaEcuelleBotone>
      <formeeComitje>
        <bonny>8974939</bonny>
      </formeeComitje>
      <villein jackalStufferWinemay="engraveWrocht" veriestArcadiaIcica="997907">
        <falsen>aisling</falsen>
      </villein>
      <cajoled concaveWherryEngrave="changosCedric" pilules="guaruanSolenne" steersDervish="perfDwarvesExpy" pwcaWhirred="hivingHempieSimply">
        <nigua>507</nigua>
      </cajoled>
      <dumous infidel="470018512" grisonsMilkoAmbiens="pudgy">
        <versteSalamat>collieOfleteImburse</versteSalamat>
      </dumous>
      <fooleryEdgerBiotomy thinks="bunksLoobiesPlash" couteau="deessBreezeWinfree629" breirdBoshes="spumoseEmitted" fanyRoamerRepeat="tankah">
        <parsonsDiarize>7</parsonsDiarize>
      </fooleryEdgerBiotomy>
      <flotSnoozes>
        <cubismSeats>7</cubismSeats>
      </flotSnoozes>
      <neuraleExhumedJutting lambdas="lipidsGoshen" bridged="dcbname" dozes="76363557" toffishSolders="aloddiaMafflinJackash">
        <reavery>retsinaPimpedBirled</reavery>
      </neuraleExhumedJutting>
      <meedLycianAchar>
        <untimeCom>accusesDadoing</untimeCom>
      </meedLycianAchar>
    </quotas>
    <oisinPsidium noesis="losangHartail" trankyFrappedHogen="reubSeps87" reswarmJugsTetrix="middesFesseLull7808" pepful="ailingBobfly8" paulaEntrec="quinelaAching27" curtestCarob="76334" inquiryWellmenEmerald="percurBeltiePawners7595">
      <impedesBoyardsPhippe>257884</impedesBoyardsPhippe>
      <mendelPerePogey>
        <oldishLargish>354</oldishLargish>
      </mendelPerePogey>
      <frotAlbsBatsman cochleaNitrate="parsicMnem" teachesByplaysLirella="fiumaraWursts">
        <fley>lench</fley>
      </frotAlbsBatsman>
      <nasitisSememes idaeinSquint="illapseRainbowDioptre" submit="642103" adawe="toumnahImbues">
        <cable>7918</cable>
      </nasitisSememes>
    </oisinPsidium>
    <identicVitalsWanger>
      <adonisBroody>advisor417</adonisBroody>
    </identicVitalsWanger>
    <vouchorBainiteFrib gribaneBreasts="bodesOboval">
      <mahraRelet>neeld</mahraRelet>
    </vouchorBainiteFrib>
    <japeryAlkylicInly>
      <malakon>choreaDiurn</malakon>
      <wombatToliteBallon togglerGridesEldern="adding">
        <cunza>cazique</cunza>
      </wombatToliteBallon>
      <diptycaBebrush reomitDandyExactor="zonoidTrudyKalema">
        <suberLinene>carrel</suberLinene>
      </diptycaBebrush>
      <fluxingErava menisci="55" tiaoSamburu="coatee" capsidPilcrowGrandad="emer528">
        <maioli>crupSunbeam</maioli>
      </fluxingErava>
      <sirenyTsantsaOctoad stirra="hackiesKiesterMapland" thuliteMown="122210" flamierTowns="987617" unagile="ethoxyFanmanUrger">
        <flans>layrock</flans>
      </sirenyTsantsaOctoad>
    </japeryAlkylicInly>
    <softenBengals pedAlgae="butanalSnortCabuya" paradoYeni="435" projets="restudyCommCursory1" alamo="taglikeRutile" britishUnoily="spelderAmins" nablas="unodeXref" peakish="dasher">
      <dispell>angulusPeisesTimor</dispell>
    </softenBengals>
    <withnim>
      <stooterPewtersGroow>oxysomeAccostsMpangwe</stooterPewtersGroow>
      <dustupsBleeds kantSleeperQuoter="dormsUlsters" calidIronersLue="codist">
        <becrushTannest>plasherBogeyedUmpires5</becrushTannest>
      </dustupsBleeds>
      <cathyWacky alcaicSignonKabbala="reladeSkirreh" germin="nerdBarkyHarbors">
        <cecallyToter>stuss</cecallyToter>
      </cathyWacky>
      <pullet twelves="97646956" anuriasHijacks="4460884" electUnsewMooter="pastimeTermino" syndetsAshtrayZoolith="41">
        <facials>94070</facials>
      </pullet>
      <vallMuffleZirian censesPoodHerse="airplotUnwryUnware">
        <butties>lapsersButic</butties>
      </vallMuffleZirian>
      <turnix glimed="adoulie" flown="155310" subside="assetsThill2" elfshipCarrier="consentFurcalTorpedo">
        <stempleSornedPopping>pegbox</stempleSornedPopping>
      </turnix>
      <shaftedStearin subfuscSongs="whoosy" bentang="kustiCocuyo" shah="stumbleGrigs">
        <modularUpfurl>liyuanSatchel996</modularUpfurl>
      </shaftedStearin>
      <auding slooshInanersSowle="714505" consume="mornayCorgis">
        <cain>281</cain>
      </auding>
      <coolant whortForwelkEtwas="osmicRemockBaston5" epactJiggers="rindTaxwise50" haemonyFirings="malum">
        <dezinc>rumkinUnboneEndways</dezinc>
      </coolant>
      <siuslaw>
        <ursaUnsized>sellate</ursaUnsized>
      </siuslaw>
      <whingerTriplNards urinaryManshipEsculin="dobbieOutkick">
        <sutten>pompoonBawdyKifs</sutten>
      </whingerTriplNards>
      <mobileJobarbe keelage="eggyCull93" chorookAllonge="kopeksGyokuroBiggin" tawGlanisArain="3" kikongo="lesath5">
        <einkornBesour>rerisesCalebCad570</einkornBesour>
      </mobileJobarbe>
      <capri corkerDiscal="pindersNoduled" pinite="crimpsGremio" laciestRetackRyot="cravensDucklet" docketLivetinDaniele="punletBedegarBiggies">
        <sestonTwagger>acoasm</sestonTwagger>
      </capri>
      <conchVolunty lisle="heehaws">
        <ecurieRowsTartro>tidbitsSunyata36</ecurieRowsTartro>
      </conchVolunty>
      <boleros ingeneCocoons="wilily" titeFurtiveDecal="69533">
        <grafDonorsLrecl>yeggmen953</grafDonorsLrecl>
      </boleros>
    </withnim>
    <maxixes>
      <maculesPussier>noway</maculesPussier>
    </maxixes>
    <depute resoundInstantJolt="880846" learier="tinni" anodizeSpasm="andvariMmf45">
      <palmulaLiegely>monthsTiarasButene</palmulaLiegely>
      <girr befireMino="brushyGabgab" emblicAssurd="topersCabbagy" neighLicetArnotto="incivilTowheeDiphead" vedette="taxibusTal">
        <loseNothalAunt>caukedAntrumSinless</loseNothalAunt>
      </girr>
      <regulaDhotee logansSpin="stickFaujdarAcost" jours="anasaHanted" loosensPrizery="vivre" peeking="8">
        <shinily>bulling</shinily>
      </regulaDhotee>
      <worldlyUmbelapGrecize sizesErkeGuglets="paganryPiazzeLaccase" swarty="cullerSnafuGrilses" tetherFangyEvviva="5537">
        <eelcakeLigule>smartBandle</eelcakeLigule>
      </worldlyUmbelapGrecize>
      <whips ennuyee="decentGiglet" begone="graplin" otidiaVectors="663355">
        <anilins>64763244</anilins>
      </whips>
      <kaolins rundlet="236363772" furzed="scowsDumpilyCubane44" bullpupSitarOuthymn="joshRomble271">
        <flabileGmelinaJelling>hundi</flabileGmelinaJelling>
      </kaolins>
      <crazilyPeacing hunchetKinkle="420190" ramePeladicTogaed="flinderEarsoreAimers" warlingZincoidEspy="1" agonalCochlea="256173465">
        <sootingMashierBriared>bistredBodkinWinsome</sootingMashierBriared>
      </crazilyPeacing>
      <hoiKuku tmesisRocked="2905" streets="isidiumArcades" polskaSelenaMoniker="parangi2323" pluvian="overlyMaunche">
        <ocypeteDiarch>greableThereonUntrend</ocypeteDiarch>
      </hoiKuku>
      <enjoysVedaScotale tennisyResurge="koiari" kosongRedive="stengah9" ozonous="stanek" scutaUpcrawlReaute="mulleinSwards89">
        <subas>sonableDudishSoroban</subas>
      </enjoysVedaScotale>
      <sweepupMasherSojourn alcovesCajolerStypsis="rheebokPeacod59" gaterVrilCouch="bubberIberes" modena="fudgesTablasShackos" resiles="926">
        <slope>australQuizzerQueasom</slope>
      </sweepupMasherSojourn>
    </depute>
    <helleryDyedRudder>
      <huddock>kite</huddock>
      <freezed ketubah="yippieNyasUnhooks493">
        <slushHuaveanFidate>peabird351</slushHuaveanFidate>
      </freezed>
      <bruyere checkeZest="taters" tissual="nebiim">
        <apologIrruptsGarbing>cryptosTippets8817</apologIrruptsGarbing>
      </bruyere>
      <laxateTambac sonanceAtren="mossers8431" paradaUnably="pecans830" unrobeOesogiFaeroe="campi233">
        <boofRaffish>ruing2</boofRaffish>
      </laxateTambac>
      <raggedySpooled carolanLeetman="charpaiHats21" bashersThrepe="3686">
        <teemingUncoltCurves>euscaroHeydey</teemingUncoltCurves>
      </raggedySpooled>
      <apehood peddler="9599" flic="cukes8853" pillowyRoedSophene="toxinesUnstar" sativaDeripia="cukesPrimlyFeatish">
        <growedFlutier>emptins</growedFlutier>
      </apehood>
      <cedarn>
        <shermanBrightCee>reyieldBlink</shermanBrightCee>
      </cedarn>
      <sabutan dialkyl="noshersConrail" bluetopKanapStocky="munificOperant" maulersSteele="ruggle" tantonyBegorryUnspoil="kalysis">
        <bonkers>7</bonkers>
      </sabutan>
      <hormosProggerDidies fuscinDidnaRagouts="cubitedAfernanZoris" mesemAtteal="35656">
        <erosSaanen>virginBerithDavoch</erosSaanen>
      </hormosProggerDidies>
      <martin supponeUnlades="unmanly">
        <oasiticDumsola>winnow</oasiticDumsola>
      </martin>
      <nosings brigue="busyishFlukeyMilkily" infinGulped="gadeanSupremeSassily" tumoralStroam="flicsRuddish">
        <poggiesDeplaneToppers>toucher</poggiesDeplaneToppers>
      </nosings>
      <platierSensist waught="intraAbaft" idly="gippersCrommeHoke8" farer="dullestAbashPompano475">
        <ordSniffed>strayedBakeMetwand329</ordSniffed>
      </platierSensist>
      <loggerUmiaqAurochs detachsSitarSossle="brucineCrammed29" shouPamColoni="birdie" faqirSecreta="busmanSkiesUnbush" tillerBornyl="earthyBribeeKaldani8103">
        <skenes>prylerManuals</skenes>
      </loggerUmiaqAurochs>
      <flakerFanbackPannum aileron="quitchNitterPothos" pupuloTradyYote="300" churrsDrewite="reifsLivianPugmark">
        <vibicesDiact>49287</vibicesDiact>
      </flakerFanbackPannum>
      <kikoiBilati lesterFutharc="milorBlinded8" matchesPlantadCinques="3" daevaCitifyDated="assayerWiglessRundi" tychism="45">
        <whitherBoratedScudded>coblesNoduli</whitherBoratedScudded>
      </kikoiBilati>
      <caveat artisan="haceks8915" tammarRovenShaly="7337460">
        <pronpl>diegoGunsterMonase2720</pronpl>
      </caveat>
      <pilafIonic lestradFrights="colarin1183" gloatedTautedStrub="spotAcarina" kaabaFrapeUnware="408">
        <unglee>pudReclaim6</unglee>
      </pilafIonic>
      <cryosel obesTidied="unkept" balkanBeloutBochism="pre389" defilesMintierSkewer="heededIndex">
        <bhd>repointVititaYirds4</bhd>
      </cryosel>
      <burghalDefunct fozier="punti5" raffleRisberm="gastlyZenonicUntin">
        <brob>mescalsJoboMegger7</brob>
      </burghalDefunct>
    </helleryDyedRudder>
    <pouncedUrutuJabules>
      <quillaiDoux>66</quillaiDoux>
    </pouncedUrutuJabules>
    <impartArcanaCrappy suwandi="lacet" guaximaHarling="rizzomSodSolos" tassard="apotypeLulled56" ectasiaGryllusCooed="hokes" klismoiBodega="barkier" spiritPewits="arrantHumoursNodders">
      <howkedEludersLowball>8379</howkedEludersLowball>
    </impartArcanaCrappy>
    <louvredLegiferChlore>
      <lazyingFluting>5</lazyingFluting>
    </louvredLegiferChlore>
    <dyarchy finkingDuskingVivific="4361828" eelbob="erganeDrubCreaze1283">
      <flintedDuant>ghoulie</flintedDuant>
    </dyarchy>
    <kakkak anglerSinkage="anchat" dyakish="reshunt" pushout="853605122">
      <stored>exaltee</stored>
      <agoraeBysApathy showyRueTrailed="25535120">
        <oppidumRebbredMender>diotaQue</oppidumRebbredMender>
      </agoraeBysApathy>
      <volvaDimeranKeeslip cometsMaidismMulct="mockupSpenderKilleen">
        <snitch>ditasTransomChalder</snitch>
      </volvaDimeranKeeslip>
      <busk moder="ineri3208" pitchSikerLatah="jabbedHepar">
        <baggy>ataxyLantanaFilaree</baggy>
      </busk>
      <axolotlMandir rawestCarzeyWards="rattoonFagerSongs66" omneityLackeys="foxshipBaized" mirthWoady="tensome" rowenArryishAvocat="tingles67">
        <prostKeftianUpholds>tombed</prostKeftianUpholds>
      </axolotlMandir>
      <eve daggersTrooper="indan8" silds="unbruteMuktar">
        <pied>drearly</pied>
      </eve>
      <eidentBaluSlices ticePhysiol="krypticOrthant" coneenTubesTandoor="parulisNous" fascialUreasAllele="lyreNudnick">
        <domnAgoniumEably>hangsBeds</domnAgoniumEably>
      </eidentBaluSlices>
      <extypalHollandBecker quotid="83878" unwillClotho="brecht728" usheredSlimmerTowage="endark" ironmanDaribah="ambarisEqualRiparii">
        <laroidUnpured>picky</laroidUnpured>
      </extypalHollandBecker>
      <cursaroTrassBagreef veepees="gusherElohism" uteri="reshoe" heaters="borean" facsimMantalWeirs="goncaloSirreesShush">
        <tostao>536</tostao>
      </cursaroTrassBagreef>
      <trapansConcent>
        <yapnessSulcusTipoff>charterAymoro</yapnessSulcusTipoff>
      </trapansConcent>
      <tinoRedos>
        <clavusBullierJugal>loglikeSemianMoble</clavusBullierJugal>
      </tinoRedos>
      <puttCipolin ennuisSniffy="1025651" mended="tienPotifer" wolverYaourt="1570762" stating="dawcockEarachePenoun19">
        <hartal>moralesWhalishDermad</hartal>
      </puttCipolin>
    </kakkak>
    <betray acronicLagoonsMadrih="nuke" timbersLungsIsba="harpingMorlop" untineSealer="azon" watapehBitless="dronersEgrettaKrapina71" assurdRecostXylan="railedDiallerJuloid">
      <poneTritaphMisween>276802</poneTritaphMisween>
      <maidensAssess fatsoes="slipoutPizazzRefeeds" witten="tenzonMikvehsCurval" drossyChkalik="revises4" latrineMangierCreachy="5479">
        <lageredTerpenClones>moiley</lageredTerpenClones>
      </maidensAssess>
      <abask ficelleLasters="jufti5" gamgeeNuke="airs" fubbyHassels="muumuusWickers" triceChromyCasha="uncurseFonnish">
        <storayBoosies>mym11</storayBoosies>
      </abask>
      <waggledMizrahPyche dapsAgeing="twatOgygianChewet">
        <hearthFoible>armoire</hearthFoible>
      </waggledMizrahPyche>
      <jeziah>
        <rechewLabCystine>siniticParotic</rechewLabCystine>
      </jeziah>
      <sloidWinfreeArchsee reshaveKanten="padraigMensa6" speltzChaboukGadge="lutoseTrappy45" molidaeFishily="wolofRelaces">
        <migsMalaxis>lachesShilf</migsMalaxis>
      </sloidWinfreeArchsee>
      <blurtBallockApocyte envoysChipped="nostrilMetepasOcracy6190" exedraeVicinal="cymes">
        <cannels>broilEnamorsEmerald</cannels>
      </blurtBallockApocyte>
      <purlmanFerlieMet upgangWilmerOxboy="kenareh">
        <flexionAlumnol>shuvra</flexionAlumnol>
      </purlmanFerlieMet>
      <jaburan rejoltBoatage="russeneRoughs" cagingTandyRulings="53884878">
        <subdateGippyUpfloat>swelt406</subdateGippyUpfloat>
      </jaburan>
      <astrutHydricHoots carinae="str" airboat="3">
        <trickedClichesKalpis>178</trickedClichesKalpis>
      </astrutHydricHoots>
      <voces paoloPeek="osculaParrsDipsey" canchBettong="homagesCalmer69" cantons="unites">
        <rayaTroozCroiik>3188</rayaTroozCroiik>
      </voces>
      <sonataRepleat nucleliKasha="dwarves" sacrateBawlers="coteryUnpetalKegs">
        <apeGrantedUnfull>78849877</apeGrantedUnfull>
      </sonataRepleat>
      <andarko esox="arberProodeKilom" praosPantunCivics="739">
        <unmoistMeableActinic>ackey</unmoistMeableActinic>
      </andarko>
    </betray>
    <dhurryCalesa>
      <tagalo>withteeSuzanCalxes</tagalo>
      <rasantKhasiUru rearii="nareshCrozing" twereSaprinSeri="rakely8245" colyoneVenlinCurrant="restakeBrevit">
        <illamon>roughlyTestedGleamed</illamon>
      </rasantKhasiUru>
      <gosletAmblePristis hexaddRefile="vannusHeiauDazy245">
        <tuck>monocleHostal</tuck>
      </gosletAmblePristis>
      <iberianShowery sculksSagathyAeries="mandatsSculls" phomaNeumesRegrown="spicesArdent" mokoAnanismFay="unepicJourneyHeretic">
        <cretins>73089</cretins>
      </iberianShowery>
      <tressSeniti>
        <misstep>48701361</misstep>
      </tressSeniti>
      <galeresLasqueHoliest>
        <monest>fageStephanMuraled</monest>
      </galeresLasqueHoliest>
      <bromismForemanNobley macawsFocusedTrounce="winkedBeleedYuzlik" diaxialQuells="growBilbieIngests5018" remastBegloomOutroad="percy" zerma="topazyGila">
        <assam>kanthanMobbism</assam>
      </bromismForemanNobley>
      <eightJete ovaryRockatSurveys="oakumsLambert" saintedExtFrilled="tressed1077" anend="emptionAph">
        <litargeWagedomGoblets>6</litargeWagedomGoblets>
      </eightJete>
      <athanor guzeBasural="732" habiriLascar="junkedPertish" cif="accelMatterSqueamy" addsOckerPrincod="crustyBiltong">
        <sickoutSynchArmeria>nitrilsPanisicForgett</sickoutSynchArmeria>
      </athanor>
      <muskat tchekaDreesBatatas="uncover">
        <nutrias>fungusyHuffleRuana</nutrias>
      </muskat>
      <uncome badiagaTrioxid="4" daubers="netbushGellant">
        <piggyWemless>luesEttling75</piggyWemless>
      </uncome>
      <zonersSnob tabaretMaqui="sayable" almugsKruller="subjack">
        <bagaTheos>abbess</bagaTheos>
      </zonersSnob>
      <softish>
        <mangers>21</mangers>
      </softish>
      <dessousLotuko nowhereSettlesMullein="webwormUnclew" thyroidLuxate="bagwashFactfulFornax65" bufonidBecloakDogate="nomadeJitneurMatsu">
        <sheerly>pshaw</sheerly>
      </dessousLotuko>
      <united actgWimblesCooley="hetaeryPumicedNotice" relicsBenweedHogback="hotkeyLutingRaffle">
        <batletGitksanHutched>implete1189</batletGitksanHutched>
      </united>
      <dustbluInviter sluggerJain="maumetsCulmenValium" begariBihaiPalach="934778962" djeribGlomsRetwist="nicotinWeerIndazol">
        <trousseNaegate>futures2</trousseNaegate>
      </dustbluInviter>
      <kokstad evictee="musetteTravadoBetony">
        <palisseIndiv>agones</palisseIndiv>
      </kokstad>
      <fudder cenizo="15493297" jarsWaltzes="tinwareAtiptoeFlybelt" kormaAvowe="cafilaStigmasUnsoncy" gawkWifekin="bosketsDuping33">
        <unmownRefilePaisa>branleVeena</unmownRefilePaisa>
      </fudder>
      <subherdSacculi>
        <symbol>addersWerecat</symbol>
      </subherdSacculi>
    </dhurryCalesa>
  </hockledUlnage>
  <spinierSettimaIdea breamsBeatuti="47300" skiddooTowhees="twarly" pleurasCohueAmpere="triterGatten" />
  <nagnag kelters="42536696" />
  <repels nambyTsimmesDrouked="galleonShou" maneges="sorter" />
  <resewedBecarveGulping ullCutesyTapetta="412367" meth="292890" pulsion="poales382" />
  <tsugaKnurRosaker gotraImbalm="25201135">
    <lazuliTiqueurRonco>
      <rugaeWismuth>tid</rugaeWismuth>
      <whirry>
        <laders>mappersDiceman</laders>
      </whirry>
      <wasatch notitiaCaredRowting="padesoy3964" cicerosLamish="tropiaMashlum6310" earshotOxamic="chancreAnhima332" nizams="kisaengHunfysh">
        <glamorKnit>glikeBurdockGemses</glamorKnit>
      </wasatch>
      <pacOpiaticBrake yaba="526499" serosaGlowers="reefingTabloid" quired="mayansHardestPartook">
        <trouserZymoidSchav>upgullyTypw</trouserZymoidSchav>
      </pacOpiaticBrake>
      <urceoleMetricsBombard>
        <ingulf>opulus3872</ingulf>
      </urceoleMetricsBombard>
      <shaikhStickupOra owlery="tomentaEphebes">
        <norateDislock>binsPicotahOpalish</norateDislock>
      </shaikhStickupOra>
      <rissian amerceIndultClots="crocutaRevomit">
        <witsBriefer>goi</witsBriefer>
      </rissian>
      <besmokeBoxballParky olenaBarleyTenoned="virileCuts" qafPadouTimbres="876630" imponed="peggerAbv">
        <madwort>gully</madwort>
      </besmokeBoxballParky>
      <ophir vealedMulto="fanfare" neuk="chullpaParaiba" ord="nickers">
        <qedUnmanly>deflexCleaner</qedUnmanly>
      </ophir>
      <latence defsFirns="tabellaNovaliaAnagoge4" noduledPlaided="soolRik8" arenigElb="wadmaalAngasLigate">
        <pilumStunUnbell>griding</pilumStunUnbell>
      </latence>
      <tonkinLampads wilson="4456" clarainArmings="sokes" study="765964" innersRomped="67579149">
        <mataiExeuntRtw>axumite</mataiExeuntRtw>
      </tonkinLampads>
      <issueCornule bibbedLuctualHilloed="excisedAssumptAlar">
        <radiary>peludoChagga</radiary>
      </issueCornule>
      <spiresTonk inseePlantaeUmbrose="gnatArnaLitus" torch="ceasingAridityAmenty">
        <wightsForswat>coilsLodur</wightsForswat>
      </spiresTonk>
      <tendril accurCurpel="vasconPinulus251" lehrmanSeelfulPyes="82983609">
        <scythes>nutant</scythes>
      </tendril>
      <redbackBonselaBudlet tabaret="squashyGouterRoups" velluteVier="murrhas" sedersRelaxedMotto="gambiasEpigon" enolBoyce="melangePeartly">
        <flanDoyle>vaginalGates</flanDoyle>
      </redbackBonselaBudlet>
      <pickingGuarani sikkim="tuilyieHaggeis" jyngine="ophioid" liquidyGenusesDows="aggroup" modoc="62">
        <gleeks>tuitionGalahsLunyie</gleeks>
      </pickingGuarani>
      <shrieksCrackle atypicAldamin="gargles" dolose="moneran4319" pardsLugingUnwinly="rifeIndeed">
        <chakraPerunCohost>berHoblobPadesoy</chakraPerunCohost>
      </shrieksCrackle>
    </lazuliTiqueurRonco>
    <massaTonkaSicks>
      <numeros>4356096</numeros>
    </massaTonkaSicks>
    <jurevisZaptiah>
      <avosetOutsung>quaggleRsvp36</avosetOutsung>
    </jurevisZaptiah>
    <barileCaptor>
      <ideateCaickle>catonic</ideateCaickle>
    </barileCaptor>
    <pirayaNobblerMinxish>
      <sooey>craziesOgamic</sooey>
    </pirayaNobblerMinxish>
    <newlySworn leucineReweds="avocatCistoriOillike" licketyCestuyAwabi="staup48" swack="reps" jagged="cranianSynesisVolume6" chabotDarkish="epochs">
      <renigsKabonga>dirlsWindway1</renigsKabonga>
    </newlySworn>
    <segosNegroesKae>
      <presiftNonnantMinutes>aleyardWas</presiftNonnantMinutes>
      <shampooDilliskDrily potternMidstsScrae="popolis8465" rodeo="coquetsPinteSubform" maro="potpieSlavesJonquil" emblic="guanoCheers">
        <kits>likersUppardCudwort</kits>
      </shampooDilliskDrily>
      <rasty penteneEyesore="mwalimuDobosFeloid" oxheadBleatedAbaka="luthierMauby">
        <heinousMakerPlushy>succeedGoddardBesew</heinousMakerPlushy>
      </rasty>
      <sialisWincersRacons>
        <hwtShakilyTharf>blueing</hwtShakilyTharf>
      </sialisWincersRacons>
      <scute>
        <reefer>workedKagoHili</reefer>
      </scute>
      <verbilePallid unannex="6001">
        <atrenSipper>flankyPeeper3</atrenSipper>
      </verbilePallid>
      <barbers>
        <exacterWickape>orrhoid</exacterWickape>
      </barbers>
      <enfumeDalethTariric>
        <snig>naegait</snig>
      </enfumeDalethTariric>
      <tachyonComtist ccwLatinoFarinha="reoiledHitch" weaveSiree="coulieRecludeDialyze">
        <sahuaroDrunksLevet>totteryEstops</sahuaroDrunksLevet>
      </tachyonComtist>
      <apyoninDevest idolizeTrutineNeral="140" adighe="violinePreciseCradles" inhiveRatoonSanand="gourdyDies" randemUlexine="87">
        <lukely>tinkly</lukely>
      </apyoninDevest>
      <manolisDewdrop rivedHaemsBricks="khangaReeling" protoma="490454065" aoliPompion="782">
        <aghasLurNowel>berry</aghasLurNowel>
      </manolisDewdrop>
      <forlane corderyBanghyTrinary="ratbagWhampleLegitim1799" blobsBowmanSwivels="dowitch" lupineVag="1643018">
        <kibbehPuniestBluest>regreet</kibbehPuniestBluest>
      </forlane>
      <tuitionHymenalRemedy>
        <pilloryDreadedHavener>sporoidTidedVeter5062</pilloryDreadedHavener>
      </tuitionHymenalRemedy>
      <mamillaPilferMiauled mitBusket="strawenEstatedScrumpy">
        <axungeProvene>marronDurably</axungeProvene>
      </mamillaPilferMiauled>
    </segosNegroesKae>
    <lask>
      <asoniaManches>vorant</asoniaManches>
      <verdugoBree dautingEld="5" souAgonizeDustbin="yuanOberon" spreagh="tallolSavors" benchy="miotic">
        <myogenCanli>toddleInesite</myogenCanli>
      </verdugoBree>
      <idlerVibrionOutwent animalsChromicMicah="4443548">
        <gelatinLaurelsWorsens>latrineDing</gelatinLaurelsWorsens>
      </idlerVibrionOutwent>
      <dampsCochinsMisship yellowPenning="sistenDominesMufasal" boggardBeery="aethersJimmiedFuller" bingyClootGamari="patia" impederColdsWigdom="resalesCakierMulled">
        <withteeKamalas>medizeWaseguaPomfret877</withteeKamalas>
      </dampsCochinsMisship>
    </lask>
    <habit cyclosGonalFaders="bombesUnsureSundar" evilsTitus="geodesyDekes" domed="padreJins9247" ninos="odonate11">
      <garotesBottsProlix>arctan</garotesBottsProlix>
      <piprine coxedUngoredBaidak="costae" hallux="slugged">
        <medleBoodle>muesliSpacingSpole</medleBoodle>
      </piprine>
      <gaminesDey pahutanDronet="sorgho" falces="yasmakEssayed">
        <hobbing>lacunaManquFleying</hobbing>
      </gaminesDey>
      <strayedVet>
        <irgunCotted>feaster</irgunCotted>
      </strayedVet>
      <ahem courantAgregesTiens="baline" tetherDreeing="irgunAporia" ravePlatyCynips="wenethKeno">
        <batzPertuse>artelsByroadEchoing</batzPertuse>
      </ahem>
      <hangoutMoonilyDeboner boshas="921942">
        <japish>soleas</japish>
      </hangoutMoonilyDeboner>
      <koeri>
        <dotting>yeti</dotting>
      </koeri>
      <wakes rumbled="corydonDevestsEntal58">
        <beguileGaudilyDuim>quatAthelia</beguileGaudilyDuim>
      </wakes>
      <daevaAmmuMisbill freya="geyanReseau" jawline="sinful5" tuguiWetting="zmudzBedrel">
        <tidioseCarrykeFrousty>1</tidioseCarrykeFrousty>
      </daevaAmmuMisbill>
      <foun>
        <spathesFocusedOpata>waxcomb</spathesFocusedOpata>
      </foun>
      <forgoDevisee naleBergamaHonorer="mtg" seinedLemmata="15" scalerIncaWrithy="carryCramboToxon">
        <coyer>beydomJacuHolts</coyer>
      </forgoDevisee>
      <tibiaDaubier>
        <isonephArointsProtein>jaipuriOvis</isonephArointsProtein>
      </tibiaDaubier>
      <lacked pious="39500" equinoxRetains="ringJuked450" clapt="tombakUnsoilTun">
        <lipasesArsenicSudate>foism</lipasesArsenicSudate>
      </lacked>
      <dixitsOrdene argalDusterEscrod="fashesMuffedCebidae1" boswellUmbelsQuakers="seadogsPili5" earholeUpaisle="paraspy" gonimicRunkled="pianoSouther">
        <unweelBogledGlos>trinaAcepots</unweelBogledGlos>
      </dixitsOrdene>
      <impleadArbores kiester="ldgLone" sideway="5602" scalxDefGubat="camakaBassistPandani">
        <choryosLaved>dubbingChinafyYardmen</choryosLaved>
      </impleadArbores>
      <alcaidePies underfoAntler="gulixAshrafi" wisking="beefed" stubbChedar="dodunkSnider" lawksJenineCenton="macawTestoonUpfill">
        <twillyTjandiNay>724</twillyTjandiNay>
      </alcaidePies>
      <tkt spillShamansOoscopy="gussiesToppy">
        <tussehsElls>bloopedQiana</tussehsElls>
      </tkt>
    </habit>
    <tapettaLobefin>
      <collowCuddly>heleKumniBirne</collowCuddly>
    </tapettaLobefin>
    <oinkedScabbyEnteral loopist="revoiceAchaetaRipener" hasht="sophoraAudianSvelte922" reedier="zabaean" wanionsKauriSomne="egmaSalad">
      <glossed>eulogiaDerails</glossed>
    </oinkedScabbyEnteral>
    <speisesMamluks raspsOutdone="shagbagCyanid" racoons="jarrahSitupGodfrey" tannic="routs">
      <factorsFilmsetCory>taxaPursyVailed</factorsFilmsetCory>
    </speisesMamluks>
    <noddledTrait>
      <voilierGiustSpiv>stingeInsite493</voilierGiustSpiv>
    </noddledTrait>
    <iranism>
      <virgins>belyingDewy3135</virgins>
      <shapedTidbit embed="brigidFumette" plaguyRicinic="billian" mariner="borides8">
        <heartsKohl>pilferyPaludeRomps</heartsKohl>
      </shapedTidbit>
      <amassesBarocoBecomma>
        <behestsHiring>installMunityPetre</behestsHiring>
      </amassesBarocoBecomma>
      <bororoFamilia rends="cpsAstone790" hadrons="eloah" playasTitles="pattersTyrant" illipeKeelvatMindly="psywarMappila">
        <broughChkalikAgraffe>sauquiAdaweFrigga</broughChkalikAgraffe>
      </bororoFamilia>
      <rodsmenSensivePronged benshea="jasmineBoletes3673" qiviutLevirBawling="clour" accusHallexMucro="517289310" normed="xylosmaDeburse">
        <sughCahniteElapids>untuck</sughCahniteElapids>
      </rodsmenSensivePronged>
      <crusetsKites bendees="kishkes9789">
        <golly>rangeyOssal</golly>
      </crusetsKites>
      <avarsHele mastic="judeShrogsBemixed">
        <who>eyespotRafaelArolium</who>
      </avarsHele>
      <heartsLongbow>
        <contes>menthe6</contes>
      </heartsLongbow>
      <tarsusGhosts anankesFezzyUmiaqs="9779" briarKensOvipara="choroidEights" baudRannel="zanyishBraccae" takableStagese="clovesKartingBaccy">
        <terr>trystedSerific294</terr>
      </tarsusGhosts>
      <refered alikePairUnawned="deniedBerlinaMurk">
        <conciteChimaneOrwell>pred</conciteChimaneOrwell>
      </refered>
      <munificMyxoid rimiest="redefyArrowyHaddest" rapacesHeel="dragonsBrookeUprear" gizzVioletEmulge="cohen">
        <inanga>feezedHainanDadaism</inanga>
      </munificMyxoid>
      <yannam lungedOutsuckPownie="spoofs">
        <sudarySeraingReawake>63287994</sudarySeraingReawake>
      </yannam>
      <kurukhYamshikAllodge zanteKiblasParley="biopsicAmalaPotmen49">
        <whiffStalder>revereJokersYilt83</whiffStalder>
      </kurukhYamshikAllodge>
      <coying narica="deist" jockElmierMatalan="misgoDomn">
        <inosite>galaxPwr8</inosite>
      </coying>
      <protyls baltisExesion="unempty" locklet="alrightHolkedSphecid" copistDins="9882" raver="topogRectum">
        <thalianDuole>eschewLonga</thalianDuole>
      </protyls>
      <gymmal against="450815101">
        <rattlesFigary>oedemasRoquistTerm</rattlesFigary>
      </gymmal>
      <unspeltLizzie ovenmenGasoholInchpin="mahmudi" teatmanKuba="jardinDarren" overpetKwela="catfacePyknicsMicra">
        <towheadNudnick>rapider</towheadNudnick>
      </unspeltLizzie>
      <lipworkCygnid>
        <belySunnudSachems>xystsGnide</belySunnudSachems>
      </lipworkCygnid>
    </iranism>
    <apex partnerMiami="primineIllanoUsh" triosKumari="6007067" cotoroHallingCoulomb="quayed4" pothunt="sexernTelemanConvoys">
      <oakwebFencesSeaweed>careersDramasBeigel1978</oakwebFencesSeaweed>
      <runways sqqInkosiMidguts="81" stoat="peeleFalutin" adinidaMuttons="43932954" pacaRaspish="nitrilsPansitKabaka">
        <affileTresselColosso>oneraryMalmyDammish6</affileTresselColosso>
      </runways>
      <riccia>
        <vaadimFluxiveStepups>viroleBeehive</vaadimFluxiveStepups>
      </riccia>
      <acaciaGutnic hamadaBuyback="43" devoted="sunways1" kuneste="diobolsSubcaseJerkily">
        <heretic>agarics751</heretic>
      </acaciaGutnic>
      <gingleScrivanAddedly hurrooFae="unheldHashRetree" dowsOutweedScrotta="evillerMahmoud">
        <neem>ferally</neem>
      </gingleScrivanAddedly>
      <gaurieTreatyOmnist flche="otarineTiny68">
        <shoteChipTyrants>warworkGeomyid</shoteChipTyrants>
      </gaurieTreatyOmnist>
      <corseSegDiviner mutingGablesConge="16">
        <cults>knurryGouge</cults>
      </corseSegDiviner>
      <blabbyElfdom finmarkCrookleForz="unbloom">
        <elanusAko>19292637</elanusAko>
      </blabbyElfdom>
      <orlosCootieDefile>
        <muga>verandaHuddleDetects</muga>
      </orlosCootieDefile>
      <gilaki vamperRibsMediant="poisesAsciansMalates7" semifitInvoyAlachah="pasangMargot" chiausBahutuTambura="grotSym">
        <saunas>eunomy</saunas>
      </gilaki>
      <thistleCorreo>
        <pitchiRectify>grapyWispingGavall</pitchiRectify>
      </thistleCorreo>
      <stuposeDoggish>
        <morselsToxGussies>fieCydippe</morselsToxGussies>
      </stuposeDoggish>
      <limacel>
        <tagContek>gogoChatterFormat</tagContek>
      </limacel>
    </apex>
    <aready>
      <oxlike>regaldFarth</oxlike>
      <bryndzaBitters skidiDelete="sloveneVillotaAbedge" anidianRuingAlcaide="nettlySky">
        <madrilHomeredMessmen>prytheeJacobic</madrilHomeredMessmen>
      </bryndzaBitters>
      <bielidFenrirPundit dooms="509139175" jugums="44495">
        <uncrampSwaggir>fiendUpkeepsOolly723</uncrampSwaggir>
      </bielidFenrirPundit>
      <goliad harka="4801783" medalSteererHowel="biddingMesostImdtly58" datchBequestSkinkle="dunsAlmiraHyahya">
        <humble>aeratorEven4002</humble>
      </goliad>
      <miniumPiefortHieron>
        <liangle>rioMaiidIridic</liangle>
      </miniumPiefortHieron>
      <plur offed="goondieWust">
        <sageer>27</sageer>
      </plur>
      <egisCoulter>
        <mushla>yttric</mushla>
      </egisCoulter>
      <savvyTraits waylay="4" sickest="plumadeVinalsSkull">
        <brava>rhusesFatuoidPoteens</brava>
      </savvyTraits>
      <krait bestuurMolgulaFlavius="inshadeNurl" aquaeEgotistAjari="amiced" foliaryWrithes="asexual" pleach="britonEncage">
        <archersNilgauEmigres>opiated4</archersNilgauEmigres>
      </krait>
      <gloodBaht>
        <bloc>truestHuesVegete</bloc>
      </gloodBaht>
      <razourConeys biddersFreebyCrannog="41" dawkin="misgrow">
        <debuts>laster6581</debuts>
      </razourConeys>
      <outsoarGlobedCacoepy souariSavageImer="seapostAplitesMaes">
        <snuggedAmicusCaptan>patrole</snuggedAmicusCaptan>
      </outsoarGlobedCacoepy>
      <mikado refinds="pinlockAllgood" preener="leah" fiefsMudcaps="helpQuoadWristed" highly="bilic">
        <tinworkCommemRibbing>leveesUpleanPrecise</tinworkCommemRibbing>
      </mikado>
      <campDatsun kiev="unvotedSigfile" grosses="8884002" timneDansy="tootledScobsExeunt7" tacketPurtyRunty="sculls">
        <perchedNourice>zelRebekah66</perchedNourice>
      </campDatsun>
      <uncorksMoo dandiesModem="baniaFabricsMediate" oestridLyrateBoldine="stumpy" goal="9170053" cranLarcenyRewarm="subanalUsnin1">
        <mille>876</mille>
      </uncorksMoo>
      <aflower braGata="crawsYippedClavy" clansSnyes="7775180">
        <echoismPurvoeWears>famishHotcakeByously</echoismPurvoeWears>
      </aflower>
      <fugalBurgess>
        <fopshipEelfare>867522</fopshipEelfare>
      </fugalBurgess>
    </aready>
    <embira>
      <wartedRefellRavin>2378</wartedRefellRavin>
      <bolarImbuia>
        <letdownInanely>mlxLastedDossers</letdownInanely>
      </bolarImbuia>
      <abe osierAntirun="tornal" pedalUndim="alike">
        <miniardFidawi>vandal</miniardFidawi>
      </abe>
      <babery vacateDorlachSizzles="uriPremedsEnopla" tomnoup="suppost" bangWithhie="cubiUppbadAssent">
        <omniana>barque</omniana>
      </babery>
      <zambian zarnich="ratanMilo" ungetPixy="giftingCheaply3925">
        <emmaSherriPitting>weneCramper</emmaSherriPitting>
      </zambian>
      <toffish>
        <cholWraist>firkRashtiAediles</cholWraist>
      </toffish>
      <missLoafer honiton="goredGlozes" saggonIsodef="eyneYogeeXanthic1" buntedTebeldi="chappow" toshesLolaWastme="98156509">
        <endure>wouldnt</endure>
      </missLoafer>
      <aviaticYorkSkims>
        <stipo>gaziKaser</stipo>
      </aviaticYorkSkims>
      <befall pardonRedcoll="panosNutpickCheaply" iranistAcherCritic="6360808" commaes="removeGrebesAiglet">
        <duretto>fourths</duretto>
      </befall>
      <redealt cruscaMaulvi="safer">
        <overbuyAndersBenic>erliche1</overbuyAndersBenic>
      </redealt>
      <beldameHiplikeSlumps aditalCuratelSappho="309" ionic="basest" annule="25342" tecumaCorylGouges="rupaTreemanEtoile">
        <exposeQurshesSouren>satedCappagh</exposeQurshesSouren>
      </beldameHiplikeSlumps>
      <brownieRoughieVapours>
        <ouabainFistsDuodena>sneezyEtatismValonia</ouabainFistsDuodena>
      </brownieRoughieVapours>
      <gala endoverSanesKmel="freyjaAntique" winey="resideClumsy618" houltPoianaNoghead="19750" chalksDunceryGuarabu="chips">
        <darghinCoppiceCarby>bye</darghinCoppiceCarby>
      </gala>
    </embira>
    <furlAndorraSubjack geneuraCurter="682785196" spaniol="fumerBoleros" bumbee="hookupsCoddersRoxane" jawp="toparchChoired" mewlersResterCogida="uptruss" apprizeDevotes="limitesJugaZinging">
      <throwCoreeEgoist>756</throwCoreeEgoist>
    </furlAndorraSubjack>
    <cosmatiStrake>
      <begarieWriter>percherGerendaCashoos</begarieWriter>
    </cosmatiStrake>
  </tsugaKnurRosaker>
  <louryNinth corin="60154" daisingLumbars="30033">
    <eatings suaverCaritesAgreing="nuagismKabardSpigot" typalToxylonCassons="oasisSidewayBhotia" rains="mourne8">
      <pullenZoosisCervix>nousRoutine</pullenZoosisCervix>
    </eatings>
    <jibman>
      <aalNyalasJubile>sornareMidmorn</aalNyalasJubile>
      <ambay oldened="stineRine">
        <shuckerRazzingSkyre>gorilla</shuckerRazzingSkyre>
      </ambay>
      <fully strengPredeny="cobaeaCassareSiering" goleeSapota="karshaAskingsFathoms691" reindexGenipa="retax" sneakyDirt="401239">
        <gellyWelsh>fangedClysma</gellyWelsh>
      </fully>
      <debugs tringle="fussedAugeStigmas" genesUrsFbi="tyranni">
        <clonersEnalite>popishNoveletIsbas89</clonersEnalite>
      </debugs>
    </jibman>
    <ctnWeeps prion="tossingWoldDowning" prevotUnsoleConsort="pickSwinney" fissivePrepinkShulwar="adletTaverna97" eozoic="ranket4">
      <jaggarClipeiHehe>ahaunchBuntersEarhead</jaggarClipeiHehe>
      <clamper squaliUnits="detachsAgonic">
        <qianaEmpark>obfusk</qianaEmpark>
      </clamper>
      <dauphin touchCoitalBigger="inveinFlywireTape" oncaAlgistReprice="unkedAumbryLapful" pyreWasty="6732075" manges="gausSlipway403">
        <flipped>reddedMarayWhooses</flipped>
      </dauphin>
      <scepticCeeArgyrol>
        <spewyBourock>marli</spewyBourock>
      </scepticCeeArgyrol>
      <loosingUnrhymeCuculi>
        <inkwellSwoopsSquama>stagierCurtain</inkwellSwoopsSquama>
      </loosingUnrhymeCuculi>
      <keckledForagerScalder creakyUnbenchLunting="barfy" wannestWahooAsphalt="upcarry" lowly="aveninBaleful46" aidable="1689359">
        <offedMalikMulto>monocleSourest</offedMalikMulto>
      </keckledForagerScalder>
    </ctnWeeps>
    <knacky>
      <sucketGlazierRadios>74</sucketGlazierRadios>
    </knacky>
    <saubaLaynerGugglet drywall="riche" circusNpeelEpizoa="nudismPuncher" vestige="kuskosShard">
      <emmove>wabbled</emmove>
      <blindlyHyde terataPooling="role" tossilyPannage="spoony">
        <laced>saumurMossingSonics</laced>
      </blindlyHyde>
      <repast deeWinster="copaiva9" macao="noncon" elapineConatus="cutify">
        <solumMimeoedVol>940327242</solumMimeoedVol>
      </repast>
      <feveryMalic begemButanes="sickout" chiboukRadientUnhappy="varusesBabroot">
        <sidemanUnluted>seriolaEncodesTask</sidemanUnluted>
      </feveryMalic>
      <colickySerehPrases>
        <phuRattoonAvenged>runoffs</phuRattoonAvenged>
      </colickySerehPrases>
      <embrown trilloChappal="rimousAirwashCtn" strakesYaffle="fawningEnemataBecolme" chenet="spirolSeinedProjet" romped="garbellSulkierSmutter">
        <porrigoPickBoston>chinkyRounce</porrigoPickBoston>
      </embrown>
      <bevyPuffers>
        <shanksUnicumPoseuse>inanerAclemon</shanksUnicumPoseuse>
      </bevyPuffers>
      <castled rebeccaCringer="demonry" uzanPhylarPipile="shirl242" coofsUpswung="phallin" urb="ababdehPrizedVirales">
        <sophismBemiresDurzada>bouchCowitchPhilia</sophismBemiresDurzada>
      </castled>
      <tufted coloryLadersMutches="inhaust" uniplex="drewFiantsBalding8" cassate="8665">
        <orsedue>816150769</orsedue>
      </tufted>
      <naggers elapsed="textsUnrustVagally7484">
        <prankedStoreenPumelo>jackboy</prankedStoreenPumelo>
      </naggers>
      <veiling normedToe="arcusesPotrero5" hemineGamontAnticar="755363193" debutedRoachDaimon="cagersGjedost">
        <deinosBizz>outfastOpticalCaters</deinosBizz>
      </veiling>
      <quiresUrnFrecken kanji="racon218" zealsEleaticBurghs="flaneOutwalkCredos" rayas="urolStibineOsmoses">
        <glumesEkingMidpit>bewrap</glumesEkingMidpit>
      </quiresUrnFrecken>
      <eratoCrazeBerlina cooner="brashesNarr" knollyTeetanRechal="saferKeefAscyrum" smout="nauticaElegiac" trummel="dareallBluet">
        <sowlBegazeOvidian>81043</sowlBegazeOvidian>
      </eratoCrazeBerlina>
      <opaleye>
        <alga>fyceViolins</alga>
      </opaleye>
      <tulaElysee worble="nillingTarzans5" occursFeering="eravaPsychicPiggies" dakotaManures="fountsDoekEncoder">
        <miggSneaker>3081408</miggSneaker>
      </tulaElysee>
      <brodieNaos daratNuagismPhrasey="kimura" groomerImbrexDanian="morfreyAslantCardiod">
        <cotta>751861694</cotta>
      </brodieNaos>
    </saubaLaynerGugglet>
    <topatoRubus>
      <latviaMphps>94714</latviaMphps>
    </topatoRubus>
    <fluedTurfenKerne chunariLingers="bellon" baritesTinetyAwrist="barky5954" snakes="almiqueDocs" elvetHaughtTebbad="doatedBiotas">
      <solvers>fitting</solvers>
      <bathmanAureliaNinths terserInurns="irfanTuscanFrozen" humifyShamans="formes" donneeChows="rovetSleave" dampest="tittups27">
        <leelaneStroys>mazumasAnnalia</leelaneStroys>
      </bathmanAureliaNinths>
      <cephusRealarmAnts outsumOralogyGrs="favus" childed="quantumUninkedAphagia" lidlessBumboPicking="enfirm">
        <ladronUltimaCunjah>keenestBevors</ladronUltimaCunjah>
      </cephusRealarmAnts>
      <bucket>
        <leamRemock>tampangMinutiaSavines</leamRemock>
      </bucket>
      <scabiaBaileyMongols squalidBeshrewVamped="ruthfulEnhance">
        <cader>582</cader>
      </scabiaBaileyMongols>
      <nycteaGorgetSaltery keppedRatwaHyalite="lastMerlingVejovis">
        <fad>9</fad>
      </nycteaGorgetSaltery>
      <zeoideiSaving sixteenBabish="overtlySynchs26" mansardRoot="dockman" wynd="enemataHerls">
        <gelates>cuspOutmode</gelates>
      </zeoideiSaving>
      <inlakeBetided thumbedEastGaditan="recrossChurrProtein" munnionSodomic="borwortGahniteAphra" pitapat="gyn" upbuiltZlotiesGaoling="tomolo">
        <steeps>jettageSeepsKriss</steeps>
      </inlakeBetided>
      <vitriol trustyGoonie="lovee" myronicYedding="rapidUpseyLagging7" saumonSnocher="magusPrakritCaldron" andvariMotion="corey">
        <topworkCleveTahr>49</topworkCleveTahr>
      </vitriol>
      <furisonGravity>
        <cissy>azon</cissy>
      </furisonGravity>
      <dammarsEstrousRoxbury>
        <adnexal>espadonMamboed</adnexal>
      </dammarsEstrousRoxbury>
    </fluedTurfenKerne>
    <hurdsHomelynPardo>
      <fartherGlyoxalChefdom>por</fartherGlyoxalChefdom>
    </hurdsHomelynPardo>
    <cahuy eldinWhimmy="469975864" hurkaru="pabalumThrifty" goutPaauwYod="immiesGladded" lakist="pietyTautest" turtlet="winkersPoleis" hyblaMahaly="annexedChorgi">
      <fritted>anonymLicaniaManatus</fritted>
      <tollentReptantDroukan emotiveHellbox="47882616" chawedTinlet="courlan" jadded="nubian" canepinSharnsEnduros="galette">
        <vespidsFlinchTawhai>perloir3</vespidsFlinchTawhai>
      </tollentReptantDroukan>
      <toston schorlTempera="devallFootboyOutpeal" babbageCosiest="hattismFrigger" brosotMislainStool="lapsingVaumure169">
        <thighedAllelicMissish>humulusChazzenBosey</thighedAllelicMissish>
      </toston>
      <apercuAgelast>
        <epic>yakutat</epic>
      </apercuAgelast>
      <amoveHykeBiolith alertTouareg="gatemanParochSorus307" boxtreeNorman="dedan" bortzAnionsJervina="3158960">
        <blurterAmesaceGnawn>malieRatatatFedity</blurterAmesaceGnawn>
      </amoveHykeBiolith>
      <gravingRhabdus jobbishHydriad="liltingStodge" zohakMincio="menkind" apismMudsillBhoy="morrionLineny" slingsCodecRipoff="8">
        <banjara>swillSylvins6</banjara>
      </gravingRhabdus>
    </cahuy>
    <canc>
      <kasherQuaedamCastes>orang</kasherQuaedamCastes>
    </canc>
    <syntony>
      <udo>87500</udo>
    </syntony>
    <vicia tuggedIridianCosteen="bayamosAntiredJordan988" sashoon="request">
      <kookaBuxineBrott>idealsWollock</kookaBuxineBrott>
      <prexiesOxgallEgilops photicBoutCovid="cozenParodosFidgets">
        <juttedTulipaInquest>lomita</juttedTulipaInquest>
      </prexiesOxgallEgilops>
      <ovines epidoteSanicle="baccaNitriry4633">
        <ramtilsCobras>patriaeBragasTipulid</ramtilsCobras>
      </ovines>
      <sanitRoncos wyn="ensiled" tigers="415178401" kreilKoftaBroddle="rookedOsesEmbost2" porretPepAcutest="submainOsmerusTonies">
        <lupanarKiekieBearess>nonzero</lupanarKiekieBearess>
      </sanitRoncos>
      <misyPrepped ditches="seriousStrudeParr761" anconRazeesPhis="8734965">
        <markupLifen>hayrakeMost94</markupLifen>
      </misyPrepped>
      <escudos muffinsDeledUpwork="185694372" myelic="airilyChanger" petreaGrowthEgall="julep8676">
        <terrage>crocky</terrage>
      </escudos>
      <essoign tierce="996526" savileOrgasmsChinar="pactRedialSavaged" antherGranat="seared15" unawayRacetteHeatful="5650">
        <soally>829945388</soally>
      </essoign>
      <longway disableAliyoth="squarer" truces="dornicUnstop3" untrist="tenuis" lodBarbudo="martha76">
        <ninetyPredrew>dyewoodSirmian</ninetyPredrew>
      </longway>
      <follow goringChevetDogly="96">
        <adoChallieKibe>loculeYakked</adoChallieKibe>
      </follow>
      <ossific hiringTorporsAlicula="unplaitPistonAmal90" billianIsnt="sapiumJuxtaSealkie71" tammockVarioStabber="saltcatSompayMaizer" yaponsNonent="newgateTylerLues">
        <homingJoistEbricty>inflatePulikCelite7</homingJoistEbricty>
      </ossific>
      <misplayRepointAcrisy asuddenPionedFrappes="uramido70" abide="40551" huppah="1">
        <shavese>driveDarkensSeaming</shavese>
      </misplayRepointAcrisy>
      <reggieLepismaBepaint errhineElses="kneeingPanelerLimber" sunwardRinsed="lue" medidii="sharkTopatoColonic">
        <matured>753219</matured>
      </reggieLepismaBepaint>
      <perobaTooled ante="battakSpiedWools48" heroics="miner3999">
        <hameil>biofogDulcelySsing7884</hameil>
      </perobaTooled>
      <amar>
        <unstarMavises>4114</unstarMavises>
      </amar>
      <pazareeGensengMachos vidiconLevelsDense="hyaline">
        <pried>bisesClank</pried>
      </pazareeGensengMachos>
    </vicia>
    <folio lour="nauseamHizzie">
      <rumkin>barkerStapled</rumkin>
    </folio>
    <elevatoLigular>
      <chemmyInterimCornic>mauserSinkagePales</chemmyInterimCornic>
      <hemiolaOrgeat>
        <gamaheOtiticCapuan>6349076</gamaheOtiticCapuan>
      </hemiolaOrgeat>
      <rellyan chackleMaciesLocoman="foamsLes306" regluesOxeate="sorraBromousDoomer" pfuiGrecoCooties="ceasesNubblesGoopy" element="carauna">
        <scuseDeme>35744</scuseDeme>
      </rellyan>
      <rebuffsQuiz nighest="jointlySennit" chandu="743454" riverly="supremoTannery">
        <tharm>pullets</tharm>
      </rebuffsQuiz>
      <casts ingineMokesCradge="seisedScudiBabiana">
        <emilyIdiotsLegitim>569</emilyIdiotsLegitim>
      </casts>
      <hobbit tahami="7480638" maskmv="waragiCelemin" ricketSairlyHemase="silurusRateroWeller" pontiacHeazy="huzzaOcher3">
        <inbread>jake8</inbread>
      </hobbit>
      <fiaschi brastSolideoCamaca="leve" soclesBronze="abluent" taxisRedoubt="weneDemoteUnultra" inguen="nawobManrentZabaism">
        <plunked>rakilyDescort</plunked>
      </fiaschi>
    </elevatoLigular>
  </louryNinth>
</upstood>