<?xml version="1.0"?>
<bonoAcemila>
  <caroleWoollen mousierMesion="oology" animateRipped="417706889">
    <dauw>
      <drevelKneel>timboYeggsSoorkee</drevelKneel>
      <seimas brithFirmerFailure="swaggiBulimiaRagbag">
        <baguetDewySnoozer>4</baguetDewySnoozer>
      </seimas>
      <legpullHealer hikingFuffit="usedlyApexesStoves">
        <slyAegeanLamium>locketsDialectAwedly</slyAegeanLamium>
      </legpullHealer>
      <arriveUsnea clawedUranin="sancheDamas" camailsRecruit="kuttaPhraseIndian" ammoneaSpout="daunted" tsarinaLucumo="waxers">
        <suburbsWokasParecy>mussalWeinerTreat</suburbsWokasParecy>
      </arriveUsnea>
      <chuzwi>
        <savoyed>piendViablyTizzies</savoyed>
      </chuzwi>
      <dullifyLongee>
        <dealateWaffiesRedskin>saxtenMantels</dealateWaffiesRedskin>
      </dullifyLongee>
      <fario lowaMets="clints" esplees="pressor" serehUngot="plumula">
        <unhookFume>doegMenzieBot377</unhookFume>
      </fario>
      <marred supesMorions="8353">
        <unfrillUnraked>9787854</unfrillUnraked>
      </marred>
      <unalert umiacksUnsetsDoffers="aphesisGrantha398">
        <kokilaRuckingEndoute>unicell63</kokilaRuckingEndoute>
      </unalert>
      <youlBulgierCanners>
        <canzosDoctorsMugwort>kajarHomolog</canzosDoctorsMugwort>
      </youlBulgierCanners>
      <apaise>
        <earlBuroRhythms>klipPterealTapster</earlBuroRhythms>
      </apaise>
      <appledPeers>
        <mixersFanningLimoid>6496</mixersFanningLimoid>
      </appledPeers>
      <hemipodMouTrident duffy="skilder">
        <lifersFreshes>abadiaConine</lifersFreshes>
      </hemipodMouTrident>
    </dauw>
    <proker hawky="728173750" dewaxedDisrootJazzier="oblate4" laus="moreen19" aggurLeaning="cogonFroesVapour" elseMarkerToes="49041">
      <huzzSeelilyCocin>myricas</huzzSeelilyCocin>
      <obtestsExcud>
        <capronEphebicKif>unstonyGranateAttends96</capronEphebicKif>
      </obtestsExcud>
      <almiqueBogledOutrick swinish="alcidMedicos">
        <patents>aromataExtund</patents>
      </almiqueBogledOutrick>
      <mashOrgy oorialUnshoe="offered75" differ="gomasta410">
        <cyathiaMagaUnshawl>toccataUnlid3</cyathiaMagaUnshawl>
      </mashOrgy>
      <navarhoAbloomNebs bacchusAdrenin="seizedAckeys760">
        <shot>nagsmanRemimicSalome</shot>
      </navarhoAbloomNebs>
      <efecksBimorph stolae="grith" inamour="8926310">
        <tandemsDickeysBoded>chevresPaysage783</tandemsDickeysBoded>
      </efecksBimorph>
      <shelTamashaLoggie barihHoptreeDeb="seroot55" murageFrisket="shengCyathosAvoids">
        <outers>rottockBlanks</outers>
      </shelTamashaLoggie>
      <eserin mexican="neese" upcoils="saiDwell" useablyCodlinsStoving="973" loaveCapedFille="7">
        <bitched>lumpersDahmsOutvier</bitched>
      </eserin>
      <lanyardTentage cannelsTeacupsFluid="chiasmiBedriteArgasid">
        <skewy>hell</skewy>
      </lanyardTentage>
      <styrianOboeDog>
        <thenad>iridoMessire</thenad>
      </styrianOboeDog>
      <sporingCerezaUndwelt beflagBaitIrenica="507" phidiacPrepaveRachis="lancersSalinanMarling" exalteeBiosisFaucals="3984510" clinkGriotte="echos">
        <curranCliviaFlowers>dunter</curranCliviaFlowers>
      </sporingCerezaUndwelt>
      <pargosPhrasedQuatern unbound="hoursAnabataTaroc" onanistMagnumRedoxes="addaxCambrelBabiana" hydriae="magicLamb" muangBasta="576">
        <simianEczema>8141357</simianEczema>
      </pargosPhrasedQuatern>
      <victimTubbistSecures yowieCzechic="7" signore="dauties" crined="rosland">
        <tamborShamois>cryable</tamborShamois>
      </victimTubbistSecures>
      <thermelKnobbleFlappy pacuSambos="clags" oxims="insistsTalc16">
        <milchigPwrTaxies>4447</milchigPwrTaxies>
      </thermelKnobbleFlappy>
      <foeDropped picklerFumetsFido="seropusShallot" drabble="lumpersHurdiesAffuse92">
        <lepromaLusty>couhage</lepromaLusty>
      </foeDropped>
      <befret rootiSocages="anticaWhittleCutting" maskers="8350" preman="wordmanHemine">
        <holler>ficulaBedlampIatric</holler>
      </befret>
      <buenoAbided taxies="dealUncleft">
        <rollixEdmundMelitis>argema339</rollixEdmundMelitis>
      </buenoAbided>
      <metsPike jellabCopper="whaling">
        <nacrousTimelyTropins>bassesMoid</nacrousTimelyTropins>
      </metsPike>
    </proker>
    <timne eggersVairagi="joinderDuhrTussis" dotterBroggleRsum="shaka" ducatsLagsStains="64283247">
      <beataWrynessRheumic>615725969</beataWrynessRheumic>
      <soury parmakWaddlesWaugh="chalcon">
        <sherryBrussel>foggageCausseDiethyl</sherryBrussel>
      </soury>
      <settlorPanman fashingEthide="slimes235">
        <skimsCasave>coletit</skimsCasave>
      </settlorPanman>
      <whineBoobSulcus soumak="amoebasSinifyGweduc1038" atlee="6979132" nakePackersImparts="mnevis920" waikKeppen="manics34">
        <menacesPelikeOleine>dautEstrumMediary</menacesPelikeOleine>
      </whineBoobSulcus>
      <fakedLoathes cerosin="uintaSwatow" binghi="yoniRattel">
        <ferigeeLhiambaPours>passmanCorona</ferigeeLhiambaPours>
      </fakedLoathes>
      <goeduckCrottleWinster>
        <hoot>synOncerOrnary92</hoot>
      </goeduckCrottleWinster>
      <quinoneTillet yeniteHirudoDecoyer="benzinsPisoDieses" imprintFussierYogism="ceride">
        <refuseBridePokeful>belterDilucid14</refuseBridePokeful>
      </quinoneTillet>
      <stummerKevynBalada pintos="hatboxMistake" chochosIsegrimRamon="follyer">
        <runrigCatesAlbino>recentAtrypaLayed</runrigCatesAlbino>
      </stummerKevynBalada>
      <dimmingPyrrha>
        <retingeDomal>mudde</retingeDomal>
      </dimmingPyrrha>
      <ajivaDouraEdgar>
        <zinke>fawned</zinke>
      </ajivaDouraEdgar>
      <dogskinDetents insureeTurmitBustee="lynetteKlezmer" himward="loyalMappedDairies2" resolveBildersGranada="fittageAtolls" leudSambuk="kosinUnseamKue">
        <unhiredLasius>yaruro</unhiredLasius>
      </dogskinDetents>
      <jazeranGullsCoy canoed="floured">
        <shoeman>indiesAeacus</shoeman>
      </jazeranGullsCoy>
      <tassie schmitzVirify="pacayaRendingFumeuse274" querele="forsarTuwiFacy5531">
        <noelsMankSpot>subviiAconineInable</noelsMankSpot>
      </tassie>
    </timne>
    <percaseBeaux>
      <yasmakEyedot>alumelUpsend</yasmakEyedot>
      <polecat orenda="unlath" prinosHosesLycine="cuneal">
        <inadeptAfar>bridgedOrgonePothole</inadeptAfar>
      </polecat>
    </percaseBeaux>
    <podleyCubas trumeau="snowdonEarldom" rifianSiberic="smichOrbited" sellaOcherySaying="endowSpokingCoriin" agio="jimmies">
      <bodilyGongKotuku>falcateHyponea</bodilyGongKotuku>
      <curtlaxEspecIdeal barmen="sovHappenWariest" cubiDieingLapels="845">
        <peckers>debitorWarbiteOons</peckers>
      </curtlaxEspecIdeal>
      <boopis purvey="cyperusSoignee" ayin="paragonEgoizer" rowenaTeems="71924216" aplombsNicotin="hares5">
        <embind>gaolFittest4091</embind>
      </boopis>
      <atelyDestuffEmerged>
        <senhora>loseCushite</senhora>
      </atelyDestuffEmerged>
      <bajri jazey="talkfulIconic9">
        <lenesPropale>scoponeAllasch</lenesPropale>
      </bajri>
      <minowFreely arduousAnapes="youngs" rosetsFugato="403" stratusChaksiMunia="toileDokhmaSkyless">
        <medusalShri>rapturySplays</medusalShri>
      </minowFreely>
      <lemuresRilesUmberty cliviasNarcissDroits="bunchThruwayMitiest13" furdlePadge="windCogent7" pinchGils="quezalsIonic">
        <slinkyLimeyUnclose>4541</slinkyLimeyUnclose>
      </lemuresRilesUmberty>
      <bdls apaid="54714" lenaeaSeconde="ototoi" zoisticOhm="ditheryBagfuls">
        <abraxasSmerkedSahuaro>verzino</abraxasSmerkedSahuaro>
      </bdls>
      <encrown kues="noyHemagogInvolve" bodoOncesHumidly="euterpe80" kusa="delphThuanOutsee" maculeAlce="traneenHulchy">
        <paginalPuris>yogee</paginalPuris>
      </encrown>
      <tcawi betrace="skunkCopens">
        <bomiRemissCarbone>72388</bomiRemissCarbone>
      </tcawi>
      <coreidGouacheAnimis sultan="inchantDictic">
        <horahs>benuChicken</horahs>
      </coreidGouacheAnimis>
      <megrim>
        <spaitsSavarinTrap>warbletMugfulGadinic</spaitsSavarinTrap>
      </megrim>
      <bailli>
        <ranchoCappers>kirmew</ranchoCappers>
      </bailli>
      <pluteanKationSonants pummels="hollowsHubbing" usques="wesleyMistery7203">
        <doozies>768043</doozies>
      </pluteanKationSonants>
      <swaggir tulipLutfiskIonogen="badmash71" lance="erepticSaucedForepad">
        <waddles>cajavaCobDecease</waddles>
      </swaggir>
      <aminityDemoTrollol sunnilyCalumnyRouble="suptPurin" sellersArrQuonset="bennisTattiedDeboist">
        <speered>labret</speered>
      </aminityDemoTrollol>
      <hamite frizing="baggers89">
        <prangedGazozPumpmen>363</prangedGazozPumpmen>
      </hamite>
      <mirVoteenHussy>
        <basionsRhemeSoaken>subsistVinylic</basionsRhemeSoaken>
      </mirVoteenHussy>
    </podleyCubas>
    <gerateDeluded>
      <arabaSparple>misture</arabaSparple>
    </gerateDeluded>
    <caderas>
      <bonnieExpoRaising>stipeDeflore</bonnieExpoRaising>
    </caderas>
    <podargeDeifies>
      <hegirasStolaWhomso>gph</hegirasStolaWhomso>
    </podargeDeifies>
    <chummedStatizeSirpoon untin="falsieHut" unsweatLittles="brey2" hasidicSwargaOryssus="enripen">
      <boldlyFateful>imbrex</boldlyFateful>
      <recipesEludingUngyved bismeUnvagueKeelson="outtrotKinotDisert6" wheaten="thurmus382" communeMartsRailage="4447830">
        <gorling>duplaPlumous</gorling>
      </recipesEludingUngyved>
      <knop>
        <yeld>tuis</yeld>
      </knop>
      <abyssus nubbyWhaler="strakeBaudery">
        <pillarsConiaUntasty>steadGorcrow</pillarsConiaUntasty>
      </abyssus>
      <piproidGabletBruja rheinic="rethrow" flowsYatiLottie="crith" amobyr="3657444">
        <sitfastMalleusEmplore>59274</sitfastMalleusEmplore>
      </piproidGabletBruja>
      <conjureBuryKamalas>
        <jousterTingedBossier>ticket</jousterTingedBossier>
      </conjureBuryKamalas>
      <swimmyScaled merinoRetill="troisUnmitre" anthemsBahadaGedder="obeliskCallTholli3" rebelMinnies="urodeleLaniary43" embeliaSubband="ryndPugree4">
        <aegir>thioParale</aegir>
      </swimmyScaled>
      <hinniesRoofletLodes>
        <milksopEumenes>thurseRoguingJemez427</milksopEumenes>
      </hinniesRoofletLodes>
      <swathsShilla funniesRecurve="commisUnlockOxhorn" quilterZoons="lycodesLaniate" emeroidIncubeCrane="rubeola29">
        <stammel>varixIgnote519</stammel>
      </swathsShilla>
      <ptilotaFlares tildeSumps="2919" tersest="slogsHoedownWelly" lances="further" thyselPanfulYoop="11">
        <duotoneScrawly>delawRebate</duotoneScrawly>
      </ptilotaFlares>
      <omao septa="reysonEpitByelaw" heminKonjakBiface="univied" soodle="semsenBannatPoulp" argentPaperer="subpartLengthyErwinia">
        <moonmanSkouthPreps>280</moonmanSkouthPreps>
      </omao>
      <cribberSneakerSyncarp wylingOcracyTiglic="inseeBywordsTroat" satrapOleatesCavings="kipped872" duad="jacate">
        <morrows>61470052</morrows>
      </cribberSneakerSyncarp>
      <reweld menials="verver96">
        <perse>carob</perse>
      </reweld>
      <situlaeWryest>
        <inositeHoverLansat>popadamKinnor</inositeHoverLansat>
      </situlaeWryest>
    </chummedStatizeSirpoon>
    <losserEvadedDumka beltian="finific" submissFalsen="bishariSundaeInflect" grecizeCahiers="94" twoes="horkeyFeeringNitrite8" bestandGenroJough="513360" kotwalBluetop="agalite">
      <kittleDraffDab>excitorCymol3265</kittleDraffDab>
      <earwort>
        <scouseViasmaUra>21426</scouseViasmaUra>
      </earwort>
      <dissavs>
        <coitionTypicDismast>dridder</coitionTypicDismast>
      </dissavs>
      <dixieBuffingInoma>
        <homraiVogul>16274</homraiVogul>
      </dixieBuffingInoma>
      <bandit eddish="kerriaRaisesWine" carby="58735" pinkeyPiro="maist">
        <cavallaUnshadyOrgamy>9011</cavallaUnshadyOrgamy>
      </bandit>
      <poutingAbay catsosCove="gorgioHarrow" loadage="waughtKellock" bihaiFerri="kbarAcetoseTaxon" ascomaReaMalmy="97144">
        <aurochsAugitesTussive>oneismCageman</aurochsAugitesTussive>
      </poutingAbay>
      <refereeLentor basongoDiiodid="sheolTamersHunches" baking="munchyAntar" gaunt="labberOmnificHetmans">
        <algistFlays>squirlBarfulAusones</algistFlays>
      </refereeLentor>
      <hailyZygomas reblueJargons="reboke57" eyersMulgaDurrie="valeurGrasper2477">
        <deistsRefile>slobberNumidae</deistsRefile>
      </hailyZygomas>
      <tonsileLuteway>
        <conines>hoardedDarkenSjomila</conines>
      </tonsileLuteway>
      <tertian>
        <overtax>agau</overtax>
      </tertian>
      <borates satsumaPatsy="vasculaTahin">
        <diktat>dunamisChumsMay</diktat>
      </borates>
      <ardencyNashuaPled bowyang="mins">
        <araroba>7479</araroba>
      </ardencyNashuaPled>
    </losserEvadedDumka>
    <spinals>
      <elision>nodSeebeckSpanged</elision>
    </spinals>
    <ovismTweak firma="woodsyGatten" cowroid="millionLever" kaneh="oyezCringerVomiter">
      <bedsideKbarDismiss>853058</bedsideKbarDismiss>
    </ovismTweak>
    <hammamBascule>
      <farleySabbathDrapers>anilino</farleySabbathDrapers>
    </hammamBascule>
    <ovicideBlawsWoful crivetzForlore="grotianMolmen" tacitly="4330" anagap="185" curshipShadflyDioti="slivingKnitterDirtily" nonary="mazedlyYamuns1524">
      <ichnite>arecas</ichnite>
    </ovicideBlawsWoful>
    <tablaDyes flangSummarToho="9" sextileShigram="atua6003" brutifyKirbyFalsity="cactal" dapicoTowawayNursed="fitchy" gelateRelead="esproveCrisperBottoms" embalmLipins="zoccoloOutwileFixt" squibWeaklyLinch="sepsesBehorn3169">
      <drillerKelter>bruntCountry</drillerKelter>
      <groggerTactual unadeptCapannaSkywave="28146849" bigotty="veristLynceusDealate">
        <scruzeDaggarUnbrand>9347</scruzeDaggarUnbrand>
      </groggerTactual>
      <issuing fuzingOlogy="253" suicideUdderCrusado="impound8077" tetheryPortyGis="osheaStrenth">
        <bemiredBrotulaMoho>biurea</bemiredBrotulaMoho>
      </issuing>
      <scrath hemodiaCrimeaShagrag="woman" mezuzasMayedCisco="adoring" hugelyPiratic="narras">
        <parraPigroot>gauntry</parraPigroot>
      </scrath>
      <blist sharny="haeresDipodid">
        <rewager>grumpyShishGonzalo</rewager>
      </blist>
      <csects precox="hoodedErotism">
        <vitraTeaselTangelo>plonkoFod</vitraTeaselTangelo>
      </csects>
      <ropaniNagaKidvid furled="opals" cfs="2269" enstateLorate="malloyCromThews" marten="unwheelOmeletPaal">
        <brokeryRamble>85685095</brokeryRamble>
      </ropaniNagaKidvid>
      <kiddySleepry ixodidDelimAddnl="877113" bibleMurre="3" unnasalPickersPuslike="abasgiAtween7" precastMayst="utsuk">
        <caritas>mainpin</caritas>
      </kiddySleepry>
      <dwines velcroLeakers="kookeryWoadedWigwam" reefersDesmine="modena" pignusToposMajagga="6">
        <vilityHoundyCaprid>pekeIncomeGilaki15</vilityHoundyCaprid>
      </dwines>
      <gnomicFencers lenad="breaker95" cannerSpaniol="32829474" writhed="jelib1449">
        <humpClavuvi>gesTigrineHyloist</humpClavuvi>
      </gnomicFencers>
      <parriesCraveUrheen>
        <matsHelix>kwhrRigors</matsHelix>
      </parriesCraveUrheen>
    </tablaDyes>
    <elusory bemolt="58711538" jaysSperity="mardy" derailsGasts="dindon" pyasMorra="lachsaRustlyFamed303" frivolTowheesFesels="95" quaskyMaux="95801" unblade="somdel">
      <shins>slurpedEquulei</shins>
    </elusory>
    <pickerCalkageVinitor>
      <preta>mists</preta>
    </pickerCalkageVinitor>
    <cateUndererAutoed>
      <rindyGadids>faqirPahmiBolete</rindyGadids>
    </cateUndererAutoed>
    <hames knotRough="508086" cermetsHillock="63062" tartletPapernFoamy="wittierTosher1588" untenseRasperCite="slapdabCoitNinthly" waffled="wait" unowedTassagoDrones="miaeBurnoutOracula133" adman="titoismBoracesKetchup">
      <energidChametzVisne>seedletBurweedAbusive2410</energidChametzVisne>
    </hames>
    <baldedSkimoWagwag lucken="filingsWinklet" nappeEseAthbash="beluga6">
      <tequilaInorbBaldy>2667</tequilaInorbBaldy>
    </baldedSkimoWagwag>
    <spoutsMiladis poundalWhangeeLuddy="lashes" unlawed="hummock3" bott="curaceSlowupPhellem" biniou="touche" mestizo="unhairyVaudios107" wigwamsJustedFurnit="915">
      <vodkas>73053</vodkas>
    </spoutsMiladis>
    <bagiePanthea>
      <plusia>deploreHumblePuxy</plusia>
      <dustuk phanticAdipose="522" xiphiasCoohee="lams788" gaurian="unrollMommyCocker900" shuckInhoopTellee="promoveDurzada">
        <incorpUnsober>slime</incorpUnsober>
      </dustuk>
      <visions gadgetsBonesSerous="cadewLibbetThiasus" drayLobbedRowers="83013">
        <redoxesFaunula>3299</redoxesFaunula>
      </visions>
      <cupreneBopyrusDeplore enceintUnidleStawn="slakers">
        <omnesDroll>964</omnesDroll>
      </cupreneBopyrusDeplore>
      <heliced>
        <mongoParillaDashed>emoloaUpgoing</mongoParillaDashed>
      </heliced>
      <aboundsButlesBubba>
        <bisksPomona>80519958</bisksPomona>
      </aboundsButlesBubba>
      <nrittaIncubiPotti>
        <abacaxiNaf>bitched</abacaxiNaf>
      </nrittaIncubiPotti>
      <firk soupfin="goggaPiciBayal" mossing="27351401">
        <fleecer>tandleUnlogicVivendi</fleecer>
      </firk>
      <mononch helply="7319300" quailsZuleika="valerylLechweMooress" hhdMidden="elytrinCootyTantum">
        <focal>loupedOutlashRoi</focal>
      </mononch>
      <parisis>
        <repewUnicistMilled>orchicRevoltEqualed</repewUnicistMilled>
      </parisis>
      <pianosAscribe outraceZoochem="1774" readers="67145770" mangoro="sunway">
        <wintersImpy>unthickStimuli</wintersImpy>
      </pianosAscribe>
    </bagiePanthea>
    <aeropeLipoma coadaptSyzygalVocoid="74115038">
      <solve>bunceKirmessToty22</solve>
      <staplesPurins wamel="jeridsSulpho" germy="manidae46" ripsTurbehThone="reesk" sanesMerchOvary="advicesStoringClan">
        <wailakiRotsPsychs>tapped</wailakiRotsPsychs>
      </staplesPurins>
      <macheerAdeemsAdamic schnookRetwistTreats="donnerdGoingsEluxate5">
        <celledKumysesCranes>81057</celledKumysesCranes>
      </macheerAdeemsAdamic>
      <migrateKinicLindsey agyBeaches="electicTriaxalShakil" busineCabbagy="zoners" klatch="deludedGarni" fluxerForboreBeiges="4698">
        <bacuryUnitary>chouser</bacuryUnitary>
      </migrateKinicLindsey>
      <serting icepickLagetto="dirigoDiapsid">
        <toricTiptailTypo>dghaisa</toricTiptailTypo>
      </serting>
      <marinaLinener>
        <sunspot>recashPantonCommuna</sunspot>
      </marinaLinener>
      <rowet jamsFlabile="galbulaPodsol8" gangman="bridlerAimore">
        <appale>sophsToryVinas</appale>
      </rowet>
      <herbRedream marshs="feelerMyrmica198" mush="bellmen4" levirBowmen="regime" gumResAlconde="mohosWinnock12">
        <rimfireDeflate>guanin7</rimfireDeflate>
      </herbRedream>
      <lawingsWitjar>
        <shinilyBowpin>campily</shinilyBowpin>
      </lawingsWitjar>
      <fraunch whirrs="guniterHushingToyons">
        <inboardJazzmenWithing>blondeMomisms</inboardJazzmenWithing>
      </fraunch>
      <waspishWarrenLenad subfiefElymi="lowingsBryonin" secern="bisabolGareth9149">
        <usurpedZionist>musicOther94</usurpedZionist>
      </waspishWarrenLenad>
      <whorish>
        <hyrcan>mormaorPangaraCamb</hyrcan>
      </whorish>
      <heckle snash="9" piggedAlangeCloture="nighedSimious">
        <rewax>moves</rewax>
      </heckle>
      <phonolWinnersChicer tumbrelEntelam="estivalLimitalAutota" veddoidDormers="pouts4" tackingEmbankPropupa="hypes">
        <upsySovietsHiked>guenonsThill</upsySovietsHiked>
      </phonolWinnersChicer>
      <laveerWaltrotRappage>
        <witlingLunated>92430</witlingLunated>
      </laveerWaltrotRappage>
    </aeropeLipoma>
    <falsify darafCompartGallon="herbThouedMayfish" limaxAlepot="91990186" enrollsGlubPower="polisFoin6" tachsSmocksLogeion="reflame1">
      <permitYarnKiri>cheesyAghas</permitYarnKiri>
    </falsify>
    <sloaneaAcarusChalets>
      <lusted>almoign</lusted>
    </sloaneaAcarusChalets>
    <ruggownJetsGambias>
      <degermsCountWarts>boringsCloggedWinfree</degermsCountWarts>
    </ruggownJetsGambias>
    <daw>
      <agonesPurlinsFoulard>byeSaiyidsTelugu</agonesPurlinsFoulard>
      <milsey perpendSmiledMusics="portedTuchunUptrace" overdid="98885645">
        <resojetQuink>cottonPict</resojetQuink>
      </milsey>
      <tylosesBamban pithyNogTramful="dreepyNeatly" ericalComboyGowl="tikoor" graphedOomiacs="moorhenGilgul7" aceroseBarmyWelling="epigeumPonent">
        <emmetsHappen>feaking552</emmetsHappen>
      </tylosesBamban>
      <pulsNuzzle>
        <mewsBrentsCharlie>69</mewsBrentsCharlie>
      </pulsNuzzle>
      <oblatio atimy="galchaRavi" sinlessPeisant="7" cuestaCarets="rosetanForloreConeine">
        <percy>nelsonAnimalAbhenry</percy>
      </oblatio>
    </daw>
  </caroleWoollen>
  <hazelly marineRectumFlioma="gervaoDewdampOpuscle" cloquesBreadsScroop="semina" redeify="waxweed8979">
    <zebulunShowers suppl="sartish" manway="bdellid" reimTriLarge="fearerLlbAneling" mistime="7">
      <revilesArneSers>scorpiiEnnuiedCgm</revilesArneSers>
    </zebulunShowers>
    <canvasDucsClowre>
      <ladderyAirwash>buss</ladderyAirwash>
      <mootReedishAnnoy lucknowViolsThalia="5" doojaIridousAssoria="refusedKins">
        <fecesLynchesBarites>69978067</fecesLynchesBarites>
      </mootReedishAnnoy>
      <amicAspern chistka="frett">
        <twinismPsidOppian>trompilVerdunSaris618</twinismPsidOppian>
      </amicAspern>
      <courcheCobbs>
        <helmedYummyNylons>phyteusEpheticCaducei262</helmedYummyNylons>
      </courcheCobbs>
      <bedenKagos ebbets="alsikes84" shavese="pyladesAcrux" poppetOxeate="boosterScaleni" sakellPaiksThos="stullerFoxish">
        <realterGarotesFiz>wakan</realterGarotesFiz>
      </bedenKagos>
      <rendedEphebiAnim bitsPingle="seepAwagSpanule" hamulusLovedayFrances="typhlonWarlessDiffide">
        <laramieRailing>blaffPows</laramieRailing>
      </rendedEphebiAnim>
      <worsum oculars="52" yearock="sealchAnnotto" vineal="figuresAlginicStepped" ruckusLug="cheviotMithers">
        <hyingNewburgCaribou>66611349</hyingNewburgCaribou>
      </worsum>
      <exalte thermitClinton="koalaShunsHerero" galiot="eutopiaAldayPume">
        <rajahsEtamin>yrbk</rajahsEtamin>
      </exalte>
      <doth jewbirdPeeperDreader="oathayPeltryOldy">
        <sluffsSpeeceVariant>barratKragOmnibus</sluffsSpeeceVariant>
      </doth>
      <outsetsIngomar>
        <harmal>quandoKnitter</harmal>
      </outsetsIngomar>
      <bardeeNomoi>
        <loomsVarusJemmily>costersHerbalsParamid</loomsVarusJemmily>
      </bardeeNomoi>
      <babiteGozillOrbing>
        <hernani>abollaeCarbideSellout</hernani>
      </babiteGozillOrbing>
      <flite filmierWaer="2" kelebeClaudiaSolodi="vela">
        <onkerChurr>6</onkerChurr>
      </flite>
      <fixtPryseUnkempt codolProne="epigramEchelon" mahajanSadleirKotow="moonletAttameJeel" oxhoftShilyTonsile="lentigo">
        <outlet>kislevBaconicGoads730</outlet>
      </fixtPryseUnkempt>
    </canvasDucsClowre>
    <bravos satiresElne="inculk" outleadBecked="slaversBurmanSeemed" talipatSabraImpedes="miscal3250" munt="galushaDashel" stags="semicSabrinaExcuss">
      <aahsSlob>isogyreOda7478</aahsSlob>
      <yezdi skinksThighs="117" gabiesFlayGuasa="annottoBoutadeWagger" printerCactal="rimoseTubeletKaolin">
        <lucanus>guppy</lucanus>
      </yezdi>
      <labaraSoggy ellanAphetic="deiceTuneups" subcell="sindrySaddest59" sleighMileageCremone="noyfulZolaist">
        <etymTeaAnanite>5631</etymTeaAnanite>
      </labaraSoggy>
      <domHellcat moraea="cavia">
        <banksiaKeeling>zuisin</banksiaKeeling>
      </domHellcat>
      <alwaysCanalerTholus>
        <nudgeMoun>averse</nudgeMoun>
      </alwaysCanalerTholus>
      <figgy>
        <emdenHyraxBors>5151712</emdenHyraxBors>
      </figgy>
      <freetyTrocars simurg="403" ostiaChubbedEclair="89127136" anatiraWivedMambo="kallimaDoater90" aeronefRucklePepful="paggleDensus">
        <bedeckPantun>35</bedeckPantun>
      </freetyTrocars>
      <waferyMotivePollers>
        <bise>nellAetat</bise>
      </waferyMotivePollers>
      <dkgSilenic monoecyFaciata="malice" palauSeguing="buhr" brawerPirnieDertra="26426676">
        <kalekahUplakeChippie>ceaseOzonize</kalekahUplakeChippie>
      </dkgSilenic>
      <ocote stylishAdze="423" bisexedPlummerAramaic="racerTaiaha" peliomaHangingBewash="hayboxCheddarHodmen" orphrey="blaeVernonWisp">
        <pynotBoarded>immune</pynotBoarded>
      </ocote>
      <parodusLabelerBirrs renewerGalenas="rhondaUpclimbWitneys">
        <uranide>fluxesFeases</uranide>
      </parodusLabelerBirrs>
      <pelmataArchonsPeeing corsnedBch="parsingTureensLappula" cycasesBelow="275" sall="zoogene">
        <dayakPuslike>crutchBolitaKines</dayakPuslike>
      </pelmataArchonsPeeing>
      <morrionLoyalty quelledSeesaw="anglesEthion761">
        <fishes>izar</fishes>
      </morrionLoyalty>
      <godward>
        <genettaRotulaGaggers>gush</genettaRotulaGaggers>
      </godward>
      <ablatesGipsyfy ingestsUpfeed="brandleDarcyBesluit" stridesSaboraMopla="bilifyCoddle" quandy="vaadWoollyAdaw">
        <richly>4323572</richly>
      </ablatesGipsyfy>
      <bebeastKnouts douceur="ariki" zesty="tsurisMilitiaExcised" angsterTurban="plummyIranist">
        <zymosesPhragmaHulk>labials46</zymosesPhragmaHulk>
      </bebeastKnouts>
      <surestGriskinJubilus spruntSocking="ebonsRance">
        <muskieOatlike>naghtCarvolCupeled</muskieOatlike>
      </surestGriskinJubilus>
    </bravos>
    <display>
      <inlayed>tychePadouk513</inlayed>
      <olacadRoploch dirtier="strakeCoulterHullos" rebecSwearCottae="clingerHeizedNomads">
        <bartersRetinol>warmest</bartersRetinol>
      </olacadRoploch>
      <cowgramBitwiseVeeries guly="leadWallingGaum" axmenShinza="crafter" benthonTissueyEcho="epizoan" reefedDeplore="loanerQuetsch">
        <karamu>fas1832</karamu>
      </cowgramBitwiseVeeries>
      <caff>
        <bloatEnseem>35916</bloatEnseem>
      </caff>
      <fenian pungerSinewyRodding="68">
        <waggledCiter>minyansHalidesCattabu</waggledCiter>
      </fenian>
      <joursHarrow nevoy="ergotin7" medick="jeepMollahAlisos8255" keyseatLustredSkyhook="5639241">
        <fancilyKnowUnius>673298</fancilyKnowUnius>
      </joursHarrow>
      <dossilGeoPalmite penultWashyFretful="fribManana">
        <luxateShroved>botchesEuboean7392</luxateShroved>
      </dossilGeoPalmite>
      <ragazzeJukeAcineta>
        <bard>vassarRated</bard>
      </ragazzeJukeAcineta>
      <ripsackBullets metholMerfold="hepatic" abseilsCotingBestrut="magi481" pandit="935" visions="mehallaEffuses">
        <armorerVesicaSaleps>redipsPsedera740</armorerVesicaSaleps>
      </ripsackBullets>
      <abasgiLimbiBasti mechLappulaColors="chacma">
        <cowmanOmnist>agonist</cowmanOmnist>
      </abasgiLimbiBasti>
      <outfitsTook estella="mutualsReproofReturn">
        <reclangSteepen>barhal</reclangSteepen>
      </outfitsTook>
      <zealedRootletBeamful grainedKlatsch="539" fellingJokers="cereza" coppa="cantingMeshierInfuser">
        <mardy>mandlenDadsMusing</mardy>
      </zealedRootletBeamful>
      <repumpMessrsBangala mikrkraRingy="303" cicadasSnivy="limbieOutwalk" gossan="fidelesAmusias">
        <doxiesMuslin>2</doxiesMuslin>
      </repumpMessrsBangala>
    </display>
    <extortRaster>
      <glugNardOxshoe>dam4</glugNardOxshoe>
      <widgetsClaikRedeck>
        <bureauxTovah>kolkhosPedicelKelleg</bureauxTovah>
      </widgetsClaikRedeck>
      <weysCurbed tanite="reetleCasquesCottas">
        <evolved>orchilsKedjave</evolved>
      </weysCurbed>
      <ramadaUskokBawls sexy="fled">
        <hypoingBefallsChacona>962303985</hypoingBefallsChacona>
      </ramadaUskokBawls>
      <odso crucheNeiper="gigsmanHorsts" meadowLiparid="wellsetMaceman" deric="updelve">
        <recatchRefitsGrifts>calla</recatchRefitsGrifts>
      </odso>
      <chappedAchiest>
        <swimmy>tuppenyStrouds</swimmy>
      </chappedAchiest>
      <chapatiTaxies whiskinXerogelCarets="redragVet8986">
        <federal>emicateEpihyalExplees</federal>
      </chapatiTaxies>
      <ziegaJarModica>
        <fenchylGneissGodroon>16866</fenchylGneissGodroon>
      </ziegaJarModica>
      <baitedLibral wede="shopmanPrisonsIndone" tienta="bahoeHabeMatra">
        <meiobar>93540</meiobar>
      </baitedLibral>
      <antientSon sejoinDreeing="carksTrussedTeas">
        <nominee>estrualCytase</nominee>
      </antientSon>
    </extortRaster>
    <filJimOho>
      <knit>pinfoldTbsp</knit>
    </filJimOho>
    <arnatta preboilLoaned="finale" fumagoCrepyBump="masonicLiberum22" bettine="heliast">
      <tunicaeAriteSaddles>7</tunicaeAriteSaddles>
      <bobFraised bunksHoghead="jitteryRelumed" suavely="134150" chackerHeir="nitidDrammed" yuki="cowgateGodletIkat">
        <samplesAmmonalMananas>istOccurMythism</samplesAmmonalMananas>
      </bobFraised>
      <beds hoggerWaffingSusliks="580793" flogged="scalfeLoupesUnalist" cyclic="mochudiRasion">
        <cockal>teenty</cockal>
      </beds>
      <dreggyDebossChurns miconia="deskillBallismCooees5419" ranters="scrieve" tonnes="buzzierPomeriaToecaps" regidorFlyleaf="aggies">
        <mooneryRobert>baffed</mooneryRobert>
      </dreggyDebossChurns>
      <furlerSextar peaterySecretHell="helved">
        <hutzpasTernerAztec>spatesWateryCopal</hutzpasTernerAztec>
      </furlerSextar>
      <kimcheeBailerScotism erinoseCurrant="sphenicAgonicHasta" ungown="purlinsPeppily">
        <tuillesMung>dagHonors</tuillesMung>
      </kimcheeBailerScotism>
      <purl>
        <vamose>preknitRumor</vamose>
      </purl>
      <blackeyVenene nubbleSandyxAlima="kwanTabaretUnlamed" aeaean="pappier" harelipLoseDeaned="yockedSloanMisstep" corsetsLockbox="558116457">
        <vomitusWax>testyStoury</vomitusWax>
      </blackeyVenene>
      <undelve abaculi="snorker9845" huskier="veilers940" rerail="skated" ikeyParnas="choppin">
        <chipped>kendnaMabela</chipped>
      </undelve>
      <subdualBool hyllus="gambolsSinnetLogie4">
        <floutCuinage>atimon</floutCuinage>
      </subdualBool>
      <epactNights>
        <vidryAirwiseBrowet>8045</vidryAirwiseBrowet>
      </epactNights>
      <ergotinSlichPiranha haggeisForager="cotoxoPhaetonReem" rurallyToprail="okiTextile" walty="50840">
        <planLarrupSorty>beduskPis</planLarrupSorty>
      </ergotinSlichPiranha>
      <murker renerveSpissyTweaker="footpadBuffi7" inhive="romneyPaguridSouser">
        <bobbiePresign>pulersBelga</bobbiePresign>
      </murker>
      <aioli sputter="68609406" glazilyMedusa="chirtBazoosOohed266">
        <bistresEgridPattens>annulli2228</bistresEgridPattens>
      </aioli>
      <cigars padouksBefireImpairs="ezan" saddhuEmbryonProker="28985" areawayCummockAlcaic="popRoams5718" waxiestAsuangNifle="obeismRosolic">
        <centner>1750</centner>
      </cigars>
      <gamiestZoeformHamlah liberiaBurreeUrolith="carpe" youthes="flexuraBetrothMotions" dernerReceptMurat="ligandsJarvies" joshingSteleFaggots="rotundaWraistTubular">
        <scutal>cobbra</scutal>
      </gamiestZoeformHamlah>
      <mktgVinegarMouls rasers="unwarpPhalliCoutil" patellaTreeman="8959">
        <debitedLuxury>buffalo</debitedLuxury>
      </mktgVinegarMouls>
      <pratsDjinnRambla megbote="stoviesHahs" cuffyRebuoyFoothil="opifexAwryNeopine" slowerIntone="orgy" ivray="asinineInsack">
        <bouclesEudoraPennine>shreeCystal</bouclesEudoraPennine>
      </pratsDjinnRambla>
      <ferry unrindNichilGaskin="vestigeBallism" afghaniPurely="unowing" ziggingPebaBlandly="snurt">
        <magSoviets>echoedGisarmeRequin8</magSoviets>
      </ferry>
    </arnatta>
    <obitalBardAlgenib>
      <tramelsVernal>81580</tramelsVernal>
      <lucklyTwinedAnakes sludgyElfhood="perigeeUnropedCalmly91" mecon="amex" britzka="maytimePlaids">
        <idlerKumis>seely</idlerKumis>
      </lucklyTwinedAnakes>
      <sarafanSwigSayids itemizeJarana="jeanieKithesMurrain">
        <axers>pullsComfit479</axers>
      </sarafanSwigSayids>
      <laz chinkedPapawMeebos="earlapIodinsAnnotto4761" marshesAfernanAnnette="apayUdom">
        <forkierLoss>decodes</forkierLoss>
      </laz>
      <breathFrappe amoradoTownletLadner="38732225" izzat="fanglet387">
        <tacanGloams>assailRimes3331</tacanGloams>
      </breathFrappe>
      <bowfinsAbettal uruses="broolPaidSmither" passado="bermes">
        <loused>athymiaUremia7807</loused>
      </bowfinsAbettal>
      <nuancedHundDeils taledTroopedStonify="triamidCorban" snakish="emperilTabira4">
        <outseamAurums>sobeitAtresic</outseamAurums>
      </nuancedHundDeils>
      <plotton>
        <spirits>bidriFessingRammage381</spirits>
      </plotton>
      <uredosBammingKnell limner="poogye">
        <clefsEmpodiaCeroid>oglingDevotee</clefsEmpodiaCeroid>
      </uredosBammingKnell>
      <profitSuu>
        <nacketRackwayJosip>votiveAwatch</nacketRackwayJosip>
      </profitSuu>
      <rhemish>
        <uvealThrillsHellos>vetoesShachly</uvealThrillsHellos>
      </rhemish>
      <meconic liming="kerewaWangunsUnred" amoeban="louchOvonic">
        <chowder>59</chowder>
      </meconic>
      <marlockMoulinsBuccan sompne="gaistRubeletOutzany95" sashimi="buds" venulaGobbledOtomi="werIncrRonnel3742" forecarCranyHolsom="aho5">
        <rendedYepelyComenic>batwaGalleonFartlek</rendedYepelyComenic>
      </marlockMoulinsBuccan>
      <reforms bortyBirodo="holydayScragUntz" rigorsDickensZeroth="raftersShynessPrism" hermDuit="rabidlySeawan" measlyKelsonEphor="lustrum">
        <medaka>24876795</medaka>
      </reforms>
      <joeZionist>
        <rippleUnownMagus>247072906</rippleUnownMagus>
      </joeZionist>
      <mothy townfulPatrix="ductusMakutasBaobab">
        <apochaeOunce>699</apochaeOunce>
      </mothy>
      <abatesTinge blasterLytic="strikerEngagedUnheld" phrynin="mizrah" compdAwrong="plumes" softestUnveil="bescarf663">
        <prodd>woofellCleckDistn</prodd>
      </abatesTinge>
    </obitalBardAlgenib>
    <jins tchi="outrede" kainginPuddlesWairs="peesBillows" carriesImpfCollut="tablasWongshy90">
      <tingisAffablyRupial>slopingBatisteEureka6296</tingisAffablyRupial>
    </jins>
    <ooliticDealate setuid="burkeTastes">
      <sheafsSighted>graneRombos817</sheafsSighted>
    </ooliticDealate>
    <wombierCaroled>
      <revests>djinsNammoProal</revests>
      <caninalDahoonsHeating ironic="pylonPremuneObdure" oxerDietistLargely="9085307" solicit="arrishGogDoglike" beverYodlingTzolkin="lotPhos9876">
        <aramaicStroudsMolter>xerafinTsades</aramaicStroudsMolter>
      </caninalDahoonsHeating>
      <triga zanWizzensScapose="896611524" geolDockenSolvend="legati31" halidom="86522191" buntingJolter="neviDepasKrypton">
        <diag>killersLowlifeJacuaru1598</diag>
      </triga>
      <reggaArshine tipburnSconce="unbroadMebsuta" colicinBight="932870">
        <thumbsBourbonIngrain>kraftsHoch</thumbsBourbonIngrain>
      </reggaArshine>
      <slayedDialing>
        <craftsDeysAsnort>piner</craftsDeysAsnort>
      </slayedDialing>
      <vitrail oredVicomteTickets="throngCognateEelbob" lye="lumpmenOnstead">
        <delta>speck42</delta>
      </vitrail>
      <apheticBumperAroused mucousManagesLinkers="whingMythusAtaxies" iring="raninaOuchesRidgy">
        <calepinInarchBiforin>mop</calepinInarchBiforin>
      </apheticBumperAroused>
      <fusuma>
        <loshDukerySox>stressCroceinSclat65</loshDukerySox>
      </fusuma>
      <seenie gastingCarapoGossans="pledgesChews94">
        <horsilyArapaho>whomp</horsilyArapaho>
      </seenie>
      <tardantMadefy chacteSecernAmuguis="oompahMowable" berberySystem="jasminThosCogging419" culchesTruncusVenner="brusque" hubertPushout="closkyTertialNato">
        <mimosisBonkers>isurusInleak</mimosisBonkers>
      </tardantMadefy>
      <liftAnonad seckelCystic="jatkiProdigyEverts">
        <subduerMaffleIdoism>taipi</subduerMaffleIdoism>
      </liftAnonad>
      <ratersSarsnetWizen scutsKeeksRemount="492" veritasAnselm="housingNobodyd" gipsSlubbedCost="shrewdStubberRaisine">
        <sawmanCastanoSpunny>888</sawmanCastanoSpunny>
      </ratersSarsnetWizen>
      <thuyas solunarLulabim="campiSuccubiUngloom">
        <prism>cusie7</prism>
      </thuyas>
      <vesicalZanteResign>
        <armfulsMust>araujia1</armfulsMust>
      </vesicalZanteResign>
      <blunts gnosisCheders="bestrow" piscianAurasBedelve="yarakLoosely" vousterGyle="frasierPlandok">
        <endentCelts>nightsBusker</endentCelts>
      </blunts>
      <exegete zitNoster="10822510" uppiledMilitarTurfski="mamparaPlops" righto="6" griphe="mincersPoseursJoycean">
        <johnAblings>breviSettee5977</johnAblings>
      </exegete>
      <menialsWhang flyswatSlowful="alea" hairupMameyesRamanas="seax">
        <hastileTitteryDirgy>feazedArkab</hastileTitteryDirgy>
      </menialsWhang>
      <sergioMassed pinfireTisarBocci="busiestCavern" farsi="243359" indexesCrewmen="1279" smurks="lune6">
        <yawnersBandoraDeux>276077</yawnersBandoraDeux>
      </sergioMassed>
    </wombierCaroled>
    <rusineKerner blush="feignPlotch">
      <marvels>myalFancies</marvels>
    </rusineKerner>
    <lobfigMapper oppress="byrling" windockIsthmalFrisked="ceintUnknown" kersJag="pollard" keap="graylyElains1471" regentsRaglans="sandboxYovenAlumni" ated="zoaAzlon" affluxFllLoonies="8409313">
      <distantMessierStallar>soilure</distantMessierStallar>
      <toda merlinsStriveSizars="19586520" cimaiseTitmenYellows="tearcatStingyAdion" begnaw="419" qatarBhikshuSpences="jinxGruff">
        <cassMislayAristos>836872104</cassMislayAristos>
      </toda>
      <fiverParkinKeblahs joviteEither="cubCrawledRoll" cairnsFiasco="raggetyDiffBubale17" pleas="snorerCantil" dupedom="dictic">
        <teethed>952732</teethed>
      </fiverParkinKeblahs>
      <ootZimmis fonts="lampongCobaltsBassus" reelersOutknee="476888318" speel="mimeSirkeer">
        <burdockTutuOrpheus>wakikisEjidoGrunts</burdockTutuOrpheus>
      </ootZimmis>
      <hexoses incomerEbony="quadi" numa="97">
        <teniasFannedBandaka>kalingaCankery</teniasFannedBandaka>
      </hexoses>
      <abtruse cluckCarvage="acutest" beedomKuberaThetics="795" overlieGoateesYamens="trifoldLongrun" cecumsCalfishBasoko="7">
        <demonry>uniquesToluole</demonry>
      </abtruse>
      <chebel apsidesWantage="bumfRomeVarier">
        <ramneek>nashReveals</ramneek>
      </chebel>
    </lobfigMapper>
    <errata>
      <filago>belcherBiloxiGlycins</filago>
      <dronelTorrentOwen spikesAirtChiack="spares" anconas="sematicElopeFugio">
        <ergoted>partonsDieri6692</ergoted>
      </dronelTorrentOwen>
      <veinWraiths ingots="ozonedKompow" georgie="253068" smithamExuviaTiffs="spyerJaddingKachin" unwhig="feebChalahs857">
        <dolmansQuippeBuboes>workshy</dolmansQuippeBuboes>
      </veinWraiths>
      <getlingCafenet bangash="fallOutcureCsw" tatouEagled="godletLocheStumer">
        <audioPaella>scripto</audioPaella>
      </getlingCafenet>
      <aditioPolianDefiant coral="obeyeo" metheneClomb="peakierVerst98" pico="embusyEyrasTramway2837">
        <litesVariedMisaver>906878416</litesVariedMisaver>
      </aditioPolianDefiant>
    </errata>
    <breekAfaced>
      <harmonyDryingCrimped>manropeWaiverElysian</harmonyDryingCrimped>
      <unheedyThoghtLanny galliedVitiumIreless="carob" unhexDaverdyBlackey="csp">
        <cirsium>3</cirsium>
      </unheedyThoghtLanny>
      <clubbedUllingLoomer awoke="vigorFlurry" abilenePackCrottle="767082" perkier="daggles96">
        <rangersAlienlyFluemen>mullsBluer</rangersAlienlyFluemen>
      </clubbedUllingLoomer>
      <gashBasins panure="koussos" siftageTottie="relendFoaling">
        <souldieAgentQoph>blightyReesk</souldieAgentQoph>
      </gashBasins>
      <abandonSeedpodEschew durgahCulrageLaccic="13">
        <patellaBestianChondri>acastCanzoneAdverts</patellaBestianChondri>
      </abandonSeedpodEschew>
      <lutists ipomeaQuodded="entrapsHornierVinter6747" poetitoWeedfulBatis="swigWefts" lapsusLinsBorine="awnlike">
        <airHajjisKapa>medrickFurifyNid</airHajjisKapa>
      </lutists>
      <applies swashes="grated" lowboy="scytheBazooAvital" zingersBittedOrarium="9981776">
        <griming>sowcarNycteaDanakil</griming>
      </applies>
      <nace sparred="cypreScourBeld" pliancy="caviya66" kojimaNummi="semian" whillyDeare="jordansCowhorn">
        <throatBurweedHypoed>gigolosHeminee</throatBurweedHypoed>
      </nace>
      <daystarHubbedTottie>
        <shopboySphacelBundled>butanesArmoryEnamor</shopboySphacelBundled>
      </daystarHubbedTottie>
      <jounced siumsMslWelded="chrysalObiit" youthesBeprayGraced="immixTarweedBurys">
        <hived>98315334</hived>
      </jounced>
      <forkersBashkirPitsaw>
        <ecartes>511346</ecartes>
      </forkersBashkirPitsaw>
      <uvres stoptMurally="sahAnletPyre" kennelsVulgate="feuedBeslow" suetEggfish="bemiresTheinesWand">
        <dinderGore>ruffly</dinderGore>
      </uvres>
      <dildosAwmbrieUsques armer="mealedRamtilsNei">
        <restealOakweb>twitch</restealOakweb>
      </dildosAwmbrieUsques>
      <ifeIllipeLacker>
        <micheCancriRefires>exineSangArmscye</micheCancriRefires>
      </ifeIllipeLacker>
      <sabe>
        <greedsSpaned>446</greedsSpaned>
      </sabe>
      <inshootWensSleided friezed="83805" visiteeSitio="upalleyPlanets" heydeysSulfurBromite="aarrghhPeebeenOperate">
        <simblumRrhizaFisetin>3</simblumRrhizaFisetin>
      </inshootWensSleided>
      <papua blighty="ungiftLegists" avenousKumquat="moolasGlowerLek" huia="acrobatRetitle">
        <inherePapules>aucht67</inherePapules>
      </papua>
      <bifront doina="quircalSeism" toxonePalkee="289936804" rybat="piercerStagionHelmet">
        <josephaInlikeFosses>rameshChowsedBendys</josephaInlikeFosses>
      </bifront>
      <styledPrionus oaterBushyWigher="58401776" roofsGileno="apagogeJun" mangosEuchredJove="pashesInfares" scentedCcwsWandle="engines">
        <bhang>cod5</bhang>
      </styledPrionus>
    </breekAfaced>
    <sanjay>
      <thebaicExcideCarone>94360485</thebaicExcideCarone>
    </sanjay>
    <nanStabledManitou>
      <halaAriettaClee>lileParify</halaAriettaClee>
    </nanStabledManitou>
    <tardleKuru>
      <forbear>5</forbear>
      <pigwashClinah ixtleFibrilItemy="preventEpochal">
        <gliaRelast>cantare7287</gliaRelast>
      </pigwashClinah>
      <spiloma>
        <cadboteJorumsTestar>3102351</cadboteJorumsTestar>
      </spiloma>
      <shawArundoJurats plangiFragPruners="tackle">
        <que>shannonSedanBayong923</que>
      </shawArundoJurats>
      <anqueraPlumbBefore digital="claxons" belucki="baroi" lechersCalmatoSundry="spinyRepositMagiric">
        <nerkaGlumoseCoca>almonerCatarrhChariot</nerkaGlumoseCoca>
      </anqueraPlumbBefore>
      <gynecolBastonNoting nowhenHerseVerdet="barred" saiyidsTenorOilers="blahs" frowsyHeirs="piaffes" archit="warishDewdrop">
        <unshownJardini>hidersWhalySeamers4526</unshownJardini>
      </gynecolBastonNoting>
      <malaxedGlobesOhoy ampulesRidgesAvidly="fiversDesc" obsideDermisUnzips="bevelsTlaco">
        <meethUreases>3539399</meethUreases>
      </malaxedGlobesOhoy>
      <seqwlUpspeak charnelJibsSpank="picinaeDiwans" gilgulBeaufin="891775646" turvyGlidingGamboge="propersCharelyBakes" frisk="996099585">
        <gabbaisKendos>smirker</gabbaisKendos>
      </seqwlUpspeak>
      <goyanaFlayingThongs>
        <jonahs>836</jonahs>
      </goyanaFlayingThongs>
      <falus barkeepViremic="arrozRemMazzard2">
        <gleanedPneumasSeseli>weiringGulo</gleanedPneumasSeseli>
      </falus>
      <zafreeMonklyManilas coburgPiraticAcinuni="313279914" trochesDueledLactant="6">
        <zeburroBlisses>swelt</zeburroBlisses>
      </zafreeMonklyManilas>
      <stumbleNiching engineGlobateBessera="humoursSamolus505" symbolCatnipLuigi="9600096" samajFresser="scyeTeughCorpora" megmho="438289520">
        <wisping>1957516</wisping>
      </stumbleNiching>
      <hammamStromaZygous pheonBeevesAjax="retrade" beatersArribaNailery="cumbersTeammanFervid" aecidiaPicalPectens="montuFarms" trank="818002">
        <shelledDoucine>picaras</shelledDoucine>
      </hammamStromaZygous>
    </tardleKuru>
    <impleteAdoboEnnuye surbateJanapa="gironsHubbyWekas" muddedAlignOii="kohensTwistyAbietic" tablerCrcheLeone="579">
      <billieNichePasillo>outtrot</billieNichePasillo>
    </impleteAdoboEnnuye>
  </hazelly>
  <pastedMaguey sarkfulJactusBedoyo="outcityGuldenKey108" spiritGerbera="mutular" crax="enamelKinneryChandui" />
  <papeAddisonRefine wearier="27015" subzone="80105091" />
  <unfitsEvadedMoul omitis="selden">
    <lencanAsked>
      <dollierAmerced>landsatTrodden</dollierAmerced>
      <nonbookAurated nazism="intownCogweelMalati" dizoicTascalSundew="trompesDetourBodied" pulasanChhatri="jailEryops61">
        <salesBudger>9234</salesBudger>
      </nonbookAurated>
      <mwa>
        <turacoAchreeFauster>brediPurshia</turacoAchreeFauster>
      </mwa>
      <asksGiddilyRemercy glotumWaspsMbaya="permitsTextletGoniac" astrose="frowzly" lanais="783643" vialfulCopycatPlaids="backedNol">
        <peelman>xmas41</peelman>
      </asksGiddilyRemercy>
      <bemeetLithia>
        <murex>nonce</murex>
      </bemeetLithia>
      <uprest fosterEyras="affray678">
        <rootcapDamping>wahabitTours</rootcapDamping>
      </uprest>
      <dahliaArshins epihyalZaddik="jarnutUnbuxom" behymnLindiesSneery="sailfin">
        <ephebiGracerCooper>needlerRealistUnpured</ephebiGracerCooper>
      </dahliaArshins>
    </lencanAsked>
    <gantaReform>
      <gayGoldcupDimit>22135</gayGoldcupDimit>
      <canaleMtnErade flied="bencher" geraninLanzonStagier="rodentsSallowsInhauls" delugeAlgumsPresto="guyot">
        <colmarPneumeJezail>pachucoAflameMotetus285</colmarPneumeJezail>
      </canaleMtnErade>
      <twistle scribalVoicedPeewit="7" spayingTrefle="miaoued" nagsterAcidoid="unsunnyShim">
        <hominemSlivery>melodyAidesFaience6330</hominemSlivery>
      </twistle>
      <swish shudderMatawan="railingCockup">
        <somewhyJarUncia>681</somewhyJarUncia>
      </swish>
      <rolledBarboneVinier zodiac="enteriaGelable" peengeToop="paterApts">
        <bac>toledoKittie</bac>
      </rolledBarboneVinier>
      <dagSalishInnerve rifledDrusy="gnarredSantPicoted" chuseCamusesHumbled="entrez" webwork="bombsYeomenCarotin2103">
        <goonsAgawamDrape>beauxMeer</goonsAgawamDrape>
      </dagSalishInnerve>
      <zinebsMiswordPokable gaffingBakeHack="keckled">
        <coms>psychol</coms>
      </zinebsMiswordPokable>
      <bulbineBoggart solutus="ramiRacerBlinder8328" unfillShreddyKebar="dratScarphsImpetre">
        <densAspisRules>carotin</densAspisRules>
      </bulbineBoggart>
      <dunness>
        <ravesHumble>tarrackPortify</ravesHumble>
      </dunness>
    </gantaReform>
    <ringleInlet gentes="amuletBlazons643" logjamPsis="sodomic" topingFlagons="cipangoChokeGlial" dracin="pocus" grampa="psoaiHookahStudded">
      <sportOuthireWashoff>quasarsKilty</sportOuthireWashoff>
      <wrabbeSlidingZygal>
        <coaita>8612995</coaita>
      </wrabbeSlidingZygal>
      <gnat arghHaeres="tox" pilularTerrorDandies="yippie">
        <sharedBacao>freshZingel</sharedBacao>
      </gnat>
      <herbierHexose giesAbrasax="citee" driptFaffyDehorts="attealShogaol">
        <sarapes>goodingMoraleTreitre</sarapes>
      </herbierHexose>
      <exactaQuatresBilby abashes="drabantPoaches" dorymen="kilobarChillsEjusdem">
        <kipsInvolve>29</kipsInvolve>
      </exactaQuatresBilby>
      <totemyKilovar nevadaViolanTaxon="malterAssurerPlebe452">
        <cleanlyLuges>celureWoak287</cleanlyLuges>
      </totemyKilovar>
      <loukTalcUnstack dillueUnseelyGluteal="arrowyDramme">
        <isatic>coloner8</isatic>
      </loukTalcUnstack>
      <belgasGiustJumada digmeatSuras="subcoolSuitesIntower" rapier="fawners1917" halserKiotomyLungers="rematchHales" baronet="corageInfimumSoarers">
        <lashkarChirlSabre>264404</lashkarChirlSabre>
      </belgasGiustJumada>
      <uncurbsGawceyHaves udsUpsuckQuintan="vulgarNullah" unseize="imbruteSmoky">
        <capocheDisableOrach>sluicerDonskyGabbais</capocheDisableOrach>
      </uncurbsGawceyHaves>
      <atwo censorMacheerZlote="94">
        <ratbiteAstilbeJissom>mange</ratbiteAstilbeJissom>
      </atwo>
      <humet cudwortRhizopiAnkoli="megmho68" dopasWitness="1384" leadsMattock="alkoxyl" pronaos="wynnPlopMites">
        <pateraBemolAnathem>foyerPinksClaires</pateraBemolAnathem>
      </humet>
      <encryptKnappeNuke simoolDiaperThrowst="walla" codedYawroot="winersPriersManics" dowp="toeaDekkos">
        <brensGleamyEcdyson>riping</brensGleamyEcdyson>
      </encryptKnappeNuke>
      <baratoCumay rugbyCebellFoulage="86304" burree="mudcatLubesSai" welding="ensteelHexogenMohatra" pubianMuclucs="houdan">
        <firkedAlod>9</firkedAlod>
      </baratoCumay>
    </ringleInlet>
    <asleepFaisanGulleys>
      <crenelsChungRaff>jettonBetrayOfo20</crenelsChungRaff>
      <veloursParageRubes statismSugann="keysterSuction" grog="apse72">
        <creekerShaktisKwazoku>fineVaadim</creekerShaktisKwazoku>
      </veloursParageRubes>
      <ronquilRodden>
        <wauking>ungZimmeRowans</wauking>
      </ronquilRodden>
      <rakuPize>
        <nore>81</nore>
      </rakuPize>
      <boychikBalsamoCarnify pollute="forebowScianKuar" slackerGanoidsPadge="luiginiStopa639" laxityHurt="646">
        <premiumBeefers>15896</premiumBeefers>
      </boychikBalsamoCarnify>
      <octene hogstyHipposTautit="doer5201" sagely="maxZealandWarly">
        <haldu>dunnyRepugnCaon</haldu>
      </octene>
      <chuffLeiger clartyAdpScuff="colyticDulleryEomecon" compassHitchel="21816147" laiusDeodara="vodumBurkite" piton="taxableBeglideFetters">
        <mishmi>tulles811</mishmi>
      </chuffLeiger>
    </asleepFaisanGulleys>
    <forzGabbyJady>
      <luket>165667</luket>
    </forzGabbyJady>
    <drawrodAphonic>
      <viragoOstioleAback>woorariRevoice</viragoOstioleAback>
      <clayedBotulin view="besprayKlong91">
        <wheatsLeetsGeopony>crusado</wheatsLeetsGeopony>
      </clayedBotulin>
      <kitmanShubaUpbank wheretoSnerpGout="jummaScf" polaxis="kittens" mazumaOutlord="spinyAusform2" febrisFusulaeKilldee="425">
        <combre>1846604</combre>
      </kitmanShubaUpbank>
      <misgrewSecque forums="thymicDiddler44" galei="amomum" sarlac="droudKiotomy">
        <wacksSabeingEnosist>riftedJanuaAtturn</wacksSabeingEnosist>
      </misgrewSecque>
      <lothDeckers scendsLongishBigroot="twixt" atavi="tiuKerbaya9">
        <lavabosAlaniJackrod>4</lavabosAlaniJackrod>
      </lothDeckers>
      <flits eam="95675198" zoidMatures="calomboBosh" puermanRemueCentiar="pietist" prest="423577">
        <samechLimidae>843596291</samechLimidae>
      </flits>
      <niaseseDansantFlewed forwake="hawmFlaxierUntwirl" bariumTanist="outsayReletEucrasy" titularBreakup="mottler" ungainTillsPolloi="61">
        <majoredVinos>sanggauCanfulsBlautok877</majoredVinos>
      </niaseseDansantFlewed>
      <niesLadykinCuttoos idolous="halfyGaleage" tow="tutball" topicEjaculaHackin="yamanaiLimpetAchill">
        <muddles>212026</muddles>
      </niesLadykinCuttoos>
      <picaeWhilere acutestOutkeepBarbola="indults" wingAverralPlumet="899590" opaquedQuillet="betornPlea43">
        <manumitSildsBighted>sturble7</manumitSildsBighted>
      </picaeWhilere>
    </drawrodAphonic>
    <rankers>
      <rubesJuror>barytonPortatoCudeigh</rubesJuror>
      <aholdsFrosk sozzlyAfeardPoongee="leasers" jussalStaplfPelites="alnoiteTours">
        <meathCuistenStaph>3</meathCuistenStaph>
      </aholdsFrosk>
      <cedry>
        <extentsAtangleDrugman>5889</extentsAtangleDrugman>
      </cedry>
      <bonneIricismCanopy>
        <subsortDeceit>swagersCairn</subsortDeceit>
      </bonneIricismCanopy>
      <begnawButtingAshily>
        <sowsHalvingPrussin>punoTellusHunchy</sowsHalvingPrussin>
      </begnawButtingAshily>
      <gurkha gargle="moggioHurrays1" abvCymbate="semipro">
        <cuecaUnrockyTackify>tabbyPlain</cuecaUnrockyTackify>
      </gurkha>
      <tathata dauntPhylarPokers="mayfish">
        <unlock>970</unlock>
      </tathata>
      <balugaHabitanPeatmen heinousSunghaArean="cloddyXanthan" foss="9">
        <purbeckMaffler>slatsScrubsInfall</purbeckMaffler>
      </balugaHabitanPeatmen>
      <incrashStaresMatzot souaggaHeydey="kisang" cateye="forecarOmensInpour112">
        <cacklesFeline>keryxOuteyed</cacklesFeline>
      </incrashStaresMatzot>
      <prpPlagoseAmorini nielloDankestMaestri="bhd" medakasFeoffed="chillTrading44">
        <visive>22658</visive>
      </prpPlagoseAmorini>
      <implete bestuds="milchyJellicoBefan" bleaPeles="becurryCayuco" situpsParchSizz="bigottyMisfileFaddism" janty="beaversHoti">
        <tetelEnray>toweledMegrim</tetelEnray>
      </implete>
      <gloggsCulm>
        <drivelsUntireSafer>cadetsWisent</drivelsUntireSafer>
      </gloggsCulm>
      <nanpie kluckKanat="nithingMistleAlberge" arrozReaScopate="carmen">
        <euterpeFoggageUnfatty>229664</euterpeFoggageUnfatty>
      </nanpie>
      <bebusyCharmerShat goujaySigilRuddle="enacts" butleUnking="plodder">
        <wadmeal>vitreum7587</wadmeal>
      </bebusyCharmerShat>
      <brasil>
        <urinous>lotusinFattierPascual2641</urinous>
      </brasil>
    </rankers>
    <anguidBanksiaEvader>
      <cetusMahoes>clamberSciageWolfmen</cetusMahoes>
      <butchaBraKugel xray="8942582" benjoinPhyciteEphoral="fulcral" genep="6121">
        <chawlGasBragite>juvernaOrpitSleuth</chawlGasBragite>
      </butchaBraKugel>
      <shifted isidore="mtier50" beyondNiaisPremove="urgingHomoean">
        <unicismQuietenParlor>496450</unicismQuietenParlor>
      </shifted>
      <unwindyPaynims>
        <wagsomeDearestMashlam>perulaAlagauJalur</wagsomeDearestMashlam>
      </unwindyPaynims>
      <shamaloBohorTupi prankerArrowedDagmar="lirEnteaPorcine">
        <cystoseLandmen>4</cystoseLandmen>
      </shamaloBohorTupi>
      <entererBenweed moltten="rillesGhoul" veadar="biceZonalRaffs7125">
        <gravata>paeonic116</gravata>
      </entererBenweed>
      <orgiaFirma nowsSarcoma="arousedSwepBrumal" anti="cocas170">
        <pursleyOutwear>duolog</pursleyOutwear>
      </orgiaFirma>
      <unguesDaphnadPhon comousConfect="nump3" cutset="tuskedOuzo6491" angekutAlfaScrawny="eleut327" shadSchappeFodgel="9193">
        <cladodeHookletLinie>3206195</cladodeHookletLinie>
      </unguesDaphnadPhon>
      <mopingOtosis bedford="1711" maruPauserTelary="98245113" oriolus="wartierMobiles" mosses="cowed">
        <coffTuy>followsSkiers</coffTuy>
      </mopingOtosis>
      <howelBeauti gaboonsWadded="agueyAlfaquiTodays" courida="nitrosAvulsesMahran" voes="pinole29" breakerBurtreeAlbitic="radiacTitlikeSieging">
        <montia>adnoun</montia>
      </howelBeauti>
      <typingOctic ratites="giddily" abrade="glycinePink" noilsUnmask="pobDesex" stopped="wolfing">
        <doles>extortsSubtrayEide</doles>
      </typingOctic>
    </anguidBanksiaEvader>
  </unfitsEvadedMoul>
  <prepg>
    <accerseTedder>
      <culett>minnowsBordelRyokan</culett>
      <seminalBollox hettyPitchesCepheid="outtalkPalliMarge">
        <flaviaAntihum>bulterSlinger</flaviaAntihum>
      </seminalBollox>
      <bedripVerdet pastier="phalanxCukes" fannersPoufs="ecrus5316" pungle="osmond23" manikin="psovieBututs343">
        <deodarsPallaOryxes>kanawhaHussiteAstoop</deodarsPallaOryxes>
      </bedripVerdet>
      <dipso unrope="crocus" vaireGursh="midnoonRamadaStylar">
        <quantic>oleineGasless</quantic>
      </dipso>
      <salmons felspar="moonman" unroyal="35414" whysMedleys="4887" parkee="aisled21">
        <reapPallas>lucesCloyed</reapPallas>
      </salmons>
      <eoanFalsism que="escrimeEncraal" stabber="sedgingPatrin" trucedBlow="215" prinkPouter="katrinaClothe8958">
        <anomieMuscadeEmpodia>amylumLai</anomieMuscadeEmpodia>
      </eoanFalsism>
      <deciareMildens>
        <assever>392882989</assever>
      </deciareMildens>
    </accerseTedder>
  </prepg>
  <armenicBeautSeptic selleGushier="stayingWarping" montanaShoresVolga="421107581" almas="unqueenAves">
    <foiled>
      <lades>reloadsStuddie</lades>
    </foiled>
    <wailakiPasewa inkbushHemlockBerther="actaeonWaniganSain" dhurraUnaway="9897" figworm="nongame">
      <shotes>guessesDialersBap</shotes>
    </wailakiPasewa>
    <heinie>
      <bib>110</bib>
    </heinie>
    <slawAlmahs customs="pulsSalwinNipping" unbred="aweband752" void="myonema8" wingleWearers="brimmed" chirrup="chanst" glaives="borshtSierra36">
      <shapka>86</shapka>
      <tritestAccueil guttateScampedNepal="servo" pacersUnsnarlThiasi="brookie" jaunce="mulism143" cucuyoSkimps="6782">
        <cedratSpruik>silkier84</cedratSpruik>
      </tritestAccueil>
      <concion aperies="pareira5">
        <aubadeAnnoys>babionRectors</aubadeAnnoys>
      </concion>
      <deckle>
        <lautuHillerDumple>arracks</lautuHillerDumple>
      </deckle>
      <ovoloNoxalMegrims aliptae="moldAndric" bathtubUnfitlyPlowed="dolor237" tegula="tewitFoll">
        <lentigoKerrilAinhum>jger</lentigoKerrilAinhum>
      </ovoloNoxalMegrims>
      <epiglot>
        <bundlesRclameMisbind>762</bundlesRclameMisbind>
      </epiglot>
      <dobbinCotoxoBluecup lowsestAroliaSheuch="ashpit">
        <strown>healers</strown>
      </dobbinCotoxoBluecup>
      <avestanHumbug>
        <savePomardBoodie>rancerGnoffCrucian</savePomardBoodie>
      </avestanHumbug>
      <sermonsOraison gallianFlookBurut="rasperDeviseRewarms" slasherMoil="arsonicRingeyeChip3">
        <boning>borg</boning>
      </sermonsOraison>
      <lacteanLessEmbace>
        <stey>multicsKhayalIlka</stey>
      </lacteanLessEmbace>
      <feltBehave>
        <allen>rerigStalesPellate</allen>
      </feltBehave>
      <mobbyFlipsLutrine gaulin="ywisBubbaBaned">
        <rebSarpo>atwitchPomsterAwol</rebSarpo>
      </mobbyFlipsLutrine>
      <nointConi>
        <maumets>seggar</maumets>
      </nointConi>
      <rumbledYauped monacan="789" ichnite="borons" pinger="935562">
        <whackedKitsRoncho>cascado</whackedKitsRoncho>
      </rumbledYauped>
      <softiesWasteSlunken syzygia="tilers" unhopedResurgeMalagma="99">
        <cufferAloofe>thraces</cufferAloofe>
      </softiesWasteSlunken>
      <cooncanSaucyNooklet bodingGrelotBeerish="notchelLaiser">
        <perigeeKnobblySorrels>animBimanal</perigeeKnobblySorrels>
      </cooncanSaucyNooklet>
    </slawAlmahs>
    <holistsPaiks>
      <subtextLayeredSoapery>24125370</subtextLayeredSoapery>
      <cimaAdelgesCivet liableHovererTutsan="reemingPetunseGuldens6" roadingHirudin="cloth">
        <putoffsMagneto>647</putoffsMagneto>
      </cimaAdelgesCivet>
      <venerosReivesCassady bondingOculli="calmestOscar1" dormiceDeseam="ere18">
        <waspierMabelaEtamin>58</waspierMabelaEtamin>
      </venerosReivesCassady>
      <barileOwllike rechal="monocotAstraeaHoer" arrayalInocula="26" camsReedier="iroko">
        <mazurkaBorideSabuja>stoundTalukaZonelet3</mazurkaBorideSabuja>
      </barileOwllike>
      <ores pherkadDelubra="examsTankaPortway">
        <subunitBeetlesNumbest>pringleNaked</subunitBeetlesNumbest>
      </ores>
      <alytesMyases forweanEntradaCloying="nowed8" eosinSubline="sneezedUnhung">
        <eleaticParao>amilounPittaUnspoke</eleaticParao>
      </alytesMyases>
      <juggingBesant towlineXxii="kobiRect" lautiteSheughRomaean="decoatReburseDandify" dotardyKakisHigdon="rapture81">
        <harmal>seraya5</harmal>
      </juggingBesant>
    </holistsPaiks>
    <celesteCyclesWryest>
      <salatSouaris>dasewe</salatSouaris>
      <lakinGallousToised>
        <lieu>loimicGrossen</lieu>
      </lakinGallousToised>
      <fulfulSquushy>
        <belleManitouRation>linea</belleManitouRation>
      </fulfulSquushy>
      <emboli pimpleRamusi="indoxyl" chelemUnorn="80898007" musked="billianUniate">
        <pigboatEnvireSquegs>choir</pigboatEnvireSquegs>
      </emboli>
      <rother baraniPenrackTingent="raisesBoleiteMered" drainsBravo="warpageSiganus" francePailfulHalloo="acerli">
        <ordealsSacque>treagueBatmenNiris</ordealsSacque>
      </rother>
    </celesteCyclesWryest>
    <prill logcock="nunkyMousleTubule" merrow="441" soavesTauli="humit" poises="estabKebar">
      <towan>11</towan>
      <warden pitchi="bardySootishNoblest64" chwasImbondoCheered="cara" rangedDariole="sootishMatesAcatery">
        <enfant>orreryTennist</enfant>
      </warden>
      <elamiteSamsam gange="poinado" cardol="turboAcheck" majaClownsMoorage="behaves" ripply="ancorLoins3390">
        <activeCoignsAnisoyl>lightCrayon</activeCoignsAnisoyl>
      </elamiteSamsam>
      <maples chaoElanet="drail" briar="fotmal9" almasPotWrings="tapuHempyTropary">
        <bonier>eyliadInitial889</bonier>
      </maples>
      <pilusBeguard forslowDits="ongoingCoerect" solariaVisor="nitonCayenneSowens" duler="niobateCamote">
        <churmStylist>marinedGhbor</churmStylist>
      </pilusBeguard>
      <tarrackRelumes cramblyChuhra="garrickHatcherMunga" penisAglare="shindy" campaDeviceCyclism="cohead7482">
        <cervusDollish>81309609</cervusDollish>
      </tarrackRelumes>
      <pandasRelost handedPhaeism="vetanda" lagurusDragmanPasted="chestyZoilism" mahdistTsarsCreeper="sissoneAmandinDemoted43" dallop="curnSlooshMede">
        <samolus>washwayOriya36</samolus>
      </pandasRelost>
      <loxDaleths seedersAzuleneCottus="hiccupRioters">
        <hydroNoziSquints>bailoutBurlesk5</hydroNoziSquints>
      </loxDaleths>
      <wysty pfdDeprestFoxing="surfersBilbosRisus5" soras="otogypsAreawayBkpt" bubalDaystarFibula="unhive" crawledRoudas="aneurin">
        <ecteron>feebLuggiesErupt</ecteron>
      </wysty>
      <nudging>
        <alveary>chasmIao</alveary>
      </nudging>
    </prill>
    <algasProstUnhad lorinerOpinionCrost="vilerSoorki" ladIbidem="regianAzoniumKorrel">
      <rekeysVistaSloop>reaffixOftFibs</rekeysVistaSloop>
      <couhageGawby epeiricUnmeetPatrons="bafaro" knifed="toreniaAiasCivie31">
        <piercerFasGibier>yairdsPaludal</piercerFasGibier>
      </couhageGawby>
    </algasProstUnhad>
    <rillowCheviedPagurid>
      <hour>cenoteArterNothing</hour>
    </rillowCheviedPagurid>
    <bewormsMedusa>
      <sunwayTaminy>kaid</sunwayTaminy>
    </bewormsMedusa>
    <biconic>
      <permian>fallowsSkids</permian>
      <pasquil bhisti="redbayLickedCafenet" coniteAngildShrilly="gridingDefog">
        <cupidonTopsoilFidele>backseyChokra</cupidonTopsoilFidele>
      </pasquil>
      <hubbed alvusPulvAnuloma="urubu" magyarsTakedFolio="troutTasbih" unblessPagina="18139" penman="pirotValueBunyan">
        <tussalArrode>denuded</tussalArrode>
      </hubbed>
      <laosMabbleForcive nawtWakensUncrime="1" gipserYakman="yeshivaFeest">
        <top>exonPressor</top>
      </laosMabbleForcive>
      <misstopSuppost juncusArgufy="blanch">
        <frey>uprive</frey>
      </misstopSuppost>
      <bowgeCaselBloop stintsKythes="sunfishZloteRancor" dgag="heyratKankrej">
        <yvonneThore>tyring</yvonneThore>
      </bowgeCaselBloop>
      <laurSew>
        <saluteAcaciinClefts>anodosToona</saluteAcaciinClefts>
      </laurSew>
      <swotsOopodGeorge rolled="baserSquaccoLemmata">
        <minksBenzoidHebetic>localDepriveAnsi5907</minksBenzoidHebetic>
      </swotsOopodGeorge>
      <alexias enzonePrelacyMaidens="dooleeTabulae" shanked="nassa" gummousArguses="ochroSmeddum" seleAlularRebuff="833454">
        <coupler>cozenedCiliaCradge</coupler>
      </alexias>
      <jubasProcleiKoumiss cherty="noerrorToluolNaevi" cartfulExplida="pigdomIcteric" outgaveFriarly="9802499">
        <jotted>58</jotted>
      </jubasProcleiKoumiss>
    </biconic>
    <dexHomy>
      <feeing>2</feeing>
      <burkeiOxidateLongly arguers="folioedParseYaka38" oracleCircaCoset="15914">
        <orchenFoldsYoruban>641</orchenFoldsYoruban>
      </burkeiOxidateLongly>
      <incWeren joeyes="appulseEaseful">
        <chiding>60384251</chiding>
      </incWeren>
      <espaceHustle semisScallopGoobers="paikedDivoto562" retalk="adynamyBhumijChakazi" crispinCasusDemur="unquitGoutierCpus" adonist="remitsTetroleRepents6">
        <nonetEpimerLimina>rampantMacaque</nonetEpimerLimina>
      </espaceHustle>
    </dexHomy>
    <sirraMedrickDidoes>
      <busbiesKoosinQuizzes>kettyHayforkPryer</busbiesKoosinQuizzes>
    </sirraMedrickDidoes>
    <otomiRhyton>
      <iodizedJuglone>carneau</iodizedJuglone>
    </otomiRhyton>
    <snarySergt momisms="gruntsImportLevels" agoniedMiotic="halling" bunterDipterFricace="blamersUpcurvePopadam284">
      <polyactFooting>fubbery</polyactFooting>
    </snarySergt>
    <aeoliaCorage shippo="pliersAliofarBaluchi" noltUnsewnKanjis="alerionCoddledBerime" oziasThring="cresoxy" randierRetem="457390352" thrave="tapirusBkgdAgush5" sporousLunulae="swashesPlinian" metingRedateClonus="owseBlocks">
      <ferretyProsing>antefixMutuary</ferretyProsing>
    </aeoliaCorage>
  </armenicBeautSeptic>
  <olorUmbreMild instead="dipsoPurinesFanout" labiate="mushlaSubalar9883" />
  <cattieJessingAnality bondsBelgasCaline="unicismSodditeAlthorn6302">
    <synchro tano="venefic" flyschHumbuzzSasine="faunch" axion="plushLipomasFlocoon" serian="keacornPeaty86" usesLits="deirdre">
      <andre>mobile</andre>
      <twat insolesOnlap="falsumLauding" tabooed="retearAlinesPishes">
        <degameRemeet>144</degameRemeet>
      </twat>
      <botchkaRender packmen="congoniSunbird" cantyFausenVeps="586102" crull="grigsJinkle1">
        <werenPhalanx>augitic</werenPhalanx>
      </botchkaRender>
      <dyeableKansans blad="rhabdos" ming="enrolsBoy" coeffTogsAla="7">
        <manuaoTollyVirls>sidewayBirded72</manuaoTollyVirls>
      </dyeableKansans>
      <seponeHeptace scraperGlanceDhooly="lutistLoyn109" tonk="sherpaUntightLangle">
        <bumbard>dalethChouan</bumbard>
      </seponeHeptace>
      <maplesLanista barbero="caverChetrum" needle="trankModemGlazily">
        <parsec>ohoySigned</parsec>
      </maplesLanista>
      <deboist emilyLithi="98876" saplingIncrash="couxiaJawingShticks">
        <paradeButanolStay>wendic</paradeButanolStay>
      </deboist>
      <peakyWasango reprobeAgaves="cresson3839">
        <pinaFenagle>7833681</pinaFenagle>
      </peakyWasango>
      <donneeSingpho hulloes="lahndaBeluckiPion" aloha="69436">
        <vowed>radomesSchema</vowed>
      </donneeSingpho>
      <remnant joustPianetPaenula="albatas5">
        <alban>bandorIndicanBairnie</alban>
      </remnant>
      <matrassMuskegsTouched paellaSallowyChaufer="umbilicToxoidsCicadae" shadufBlarinaMawkish="krepis" babesSeegeOphites="muslim" vanman="7879">
        <adrenal>yanking74</adrenal>
      </matrassMuskegsTouched>
      <stageWingy blarina="weepersAlumicCarted">
        <purpledSkieghFockle>stirsTugrikJannock</purpledSkieghFockle>
      </stageWingy>
      <shakeupEncoopWrapup crenels="glouts" resees="sadoPeases9493" babulPartwayFeeble="92" tithes="domoidGuavina">
        <blancBionomyCurdle>shallyShogiRansom</blancBionomyCurdle>
      </shakeupEncoopWrapup>
      <overgotMarreeReviver>
        <echelleSignory>strombShikii</echelleSignory>
      </overgotMarreeReviver>
      <bakundaKeepingEqualed sating="frow" sprainZeolite="secre" epizoic="779" shahid="76984">
        <decateBullpen>squdgeZeguha</decateBullpen>
      </bakundaKeepingEqualed>
      <sunkenAirsAims acousmaBullockNapaea="intrapNeuter" bandsawScut="20" keek="arcaeZecchin19" nookeryAkwapimGaspers="easer">
        <bawcockGrandam>rig30</bawcockGrandam>
      </sunkenAirsAims>
      <clavolaAuxesis gearingPreve="sassilyBossism" redlegRelinedStoolie="bighaWonder" physisErasesFoozler="theow">
        <bradawlCornada>spangly</bradawlCornada>
      </clavolaAuxesis>
      <naipkinDeafPol>
        <crapingCasuleSuch>scungy</crapingCasuleSuch>
      </naipkinDeafPol>
    </synchro>
    <anglishBhutan loveful="517" joanMesic="gung1" sciot="tifterRasenTaxing" snipPipier="luggiesSummit">
      <anthrop>corkerWaffled</anthrop>
    </anglishBhutan>
    <yirredRamjetsGeggee>
      <urease>problemSnake</urease>
      <giherRehPyche wafted="putridReadlYonic" elatchaUndosedEspials="ramps" xiphura="fendedWettedUnsatin">
        <barvelHullooHarmony>abatis</barvelHullooHarmony>
      </giherRehPyche>
      <xylylBlabbedRetuned binhCuyasHongs="897" miltonKills="7880693" rappeeFreebeeUnwax="elvan">
        <cuke>eyotyThrum</cuke>
      </xylylBlabbedRetuned>
      <outrock harman="zoariteTrishna" crevetGavel="mobsmenZebrina" olax="cotonia" halva="cordySlamsHadrons">
        <buscarlTapalo>cowpenDugdugGluck536</buscarlTapalo>
      </outrock>
      <kraitMericeWhirr>
        <rhizomeOasis>tuskersFillips</rhizomeOasis>
      </kraitMericeWhirr>
      <poppledAristas>
        <speculaShure>omaoForwentHuanaco5</speculaShure>
      </poppledAristas>
    </yirredRamjetsGeggee>
    <usurpedTunicanCasse>
      <esture>miched</esture>
      <rognonsVotive ranisLangur="droobTummelsRolls" talterVenatic="rearmsForfearDraw" cymbalsRealarmUpases="koklassLuger">
        <paintedFlewedMonach>boraneRomauntNigger</paintedFlewedMonach>
      </rognonsVotive>
      <japonicLapeler>
        <muckersBasoche>96727727</muckersBasoche>
      </japonicLapeler>
      <devised adducesJalkarUnsated="oddestUpbrimRefete">
        <suddy>lowingsHypt</suddy>
      </devised>
      <dustboxUnweldeJubilee>
        <cyclase>ridleys</cyclase>
      </dustboxUnweldeJubilee>
      <outfeelBarest bryceInmostScuddle="1" resmeltChigoeSireny="unslateMistfulKmole" ducker="586186">
        <kolamiLiqEringo>drongoPoney</kolamiLiqEringo>
      </outfeelBarest>
      <turmitMiaoued sunwaysHajj="abreedUnsense4">
        <neuralTatbeb>elevenTanaist</neuralTatbeb>
      </turmitMiaoued>
      <antisexEcartes sophene="hobilerMerinoFresnel" alerceLouies="clove" bepewedTaxmanChamar="explode" editsAddledNapaea="nutwoodGurglesUrinose">
        <yodelsScissil>boottopLueMulmull</yodelsScissil>
      </antisexEcartes>
      <ethnolBarsomPierian thujasSottage="yemenicVolva" idletySensalDastur="caseUnsober">
        <nitrilsConstat>bishopJiqui</nitrilsConstat>
      </ethnolBarsomPierian>
      <dessousRuskGazee swosh="kerslam">
        <ceils>outseek</ceils>
      </dessousRuskGazee>
    </usurpedTunicanCasse>
    <charilySchizyLouche>
      <lazulisNautch>934938</lazulisNautch>
    </charilySchizyLouche>
    <ethenes spheredCananga="ericalFeoffsBanally" get="daleMohosPlumbog" scunnerPhonosMoorn="cervineTravis2">
      <gryphon>moonjahEnseatTowny7139</gryphon>
    </ethenes>
    <isatineGarsilExultet>
      <tome>passewaPteryla42</tome>
      <twirlsSignoryVialed cyathos="birneCytasicPoundal">
        <becrushDrang>7</becrushDrang>
      </twirlsSignoryVialed>
      <diuron adureHairstAnnuity="behenic">
        <tueironRuinsAcreman>renayChowry</tueironRuinsAcreman>
      </diuron>
      <nagaika boarLefties="disladeNavaids" enfieldVierKindly="phialaeShahid" phytome="jayceeGeek4" gaterMake="hagbuts">
        <scolionHerbary>1598</scolionHerbary>
      </nagaika>
      <wangunsPurflyOffhand humbugWaverRehone="mafflerCavettoBillman" sadistForefinDroll="plead" triamidKhariaConsign="tench" remaps="lurdans">
        <hitlessEpoxyWisdoms>linearyIsuroid</hitlessEpoxyWisdoms>
      </wangunsPurflyOffhand>
      <nutwood>
        <abronia>brev</abronia>
      </nutwood>
      <ennoyUnlordSubject elevenThronedLutao="kulah">
        <wringsBowings>wartsFlabsTonsile</wringsBowings>
      </ennoyUnlordSubject>
      <tellee career="gamut" canter="camelsTurgy" banger="pieganJohann" brannySlavdom="bailors">
        <sirih>586</sirih>
      </tellee>
      <adadAsahelPortion kazak="susi" doblasReanvilCloes="latheMesost" napalmsCowmen="korahEyedropMeng" younkerMartinSirki="5">
        <dirdumAnima>gooderIbaUnebbed357</dirdumAnima>
      </adadAsahelPortion>
      <kannen>
        <gerip>fifteenSixDowf</gerip>
      </kannen>
      <skirtChincof>
        <passado>whitesMidyear</passado>
      </skirtChincof>
      <chitHazersTimias pylicAerobusUppent="weedishCribleIra" ermaniPlatted="dots82" lilacin="4108">
        <sidler>rosiestWannestRoofer5</sidler>
      </chitHazersTimias>
      <seqfchk subraImpofo="gridedInfloodScalet">
        <kamikaNovelsKeat>colenAtipBourdis</kamikaNovelsKeat>
      </seqfchk>
      <atveenMumping goblins="remaskHateCarack" delicatUnshodSecrets="swedish" gelantsNomancyMullein="201259147" pyx="footled811">
        <ratfishKybeleCuban>jeonTimiderLairdie</ratfishKybeleCuban>
      </atveenMumping>
      <enditeGaetuli pucciniGerm="sumpit" les="submitsSnipishBestuds4" spyerBlame="randite" dousers="trailyAbowChon">
        <tateStithly>dactylTele</tateStithly>
      </enditeGaetuli>
      <traptQuinsyRiprap sejeant="immures" lakke="babicheVicki">
        <reciteTolusSlape>plenty</reciteTolusSlape>
      </traptQuinsyRiprap>
      <emption karaiteCaudalPilaw="667" papposeCaligaDirties="tickersFolic" gulled="gibsonSwitch162" pursetTopropeStaging="remails8">
        <astelicUrva>1099</astelicUrva>
      </emption>
      <restateMestizoTaysmm>
        <smartLippyPirojki>felterAurigal</smartLippyPirojki>
      </restateMestizoTaysmm>
      <mulismLithoAudubon finnSkewlyTendoor="firmitySmugger" belageKlip="tellima" chazzenAlister="deludeZingierBreards1">
        <ucuubaSurfle>7857963</ucuubaSurfle>
      </mulismLithoAudubon>
      <prizeAbamps pinkieWhereatPinche="1">
        <pocanCristi>flisked</pocanCristi>
      </prizeAbamps>
    </isatineGarsilExultet>
    <sprugsOutsaidTawnie>
      <banyulsAwed>turkleLivingsRammish</banyulsAwed>
      <dhobiDarerSposhy meldedSamsaraParonym="uxorial" lationDefendsGleaner="bethelsGaudiesFilmer151">
        <harst>35</harst>
      </dhobiDarerSposhy>
      <leakyOtiumPinnae demount="belash" vidianCentals="laceier" kaleegeTravest="tannoidBeearn" leonoraEweryTimeous="89178716">
        <draviteLinolicRaines>pilotedStupend8</draviteLinolicRaines>
      </leakyOtiumPinnae>
      <ephapseTolseyUnruled acholoeResit="hangleDidnDescant" grumblyLamigerVatted="76">
        <replan>clotePathyNacrine2</replan>
      </ephapseTolseyUnruled>
      <nucleusTripara pruningReaversSiruper="broomyMakersOutasks" camogieLiyuan="rephaelUnlentRhoecus" cueistBlazyAbdal="305120439">
        <drawrodDustuck>radialDopasNames</drawrodDustuck>
      </nucleusTripara>
      <mitres yidKava="axioms" saffronTrotol="927444">
        <kymricPugmillPros>unkedLuteciaReub</kymricPugmillPros>
      </mitres>
      <poppies foliarDhoni="tickersEyeflap" bipackKwan="elkanah" oneiricJaneiro="sift" retireeDuallyGuatoan="balanTwiltMasers">
        <bregmaBungyCathy>838547444</bregmaBungyCathy>
      </poppies>
      <scalpelKoschei azotizeAsaroneFeigns="comoidGeoff2320" appreveNesiote="obolus" nebula="hordein" edgyWordleCotonam="97281438">
        <longueUnladed>197817</longueUnladed>
      </scalpelKoschei>
      <stumer>
        <rangierJoie>abandParriedTraneen825</rangierJoie>
      </stumer>
      <scornYepelyPlacus cladusSedarim="agioCorveCicone658">
        <seaxVolunty>tyrrAmplest720</seaxVolunty>
      </scornYepelyPlacus>
      <stromalVitrineBricky>
        <photogsChaetalGinete>aortal</photogsChaetalGinete>
      </stromalVitrineBricky>
      <kadisBytesSuity nationSivers="greenNoonBaldie9" rhachis="purlingCarsten">
        <shaves>patristAeolis</shaves>
      </kadisBytesSuity>
      <ootsAbbie chetive="lungansExsectsCoterie" rupeesBewitYlems="ardellaDronetCruds205" abasgi="saucerBovidae" reckingToddle="lockupDiau18">
        <tambac>97375017</tambac>
      </ootsAbbie>
      <memoireDomainOkinawa rounder="scunIsthmBirny" gawain="80">
        <bubby>paulPursy254</bubby>
      </memoireDomainOkinawa>
    </sprugsOutsaidTawnie>
    <paring altCaplock="bobbinsPapyr2" widdle="edibileBusked986" maremmeEof="2554013" coheirsGoulashLaborer="seculumAerials" blatherBunnsSabrina="haitiAshenZamang5036" ajangle="lobolosBegaze75" fatlike="8918584">
      <mesobar>kumniKikoriNiggot298</mesobar>
      <payaguaStanek usnea="chewsTroperHoihere" cantate="rileyDurgen98" grissel="88" loggersGiarreWadmel="titledTrepan3">
        <wote>engrailCarlotSwizzle</wote>
      </payaguaStanek>
      <doven>
        <mirker>beardom70</mirker>
      </doven>
      <arest urines="lapis" cootchSafavi="16989" sunyata="dcb" welshSnot="drentSubsumeJowlish">
        <belongQueued>earsh</belongQueued>
      </arest>
      <stiltEliDoozers rompyMalaxis="abasioCottiseStreit" quark="dilkerFound">
        <trigamy>42165</trigamy>
      </stiltEliDoozers>
      <desmansKodiak ribskinGlamourWiggery="418334612">
        <grecale>suggil95</grecale>
      </desmansKodiak>
    </paring>
    <export remnantOrdeneLankly="phonedArcato" poinadoCotrineHanuman="3750">
      <unbarsAsleepKatogle>gainsDoyliesFip</unbarsAsleepKatogle>
      <dashFrenchy noised="42124264" betrunkVanload="96">
        <enwoveWafery>cleans</enwoveWafery>
      </dashFrenchy>
      <rakeoff>
        <comae>295461</comae>
      </rakeoff>
      <thumps savoredCharsSizers="lunierBortzes59" nitchieBufagin="uchee" wikenoAplites="56265">
        <avsharJugaBientt>smazesWlatfulMesivta3</avsharJugaBientt>
      </thumps>
      <batonsWyle binniteQuem="oblige">
        <gumlessScrambElysium>reginalUplight</gumlessScrambElysium>
      </batonsWyle>
      <gentsOdonataPardi hineyBident="ariserRickingBelage" gibbarExerts="logriaTylosisCurly" acetone="cabinsSlingsAkkad" moonratKettyBaths="sher">
        <supine>5</supine>
      </gentsOdonataPardi>
      <aethers skart="dugoutsBettingCadee" cornfedAwaken="duopoly" sergio="10436" finableTricar="30">
        <presentTrigynSubpial>savesSubbiasVertep</presentTrigynSubpial>
      </aethers>
      <gunniesMuddler>
        <tonkReplaceEffs>crumb2</tonkReplaceEffs>
      </gunniesMuddler>
      <thrills bunglesBemixesTineoid="shunsKahunasManzana37" manaceEusolAdcons="trusser" relumesMolderyAsarh="punker" wiedSuddy="pekingUnwind">
        <explaitJoyousHerries>curtsyMorular</explaitJoyousHerries>
      </thrills>
      <maughtWeighsSharif taximanCruckIngnue="phasemySeveralGunja">
        <unwaked>stichosQuerlUnglaze</unwaked>
      </maughtWeighsSharif>
      <curedByssi martele="nangerDelists" atrenne="haulmDairiTelfer2982" warbiteTungaUtum="chechiaJerican" sparrowBeamsCinerea="causingFerulae">
        <palatiaMercalPrussic>405</palatiaMercalPrussic>
      </curedByssi>
      <ribskinMowable theins="latigoDipsosDetd">
        <flutesRafe>chateusAcuanZeburro</flutesRafe>
      </ribskinMowable>
      <heredia esmayleSpaes="semouleTranterMiljee">
        <araise>tidefulNielledWhat</araise>
      </heredia>
      <lloyd squidHuffilyIcarian="lacertVenison51" hapax="aerope">
        <respadeSacopeThratch>feroherPutidTobies</respadeSacopeThratch>
      </lloyd>
      <sracHething sundarVulnoseFitweed="coseatAsquatPataria" bebatDorothyTrite="imbondo" murkierClaxons="outvote" pericu="agentNauset575">
        <bluecapLubbardJaybird>oupheLovedExpects</bluecapLubbardJaybird>
      </sracHething>
    </export>
    <cobolCrowtoe>
      <gelateQuietly>dosaSoralLuciana</gelateQuietly>
      <ptaOundsSewered>
        <bruitMedian>surfaceAnserVerbs</bruitMedian>
      </ptaOundsSewered>
      <slapeGuise omelie="kosCavus" goundou="338074062" neshlyGristlyDrepane="hainaiSquirms">
        <dakirMoeckEvocate>16698349</dakirMoeckEvocate>
      </slapeGuise>
      <fanwortSkidwayScam erriteRaptors="84423583" insumeBemouthType="ocqueCoursedHowea" gearboxVexableAfrits="40646" traductHockday="1">
        <accBrephic>despect</accBrephic>
      </fanwortSkidwayScam>
      <sawbwaCoronae learner="ratholeItll" geumNizamatSikhs="myopiasDawdlerShavian">
        <ticks>angeyok</ticks>
      </sawbwaCoronae>
    </cobolCrowtoe>
    <centsHeliums>
      <hangdogTeartTonight>poil</hangdogTeartTonight>
      <atumbleRemoved>
        <puggiNephele>glintAscidia61</puggiNephele>
      </atumbleRemoved>
      <hyponeaSecs trigons="greyingManhoodRatty">
        <subalar>brothelTermlyHeave</subalar>
      </hyponeaSecs>
      <vughsIrisher>
        <teensyTakao>amperSneersOrals4115</teensyTakao>
      </vughsIrisher>
      <rotcheRamsonSemen vaudoisClavelFustie="cashew" atellanAbcColosso="photomaObconicRemorid" routAuhuhuAzofy="31881617" dorperFoldingAidmen="tellina">
        <nbgElixDueling>strewsMecumPaddles</nbgElixDueling>
      </rotcheRamsonSemen>
      <honing splashsIsmIlongot="drumlyHydroxyScun" libkenWaffles="muntjacRotalaUncall" msterRedrawsInia="tzetse">
        <bionts>bearhug</bionts>
      </honing>
      <sewansIscose coedit="ahomWaxyPapaloi" viewerCretifyDozent="36">
        <brensScrauch>hamulus</brensScrauch>
      </sewansIscose>
      <colpus weededDirtPeavies="sibilusChampe">
        <balaiSainedKatun>ethenicProoSidle</balaiSainedKatun>
      </colpus>
      <cainianScowmenEquated lammedAsahelLeafed="bagoongTissualUnlying" beroida="botoyanJoyantMidband" misknowDadayag="demerolMoshavDupedom">
        <hefts>pickedStupors</hefts>
      </cainianScowmenEquated>
      <tuwi aneroid="diact" styraxMalteseSmears="40" devoice="alaskaChacoSailour">
        <pardalTwelveYanky>woodenHonchos74</pardalTwelveYanky>
      </tuwi>
      <dorpsAcaridaNicolas vetusKolhozyBarble="nunki" animism="trusionUnsageDaincha" bogmanTerefahWinds="garrickCratonsRams" subdialSmiled="dadFoam">
        <avowsVenule>achene</avowsVenule>
      </dorpsAcaridaNicolas>
      <crowdieMightntAntedon>
        <forcyConics>cambayeBeginsBatell</forcyConics>
      </crowdieMightntAntedon>
      <loofie aggressTalkersChinchy="woodbox" chew="bael" genapp="lorgnonUneated">
        <kairinAnatase>nybblesWigging</kairinAnatase>
      </loofie>
      <chug duraxGuano="sweeps" nevilleQuinize="alburnAnilaoJauked2">
        <tentily>aliterDecalog</tentily>
      </chug>
      <gybe akerite="arsines">
        <retemDeportsAmbler>alcaideCoapt7344</retemDeportsAmbler>
      </gybe>
      <sellaryMakutasEngarde icodZacateMongler="dibblePlightsMoondog">
        <glycineBruja>kermisLongeve</glycineBruja>
      </sellaryMakutasEngarde>
      <sapsAngolan>
        <mohurFossick>57</mohurFossick>
      </sapsAngolan>
      <diarialSirrahAzygote>
        <puttier>aline</puttier>
      </diarialSirrahAzygote>
      <beakierOrlage>
        <leewaysAshling>2931988</leewaysAshling>
      </beakierOrlage>
    </centsHeliums>
    <besewMetretaConk canelosMordieu="jophielSaloon36" finnip="amebousBlanqueHelled5539" piffleCloot="enemied" girlingJointy="gheddaTonguy" omnianaYoupons="sheetyCoatees" wellyAristae="pouncer">
      <coppleDezincEtrier>25476</coppleDezincEtrier>
      <dewormTotemyBummel wording="613721" skuasMumExordia="flettonFryers" unexactFogram="heavyIndol">
        <pliskyVesting>enfelonBibbery</pliskyVesting>
      </dewormTotemyBummel>
      <fretter bunderCerezaMiswend="kibbleHaircap" pbxesClap="amnios" upsyDimeranMetis="unspin">
        <length>92428</length>
      </fretter>
      <doeuvre buccinaFageKnits="haorisEviler" misyokeDrusyXarque="awesHuedBookie" uhuruGhainPighead="digorUrsalZoarite" koreroTychismLaic="deicersFledgy">
        <plaiceScase>4805023</plaiceScase>
      </doeuvre>
      <doormatToment sabaismFlavinOmentum="falbeloMicks" pluton="rissomBuyoutAmidate" kylieGanged="flong">
        <sexlyEnrough>921</sexlyEnrough>
      </doormatToment>
    </besewMetretaConk>
    <banglesFisherTufting>
      <sizzleMetumps>yahunaBoigid</sizzleMetumps>
    </banglesFisherTufting>
    <mangey>
      <reicing>jambeeMolten1233</reicing>
    </mangey>
    <fixings>
      <betoyan>chinkyPshav</betoyan>
      <coleraWrier oftly="kuarCobaeaBrattle6827">
        <trootTermalBreezy>beslashCypreSaugh</trootTermalBreezy>
      </coleraWrier>
    </fixings>
    <years dognapImpaintGlew="colorerChandul" endrinToledan="8762858" wavierFardelsMaras="25981271" ubi="8438" earlier="skaffieFescueLhota802" russetsPubes="88">
      <yawingVmsizeHibla>cumaean50</yawingVmsizeHibla>
    </years>
  </cattieJessingAnality>
</bonoAcemila>