<?xml version="1.0"?>
<neopineSmuglyKittul>
  <pattenYucca>
    <versersAlaninsBurked cirWhetRelapse="torrefyBindlet" cartesShifter="mioticsEmpover" recoinsErwinia="votally" delesStabbedLavanga="diceySwiper" cerci="523" scalderFuseauEpiotic="ubiquit">
      <geninThereofWrested>764</geninThereofWrested>
      <iceman>
        <seggars>dotkin</seggars>
      </iceman>
      <gayUghs>
        <scandixApicialPeople>maremmeRoyallyBadged</scandixApicialPeople>
      </gayUghs>
      <uptearBergsVerray garrafaCepesOpalize="bonav" ninja="odoomUnmoldyMisseem8">
        <mutineCornix>964</mutineCornix>
      </uptearBergsVerray>
      <herileCrispen dorineUrb="18777" rolloLignone="franzyRedsBluets" vaginasUsedly="ooscopyAntum" diebackEcch="betwit">
        <unwontJaspisUnpens>sirkeer44</unwontJaspisUnpens>
      </herileCrispen>
      <gilenoCracksSofkee rolltopSteekedBocces="kumshaw" unkist="fusuma" violin="341932982">
        <exrxSaughyTautens>queaseOrpine258</exrxSaughyTautens>
      </gilenoCracksSofkee>
    </versersAlaninsBurked>
    <tungSaggonGrouse dokoPisachiDefine="absume" praamPlanula="22127" gade="valerinFloggedScclera">
      <wirewayThuggedHolmia>981208</wirewayThuggedHolmia>
      <procleiWauks lammock="enlists" outherHunfysh="6" unyokeDerby="dimedonStagers89">
        <engraft>countMesion</engraft>
      </procleiWauks>
      <puckleCetaceaMewled jacinth="tombola">
        <nor>celiteRouerie</nor>
      </puckleCetaceaMewled>
      <intake>
        <reducesFetlow>quartaPioneer</reducesFetlow>
      </intake>
      <baptFloria>
        <waived>penultCorrive</waived>
      </baptFloria>
      <neurin>
        <blesse>ephasUpwhirSoccers</blesse>
      </neurin>
      <phippeAilantoEsp totoraLeonineBagasse="balliesHewgh" dermisMzeeSokulk="rapefulToughly">
        <briner>revigorBrowsed</briner>
      </phippeAilantoEsp>
      <damnerUrohyal crumpy="odeons" chevin="noxalAmerced" toxaminSweaty="episcia">
        <vise>tabeticBesant4</vise>
      </damnerUrohyal>
      <potheadAugean mongoyoNouns="pavo" opeluCreepyMiasms="caelianDultie" eunuchsRetasteKubachi="tappers">
        <aggroup>indiceTis</aggroup>
      </potheadAugean>
      <vivandiEndgateOwls nurhag="flocciPall" ceresinEkteneArsacid="dainMakable" spakeAtonics="williedCardiaHoody" toletanRapidly="sprats437">
        <glaringDeathly>serolin</glaringDeathly>
      </vivandiEndgateOwls>
      <hulloesUnselth horas="45" fixion="theyre" chawedHukDandify="ocularyKebbieSunland" limidaeBalon="5">
        <incusedNylghaiBesneer>callusPinupFinkel</incusedNylghaiBesneer>
      </hulloesUnselth>
      <fetish latchetCiscos="coxierTollageRicrac" unlearnDrecksDuping="angrite176" colmar="sidled">
        <talayotIzzardsPearl>enslaveFeezes</talayotIzzardsPearl>
      </fetish>
      <vervet buffet="requit" sookieTjaele="tawsedBestick">
        <caselSeora>37940</caselSeora>
      </vervet>
      <bodachSiamese loransGooeyLogging="871578109">
        <baconyHearths>meropeGushilyMnemic453</baconyHearths>
      </bodachSiamese>
      <encheerWaveoffOutyard>
        <enzymic>honorsPonto</enzymic>
      </encheerWaveoffOutyard>
    </tungSaggonGrouse>
    <clatterJackers>
      <domite>farcied</domite>
    </clatterJackers>
    <sealyArditi>
      <zanilyAcetatePaging>comfort</zanilyAcetatePaging>
      <dangers indeArmada="870" piceaMarascaDedimus="1732879">
        <roud>beweepWappet879</roud>
      </dangers>
      <periledAnnals arditi="ambit">
        <quinet>carolanTagging</quinet>
      </periledAnnals>
      <resuckImpetre toupeesBaregePhages="dumkaMagahiBridged" lepton="elemol" quakierBadon="coheres">
        <thamengLycium>914956222</thamengLycium>
      </resuckImpetre>
      <baskingBeths>
        <dorrsVoc>119242890</dorrsVoc>
      </baskingBeths>
      <schelmAvenges engleimVidkidsTwiddle="sternaReprice679" boeotia="techWasherOneness7409" pectronOutlookAit="2255" jiggly="ouraris">
        <sakkaraYamun>859664513</sakkaraYamun>
      </schelmAvenges>
      <manipleIslBaloney holdersBourkha="subunit">
        <toneme>trefa37</toneme>
      </manipleIslBaloney>
      <decreetPoussin anemicParity="orduresPledged">
        <sicPloversKorai>trystsHydraseWindjam</sicPloversKorai>
      </decreetPoussin>
      <forfear fessingSambhar="laceyPenman" dodecylMuddily="mononym13" nauntle="denaroGibedSubpimp">
        <scolbIchthusStiffs>calomelToxicon</scolbIchthusStiffs>
      </forfear>
      <fasces pet="crysteEthnizeSnobber">
        <pistoleMecati>532707102</pistoleMecati>
      </fasces>
      <getawayInvile>
        <pipiriRepleteStrunts>pilawsEelerCuboid79</pipiriRepleteStrunts>
      </getawayInvile>
      <socket>
        <viny>metalerWikiup</viny>
      </socket>
      <chuttie upstareTazia="avgMoner" sawBonesetDbrn="1747">
        <thoght>goban</thoght>
      </chuttie>
      <pleuralLaboredNorms>
        <meatierDev>solums</meatierDev>
      </pleuralLaboredNorms>
      <sanicle starnelShafterLiangle="15327545" nudnickDyakishIronish="garagesTaheen3" clauber="novialOvertip6034">
        <incisedGallachBadger>76</incisedGallachBadger>
      </sanicle>
    </sealyArditi>
    <seracLoutre>
      <petted>unsawedBalonFleying</petted>
    </seracLoutre>
    <trugIngulfs jacture="balance" pakawa="poopsie" rakhal="coyerRedfin" bedwarfJanapaSexists="equuleiHwylTagal">
      <kuku>stuller</kuku>
    </trugIngulfs>
    <butenyl amirateCocksySara="chibaJagless2" istana="reefedLangcaOffend">
      <burry>wangalaClum</burry>
    </butenyl>
  </pattenYucca>
  <ruborMudiria whishes="pacota" people="52342919" zinebTilings="pliesPollardOnrush" bossyPigweed="warmful">
    <tweestGleams>
      <cafetal>midgety48</cafetal>
      <phenom>
        <dourahsFloytKaraka>vetchy</dourahsFloytKaraka>
      </phenom>
      <forsungBarba>
        <jejuneBarbero>9405073</jejuneBarbero>
      </forsungBarba>
      <archerTyphoidEyecups sudanUnpapal="66744796" astalkMeathZipping="373413366">
        <sheath>rilievi</sheath>
      </archerTyphoidEyecups>
      <juslikFidawi filmsetCritterThorias="cantonPremio">
        <bendeeSulea>sabingRainyEls</bendeeSulea>
      </juslikFidawi>
      <juror espouse="abarisUrology35">
        <radiatePookaunKulan>hookiesHaori</radiatePookaunKulan>
      </juror>
      <torteUnpaint renetteSlopy="1887895">
        <imerinaSkieyCharpoy>albines</imerinaSkieyCharpoy>
      </torteUnpaint>
      <malthusCageyTitoki smartyTwirp="muttersExcuses3641" rearmExtols="recueilAosmicLimax">
        <goofsHallier>accuses</goofsHallier>
      </malthusCageyTitoki>
      <koomkieLanguidSplint adipic="tolesScrawl">
        <salties>kishenFatuism79</salties>
      </koomkieLanguidSplint>
      <polersOxygensRanulas crazyPinhead="55" satai="dewannyPangenGlory">
        <arugulaAkundShekel>unrufeDecharmKhajur4927</arugulaAkundShekel>
      </polersOxygensRanulas>
      <ambiensSatiate limpersRebills="disladyBidersNundine">
        <anisicWielded>heleWharfie</anisicWielded>
      </ambiensSatiate>
      <trisomeResoundCahnite>
        <pursuedLeviesDisgout>taulaCinema</pursuedLeviesDisgout>
      </trisomeResoundCahnite>
      <inveigh tanquen="chervilCanvass" pigmentGrowing="leuchHailySperma">
        <riftingPortato>hymenia</riftingPortato>
      </inveigh>
      <clarain scopaCookedPagine="caboucaBatete" leggerGallfly="fizzyLadyfyAtavist6646" porry="colza" consortFarinasSought="1691">
        <raceEruditPapio>allonymBedfordDourine</raceEruditPapio>
      </clarain>
      <pinoliaVierVoguey gallahRustre="naoi" smichTugger="vipsScraped" kashas="cordonsJalorGagee">
        <pyroneSliping>shoredRustfulAsphyxy</pyroneSliping>
      </pinoliaVierVoguey>
      <edictsQuiffsEfs tucky="peruPsoroid69">
        <riccia>eildCorkeCoacher</riccia>
      </edictsQuiffsEfs>
      <pps verbate="bryalesSniffleTrienes">
        <derbend>daysmenAefaldFilaze</derbend>
      </pps>
      <regill rampingEstates="acutesPloce" triuridAcrasin="broguer">
        <emoloa>jitteryMulseTonto</emoloa>
      </regill>
      <howfs inlaysScolexVinal="avoids">
        <bergletUsurped>sagingMacchie</bergletUsurped>
      </howfs>
      <witenDowset>
        <harshenFactum>chaetalGuahiboTolane</harshenFactum>
      </witenDowset>
    </tweestGleams>
    <griffonDuerAsserta>
      <solar>renvoy</solar>
    </griffonDuerAsserta>
    <pannaFourb>
      <molluscZolaistMandril>markets</molluscZolaistMandril>
    </pannaFourb>
    <hypoDaringsLieges debbieOto="lageredHoyaEikons" dangersTunyDachs="tranvia7666" suasive="4" mutuantAmsoniaDevata="633" hollosSignerPavade="inbbredHamsa66" brethelDavidicNubbier="base7" crook="fustocDrummerCambrel">
      <wardian>earableMenad</wardian>
    </hypoDaringsLieges>
    <watapsKipfelCreeks sangir="quatern" cochonSpeil="leafy" venter="skatersGruft">
      <four>fibroma</four>
      <petalon signorsRubbingBrujos="610122" segar="777">
        <volvoxJawbone>958595004</volvoxJawbone>
      </petalon>
      <avarsFactorsRondino manehWiddrim="unsexes" cattedSeptuorLignose="dipus">
        <crusado>9</crusado>
      </avarsFactorsRondino>
      <scutes mesail="mirier" naryGudrunLoosish="kathalUnlightCuecas" boldosBudletGarlion="murexid">
        <lacqueyInfound>gelants</lacqueyInfound>
      </scutes>
      <nausity>
        <flasks>999</flasks>
      </nausity>
      <carvy ethineErupted="42889" figworm="mangYerva" solonic="msgNielledSprose">
        <sorerMishitSumma>yankeeTennerBug</sorerMishitSumma>
      </carvy>
      <shammos>
        <deboshWuzu>jimpest</deboshWuzu>
      </shammos>
      <clupeid chelpGeodistTackers="marrersRepinedSpike" banbaStoved="spurdog9663" marsesDusteeSticky="gustardAccuserDor" bliautOriginsOvisacs="adzObserveHumiria">
        <pitawasHenwiseOinks>belockAsciQibla</pitawasHenwiseOinks>
      </clupeid>
      <guttee gloreMyalia="ordeneDivisor273" rummier="norselWowwowsYarm" rother="repaper">
        <tophsPyroticGeodist>imagedSlingsMusa3</tophsPyroticGeodist>
      </guttee>
      <foggier>
        <chickerExciterTidies>shadowsUnnaptRoquet</chickerExciterTidies>
      </foggier>
      <fusingAmical>
        <lintolTenture>quabChocaHeaven</lintolTenture>
      </fusingAmical>
      <mensisBodily blanch="1860183" pinedSpires="townmenSprayerVendue">
        <redartDeirdre>buggiesVallisCloning</redartDeirdre>
      </mensisBodily>
      <sadhakaSpanule whemmelScented="578988316" zocalo="disloadHiren" sheldScrodBiacuru="dandSeepierBinocs112" tawneyUntidyWienies="melonsShramOusted6">
        <latrianHotta>lwlGleamy</latrianHotta>
      </sadhakaSpanule>
      <flashes overdueDolabraAnticum="belliesChipMetal26" hester="vickie" figuraBarche="ironistPickmanFixive" stypsisWidders="patten9">
        <shucksBecard>compile</shucksBecard>
      </flashes>
      <bulimusMiaower tecla="prudishOoeciumHells">
        <shadowyKittlesValonia>watchLefter</shadowyKittlesValonia>
      </bulimusMiaower>
      <muyusaBhagatSchoon ungive="4140">
        <duckyRecash>biotaxyTenour569</duckyRecash>
      </muyusaBhagatSchoon>
      <taraSubcase immanes="sekhwanPosadaAbanga" malawi="9141" athing="blastie" extill="driving">
        <rampikeShauled>pottles</rampikeShauled>
      </taraSubcase>
    </watapsKipfelCreeks>
    <dartoicCohosIllbred>
      <divel>deletedDur</divel>
    </dartoicCohosIllbred>
    <massingBegsterStator>
      <couxia>grasniRampick</couxia>
      <entrainClomben>
        <mawger>chiaveChengalPipeman</mawger>
      </entrainClomben>
      <seabeds mockupInhumed="region" bristYearns="sightly" heuchsBonnetsMegasse="ascryRamsch4">
        <eloignQuiches>aileron</eloignQuiches>
      </seabeds>
      <sykesJejune mowieQuinetLadin="abo533" lustra="airishReekierJacobus" bafaroDrum="spiredMacruraHowes" reelingNonlive="mettlesVarlet">
        <herbageIvoried>1</herbageIvoried>
      </sykesJejune>
      <upcoastPraised ogaireMuskierTamine="983" ciceroBaggers="247942770" hophead="earmark" alexisHankiesViznomy="dumaistArtsmanDozzle">
        <mavens>cumaraBlabs</mavens>
      </upcoastPraised>
      <thonged ficaGode="yabble" buzzes="9" paquetNeederBilled="99568">
        <glasgowAnil>residedIcy</glasgowAnil>
      </thonged>
      <whistly ligandsMonacid="freerDrain1" chivariSchuheWronged="hauteurJufts" scotism="palmulaVeepsFolding" sorrowy="ragger">
        <bosomerDisglut>absorbsSat</bosomerDisglut>
      </whistly>
      <tambur prosodeDuodeneBenison="alongst" qiyas="outshutHowffSmithum2523" buncosSeppaWyling="3648" ungross="9">
        <chenaGerb>kojima</chenaGerb>
      </tambur>
      <applFagots soapiAgritosCrewed="olpaeKohuaUpcover9" stooterAlewhapConsul="cadiePestersRua" zebubGimmeAtlatls="219501652">
        <peacher>66</peacher>
      </applFagots>
      <baublesGerahs farls="humours" brannerAncilla="91417297" sherman="amos" atacticEjaculaSerfdom="parleWensOutrung">
        <ledgesSubcoat>setaeMutuals</ledgesSubcoat>
      </baublesGerahs>
      <arterin ruthfulCurites="hellhag" essaysWomp="507" reladeEmbathe="gabAnnule">
        <spivvy>hendlyRojakPolarid</spivvy>
      </arterin>
      <fasolaKeen lodenPalaced="stellasKrubutSulking458">
        <maimingWiled>21</maimingWiled>
      </fasolaKeen>
    </massingBegsterStator>
    <criddlePacksHubs drow="gallflyUnglobeEurasia" zoonuleAdigheSnarers="kitcatLingamsMaund" mooreDicecupGuran="abandon" novene="11">
      <kyries>lingamMarcor34</kyries>
      <jertBuying lackRegroupSadi="cossid2048" madronoYamel="bewaryLeglessImply">
        <disbodyLignes>5</disbodyLignes>
      </jertBuying>
      <ctgeOctect opingTurfedHoodful="shovedNemine" shouldPlaud="brushesAdieuUpspew" snugsAzure="spirtDochter">
        <nonomadRubbishLinkups>retort</nonomadRubbishLinkups>
      </ctgeOctect>
      <voicingBatuque>
        <unstain>isaian</unstain>
      </voicingBatuque>
      <bhaktasBulak lidias="reformUtahans">
        <illogic>mandrin</illogic>
      </bhaktasBulak>
      <saponi jelick="bordragPis">
        <grufferBrokerFacto>fluoridPandersPlouked</grufferBrokerFacto>
      </saponi>
      <grapsusHanded>
        <drunkJaggar>4129</drunkJaggar>
      </grapsusHanded>
      <torteTittupAnalgia yarmLapacho="cobolaZwitterArbors">
        <piglessSnags>243</piglessSnags>
      </torteTittupAnalgia>
      <soree seepingEngagedRavery="pangiumAltos" arrtez="dupleStruck4740">
        <deviceFeces>taughtPennies</deviceFeces>
      </soree>
      <sacope>
        <cochero>230</cochero>
      </sacope>
      <compt elocuteNewelHerders="lionne" forvayKnosp="6403265" discerpLifen="inliersNodusCohost684">
        <crunchTastilyMukden>26</crunchTastilyMukden>
      </compt>
      <piecedReseize franks="9444022" capitleGatorMalade="semese" defileBindles="dowsetsRabid" mangeryMulcher="814168">
        <fiacre>tedderGombos</fiacre>
      </piecedReseize>
      <focused yankee="japishXylogen" mowingTurbeh="woaldServalJournal250" sexuous="comoxGautAntica">
        <portureStraysDoodia>puggerRerent</portureStraysDoodia>
      </focused>
      <carboraSubgyrePermute gunebo="ladderBhotiyaTerm" bute="bankersOttawaTomato">
        <confute>38</confute>
      </carboraSubgyrePermute>
    </criddlePacksHubs>
    <defiersMalmierVolsci>
      <columba>tulwarAtheism</columba>
      <lucina hexacidFianced="tinglesNemoAndirin3824" vertusFinings="6221369">
        <felisKitman>dirkArgBeclart</felisKitman>
      </lucina>
      <fociPrisedFewmets frizedUnwigBeast="823" pentadsPeachesFoyboat="besteerOpinedEncelia">
        <wilfred>ohedCadelle</wilfred>
      </fociPrisedFewmets>
      <idea steaksObits="reptileSkaithy27" geyExhorts="72940805">
        <gluttedObelusZymin>chinkStraw7130</gluttedObelusZymin>
      </idea>
      <dentata cadiTypierFowells="spaying" damon="pawingPhrenolGappier" gaumsRaglinWairing="chimpsMaxisOutwash" rancourCoysRisking="clayman513">
        <friedaPerakim>owldom20</friedaPerakim>
      </dentata>
      <mysel grillesCalquedShading="21" gneuErgatesClaroes="balawaEchellePeptize" totalsBenchedEducate="sparky">
        <sanggauHewsSlidder>isotopyWolves</sanggauHewsSlidder>
      </mysel>
      <stentCyprid beringTidiesMent="vapour5" coppra="234451">
        <bowheadKnobber>testacy458</bowheadKnobber>
      </stentCyprid>
      <apetaly abitibiPietistSnouts="7" ruffin="ravaged">
        <elampHalakahHarpier>825683738</elampHalakahHarpier>
      </apetaly>
      <sclaffs>
        <motifsOnciaTafias>balladsMoseGelate</motifsOnciaTafias>
      </sclaffs>
      <gargets skouth="zestful" poutierBumpier="biurateFixatifVelcro">
        <laystow>eardrop</laystow>
      </gargets>
      <sawmon miaotse="wrichtGarlionSradhas" impanelBrabbleBryony="salving85">
        <offset>glottidAutosynBracken3737</offset>
      </sawmon>
    </defiersMalmierVolsci>
    <barringRimous>
      <tobine>peisingAsyncCruse29</tobine>
    </barringRimous>
    <slacker>
      <tannyMilkman>anatEnskiesSpooled</tannyMilkman>
    </slacker>
    <triliumLapfulsBedewed>
      <towable>abroma37</towable>
    </triliumLapfulsBedewed>
    <somaAltaicDarting codder="996" bouclesOvoliImpen="heleninHouletHyponea" stokersVila="97">
      <leverCutlashAcetins>77</leverCutlashAcetins>
    </somaAltaicDarting>
    <sennite>
      <joshersYox>75</joshersYox>
    </sennite>
    <chimneyAmylom appriseAsiaticGhbor="beadlet" mitres="waicuri" upturnCocosProso="9257" boleite="sempleSneer" spurnerTubbier="guttaePoacher" rehearOriency="egotistPareusCalfs" loweiteRomeine="hcb">
      <littlesUtrubi>waliStictisMatrah</littlesUtrubi>
      <maioidTaipingTuna titmalEosideXylonic="coreboxSpica">
        <corgiWharfBleat>fillingWharryVillain</corgiWharfBleat>
      </maioidTaipingTuna>
      <minervaDryers>
        <pilikaiBeerish>319198</pilikaiBeerish>
      </minervaDryers>
      <moistenMukriBookery>
        <moreensHuts>taryba9736</moreensHuts>
      </moistenMukriBookery>
      <tiglonTwaltCeibos>
        <bioralInportLockful>mosul</bioralInportLockful>
      </tiglonTwaltCeibos>
      <towboatIntuneVergers leagues="guaiacs" tetrazoDehisceSapo="enlayComptieMantels" ratherCuna="bimaneStempelDoless" edam="yukataBetoss">
        <grouf>quercic</grouf>
      </towboatIntuneVergers>
      <heydaysIsaticGrasset clashJumbaWalty="nunneryCromer" coontie="poralSeleneOvalize" prank="dewaxPalmistTrammel">
        <mycoticMetersIncages>tufa9100</mycoticMetersIncages>
      </heydaysIsaticGrasset>
      <rotchesDumbest positsHeptyne="63620167" riprapSultanSeedpod="1691233" livest="atresicStearyl">
        <yeuked>foresin346</yeuked>
      </rotchesDumbest>
      <eryxDevisal movingsCreche="afghanFanfoldDrusy" idiomsUnfunnySlowly="4435485">
        <stoiterCrampsWarrok>revsGaribaUitspan</stoiterCrampsWarrok>
      </eryxDevisal>
      <atwite rancors="ballanBittedWhinge" aulderRundlesHaem="2">
        <crocusPantineVocalic>soueefAmyloseBowery</crocusPantineVocalic>
      </atwite>
      <heuauMailer pereiraCouches="lawton" aracaRielProwled="smalterMaven" laurent="waunerEmoteBurly" scutumBarmaid="genearCraneLithium5">
        <coartRadioed>defatWyverPoldron3</coartRadioed>
      </heuauMailer>
      <alerionLacings>
        <ophitesSmouseTalions>193011389</ophitesSmouseTalions>
      </alerionLacings>
      <habiriRull>
        <prokerOblastiDismaw>aslaverRoomthy16</prokerOblastiDismaw>
      </habiriRull>
      <shulwarAircrewBoti heteroFensiveArusha="circ" syntoneEnhuskFeff="enodateAcetaEnwood" keglers="treitreAscriptWalked" hoveledMervail="19960466">
        <comboy>samoyed</comboy>
      </shulwarAircrewBoti>
      <acronTubeFrisado rochePilosin="bacao">
        <woolsSpookAbsalom>heaumerPawnorsOnce</woolsSpookAbsalom>
      </acronTubeFrisado>
    </chimneyAmylom>
    <corrupt couchesNizamut="580470" culbertMezuzas="mastsVenomyDammit" massel="immerseTritish" dagos="cassidaDiluted">
      <steelsFunningReclean>inswamp</steelsFunningReclean>
      <histingRoyalCimaise>
        <biggieSizzles>phasedRyepeckLlanero</biggieSizzles>
      </histingRoyalCimaise>
      <sods caiqueClotter="petraryRetackFactor69" prizersAlantUnquit="lamanoColzaPharmic8" skinnedLochial="866009379">
        <shilhNillingResgat>parking</shilhNillingResgat>
      </sods>
      <evictee rancidPicasso="chrysalUnbliss9" slagmanNangerMarang="doray" huk="icarianGuar" unidly="solidumEmpodiaKsi">
        <typy>zibets</typy>
      </evictee>
      <metasPavanes amharChackAdjures="canionRussia" oncosisInvokedPrexy="arsineChoired1" judoistCobloaf="959671" duumvir="essency">
        <movablyGanefUnpared>ranch7250</movablyGanefUnpared>
      </metasPavanes>
      <gamierReisCag tinctsCrunchGage="fuzzedTannins" chymify="trankyOrbitMho" setting="groggerBushfulTheyve" tuckner="mozettaAusterSnells">
        <belloteChaiseUprisen>hange</belloteChaiseUprisen>
      </gamierReisCag>
      <nazard inoculaRunners="246" prigman="ingaHoolee" alterCaracks="5512" dika="puteal">
        <eriniteSpikes>skippel</eriniteSpikes>
      </nazard>
      <keaweKuichuaLawmake florulaMarcoWhigged="moder" merc="829584163">
        <fleecy>reddlesSlutch</fleecy>
      </keaweKuichuaLawmake>
      <swertiaSacatraOvertoe gaelicJumana="matar">
        <stoa>pismire</stoa>
      </swertiaSacatraOvertoe>
      <ecch cadaverGrovel="74787495" cupulaGerahs="adientAngelimSoulx" scoticModioliRotta="sharry">
        <subbankCajoled>4661</subbankCajoled>
      </ecch>
      <flightSiree>
        <lowlifeLaudZones>hornitoTorret774</lowlifeLaudZones>
      </flightSiree>
    </corrupt>
    <soucarThymi>
      <fager>meltedMele8175</fager>
      <deavesYerking banyoro="whirretCornifyDamned" rethrowRewriteChums="cymarsTaled" anearedCagyPelters="moniasReptantMort" macheraTiverIcarian="gifting5">
        <messeCruisesSexfid>renoneFluyts160</messeCruisesSexfid>
      </deavesYerking>
      <dreamedCoxiteToted seamerFolksayScomber="luriSuscept18">
        <oronoco>oculi</oronoco>
      </dreamedCoxiteToted>
      <galeageEdenizeLactyl>
        <crzetteAbura>roucouMaciesSchuits</crzetteAbura>
      </galeageEdenizeLactyl>
      <leanyJambon zoccoHygeen="sergius">
        <amideSordsMucking>khediva</amideSordsMucking>
      </leanyJambon>
      <mankin rehoistAwaiter="humidor" proponsDogskinJollies="exing">
        <slicedOmmateaDolus>diluviaPikaLuhinga</slicedOmmateaDolus>
      </mankin>
      <nepBeglue unwares="carrackAgonise">
        <etchantUlmusKubong>tearyDovelet2403</etchantUlmusKubong>
      </nepBeglue>
      <maumeeGenroAnglos prying="217657" oboletDoblon="417935" nizamatFenmenSwarf="escryLinkage" bestainUppish="48970885">
        <phrygiaWindyBaculum>sewsterSampansPuthery</phrygiaWindyBaculum>
      </maumeeGenroAnglos>
      <raggedTeevee slot="gestorDuredToorock">
        <gonneRivalForge>469</gonneRivalForge>
      </raggedTeevee>
      <cartelsProxyBeshell lustingLescheMangana="areca" taroc="167">
        <cantingViduate>briosLegibleEntal</cantingViduate>
      </cartelsProxyBeshell>
      <banal>
        <jhvhEncashPunct>dipygiSyagushFlyer</jhvhEncashPunct>
      </banal>
      <jervina>
        <elissaBandrolSweeter>air</elissaBandrolSweeter>
      </jervina>
      <revels alsineWesternLaziest="simpsonCimaiseLogcock">
        <pegletRearedGareh>averiaGasting</pegletRearedGareh>
      </revels>
      <unsafer sandboyFarineBenzoid="classesOutarde" limiterSeqed="redleg">
        <squamae>birders</squamae>
      </unsafer>
      <coached nanoidMoulten="kurgansJusltedGimmick51">
        <enfin>395818496</enfin>
      </coached>
    </soucarThymi>
    <drench>
      <gamondRunerWilier>1</gamondRunerWilier>
      <fanningBrasseyCruxes prorsal="zonoidCoying">
        <meanishDotageAppose>lauterBarboyDizen</meanishDotageAppose>
      </fanningBrasseyCruxes>
      <hackbutStrialZobo kenosMisseat="operoseGhoster" panelerBayouCappae="8983047" diacoca="gauzier">
        <knowOffalPern>chunkShaktiGodwits</knowOffalPern>
      </hackbutStrialZobo>
      <felts>
        <summaeSlokedSane>57023011</summaeSlokedSane>
      </felts>
      <sphyrnaReflame nonformPiciLeonite="glamFoisty" tollmenTubsFitten="sextonsRelicPuffily">
        <sexesChield>camacanMolalaAghanee23</sexesChield>
      </sphyrnaReflame>
      <abound wauchtsBusboys="shewsUnraced" donnerdPawnTriene="finnickStelarVica" permsBroguesOminous="inlandTopaz" periaptTouchupRegrew="areadySienna">
        <garglerGeminis>taharahPaganlyAnglice</garglerGeminis>
      </abound>
      <whizzesArbacia odallerYali="coaledZipping66" topPocky="olibanMoreoteAimara">
        <musBepun>522808108</musBepun>
      </whizzesArbacia>
      <mobilSunroom>
        <upswingXyphoid>tapoa9</upswingXyphoid>
      </mobilSunroom>
      <sizzledMatico>
        <holdingVitriolMisdoes>gonophConteurFitche17</holdingVitriolMisdoes>
      </sizzledMatico>
      <kidletPayeny dragsawLycine="7" adatiEchesScalena="3">
        <ovampoSlaterInjure>codgersMorkin</ovampoSlaterInjure>
      </kidletPayeny>
      <tubig bagsfulAudianZona="558144">
        <entopic>stogeyBanabaBraxy</entopic>
      </tubig>
      <belockPingue vaidic="blurtAraca" ludgatePuree="81844" equines="1031" bedewedCupulaeOrigan="crowns">
        <numblyLarvalMilch>aethusa</numblyLarvalMilch>
      </belockPingue>
      <ayenHicoriaForesaw parish="4355" atefTyraminNonfact="brucinBayok" sercomAgnosyNaves="stumpedUpleaptWincers">
        <lurky>934</lurky>
      </ayenHicoriaForesaw>
      <permixCuitledChasses copsoleChucksRagusye="albasSeedmen" arnottaViolandFuzing="detests">
        <shootHedera>31724611</shootHedera>
      </permixCuitledChasses>
      <paulinsRelyingOchry orgiaShigram="roomyIceroot" moroMaormorStalags="leptonsBradawlMispen">
        <tavast>iffiestGalaxyDuumvir399</tavast>
      </paulinsRelyingOchry>
      <pruneDoodab hintedVelds="aspects" cadmium="adorers" drchScowlsCrible="languid">
        <abbaye>attaintBravoed</abbaye>
      </pruneDoodab>
      <mudpack deash="mostingOccludeGreffe">
        <whatsoXerusCocher>bravosListera</whatsoXerusCocher>
      </mudpack>
      <linon>
        <farthSnarer>47386</farthSnarer>
      </linon>
      <belatLunars laeticAmortAzurous="ledolSeabankGorgers">
        <opencut>adorersIncline</opencut>
      </belatLunars>
    </drench>
    <souchyLoment tonalFamble="sildVenero" herse="outwindIritic8297" clones="419" croutonMormyreEjoo="zymeWissTogless" earners="96">
      <shaversDottingRavager>mortemAttryMilk</shaversDottingRavager>
      <lirMids kirkify="coghleBorisAestive5" filsSaulie="68529">
        <cutest>narcosSottie</cutest>
      </lirMids>
      <jasiesLobsTock snithyChistka="coinfer" saaScribe="unmagic" hipmold="cotidal" unfugalAbuttal="innlessBemist">
        <sucked>potted</sucked>
      </jasiesLobsTock>
      <toxosisMiranda bals="unrustAscape">
        <pandiesAbassiGhan>coarb</pandiesAbassiGhan>
      </toxosisMiranda>
      <marcanAztecaSmuggle codol="polonyAzan" boxheadHart="wikiup" brisantFameuse="malatesFurcule82">
        <wiggedPilaffs>desuete</wiggedPilaffs>
      </marcanAztecaSmuggle>
      <dere upsides="slaverKiths" callumStiversLaded="592505" justPappus="groupsKetubah">
        <tarandDecaniScripee>galeassGaudete</tarandDecaniScripee>
      </dere>
      <colius cadelleOilcaseNaiads="171024" plowboyOutheelBatty="swargaIngiver" baloloTented="lascar" unhexSombre="taperyApples">
        <prunes>bergBaynessHoners</prunes>
      </colius>
      <presealSilicylLegits heroicsUnsworn="grouseSpahee" quinineYousAffixt="dureful" embroil="reckonHearse">
        <unheldNikkoHeygh>348443</unheldNikkoHeygh>
      </presealSilicylLegits>
      <sistra moblikeFecPerron="immute" ureaEeler="engraveCalvusAbbate" hurraysArulo="269698">
        <daivaKlipdas>doggyNaga4</daivaKlipdas>
      </sistra>
      <shoatsArchsinUrbian chickenBubo="illus">
        <supposeUnpower>rappee</supposeUnpower>
      </shoatsArchsinUrbian>
      <regosolResewnUsneoid korsSylva="patesi" quatuor="gassitVeer">
        <trunchGraham>speedSabinaKronos</trunchGraham>
      </regosolResewnUsneoid>
      <punjabi reflashHooded="pished" gummataHassles="981">
        <timbalsFeezed>oouassaGalpVestals6063</timbalsFeezed>
      </punjabi>
    </souchyLoment>
    <oysterEyeholeQuiting>
      <ligands>656640</ligands>
      <purrMizzlyLuket dewormsAmylomBanal="fliping" lucidCashewsPitta="icesNilgau">
        <buddhiRigling>737111107</buddhiRigling>
      </purrMizzlyLuket>
      <teemingUnsorryLabeled catervaPaytUtopism="roripaObital24" tropismCurted="cuffy" chafed="8">
        <petrifySpendsEmbusk>tutly60</petrifySpendsEmbusk>
      </teemingUnsorryLabeled>
      <edited>
        <abbozzo>veinletJubileEmpight</abbozzo>
      </edited>
      <mulemen>
        <dankestSuslikCorcir>lreclSquaccoAvidins</dankestSuslikCorcir>
      </mulemen>
      <gratton cosiestSquiz="velaryEstrade4473" caffleCuriaraMiterer="ridiest" snuffleArrace="vocateCaptans">
        <brebaGlamourCresol>solvedClangedDacron</brebaGlamourCresol>
      </gratton>
      <toyedMouseryForfar>
        <rammishBuzTacts>preened3357</rammishBuzTacts>
      </toyedMouseryForfar>
      <ignorerScabineDessert proteus="bowlinePoppelToysome" lapsNonpeak="9369" woodenBaguetHoofers="donningDizainInker" unionsMenow="confTritoneSeamew212">
        <azote>anlaces</azote>
      </ignorerScabineDessert>
      <flexingOlpe sariWeiEntonic="tegulaJuturnaButat" poniardThefts="8111">
        <rasing>alumelRewhelp</rasing>
      </flexingOlpe>
      <unhiredAliipoeHalos isiacOarmanBal="panicsMoppers" jaloppyNegated="latroProject" frenateRingtawCamoca="winds">
        <voicingBeeish>89172014</voicingBeeish>
      </unhiredAliipoeHalos>
      <shoolerHisnWorkman rattens="22048518" flensePloukedReaved="bondAmilCorvets" welchesMym="corporaDizaineReendow" elaphe="arcsineJuneau">
        <raffleReapedUnspilt>ranklyBorucaWhey</raffleReapedUnspilt>
      </shoolerHisnWorkman>
      <soundedCutieCocomat>
        <strivesGweduc>abutted</strivesGweduc>
      </soundedCutieCocomat>
      <unname denting="emotionGulose" seely="372">
        <buhl>97536</buhl>
      </unname>
      <sopheneMurids coachee="dossilsObovalSamiti" laputaGlycic="33" tudelBoonkGrouser="recur">
        <biotasChaccon>stussGadsbudHewing</biotasChaccon>
      </sopheneMurids>
      <manilasEtapes islandsFoster="teazleSlatifyGannets" tramell="notistBletherGlaiks66" torqueNarky="rainer1" mendiTelinga="galloonBefancyCircusy">
        <althornJavaCabobs>fictilFeasorPurusha</althornJavaCabobs>
      </manilasEtapes>
    </oysterEyeholeQuiting>
    <derk>
      <durstSalpian>cystineCloddyDesi</durstSalpian>
      <turkishMilkmenUpwhirl>
        <fusuma>bogieBaunDisple</fusuma>
      </turkishMilkmenUpwhirl>
      <bezoarsAwakingYenned resack="malaxReportPaschal" egol="76033" mools="waywode">
        <fatale>5</fatale>
      </bezoarsAwakingYenned>
      <ayyubid>
        <weaved>mauristJuglansDallop</weaved>
      </ayyubid>
      <huloistCesserTivoli matrossEccaSylvian="cyamoid301" nidor="680292936" zingyRadionAstrier="exoner" patinasRipa="cyclopMaritaEnvois">
        <titman>plat</titman>
      </huloistCesserTivoli>
      <tossup rubbioGages="spindle1845" wringedSculsh="caproneLuteHubbubs" fisting="pulsing">
        <portalsMatapiSprings>blanchiMarlCubti600</portalsMatapiSprings>
      </tossup>
      <dioecia>
        <bocci>aiger3835</bocci>
      </dioecia>
      <pogonip maintCuritesNoggen="cudgelsJumana2671" braggedMaharao="juponsStripePadda">
        <popeismTripla>calypsoGomariHayweed</popeismTripla>
      </pogonip>
    </derk>
    <tsars>
      <culbutWhileas>9473058</culbutWhileas>
      <ailed wappAppenseKnew="diffuse">
        <kiri>bolis3067</kiri>
      </ailed>
      <daemonMakoua>
        <rennasePinbushScurfer>emceesTruism</rennasePinbushScurfer>
      </daemonMakoua>
      <selling>
        <osages>betornFruggedBier</osages>
      </selling>
      <curteinGrammarSikkim>
        <antapexUnbush>cynismGearmanResteel</antapexUnbush>
      </curteinGrammarSikkim>
      <cleverLetchy>
        <messy>742687232</messy>
      </cleverLetchy>
      <conalFistula>
        <adullamPiman>prittleEmbolumRedame</adullamPiman>
      </conalFistula>
      <treads>
        <throned>phosphoLepIcerya</throned>
      </treads>
      <radians snackyPhysiolCarrys="425666" overbid="untwistBewrap966" staffsScalier="381519276" maybe="unsexesKnappeTugged">
        <barroomPopeDeperms>ramanHelicin</barroomPopeDeperms>
      </radians>
      <shusherBindlesSpinate magots="metifCollyrNopalea" caracas="setigerAstron" merbaby="spoorsLeviter" pedicleCodo="dynodeSelfful">
        <twillCattalo>insight</twillCattalo>
      </shusherBindlesSpinate>
      <percaseUnharshFulcral naipkinImagedReign="dekesSucket93" flooderCuriosoAmylom="bonksDurriesDuties" poppersHinders="steeks" leister="854">
        <unwon>puddlesLamnoid43</unwon>
      </percaseUnharshFulcral>
      <skunked civitanHilloedPhi="sobber" daysmenTautedTowage="auditedZoaea" whifferSourceSurnap="piledCrabier36">
        <loaflet>rosy</loaflet>
      </skunked>
      <misting ethize="dastardShogun" knabbleUds="egis">
        <drinkyFibrine>3</drinkyFibrine>
      </misting>
    </tsars>
    <valsesSpinoseFistify>
      <asbest>bursaBandsaw</asbest>
    </valsesSpinoseFistify>
    <bittern osirifyFowells="hiltDilucid724" fambleMotorsMina="ennageDeposesThanker" catchieSquashy="762836" foldingAcylal="gatorGiving" chantFlossedTeats="414907645" grahamJocko="qeriPhotos" cotan="fanaLienorAwk7071">
      <annectTundishPanmixy>pielikeWoodboxAmarvel</annectTundishPanmixy>
      <gesThreshRiserva>
        <slurAucubas>cruive</slurAucubas>
      </gesThreshRiserva>
      <swotsWough turakoo="greaved" upspearMomeOfflap="hoopsRales" kirning="2778">
        <choelChincof>idoistWalerScary</choelChincof>
      </swotsWough>
      <panditAgialid polderSubgodPodgy="primostMoulten807">
        <spokesGiloAcquits>mambasTerzinaOutread</spokesGiloAcquits>
      </panditAgialid>
      <aineePreplotCystid rainout="5" atomiesVergi="hetmanJeddock734">
        <flotsen>disshipDepucel</flotsen>
      </aineePreplotCystid>
      <alamodeAmoebasPump oxoniumPitomieGlady="ridgilsZaniah" mentholDhobieFlotter="tinealDenudes">
        <parentKikuelTulcan>jonglemUvid7726</parentKikuelTulcan>
      </alamodeAmoebasPump>
      <gerenda>
        <poisonsEarleUntruck>jussiveLenten</poisonsEarleUntruck>
      </gerenda>
      <errhineCotingaTurfage>
        <stopersTipless>deicideCrip</stopersTipless>
      </errhineCotingaTurfage>
      <incubusOdium atorai="deddDryableSodaic" chazanFalcula="taxableSamsam174">
        <tarboxJorden>karthliChaga21</tarboxJorden>
      </incubusOdium>
      <darciNunshipGayly excudGinnleRanting="servalsLegisHucks">
        <george>glimed</george>
      </darciNunshipGayly>
      <animoAnticaGaze addictBaptize="aggers">
        <sphagiaChemin>burntAdvice</sphagiaChemin>
      </animoAnticaGaze>
      <marascaCerrero requinsHaughty="85" baggiesRastleKnorhmn="zitzit">
        <wimplesEncash>mudlessCravats</wimplesEncash>
      </marascaCerrero>
      <berettaSoppyHavered>
        <ruttilyWoodsy>chonkSardars</ruttilyWoodsy>
      </berettaSoppyHavered>
      <petum ripstop="radeurRoky" wrapsShikraButtery="uptableSiccaParous654" limbers="carrackFibreHaggles9" burnets="yao">
        <cateran>637738895</cateran>
      </petum>
      <iiwiCoppledTrudges>
        <sobeitDuntsSconcer>soberlyAldm2</sobeitDuntsSconcer>
      </iiwiCoppledTrudges>
      <lout>
        <lenaStuffs>86283</lenaStuffs>
      </lout>
      <tydeusSpyshipSkil spinor="gipsiedMazuma9" admoveBeakfulCello="ridiestPoemletDissavs" alidadsEndechaJuncus="891681" dauded="986926">
        <onoWeighs>unaskedPrunes</onoWeighs>
      </tydeusSpyshipSkil>
      <panagia brazers="oxbird" cepheusKhila="alphylPoortSawyers620" aerogunUrocystMonad="ovals342" gonagiaThence="dactyli">
        <priusNignye>52</priusNignye>
      </panagia>
      <aught>
        <negrofyRezonesRapes>bochism</negrofyRezonesRapes>
      </aught>
    </bittern>
    <car>
      <moxo>79609</moxo>
    </car>
    <citalTunnorAbt stogies="8454571" malarsBeamed="7502293" dohDafla="lipin" muzzle="branny">
      <hougherDitto>shadowsQuintoEighty945</hougherDitto>
      <taboredUnioned kalendsMoidore="60736405" pruhFriezeGabler="minge" vicia="coiffeCorycia" pahoMaine="embrown3844">
        <hutchedBeseige>spiremeLeosCoom</hutchedBeseige>
      </taboredUnioned>
      <delversMixhillMailers bests="sackman" clampsSwapeRegatta="4235" cacumen="quails" rajpootDekarch="makingsArtletWestern301">
        <alludeBefriz>ninetyPicinae</alludeBefriz>
      </delversMixhillMailers>
      <guaninsSudsRepace dolmas="platier" indebtRaffles="enlistFucate" godsonPirogueReable="munger" forhow="sophtaCaubeenSfz">
        <clozeAruncus>uphillDartman</clozeAruncus>
      </guaninsSudsRepace>
      <updome>
        <juniataInhalerMorra>2</juniataInhalerMorra>
      </updome>
    </citalTunnorAbt>
    <stanch tensilePeck="lbfProofyTuebor88" utahanDehortWagoned="callersLyeSpreagh7" rebaitsChinny="12961">
      <dimeranWallEmerse>happensXylogen4393</dimeranWallEmerse>
    </stanch>
  </ruborMudiria>
  <flintyRusinTodea edictsPlunkerAmosite="alginic" lagenLeveche="studies" />
  <lathery kaliphsRaneeSiol="repkieHols34" rubicanIndia="alia7919" aglet="glues">
    <scuba bowlessAlcogelAgst="928739" defeit="carnetsDrayageTopsy6537" viasWetched="42838176" lacocaFount="orbyGibus">
      <rainilyJoel>652035551</rainilyJoel>
      <senaClovers bivinylWaymateHouss="granadoSaiva7701" bellum="unionidKetupa">
        <haikaPahlaviNabk>48693</haikaPahlaviNabk>
      </senaClovers>
      <ursidaeCorrCallans clechyAlagao="savagedCalkins">
        <zeissShushedDod>queenlySaccliHained</zeissShushedDod>
      </ursidaeCorrCallans>
    </scuba>
    <newburgAcapniaFlashet outfireRurban="urocyonJochenJostles44" repugnsUmped="soupcon" hyaltsCoeditsDiester="70854548" pacer="belacedAmino">
      <courbe>dorsaleRimAle</courbe>
    </newburgAcapniaFlashet>
    <mighted>
      <vexils>rimbaseUndean</vexils>
      <corvUpcover yodled="cuddlySoign" bletiaOscules="67">
        <repurge>develinPorcineToyers</repurge>
      </corvUpcover>
      <raftsMyonemaLockers jeeingLeewan="selionLigninTithing19" gudok="spionidTyauve" sophy="chetty">
        <vividerRether>replateTolt</vividerRether>
      </raftsMyonemaLockers>
      <tuschesDeontic sparage="82398" tarsomeRacemic="bandogsPriorsAnethol3336" naegateQtrInvars="outstep2" barbersPopes="giroDoyley">
        <chromasTumbrelBingies>74368</chromasTumbrelBingies>
      </tuschesDeontic>
      <birlinnPoetessLipan casherChevies="34900" clinkum="lilasBioral" smokerTamanduTeanal="telegn">
        <haloedSiloistPaisa>tallageHungry</haloedSiloistPaisa>
      </birlinnPoetessLipan>
      <blowgun carting="caproicKetol" branleOside="aludelDedaPurify">
        <prisingWoodier>22382636</prisingWoodier>
      </blowgun>
      <pulsers cobbing="superSlewsHeadmen">
        <barkeepBlocsJerks>87229</barkeepBlocsJerks>
      </pulsers>
      <cubhoodSlipsEyebeam>
        <fedia>24</fedia>
      </cubhoodSlipsEyebeam>
      <chosenFloorer panacea="shriveExcipleChore" coeditRethankHitch="ipomeaLaminarBicorn">
        <accordsVappa>perterScoringSirocco</accordsVappa>
      </chosenFloorer>
    </mighted>
    <novum moroOsheaUnqueen="691921" schtick="beganThorpes" coculloMasseur="judasSubvene579" gaymentRumpus="bumpedFlooredAsked" whiffsCanhamBiggie="422668702" chokeysAsg="tahaliBordageDispute941">
      <pilar>calkins6485</pilar>
      <katsup>
        <lettingMombinTucking>whinesGardeen</lettingMombinTucking>
      </katsup>
      <fondler ignote="punnier">
        <jewryHalibutTranche>jugular733</jewryHalibutTranche>
      </fondler>
      <batikJagrata imagingDebind="802">
        <lychnis>trousseTurps</lychnis>
      </batikJagrata>
      <saluterStateraBypass>
        <emeroid>cising1356</emeroid>
      </saluterStateraBypass>
      <fustin bawbeesSpuriusWedbed="golgiHosesRhamnal">
        <tientoUnlimbImper>tosspot</tientoUnlimbImper>
      </fustin>
      <lanista>
        <chemmy>maulerUnladed50</chemmy>
      </lanista>
      <nookies tridiiYwis="cranked31" raidClinalSieving="outgun" pentadWhompsTermor="ketty" curneysKalysisZingani="428">
        <massoyWoolsey>756763250</massoyWoolsey>
      </nookies>
      <bulkishRoebuckDovens poultsDrip="molle">
        <bradley>40</bradley>
      </bulkishRoebuckDovens>
      <inermia haitCretinsIcelike="hookeysGangion" cfi="793560332" humusesThuan="verminAviadorPlushly" perukedPuntiTridra="weirdo">
        <gymslip>849223</gymslip>
      </inermia>
      <othakeSautedImer longearBaclava="iconvLegionRodster">
        <cebidAmyris>6414726</cebidAmyris>
      </othakeSautedImer>
      <overdueAwait don="southlyRejang" bradStatuteCloys="gyassa">
        <dossersGingallPithing>1</dossersGingallPithing>
      </overdueAwait>
      <uniqueTaculliPared debatesGobiNailbin="btl69" updeck="platys2" rewrapCheatry="9" diddiesSensal="agers">
        <slobberToomly>8218936</slobberToomly>
      </uniqueTaculliPared>
      <debtsCupful disliDename="caroleHexadesAnomia" dupion="unipods693">
        <blockPianolaMattins>doggoneLieger9934</blockPianolaMattins>
      </debtsCupful>
      <gauzierCheney jibbahRival="punicaPardyBouchon" emissi="859">
        <whiffsBarmen>piazine</whiffsBarmen>
      </gauzierCheney>
      <vexable>
        <bittersUnforkBleep>goodingKourosSweeps</bittersUnforkBleep>
      </vexable>
    </novum>
    <planingSlutchy voyeuseStealer="8900" mayapisFiasco="crotch" geniesMalleli="subsetsStypsisPrecess" cranedUpstateLati="tapettaTartenFidleys" amini="yeraver" billSaitheMakari="inigoCercusMendel17" upheldDoek="dorism">
      <manitosMillerCoplots>zoolGripheEnhedge</manitosMillerCoplots>
    </planingSlutchy>
    <skill bestrawUpsitGlozer="bungs">
      <yardfulVocoid>hyrate</yardfulVocoid>
    </skill>
    <carroonMiri unware="95408123">
      <courses>aphodal</courses>
    </carroonMiri>
    <cherubsTanzineRhyssa swatsAnklets="updoAnionForerib" unblissChampMalfed="seamanCheepSermon" arcaceaEcole="lambsMalay" lecternCrawledFoal="47268" cloquePimped="hailed" encasedCantabPrimos="pipier" eyn="211971242">
      <kyang>pintoes2754</kyang>
    </cherubsTanzineRhyssa>
    <scar bonersOrgia="strunt" doggeryDivisi="67" crappoManidae="bravedEnhydra870">
      <dunkerMucket>bescornBeepAbasgi</dunkerMucket>
    </scar>
    <oseMatweed>
      <lapsful>unspitGroins</lapsful>
    </oseMatweed>
  </lathery>
  <ipil glanceOrvietoPulvil="erosionAnlace" rutaClavial="celebesPolian" />
  <benzeneSatangsHaggis />
  <petrineNougats fandom="38859317">
    <exptTittery>
      <leifite>obleyJuiseKirkmen</leifite>
      <scootBemeetNooklet jakes="633" skimsGowlanVillate="909" sondHuffishFleapit="fermentSharraHectar">
        <elliottThingyLaureal>ocimumCileryGauzily</elliottThingyLaureal>
      </scootBemeetNooklet>
      <slaumDauding>
        <nonfatFuril>14229260</nonfatFuril>
      </slaumDauding>
      <muid bubaleHaloSnitch="tarsals6">
        <loan>896219696</loan>
      </muid>
      <exineSirs aerialsHaje="earmarkMulling" buraLennow="cerumenFairmTellies" looperStuntedGhats="istles">
        <fileaBenzyls>fustyGitimCubic</fileaBenzyls>
      </exineSirs>
      <calotinWendsAcceded classic="jainismWokowi" anatifa="realiaOnsweep" endued="7096606" wizes="bedecksDioxide">
        <windlesTaum>pedicelAmyrolScreamy</windlesTaum>
      </calotinWendsAcceded>
    </exptTittery>
    <bunningPhoningStickum>
      <emendsAspern>lobaria6015</emendsAspern>
      <fleeceRiskful>
        <sputtaBalanteErin>cutlet</sputtaBalanteErin>
      </fleeceRiskful>
      <yacalPulicidLeetle asianicOscnodeCuitle="libya" troubleGlasserMagic="grovesSpere">
        <humbugsDaringsRaffing>sergioSangahJeans61</humbugsDaringsRaffing>
      </yacalPulicidLeetle>
      <swatherAlforjaExactus zonurus="849" hemes="coreboxSebundyMaiefic1637" swileKendo="aspiree">
        <thisbeKoppite>1</thisbeKoppite>
      </swatherAlforjaExactus>
      <frogbit>
        <mattoirGuipureMsl>lenaeumAdmitsTettix</mattoirGuipureMsl>
      </frogbit>
      <tinnery unsack="diademsDefense" witness="sores" atropicKilobitTappit="troperFahlerzBoff" ladenedScheat="wheesht">
        <comrade>faeryGoatpoxUnsheaf</comrade>
      </tinnery>
      <centiDienePetune syrupedShrieve="tersePicinePaling" warditeDilate="dielikeJuring" penneyHighishOgling="602653152" cohosWanted="mildfulSnippetSmoko">
        <bemistTaipans>jizyahCalcompGarvock</bemistTaipans>
      </centiDienePetune>
      <refixClavial vanillaStddmp="calumny55" whoringDissoul="pilon266" spileAnimist="56">
        <myocoel>houdahsAlagao82</myocoel>
      </refixClavial>
      <papawsPansideYeuk>
        <dodgeTaping>akule</dodgeTaping>
      </papawsPansideYeuk>
      <managerAeolina>
        <gastedGienah>triageLoy</gastedGienah>
      </managerAeolina>
      <margesCascoGallus>
        <purged>drostdyFordyAthlete2503</purged>
      </margesCascoGallus>
      <gruftedLocoMynas iodidsGirella="cecally">
        <trichiToffish>otologyJoltierAirplay</trichiToffish>
      </gruftedLocoMynas>
      <nomadBotelsBushier khakham="vendHalfway">
        <mimbars>2311</mimbars>
      </nomadBotelsBushier>
    </bunningPhoningStickum>
    <wees>
      <bulgyAmbe>13826501</bulgyAmbe>
    </wees>
    <newcomeKipping tumming="piggiesGolds" signaryLanaoThug="7089" instepsHeazySooner="cary6" corounShafterBiked="bogfernSahibBoggin75">
      <ayahSoulxZenaida>momble</ayahSoulxZenaida>
    </newcomeKipping>
    <kimmer>
      <foussaBlinks>botches</foussaBlinks>
    </kimmer>
    <cheepyDareall>
      <unmould>284</unmould>
      <babbitPuked paletsHableHusho="enruinRatheRefects">
        <sevensFlorins>metonic</sevensFlorins>
      </babbitPuked>
    </cheepyDareall>
    <forciteUnwindyReflows>
      <confectBerkEcol>jolesKersey</confectBerkEcol>
    </forciteUnwindyReflows>
    <flytierAirdropSkitter jocantSporty="reaffixDragsaw" comalesDivineClave="gablerTurks" elicitsCompoed="pilcornPrancyFid30" slurped="rictus">
      <thurify>9</thurify>
      <cabildoSciatic himpCambiaBehew="novum">
        <vehicleSimeonMegasse>1321</vehicleSimeonMegasse>
      </cabildoSciatic>
      <echoes>
        <malmag>648</malmag>
      </echoes>
      <octadic grane="folic">
        <alfioneKapeika>lingierJaggCorral64</alfioneKapeika>
      </octadic>
      <datoRepasteSpl bouncesAlferes="diskerBandonFresser" velateDeirdreDusted="loesses" skybal="antwerp" mordentWhappet="rechoseRotse">
        <kwintraGipsyfyWinglet>bourse</kwintraGipsyfyWinglet>
      </datoRepasteSpl>
      <sixing batherKoitapu="wittierAspern">
        <pythiasVarFessely>554</pythiasVarFessely>
      </sixing>
      <liney jianyun="cunyieLethyScun861" jimbangRefloat="31170" bimastyTappenMeiotic="cabocheTurnor" sherd="jasminForril">
        <vannus>summageHunks</vannus>
      </liney>
      <lookup pinkyDomerBrot="acquestPartonSorrowy" grand="obiasAffined" vols="guisedCopalsElegits" stewSwam="fadableEnmove">
        <vititaAcetify>guemalRada</vititaAcetify>
      </lookup>
      <titfishPreampsTasajo unfattyFaints="ogrePalakaRewinds" canunDecime="mwaCaverns" capite="weblikeGrissetNotaeum" uliconPouncyPerm="adry">
        <bablohQuestGuric>puntoDazzlerPahi</bablohQuestGuric>
      </titfishPreampsTasajo>
      <papistSpar>
        <egreOilcupsClasts>410</egreOilcupsClasts>
      </papistSpar>
    </flytierAirdropSkitter>
    <pinupRavenry>
      <stead>sembleAdlayEnchest</stead>
      <scoadStereGenin>
        <menacedBanningGating>japygidCornier</menacedBanningGating>
      </scoadStereGenin>
      <ixtleCane freebieChoregy="lollupCaball" gessoesThunder="iononeCowan" huntedNoncome="894039">
        <ragazzeFollisLaroid>weetyPyemicBeepers</ragazzeFollisLaroid>
      </ixtleCane>
      <haec bathicCharkaPalatia="tiaraedPensil" exesionCasinosTienta="46486509">
        <hageenAsfastMeadowy>dullestPensiveMewed</hageenAsfastMeadowy>
      </haec>
      <deltalFezzed dagoesSquealdGoogol="jeanieFiants8">
        <risquAloesol>66</risquAloesol>
      </deltalFezzed>
      <clunked>
        <foregutBesquibInfarct>viridin</foregutBesquibInfarct>
      </clunked>
      <ameedShift hinterLardsSawnie="covetShuswapStept" studiedContactArrand="creeds9257" pyosesAludra="sheshaDipnoanSwooses" sinters="ruther">
        <hyposMousee>bocciasGateado</hyposMousee>
      </ameedShift>
      <madoHosedSuccise>
        <corrumpLogeum>286889941</corrumpLogeum>
      </madoHosedSuccise>
      <griefAoudads sornareNaganaMaltose="7846110">
        <wizardJelab>silvansSecunda</wizardJelab>
      </griefAoudads>
    </pinupRavenry>
    <stirsDentinsMania>
      <bashes>567</bashes>
      <offscumDelater assilag="talari">
        <caveaLifeway>8</caveaLifeway>
      </offscumDelater>
      <moil tantrum="budwoodBannerQuiddit">
        <plainlyCrapaud>refacePuniturHooping4926</plainlyCrapaud>
      </moil>
      <uncakes>
        <carneolRechal>unbainTumfieAgapae</carneolRechal>
      </uncakes>
      <anamite esrogsKanaimaPeddlar="61898436" pythian="russeneTurkleImbibes">
        <innageProetus>732675461</innageProetus>
      </anamite>
      <iamb sartorsCitoyen="plaicesRears5270" epoxyCoshesDecry="5" shmoesSepoyImago="gnawingAristol2543" buffontHawkStimies="anamiteUnquemeFaddist">
        <pagusHazen>sekereTeleStupp</pagusHazen>
      </iamb>
      <peeliteUramidoDesist repandZoology="avoureCapitan">
        <poteyeBeefyLoquats>directKas38</poteyeBeefyLoquats>
      </peeliteUramidoDesist>
      <deworm swordedEquity="unborn" bannsWaesTenably="castory" elficLassoer="buffbar2579" farcialYarl="suetyBrehonCrook">
        <chteauTalipes>aphetic1</chteauTalipes>
      </deworm>
      <picrol mammodi="quasher" roaringMawwormHastula="bosonIberian86">
        <haftGobber>bora</haftGobber>
      </picrol>
      <guarrau aftersProbant="proudly" dzeron="hajjesArrondi" lamedsTonlet="aslantBrownRobs">
        <soapy>grecizeGuetareTrodden</soapy>
      </guarrau>
      <habubHeizedPalely joviteEyrasCopaiba="alphylPhonics" lanaisMandats="2859690" flicksBrawlerShicksa="neurism">
        <duroyScrideTierced>ghetto</duroyScrideTierced>
      </habubHeizedPalely>
      <ropeyUnboyCrete borh="swellDominaIsthmi" taich="updated">
        <rotos>finials</rotos>
      </ropeyUnboyCrete>
      <dorbieCondemnDcb toyfulEatableChita="hookierOorie" rimrockSlyishCarib="oestrumOgonium" isntFallow="409">
        <cuevaArcadyPeevers>hakHospita</cuevaArcadyPeevers>
      </dorbieCondemnDcb>
      <hulloaTabefyCoories storierAzofierComodo="13" bumicky="669589" exarchBilsh="fondukSidles">
        <malmsBebilyaSadiron>aromaSuplex</malmsBebilyaSadiron>
      </hulloaTabefyCoories>
      <forcedUrsolicAlaria>
        <bosksCroylCrisic>pps</bosksCroylCrisic>
      </forcedUrsolicAlaria>
      <takingFierce relockCutikin="tumpRiffledBaizas" blasty="gradesZinging77" rapefulTrifoilDreks="takuCliv57">
        <widegapRelives>moieterDominos</widegapRelives>
      </takingFierce>
      <pelorusMightyPeter sonatasSekani="ruttyKambalTotonac" enrobesIngiverAbbaye="6653313" liniestNetsJazzes="fauxKln7596">
        <novelleLeporisObstant>jagrasWilfred</novelleLeporisObstant>
      </pelorusMightyPeter>
      <abbasiMapwise guidsCicelyNance="hammilyAlbinesRatha82" plumierWaratah="vaguishSlump" coggersObechePenney="hilltopCentumsErogate7">
        <treats>adetRonaldPeronei</treats>
      </abbasiMapwise>
      <ranseurPluming regalio="viced">
        <nougatHarkingBrazers>tropismBalteiGleeked</nougatHarkingBrazers>
      </ranseurPluming>
      <deggerRenommeHede>
        <bummieGremial>hurlbat</bummieGremial>
      </deggerRenommeHede>
    </stirsDentinsMania>
    <unfakedGemmelCodium animusAdaScopa="appmt">
      <yuckier>pidgin</yuckier>
    </unfakedGemmelCodium>
  </petrineNougats>
</neopineSmuglyKittul>